set escape ON ;
SPOOL dashboard_dml.log 
set serveroutput off 
SET FEEDBACK OFF 
 
SET DEFINE OFF ;

INSERT INTO ALERT_DFN ( ALD_ID, ALG_ID, ASV_ID, ALD_ALERT_NO, ALD_ALERT_TEXT, ALD_DELETE_FL,
ALD_VERSION_ID, PTN_ID ) VALUES ( 
1, 1, 3, 10100, 'Failed to validate stream stage', 'N', 1, 1); 
INSERT INTO ALERT_DFN ( ALD_ID, ALG_ID, ASV_ID, ALD_ALERT_NO, ALD_ALERT_TEXT, ALD_DELETE_FL,
ALD_VERSION_ID, PTN_ID ) VALUES ( 
2, 1, 3, 10101, 'Failed to reinitialise stream stage', 'N', 1, 1); 
commit;
 
INSERT INTO ALERT_GROUP ( ALG_ID, ALG_NAME, ALG_SYSTEM_FL, ALG_GUIDE_ENT_ID, ALG_RESULT_ENT_ID,
ALG_RESULT_CMP_ID, ALG_DELETE_FL, ALG_VERSION_ID, PTN_ID ) VALUES ( 
1, 'Stream Stage', 'Y', 215, NULL, NULL, 'N', 1, 1); 
commit;
 
INSERT INTO ALERT_SEVERITY ( ASV_ID, ASV_NAME, ASV_ORDER_NO, IMG_ID, ASV_DELETE_FL, ASV_VERSION_ID,
PTN_ID ) VALUES ( 
1, 'Information', 10, 184, 'N', 1, 1); 
INSERT INTO ALERT_SEVERITY ( ASV_ID, ASV_NAME, ASV_ORDER_NO, IMG_ID, ASV_DELETE_FL, ASV_VERSION_ID,
PTN_ID ) VALUES ( 
2, 'Minor', 20, 893, 'N', 1, 1); 
INSERT INTO ALERT_SEVERITY ( ASV_ID, ASV_NAME, ASV_ORDER_NO, IMG_ID, ASV_DELETE_FL, ASV_VERSION_ID,
PTN_ID ) VALUES ( 
3, 'Major', 30, 896, 'N', 1, 1); 
INSERT INTO ALERT_SEVERITY ( ASV_ID, ASV_NAME, ASV_ORDER_NO, IMG_ID, ASV_DELETE_FL, ASV_VERSION_ID,
PTN_ID ) VALUES ( 
4, 'Critical', 40, 895, 'N', 1, 1); 
commit;
 
INSERT INTO APPLICATION_TBL ( APP_ID, APP_NAME, APP_LOGO_PATH, APP_DELETE_FL, APP_VERSION_ID,
PTN_ID ) VALUES ( 
1, 'ROC Fraud Management', '/image/rocware_logo_med.gif', 'N', 3, 1); 
commit;
 
INSERT INTO APPLICATION_USER ( APU_ID, APP_ID, USR_ID, APU_STARTUP_UAI_ID, APU_STARTUP_HELPER,
APU_ACCESS_FL, APU_DELETE_FL, APU_VERSION_ID, PTN_ID ) VALUES ( 
4, 1, 3, 12, NULL, 'Y', 'N', 1, 1); 
INSERT INTO APPLICATION_USER ( APU_ID, APP_ID, USR_ID, APU_STARTUP_UAI_ID, APU_STARTUP_HELPER,
APU_ACCESS_FL, APU_DELETE_FL, APU_VERSION_ID, PTN_ID ) VALUES ( 
2, 1, 1, NULL, NULL, 'Y', 'N', 1, 1); 
commit;
 
INSERT INTO CHART ( CHR_ID, CSB_ID, DER_ID, ASQ_ID, CHR_LINKED_CHR_ID, CHR_NAME, CHR_DESCRIPTION,
CHR_QUERY_LST_ID, CHR_USAGE_QUERY_FL, CHR_X_AXIS_LABEL, CHR_PRIMARY_Y_AXIS_LABEL,
CHR_SECONDARY_Y_AXIS_LABEL, CHR_AUTO_FL, CHR_FREEZE_REFRESH_FL, CHR_DELETE_FL, CHR_VERSION_ID,
PTN_ID ) VALUES ( 
93, 9, 3, NULL, 94, 'RAM Utilization (Machine Level)', 'CPU Utilization for last 30 min on different machines.'
, 26, 'N', 'Machine', 'RAM Usage', NULL, 'N', 'N', 'N', 3, 3); 
INSERT INTO CHART ( CHR_ID, CSB_ID, DER_ID, ASQ_ID, CHR_LINKED_CHR_ID, CHR_NAME, CHR_DESCRIPTION,
CHR_QUERY_LST_ID, CHR_USAGE_QUERY_FL, CHR_X_AXIS_LABEL, CHR_PRIMARY_Y_AXIS_LABEL,
CHR_SECONDARY_Y_AXIS_LABEL, CHR_AUTO_FL, CHR_FREEZE_REFRESH_FL, CHR_DELETE_FL, CHR_VERSION_ID,
PTN_ID ) VALUES ( 
91, 9, 3, NULL, 92, 'Disk Space Utilization (Machine and File system Level)', 'Average Disk Space Utilization for last 30 min for perticular machines, different file systems.'
, 24, 'N', 'File System', 'Disk', NULL, 'N', 'N', 'N', 2, 3); 
INSERT INTO CHART ( CHR_ID, CSB_ID, DER_ID, ASQ_ID, CHR_LINKED_CHR_ID, CHR_NAME, CHR_DESCRIPTION,
CHR_QUERY_LST_ID, CHR_USAGE_QUERY_FL, CHR_X_AXIS_LABEL, CHR_PRIMARY_Y_AXIS_LABEL,
CHR_SECONDARY_Y_AXIS_LABEL, CHR_AUTO_FL, CHR_FREEZE_REFRESH_FL, CHR_DELETE_FL, CHR_VERSION_ID,
PTN_ID ) VALUES ( 
94, 20, 3, NULL, NULL, 'RAM Utilization (Machine Level shown for every minute)', 'RAM Utilization for last 30 min for different machines.'
, 27, 'N', 'Minutes', 'RAM Usage', NULL, 'N', 'N', 'N', 2, 3); 
INSERT INTO CHART ( CHR_ID, CSB_ID, DER_ID, ASQ_ID, CHR_LINKED_CHR_ID, CHR_NAME, CHR_DESCRIPTION,
CHR_QUERY_LST_ID, CHR_USAGE_QUERY_FL, CHR_X_AXIS_LABEL, CHR_PRIMARY_Y_AXIS_LABEL,
CHR_SECONDARY_Y_AXIS_LABEL, CHR_AUTO_FL, CHR_FREEZE_REFRESH_FL, CHR_DELETE_FL, CHR_VERSION_ID,
PTN_ID ) VALUES ( 
96, 9, 3, NULL, 95, 'CPU Utilization (Machine Level)', 'CPU Utilization for last 30 min on different machines.'
, 29, 'N', 'Machine', 'CPU Usage', NULL, 'N', 'N', 'N', 3, 3); 
INSERT INTO CHART ( CHR_ID, CSB_ID, DER_ID, ASQ_ID, CHR_LINKED_CHR_ID, CHR_NAME, CHR_DESCRIPTION,
CHR_QUERY_LST_ID, CHR_USAGE_QUERY_FL, CHR_X_AXIS_LABEL, CHR_PRIMARY_Y_AXIS_LABEL,
CHR_SECONDARY_Y_AXIS_LABEL, CHR_AUTO_FL, CHR_FREEZE_REFRESH_FL, CHR_DELETE_FL, CHR_VERSION_ID,
PTN_ID ) VALUES ( 
97, 8, 3, NULL, 100, 'Record Count Day wise', 'Count of records loaded into system, for last 7 days history.'
, 30, 'N', 'Processed on', 'Loaded Record Count', NULL, 'N', 'N', 'N', 4, 3); 
INSERT INTO CHART ( CHR_ID, CSB_ID, DER_ID, ASQ_ID, CHR_LINKED_CHR_ID, CHR_NAME, CHR_DESCRIPTION,
CHR_QUERY_LST_ID, CHR_USAGE_QUERY_FL, CHR_X_AXIS_LABEL, CHR_PRIMARY_Y_AXIS_LABEL,
CHR_SECONDARY_Y_AXIS_LABEL, CHR_AUTO_FL, CHR_FREEZE_REFRESH_FL, CHR_DELETE_FL, CHR_VERSION_ID,
PTN_ID ) VALUES ( 
92, 20, 3, NULL, NULL, 'Disk Space Utilization (Machine and File system for past 30 minutes Level)'
, 'Average Disk Space Utilization for last 30 min for perticular machine''s file system.'
, 25, 'N', 'Minutes', 'Disk Usage', NULL, 'N', 'N', 'N', 1, 3); 
INSERT INTO CHART ( CHR_ID, CSB_ID, DER_ID, ASQ_ID, CHR_LINKED_CHR_ID, CHR_NAME, CHR_DESCRIPTION,
CHR_QUERY_LST_ID, CHR_USAGE_QUERY_FL, CHR_X_AXIS_LABEL, CHR_PRIMARY_Y_AXIS_LABEL,
CHR_SECONDARY_Y_AXIS_LABEL, CHR_AUTO_FL, CHR_FREEZE_REFRESH_FL, CHR_DELETE_FL, CHR_VERSION_ID,
PTN_ID ) VALUES ( 
98, 24, 3, NULL, NULL, 'Loaded file history', 'Last files loaded into system by individual data stream.'
, 31, 'N', NULL, NULL, NULL, 'N', 'N', 'N', 1, 3); 
INSERT INTO CHART ( CHR_ID, CSB_ID, DER_ID, ASQ_ID, CHR_LINKED_CHR_ID, CHR_NAME, CHR_DESCRIPTION,
CHR_QUERY_LST_ID, CHR_USAGE_QUERY_FL, CHR_X_AXIS_LABEL, CHR_PRIMARY_Y_AXIS_LABEL,
CHR_SECONDARY_Y_AXIS_LABEL, CHR_AUTO_FL, CHR_FREEZE_REFRESH_FL, CHR_DELETE_FL, CHR_VERSION_ID,
PTN_ID ) VALUES ( 
100, 19, 3, NULL, NULL, 'Record Count Hourly summary', 'Count of records loaded into system, hour on hour, for a day.'
, 32, 'N', 'Processed Hour', 'Record Count Loaded', NULL, 'N', 'N', 'N', 2, 3); 
INSERT INTO CHART ( CHR_ID, CSB_ID, DER_ID, ASQ_ID, CHR_LINKED_CHR_ID, CHR_NAME, CHR_DESCRIPTION,
CHR_QUERY_LST_ID, CHR_USAGE_QUERY_FL, CHR_X_AXIS_LABEL, CHR_PRIMARY_Y_AXIS_LABEL,
CHR_SECONDARY_Y_AXIS_LABEL, CHR_AUTO_FL, CHR_FREEZE_REFRESH_FL, CHR_DELETE_FL, CHR_VERSION_ID,
PTN_ID ) VALUES ( 
67, 19, 3, NULL, NULL, 'Activated Subscribers', 'Total Activated Subscribers on the  network, last 52 week''s history shown'
, 1, 'N', 'Week', 'Total Actived Subscribers', NULL, 'N', 'N', 'N', 2, 4); 
INSERT INTO CHART ( CHR_ID, CSB_ID, DER_ID, ASQ_ID, CHR_LINKED_CHR_ID, CHR_NAME, CHR_DESCRIPTION,
CHR_QUERY_LST_ID, CHR_USAGE_QUERY_FL, CHR_X_AXIS_LABEL, CHR_PRIMARY_Y_AXIS_LABEL,
CHR_SECONDARY_Y_AXIS_LABEL, CHR_AUTO_FL, CHR_FREEZE_REFRESH_FL, CHR_DELETE_FL, CHR_VERSION_ID,
PTN_ID ) VALUES ( 
68, 19, 3, NULL, NULL, 'Fraud Cases weekly', 'Confirmed fraud cases, last 52 week''s history'
, 2, 'N', 'Week', 'Confirmed fraud cases', NULL, 'N', 'N', 'N', 1, 4); 
INSERT INTO CHART ( CHR_ID, CSB_ID, DER_ID, ASQ_ID, CHR_LINKED_CHR_ID, CHR_NAME, CHR_DESCRIPTION,
CHR_QUERY_LST_ID, CHR_USAGE_QUERY_FL, CHR_X_AXIS_LABEL, CHR_PRIMARY_Y_AXIS_LABEL,
CHR_SECONDARY_Y_AXIS_LABEL, CHR_AUTO_FL, CHR_FREEZE_REFRESH_FL, CHR_DELETE_FL, CHR_VERSION_ID,
PTN_ID ) VALUES ( 
69, 20, 3, NULL, NULL, 'Average loss per case weekly summary', 'Average loss per case, weekly average, last 52 week''s history'
, 3, 'N', 'Week', NULL, NULL, 'N', 'N', 'N', 1, 4); 
INSERT INTO CHART ( CHR_ID, CSB_ID, DER_ID, ASQ_ID, CHR_LINKED_CHR_ID, CHR_NAME, CHR_DESCRIPTION,
CHR_QUERY_LST_ID, CHR_USAGE_QUERY_FL, CHR_X_AXIS_LABEL, CHR_PRIMARY_Y_AXIS_LABEL,
CHR_SECONDARY_Y_AXIS_LABEL, CHR_AUTO_FL, CHR_FREEZE_REFRESH_FL, CHR_DELETE_FL, CHR_VERSION_ID,
PTN_ID ) VALUES ( 
70, 22, 3, NULL, NULL, 'Averted Fraud Losses', 'Total recorded averted fraud losses for the month to date'
, 4, 'N', 'Averted Loss', NULL, NULL, 'N', 'N', 'N', 1, 4); 
INSERT INTO CHART ( CHR_ID, CSB_ID, DER_ID, ASQ_ID, CHR_LINKED_CHR_ID, CHR_NAME, CHR_DESCRIPTION,
CHR_QUERY_LST_ID, CHR_USAGE_QUERY_FL, CHR_X_AXIS_LABEL, CHR_PRIMARY_Y_AXIS_LABEL,
CHR_SECONDARY_Y_AXIS_LABEL, CHR_AUTO_FL, CHR_FREEZE_REFRESH_FL, CHR_DELETE_FL, CHR_VERSION_ID,
PTN_ID ) VALUES ( 
71, 22, 3, NULL, NULL, 'Barred Fraudulent Subscribers YTD', 'Number of subscribers barred for fraud in current year'
, 5, 'N', 'Number of Subscribers', NULL, NULL, 'N', 'N', 'N', 1, 4); 
INSERT INTO CHART ( CHR_ID, CSB_ID, DER_ID, ASQ_ID, CHR_LINKED_CHR_ID, CHR_NAME, CHR_DESCRIPTION,
CHR_QUERY_LST_ID, CHR_USAGE_QUERY_FL, CHR_X_AXIS_LABEL, CHR_PRIMARY_Y_AXIS_LABEL,
CHR_SECONDARY_Y_AXIS_LABEL, CHR_AUTO_FL, CHR_FREEZE_REFRESH_FL, CHR_DELETE_FL, CHR_VERSION_ID,
PTN_ID ) VALUES ( 
72, 22, 3, NULL, NULL, 'Actual Fraud Losses', 'Total recorded fraud losses for the month to date'
, 6, 'N', 'Fraud Loss', NULL, NULL, 'N', 'N', 'N', 1, 4); 
INSERT INTO CHART ( CHR_ID, CSB_ID, DER_ID, ASQ_ID, CHR_LINKED_CHR_ID, CHR_NAME, CHR_DESCRIPTION,
CHR_QUERY_LST_ID, CHR_USAGE_QUERY_FL, CHR_X_AXIS_LABEL, CHR_PRIMARY_Y_AXIS_LABEL,
CHR_SECONDARY_Y_AXIS_LABEL, CHR_AUTO_FL, CHR_FREEZE_REFRESH_FL, CHR_DELETE_FL, CHR_VERSION_ID,
PTN_ID ) VALUES ( 
73, 22, 3, NULL, NULL, 'Actual Fraud Losses current week', 'Total recorded fraud losses for the week to date'
, 7, 'N', 'Fraud Loss', NULL, NULL, 'N', 'N', 'N', 1, 2); 
INSERT INTO CHART ( CHR_ID, CSB_ID, DER_ID, ASQ_ID, CHR_LINKED_CHR_ID, CHR_NAME, CHR_DESCRIPTION,
CHR_QUERY_LST_ID, CHR_USAGE_QUERY_FL, CHR_X_AXIS_LABEL, CHR_PRIMARY_Y_AXIS_LABEL,
CHR_SECONDARY_Y_AXIS_LABEL, CHR_AUTO_FL, CHR_FREEZE_REFRESH_FL, CHR_DELETE_FL, CHR_VERSION_ID,
PTN_ID ) VALUES ( 
74, 22, 3, NULL, NULL, 'Averted Fraud Losses current week', 'Total recorded averted fraud losses for the current week to date'
, 8, 'N', 'Averted Fraud Loss', NULL, NULL, 'N', 'N', 'N', 1, 2); 
INSERT INTO CHART ( CHR_ID, CSB_ID, DER_ID, ASQ_ID, CHR_LINKED_CHR_ID, CHR_NAME, CHR_DESCRIPTION,
CHR_QUERY_LST_ID, CHR_USAGE_QUERY_FL, CHR_X_AXIS_LABEL, CHR_PRIMARY_Y_AXIS_LABEL,
CHR_SECONDARY_Y_AXIS_LABEL, CHR_AUTO_FL, CHR_FREEZE_REFRESH_FL, CHR_DELETE_FL, CHR_VERSION_ID,
PTN_ID ) VALUES ( 
75, 3, 3, NULL, NULL, 'Alarm Closure, Fraud v. Non Fraud weekly summary', 'Alarms closed as Fraud and Non Fraud, week on week, last 20 weeks history shown'
, 9, 'N', 'Week', 'Fraud Cases', NULL, 'N', 'N', 'N', 1, 2); 
INSERT INTO CHART ( CHR_ID, CSB_ID, DER_ID, ASQ_ID, CHR_LINKED_CHR_ID, CHR_NAME, CHR_DESCRIPTION,
CHR_QUERY_LST_ID, CHR_USAGE_QUERY_FL, CHR_X_AXIS_LABEL, CHR_PRIMARY_Y_AXIS_LABEL,
CHR_SECONDARY_Y_AXIS_LABEL, CHR_AUTO_FL, CHR_FREEZE_REFRESH_FL, CHR_DELETE_FL, CHR_VERSION_ID,
PTN_ID ) VALUES ( 
76, 1, 3, NULL, NULL, 'Average loss per case weekly summary for 20 weeks', 'Average loss per case, week on week, last 20 week''s history'
, 10, 'N', 'Week', 'Loss', NULL, 'N', 'N', 'N', 1, 2); 
INSERT INTO CHART ( CHR_ID, CSB_ID, DER_ID, ASQ_ID, CHR_LINKED_CHR_ID, CHR_NAME, CHR_DESCRIPTION,
CHR_QUERY_LST_ID, CHR_USAGE_QUERY_FL, CHR_X_AXIS_LABEL, CHR_PRIMARY_Y_AXIS_LABEL,
CHR_SECONDARY_Y_AXIS_LABEL, CHR_AUTO_FL, CHR_FREEZE_REFRESH_FL, CHR_DELETE_FL, CHR_VERSION_ID,
PTN_ID ) VALUES ( 
77, 8, 3, NULL, NULL, 'Actual Fraud Losses weekly summary', 'Actual weekly fraud losses, last 52 week''s history'
, 11, 'N', 'Week', 'Loss', NULL, 'N', 'N', 'N', 1, 2); 
INSERT INTO CHART ( CHR_ID, CSB_ID, DER_ID, ASQ_ID, CHR_LINKED_CHR_ID, CHR_NAME, CHR_DESCRIPTION,
CHR_QUERY_LST_ID, CHR_USAGE_QUERY_FL, CHR_X_AXIS_LABEL, CHR_PRIMARY_Y_AXIS_LABEL,
CHR_SECONDARY_Y_AXIS_LABEL, CHR_AUTO_FL, CHR_FREEZE_REFRESH_FL, CHR_DELETE_FL, CHR_VERSION_ID,
PTN_ID ) VALUES ( 
78, 8, 3, NULL, NULL, 'Averted Fraud Losses weekly summary', 'Averted weekly fraud losses, last 52 week''s history'
, 12, 'N', 'Week', 'Averted Loss', NULL, 'N', 'N', 'N', 1, 2); 
INSERT INTO CHART ( CHR_ID, CSB_ID, DER_ID, ASQ_ID, CHR_LINKED_CHR_ID, CHR_NAME, CHR_DESCRIPTION,
CHR_QUERY_LST_ID, CHR_USAGE_QUERY_FL, CHR_X_AXIS_LABEL, CHR_PRIMARY_Y_AXIS_LABEL,
CHR_SECONDARY_Y_AXIS_LABEL, CHR_AUTO_FL, CHR_FREEZE_REFRESH_FL, CHR_DELETE_FL, CHR_VERSION_ID,
PTN_ID ) VALUES ( 
79, 1, 3, NULL, NULL, 'Actual fraud losses by fraud type 20 weeks weekly summary'
, NULL, 13, 'N', 'Week', 'Loss', NULL, 'N', 'N', 'N', 1, 1); 
INSERT INTO CHART ( CHR_ID, CSB_ID, DER_ID, ASQ_ID, CHR_LINKED_CHR_ID, CHR_NAME, CHR_DESCRIPTION,
CHR_QUERY_LST_ID, CHR_USAGE_QUERY_FL, CHR_X_AXIS_LABEL, CHR_PRIMARY_Y_AXIS_LABEL,
CHR_SECONDARY_Y_AXIS_LABEL, CHR_AUTO_FL, CHR_FREEZE_REFRESH_FL, CHR_DELETE_FL, CHR_VERSION_ID,
PTN_ID ) VALUES ( 
80, 15, 3, NULL, NULL, 'Fraudulent Dealers monthly summary', 'Top 10 dealers by (number of fraud cases)/(number of new adds), previous month, minimum qualifying criteria used for inclusion (e.g at least 20 new adds during the month)'
, 14, 'N', 'Delear', 'Fraud case/ New adds', NULL, 'N', 'N', 'N', 1, 2); 
INSERT INTO CHART ( CHR_ID, CSB_ID, DER_ID, ASQ_ID, CHR_LINKED_CHR_ID, CHR_NAME, CHR_DESCRIPTION,
CHR_QUERY_LST_ID, CHR_USAGE_QUERY_FL, CHR_X_AXIS_LABEL, CHR_PRIMARY_Y_AXIS_LABEL,
CHR_SECONDARY_Y_AXIS_LABEL, CHR_AUTO_FL, CHR_FREEZE_REFRESH_FL, CHR_DELETE_FL, CHR_VERSION_ID,
PTN_ID ) VALUES ( 
81, 15, 3, NULL, NULL, 'Alarm status by Analyst', 'Status of all alarms assigned to analyst'
, 15, 'N', 'Case Status', 'Number', NULL, 'N', 'N', 'N', 1, 2); 
INSERT INTO CHART ( CHR_ID, CSB_ID, DER_ID, ASQ_ID, CHR_LINKED_CHR_ID, CHR_NAME, CHR_DESCRIPTION,
CHR_QUERY_LST_ID, CHR_USAGE_QUERY_FL, CHR_X_AXIS_LABEL, CHR_PRIMARY_Y_AXIS_LABEL,
CHR_SECONDARY_Y_AXIS_LABEL, CHR_AUTO_FL, CHR_FREEZE_REFRESH_FL, CHR_DELETE_FL, CHR_VERSION_ID,
PTN_ID ) VALUES ( 
82, 8, 3, NULL, NULL, 'Open Cases by Analyst', 'Current open cases assigned to analysts'
, 16, 'N', 'Analyst', 'Cases', NULL, 'N', 'N', 'N', 1, 2); 
INSERT INTO CHART ( CHR_ID, CSB_ID, DER_ID, ASQ_ID, CHR_LINKED_CHR_ID, CHR_NAME, CHR_DESCRIPTION,
CHR_QUERY_LST_ID, CHR_USAGE_QUERY_FL, CHR_X_AXIS_LABEL, CHR_PRIMARY_Y_AXIS_LABEL,
CHR_SECONDARY_Y_AXIS_LABEL, CHR_AUTO_FL, CHR_FREEZE_REFRESH_FL, CHR_DELETE_FL, CHR_VERSION_ID,
PTN_ID ) VALUES ( 
83, 1, 3, NULL, NULL, 'Average loss per case by analyst weekly summary', 'Average loss per case per analyst, week on week, last 12 week''s history '
, 17, 'N', 'Week', 'Average', NULL, 'N', 'N', 'N', 1, 2); 
INSERT INTO CHART ( CHR_ID, CSB_ID, DER_ID, ASQ_ID, CHR_LINKED_CHR_ID, CHR_NAME, CHR_DESCRIPTION,
CHR_QUERY_LST_ID, CHR_USAGE_QUERY_FL, CHR_X_AXIS_LABEL, CHR_PRIMARY_Y_AXIS_LABEL,
CHR_SECONDARY_Y_AXIS_LABEL, CHR_AUTO_FL, CHR_FREEZE_REFRESH_FL, CHR_DELETE_FL, CHR_VERSION_ID,
PTN_ID ) VALUES ( 
84, 3, 3, NULL, NULL, 'Average and max run-time by analyst weekly summary', 'Average and maximum run-time per case per analyst, week on week, last 12 weeks history '
, 18, 'N', 'Week', 'Run Time on case per analyst', NULL, 'N', 'N', 'N', 1, 2); 
INSERT INTO CHART ( CHR_ID, CSB_ID, DER_ID, ASQ_ID, CHR_LINKED_CHR_ID, CHR_NAME, CHR_DESCRIPTION,
CHR_QUERY_LST_ID, CHR_USAGE_QUERY_FL, CHR_X_AXIS_LABEL, CHR_PRIMARY_Y_AXIS_LABEL,
CHR_SECONDARY_Y_AXIS_LABEL, CHR_AUTO_FL, CHR_FREEZE_REFRESH_FL, CHR_DELETE_FL, CHR_VERSION_ID,
PTN_ID ) VALUES ( 
85, 15, 3, NULL, NULL, 'Fraud Cases by Fraud Type 30 day summary', 'Fraud cases by fraud type over last 30 days, top 5 top fraud types shown explicitly, with the remainder shown as ''other'''
, 19, 'N', 'Fraud Case', 'Count', NULL, 'N', 'N', 'N', 1, 2); 
INSERT INTO CHART ( CHR_ID, CSB_ID, DER_ID, ASQ_ID, CHR_LINKED_CHR_ID, CHR_NAME, CHR_DESCRIPTION,
CHR_QUERY_LST_ID, CHR_USAGE_QUERY_FL, CHR_X_AXIS_LABEL, CHR_PRIMARY_Y_AXIS_LABEL,
CHR_SECONDARY_Y_AXIS_LABEL, CHR_AUTO_FL, CHR_FREEZE_REFRESH_FL, CHR_DELETE_FL, CHR_VERSION_ID,
PTN_ID ) VALUES ( 
86, 15, 3, NULL, NULL, 'Actual Fraud Losses by Fraud Type 30 day summary', 'Actual fraud losses by fraud type over last 30 days, top 5 top fraud types shown explicitly, with the remainder shown as ''other'''
, 20, 'N', 'Fraud Case', 'Actual Loss', NULL, 'N', 'N', 'N', 1, 2); 
INSERT INTO CHART ( CHR_ID, CSB_ID, DER_ID, ASQ_ID, CHR_LINKED_CHR_ID, CHR_NAME, CHR_DESCRIPTION,
CHR_QUERY_LST_ID, CHR_USAGE_QUERY_FL, CHR_X_AXIS_LABEL, CHR_PRIMARY_Y_AXIS_LABEL,
CHR_SECONDARY_Y_AXIS_LABEL, CHR_AUTO_FL, CHR_FREEZE_REFRESH_FL, CHR_DELETE_FL, CHR_VERSION_ID,
PTN_ID ) VALUES ( 
87, 3, 3, NULL, NULL, 'Best/Worst Performing Rules 30 day average', 'Number of Fraud and Non Fraud alarms  for top 5 performing rules over the previous 30 days, Bisin formula: (SUM Frd of R1)/(Sum Frd of R1..n)/((SUM Frd of R1)/(Sum Frd of R1..n) + (SUM NonFrd of R1)/(Sum NonFrd of R1..n))'
, 21, 'N', 'Rule', 'Alarms', NULL, 'N', 'N', 'N', 1, 2); 
INSERT INTO CHART ( CHR_ID, CSB_ID, DER_ID, ASQ_ID, CHR_LINKED_CHR_ID, CHR_NAME, CHR_DESCRIPTION,
CHR_QUERY_LST_ID, CHR_USAGE_QUERY_FL, CHR_X_AXIS_LABEL, CHR_PRIMARY_Y_AXIS_LABEL,
CHR_SECONDARY_Y_AXIS_LABEL, CHR_AUTO_FL, CHR_FREEZE_REFRESH_FL, CHR_DELETE_FL, CHR_VERSION_ID,
PTN_ID ) VALUES ( 
88, 1, 3, NULL, NULL, 'Top executing rules hourly summary', 'Top 5 executing rule based on volume of executions, hour on hour, last 12 hour''s history'
, 22, 'N', 'Hour', 'Number of Alerts', NULL, 'N', 'N', 'N', 1, 2); 
INSERT INTO CHART ( CHR_ID, CSB_ID, DER_ID, ASQ_ID, CHR_LINKED_CHR_ID, CHR_NAME, CHR_DESCRIPTION,
CHR_QUERY_LST_ID, CHR_USAGE_QUERY_FL, CHR_X_AXIS_LABEL, CHR_PRIMARY_Y_AXIS_LABEL,
CHR_SECONDARY_Y_AXIS_LABEL, CHR_AUTO_FL, CHR_FREEZE_REFRESH_FL, CHR_DELETE_FL, CHR_VERSION_ID,
PTN_ID ) VALUES ( 
89, 9, 3, NULL, 91, 'Disk Space Utilization (Machine Level)', 'Average Disk Space Utilization for last 30 min for different machines.'
, 23, 'N', 'Machine', 'Disk Usage', NULL, 'N', 'N', 'N', 2, 3); 
INSERT INTO CHART ( CHR_ID, CSB_ID, DER_ID, ASQ_ID, CHR_LINKED_CHR_ID, CHR_NAME, CHR_DESCRIPTION,
CHR_QUERY_LST_ID, CHR_USAGE_QUERY_FL, CHR_X_AXIS_LABEL, CHR_PRIMARY_Y_AXIS_LABEL,
CHR_SECONDARY_Y_AXIS_LABEL, CHR_AUTO_FL, CHR_FREEZE_REFRESH_FL, CHR_DELETE_FL, CHR_VERSION_ID,
PTN_ID ) VALUES ( 
95, 20, 3, NULL, NULL, 'CPU Utilization (Machine Level shown for every minute)', 'CPU Utilization for last 30 min for different machines.'
, 28, 'N', 'Minutes', 'CPU Utilization', NULL, 'N', 'N', 'N', 1, 3); 
commit;
 
INSERT INTO CHART_PROPERTY_GROUP ( CPG_ID, CHR_ID, CPG_PIG_ID, CPG_PDG_KEY, CPG_TAG_NAME,
CPG_DELETE_FL, CPG_VERSION_ID, PTN_ID ) VALUES ( 
331, 93, 253, 'MSBar2DCategoriesElement', 'categories', 'N', 1, 3); 
INSERT INTO CHART_PROPERTY_GROUP ( CPG_ID, CHR_ID, CPG_PIG_ID, CPG_PDG_KEY, CPG_TAG_NAME,
CPG_DELETE_FL, CPG_VERSION_ID, PTN_ID ) VALUES ( 
332, 93, 254, 'MSBar2DChartAxesElement', 'chart-axes', 'N', 1, 3); 
INSERT INTO CHART_PROPERTY_GROUP ( CPG_ID, CHR_ID, CPG_PIG_ID, CPG_PDG_KEY, CPG_TAG_NAME,
CPG_DELETE_FL, CPG_VERSION_ID, PTN_ID ) VALUES ( 
333, 93, 255, 'MSBar2DChartMiscElement', 'chart-misc', 'N', 1, 3); 
INSERT INTO CHART_PROPERTY_GROUP ( CPG_ID, CHR_ID, CPG_PIG_ID, CPG_PDG_KEY, CPG_TAG_NAME,
CPG_DELETE_FL, CPG_VERSION_ID, PTN_ID ) VALUES ( 
334, 93, 256, 'MSBar2DSetElement', 'set', 'N', 1, 3); 
INSERT INTO CHART_PROPERTY_GROUP ( CPG_ID, CHR_ID, CPG_PIG_ID, CPG_PDG_KEY, CPG_TAG_NAME,
CPG_DELETE_FL, CPG_VERSION_ID, PTN_ID ) VALUES ( 
335, 93, 257, 'MSBar2DTrendlineElement', 'max-line', 'N', 1, 3); 
INSERT INTO CHART_PROPERTY_GROUP ( CPG_ID, CHR_ID, CPG_PIG_ID, CPG_PDG_KEY, CPG_TAG_NAME,
CPG_DELETE_FL, CPG_VERSION_ID, PTN_ID ) VALUES ( 
336, 93, 258, 'MSBar2DTrendlineElement', 'min-line', 'N', 1, 3); 
INSERT INTO CHART_PROPERTY_GROUP ( CPG_ID, CHR_ID, CPG_PIG_ID, CPG_PDG_KEY, CPG_TAG_NAME,
CPG_DELETE_FL, CPG_VERSION_ID, PTN_ID ) VALUES ( 
319, 91, 241, 'MSBar2DCategoriesElement', 'categories', 'N', 1, 3); 
INSERT INTO CHART_PROPERTY_GROUP ( CPG_ID, CHR_ID, CPG_PIG_ID, CPG_PDG_KEY, CPG_TAG_NAME,
CPG_DELETE_FL, CPG_VERSION_ID, PTN_ID ) VALUES ( 
320, 91, 242, 'MSBar2DChartAxesElement', 'chart-axes', 'N', 1, 3); 
INSERT INTO CHART_PROPERTY_GROUP ( CPG_ID, CHR_ID, CPG_PIG_ID, CPG_PDG_KEY, CPG_TAG_NAME,
CPG_DELETE_FL, CPG_VERSION_ID, PTN_ID ) VALUES ( 
321, 91, 243, 'MSBar2DChartMiscElement', 'chart-misc', 'N', 1, 3); 
INSERT INTO CHART_PROPERTY_GROUP ( CPG_ID, CHR_ID, CPG_PIG_ID, CPG_PDG_KEY, CPG_TAG_NAME,
CPG_DELETE_FL, CPG_VERSION_ID, PTN_ID ) VALUES ( 
322, 91, 244, 'MSBar2DSetElement', 'set', 'N', 1, 3); 
INSERT INTO CHART_PROPERTY_GROUP ( CPG_ID, CHR_ID, CPG_PIG_ID, CPG_PDG_KEY, CPG_TAG_NAME,
CPG_DELETE_FL, CPG_VERSION_ID, PTN_ID ) VALUES ( 
323, 91, 245, 'MSBar2DTrendlineElement', 'max-line', 'N', 1, 3); 
INSERT INTO CHART_PROPERTY_GROUP ( CPG_ID, CHR_ID, CPG_PIG_ID, CPG_PDG_KEY, CPG_TAG_NAME,
CPG_DELETE_FL, CPG_VERSION_ID, PTN_ID ) VALUES ( 
324, 91, 246, 'MSBar2DTrendlineElement', 'min-line', 'N', 1, 3); 
INSERT INTO CHART_PROPERTY_GROUP ( CPG_ID, CHR_ID, CPG_PIG_ID, CPG_PDG_KEY, CPG_TAG_NAME,
CPG_DELETE_FL, CPG_VERSION_ID, PTN_ID ) VALUES ( 
337, 94, 259, 'MSLineCategoriesElement', 'categories', 'N', 1, 3); 
INSERT INTO CHART_PROPERTY_GROUP ( CPG_ID, CHR_ID, CPG_PIG_ID, CPG_PDG_KEY, CPG_TAG_NAME,
CPG_DELETE_FL, CPG_VERSION_ID, PTN_ID ) VALUES ( 
338, 94, 260, 'MSLineChartAxesElement', 'chart-axes', 'N', 1, 3); 
INSERT INTO CHART_PROPERTY_GROUP ( CPG_ID, CHR_ID, CPG_PIG_ID, CPG_PDG_KEY, CPG_TAG_NAME,
CPG_DELETE_FL, CPG_VERSION_ID, PTN_ID ) VALUES ( 
339, 94, 261, 'MSLineChartMiscElement', 'chart-misc', 'N', 1, 3); 
INSERT INTO CHART_PROPERTY_GROUP ( CPG_ID, CHR_ID, CPG_PIG_ID, CPG_PDG_KEY, CPG_TAG_NAME,
CPG_DELETE_FL, CPG_VERSION_ID, PTN_ID ) VALUES ( 
340, 94, 262, 'MSLineSetElement', 'set', 'N', 1, 3); 
INSERT INTO CHART_PROPERTY_GROUP ( CPG_ID, CHR_ID, CPG_PIG_ID, CPG_PDG_KEY, CPG_TAG_NAME,
CPG_DELETE_FL, CPG_VERSION_ID, PTN_ID ) VALUES ( 
341, 94, 263, 'MSLineTrendlineElement', 'max-line', 'N', 1, 3); 
INSERT INTO CHART_PROPERTY_GROUP ( CPG_ID, CHR_ID, CPG_PIG_ID, CPG_PDG_KEY, CPG_TAG_NAME,
CPG_DELETE_FL, CPG_VERSION_ID, PTN_ID ) VALUES ( 
342, 94, 264, 'MSLineTrendlineElement', 'min-line', 'N', 1, 3); 
INSERT INTO CHART_PROPERTY_GROUP ( CPG_ID, CHR_ID, CPG_PIG_ID, CPG_PDG_KEY, CPG_TAG_NAME,
CPG_DELETE_FL, CPG_VERSION_ID, PTN_ID ) VALUES ( 
349, 96, 271, 'MSBar2DCategoriesElement', 'categories', 'N', 1, 3); 
INSERT INTO CHART_PROPERTY_GROUP ( CPG_ID, CHR_ID, CPG_PIG_ID, CPG_PDG_KEY, CPG_TAG_NAME,
CPG_DELETE_FL, CPG_VERSION_ID, PTN_ID ) VALUES ( 
350, 96, 272, 'MSBar2DChartAxesElement', 'chart-axes', 'N', 1, 3); 
INSERT INTO CHART_PROPERTY_GROUP ( CPG_ID, CHR_ID, CPG_PIG_ID, CPG_PDG_KEY, CPG_TAG_NAME,
CPG_DELETE_FL, CPG_VERSION_ID, PTN_ID ) VALUES ( 
351, 96, 273, 'MSBar2DChartMiscElement', 'chart-misc', 'N', 1, 3); 
INSERT INTO CHART_PROPERTY_GROUP ( CPG_ID, CHR_ID, CPG_PIG_ID, CPG_PDG_KEY, CPG_TAG_NAME,
CPG_DELETE_FL, CPG_VERSION_ID, PTN_ID ) VALUES ( 
352, 96, 274, 'MSBar2DSetElement', 'set', 'N', 1, 3); 
INSERT INTO CHART_PROPERTY_GROUP ( CPG_ID, CHR_ID, CPG_PIG_ID, CPG_PDG_KEY, CPG_TAG_NAME,
CPG_DELETE_FL, CPG_VERSION_ID, PTN_ID ) VALUES ( 
353, 96, 275, 'MSBar2DTrendlineElement', 'max-line', 'N', 1, 3); 
INSERT INTO CHART_PROPERTY_GROUP ( CPG_ID, CHR_ID, CPG_PIG_ID, CPG_PDG_KEY, CPG_TAG_NAME,
CPG_DELETE_FL, CPG_VERSION_ID, PTN_ID ) VALUES ( 
354, 96, 276, 'MSBar2DTrendlineElement', 'min-line', 'N', 1, 3); 
INSERT INTO CHART_PROPERTY_GROUP ( CPG_ID, CHR_ID, CPG_PIG_ID, CPG_PDG_KEY, CPG_TAG_NAME,
CPG_DELETE_FL, CPG_VERSION_ID, PTN_ID ) VALUES ( 
325, 92, 247, 'MSLineCategoriesElement', 'categories', 'N', 1, 3); 
INSERT INTO CHART_PROPERTY_GROUP ( CPG_ID, CHR_ID, CPG_PIG_ID, CPG_PDG_KEY, CPG_TAG_NAME,
CPG_DELETE_FL, CPG_VERSION_ID, PTN_ID ) VALUES ( 
326, 92, 248, 'MSLineChartAxesElement', 'chart-axes', 'N', 1, 3); 
INSERT INTO CHART_PROPERTY_GROUP ( CPG_ID, CHR_ID, CPG_PIG_ID, CPG_PDG_KEY, CPG_TAG_NAME,
CPG_DELETE_FL, CPG_VERSION_ID, PTN_ID ) VALUES ( 
327, 92, 249, 'MSLineChartMiscElement', 'chart-misc', 'N', 1, 3); 
INSERT INTO CHART_PROPERTY_GROUP ( CPG_ID, CHR_ID, CPG_PIG_ID, CPG_PDG_KEY, CPG_TAG_NAME,
CPG_DELETE_FL, CPG_VERSION_ID, PTN_ID ) VALUES ( 
328, 92, 250, 'MSLineSetElement', 'set', 'N', 1, 3); 
INSERT INTO CHART_PROPERTY_GROUP ( CPG_ID, CHR_ID, CPG_PIG_ID, CPG_PDG_KEY, CPG_TAG_NAME,
CPG_DELETE_FL, CPG_VERSION_ID, PTN_ID ) VALUES ( 
329, 92, 251, 'MSLineTrendlineElement', 'max-line', 'N', 1, 3); 
INSERT INTO CHART_PROPERTY_GROUP ( CPG_ID, CHR_ID, CPG_PIG_ID, CPG_PDG_KEY, CPG_TAG_NAME,
CPG_DELETE_FL, CPG_VERSION_ID, PTN_ID ) VALUES ( 
330, 92, 252, 'MSLineTrendlineElement', 'min-line', 'N', 1, 3); 
INSERT INTO CHART_PROPERTY_GROUP ( CPG_ID, CHR_ID, CPG_PIG_ID, CPG_PDG_KEY, CPG_TAG_NAME,
CPG_DELETE_FL, CPG_VERSION_ID, PTN_ID ) VALUES ( 
370, 100, 293, 'LineChartAxesElement', 'chart-axes', 'N', 1, 3); 
INSERT INTO CHART_PROPERTY_GROUP ( CPG_ID, CHR_ID, CPG_PIG_ID, CPG_PDG_KEY, CPG_TAG_NAME,
CPG_DELETE_FL, CPG_VERSION_ID, PTN_ID ) VALUES ( 
371, 100, 294, 'LineChartMiscElement', 'chart-misc', 'N', 1, 3); 
INSERT INTO CHART_PROPERTY_GROUP ( CPG_ID, CHR_ID, CPG_PIG_ID, CPG_PDG_KEY, CPG_TAG_NAME,
CPG_DELETE_FL, CPG_VERSION_ID, PTN_ID ) VALUES ( 
372, 100, 295, 'LineSetElement', 'set', 'N', 1, 3); 
INSERT INTO CHART_PROPERTY_GROUP ( CPG_ID, CHR_ID, CPG_PIG_ID, CPG_PDG_KEY, CPG_TAG_NAME,
CPG_DELETE_FL, CPG_VERSION_ID, PTN_ID ) VALUES ( 
373, 100, 296, 'LineTrendlineElement', 'max-line', 'N', 1, 3); 
INSERT INTO CHART_PROPERTY_GROUP ( CPG_ID, CHR_ID, CPG_PIG_ID, CPG_PDG_KEY, CPG_TAG_NAME,
CPG_DELETE_FL, CPG_VERSION_ID, PTN_ID ) VALUES ( 
374, 100, 297, 'LineTrendlineElement', 'min-line', 'N', 1, 3); 
INSERT INTO CHART_PROPERTY_GROUP ( CPG_ID, CHR_ID, CPG_PIG_ID, CPG_PDG_KEY, CPG_TAG_NAME,
CPG_DELETE_FL, CPG_VERSION_ID, PTN_ID ) VALUES ( 
235, 67, 165, 'LineChartAxesElement', 'chart-axes', 'N', 1, 4); 
INSERT INTO CHART_PROPERTY_GROUP ( CPG_ID, CHR_ID, CPG_PIG_ID, CPG_PDG_KEY, CPG_TAG_NAME,
CPG_DELETE_FL, CPG_VERSION_ID, PTN_ID ) VALUES ( 
236, 67, 166, 'LineChartMiscElement', 'chart-misc', 'N', 1, 4); 
INSERT INTO CHART_PROPERTY_GROUP ( CPG_ID, CHR_ID, CPG_PIG_ID, CPG_PDG_KEY, CPG_TAG_NAME,
CPG_DELETE_FL, CPG_VERSION_ID, PTN_ID ) VALUES ( 
237, 67, 167, 'LineSetElement', 'set', 'N', 1, 4); 
INSERT INTO CHART_PROPERTY_GROUP ( CPG_ID, CHR_ID, CPG_PIG_ID, CPG_PDG_KEY, CPG_TAG_NAME,
CPG_DELETE_FL, CPG_VERSION_ID, PTN_ID ) VALUES ( 
238, 67, 168, 'LineTrendlineElement', 'max-line', 'N', 1, 4); 
INSERT INTO CHART_PROPERTY_GROUP ( CPG_ID, CHR_ID, CPG_PIG_ID, CPG_PDG_KEY, CPG_TAG_NAME,
CPG_DELETE_FL, CPG_VERSION_ID, PTN_ID ) VALUES ( 
239, 67, 169, 'LineTrendlineElement', 'min-line', 'N', 1, 4); 
INSERT INTO CHART_PROPERTY_GROUP ( CPG_ID, CHR_ID, CPG_PIG_ID, CPG_PDG_KEY, CPG_TAG_NAME,
CPG_DELETE_FL, CPG_VERSION_ID, PTN_ID ) VALUES ( 
240, 68, 170, 'LineChartAxesElement', 'chart-axes', 'N', 1, 4); 
INSERT INTO CHART_PROPERTY_GROUP ( CPG_ID, CHR_ID, CPG_PIG_ID, CPG_PDG_KEY, CPG_TAG_NAME,
CPG_DELETE_FL, CPG_VERSION_ID, PTN_ID ) VALUES ( 
241, 68, 171, 'LineChartMiscElement', 'chart-misc', 'N', 1, 4); 
INSERT INTO CHART_PROPERTY_GROUP ( CPG_ID, CHR_ID, CPG_PIG_ID, CPG_PDG_KEY, CPG_TAG_NAME,
CPG_DELETE_FL, CPG_VERSION_ID, PTN_ID ) VALUES ( 
242, 68, 172, 'LineSetElement', 'set', 'N', 1, 4); 
INSERT INTO CHART_PROPERTY_GROUP ( CPG_ID, CHR_ID, CPG_PIG_ID, CPG_PDG_KEY, CPG_TAG_NAME,
CPG_DELETE_FL, CPG_VERSION_ID, PTN_ID ) VALUES ( 
243, 68, 173, 'LineTrendlineElement', 'max-line', 'N', 1, 4); 
INSERT INTO CHART_PROPERTY_GROUP ( CPG_ID, CHR_ID, CPG_PIG_ID, CPG_PDG_KEY, CPG_TAG_NAME,
CPG_DELETE_FL, CPG_VERSION_ID, PTN_ID ) VALUES ( 
244, 68, 174, 'LineTrendlineElement', 'min-line', 'N', 1, 4); 
INSERT INTO CHART_PROPERTY_GROUP ( CPG_ID, CHR_ID, CPG_PIG_ID, CPG_PDG_KEY, CPG_TAG_NAME,
CPG_DELETE_FL, CPG_VERSION_ID, PTN_ID ) VALUES ( 
245, 69, 175, 'MSLineCategoriesElement', 'categories', 'N', 1, 4); 
INSERT INTO CHART_PROPERTY_GROUP ( CPG_ID, CHR_ID, CPG_PIG_ID, CPG_PDG_KEY, CPG_TAG_NAME,
CPG_DELETE_FL, CPG_VERSION_ID, PTN_ID ) VALUES ( 
246, 69, 176, 'MSLineChartAxesElement', 'chart-axes', 'N', 1, 4); 
INSERT INTO CHART_PROPERTY_GROUP ( CPG_ID, CHR_ID, CPG_PIG_ID, CPG_PDG_KEY, CPG_TAG_NAME,
CPG_DELETE_FL, CPG_VERSION_ID, PTN_ID ) VALUES ( 
247, 69, 177, 'MSLineChartMiscElement', 'chart-misc', 'N', 1, 4); 
INSERT INTO CHART_PROPERTY_GROUP ( CPG_ID, CHR_ID, CPG_PIG_ID, CPG_PDG_KEY, CPG_TAG_NAME,
CPG_DELETE_FL, CPG_VERSION_ID, PTN_ID ) VALUES ( 
248, 69, 178, 'MSLineSetElement', 'set', 'N', 1, 4); 
INSERT INTO CHART_PROPERTY_GROUP ( CPG_ID, CHR_ID, CPG_PIG_ID, CPG_PDG_KEY, CPG_TAG_NAME,
CPG_DELETE_FL, CPG_VERSION_ID, PTN_ID ) VALUES ( 
249, 69, 179, 'MSLineTrendlineElement', 'max-line', 'N', 1, 4); 
INSERT INTO CHART_PROPERTY_GROUP ( CPG_ID, CHR_ID, CPG_PIG_ID, CPG_PDG_KEY, CPG_TAG_NAME,
CPG_DELETE_FL, CPG_VERSION_ID, PTN_ID ) VALUES ( 
250, 69, 180, 'MSLineTrendlineElement', 'min-line', 'N', 1, 4); 
INSERT INTO CHART_PROPERTY_GROUP ( CPG_ID, CHR_ID, CPG_PIG_ID, CPG_PDG_KEY, CPG_TAG_NAME,
CPG_DELETE_FL, CPG_VERSION_ID, PTN_ID ) VALUES ( 
251, 70, 103, 'AngularGuageChartElement', 'chart-axes', 'N', 1, 4); 
INSERT INTO CHART_PROPERTY_GROUP ( CPG_ID, CHR_ID, CPG_PIG_ID, CPG_PDG_KEY, CPG_TAG_NAME,
CPG_DELETE_FL, CPG_VERSION_ID, PTN_ID ) VALUES ( 
252, 71, 104, 'AngularGuageChartElement', 'chart-axes', 'N', 1, 4); 
INSERT INTO CHART_PROPERTY_GROUP ( CPG_ID, CHR_ID, CPG_PIG_ID, CPG_PDG_KEY, CPG_TAG_NAME,
CPG_DELETE_FL, CPG_VERSION_ID, PTN_ID ) VALUES ( 
253, 72, 105, 'AngularGuageChartElement', 'chart-axes', 'N', 1, 4); 
INSERT INTO CHART_PROPERTY_GROUP ( CPG_ID, CHR_ID, CPG_PIG_ID, CPG_PDG_KEY, CPG_TAG_NAME,
CPG_DELETE_FL, CPG_VERSION_ID, PTN_ID ) VALUES ( 
254, 73, 106, 'AngularGuageChartElement', 'chart-axes', 'N', 1, 2); 
INSERT INTO CHART_PROPERTY_GROUP ( CPG_ID, CHR_ID, CPG_PIG_ID, CPG_PDG_KEY, CPG_TAG_NAME,
CPG_DELETE_FL, CPG_VERSION_ID, PTN_ID ) VALUES ( 
255, 74, 107, 'AngularGuageChartElement', 'chart-axes', 'N', 1, 2); 
INSERT INTO CHART_PROPERTY_GROUP ( CPG_ID, CHR_ID, CPG_PIG_ID, CPG_PDG_KEY, CPG_TAG_NAME,
CPG_DELETE_FL, CPG_VERSION_ID, PTN_ID ) VALUES ( 
256, 75, 181, 'MSColumn2DCategoriesElement', 'categories', 'N', 1, 2); 
INSERT INTO CHART_PROPERTY_GROUP ( CPG_ID, CHR_ID, CPG_PIG_ID, CPG_PDG_KEY, CPG_TAG_NAME,
CPG_DELETE_FL, CPG_VERSION_ID, PTN_ID ) VALUES ( 
257, 75, 182, 'MSColumn2DChartAxesElement', 'chart-axes', 'N', 1, 2); 
INSERT INTO CHART_PROPERTY_GROUP ( CPG_ID, CHR_ID, CPG_PIG_ID, CPG_PDG_KEY, CPG_TAG_NAME,
CPG_DELETE_FL, CPG_VERSION_ID, PTN_ID ) VALUES ( 
258, 75, 183, 'MSColumn2DChartMiscElement', 'chart-misc', 'N', 1, 2); 
INSERT INTO CHART_PROPERTY_GROUP ( CPG_ID, CHR_ID, CPG_PIG_ID, CPG_PDG_KEY, CPG_TAG_NAME,
CPG_DELETE_FL, CPG_VERSION_ID, PTN_ID ) VALUES ( 
259, 75, 184, 'MSColumn2DSetElement', 'set', 'N', 1, 2); 
INSERT INTO CHART_PROPERTY_GROUP ( CPG_ID, CHR_ID, CPG_PIG_ID, CPG_PDG_KEY, CPG_TAG_NAME,
CPG_DELETE_FL, CPG_VERSION_ID, PTN_ID ) VALUES ( 
260, 75, 185, 'MSColumn2DTrendlineElement', 'max-line', 'N', 1, 2); 
INSERT INTO CHART_PROPERTY_GROUP ( CPG_ID, CHR_ID, CPG_PIG_ID, CPG_PDG_KEY, CPG_TAG_NAME,
CPG_DELETE_FL, CPG_VERSION_ID, PTN_ID ) VALUES ( 
261, 75, 186, 'MSColumn2DTrendlineElement', 'min-line', 'N', 1, 2); 
INSERT INTO CHART_PROPERTY_GROUP ( CPG_ID, CHR_ID, CPG_PIG_ID, CPG_PDG_KEY, CPG_TAG_NAME,
CPG_DELETE_FL, CPG_VERSION_ID, PTN_ID ) VALUES ( 
262, 76, 187, 'Column2DChartAxesElement', 'chart-axes', 'N', 1, 2); 
INSERT INTO CHART_PROPERTY_GROUP ( CPG_ID, CHR_ID, CPG_PIG_ID, CPG_PDG_KEY, CPG_TAG_NAME,
CPG_DELETE_FL, CPG_VERSION_ID, PTN_ID ) VALUES ( 
263, 76, 188, 'Column2DChartMiscElement', 'chart-misc', 'N', 1, 2); 
INSERT INTO CHART_PROPERTY_GROUP ( CPG_ID, CHR_ID, CPG_PIG_ID, CPG_PDG_KEY, CPG_TAG_NAME,
CPG_DELETE_FL, CPG_VERSION_ID, PTN_ID ) VALUES ( 
264, 76, 189, 'Column2DSetElement', 'set', 'N', 1, 2); 
INSERT INTO CHART_PROPERTY_GROUP ( CPG_ID, CHR_ID, CPG_PIG_ID, CPG_PDG_KEY, CPG_TAG_NAME,
CPG_DELETE_FL, CPG_VERSION_ID, PTN_ID ) VALUES ( 
265, 76, 190, 'Column2DTrendlineElement', 'max-line', 'N', 1, 2); 
INSERT INTO CHART_PROPERTY_GROUP ( CPG_ID, CHR_ID, CPG_PIG_ID, CPG_PDG_KEY, CPG_TAG_NAME,
CPG_DELETE_FL, CPG_VERSION_ID, PTN_ID ) VALUES ( 
266, 76, 191, 'Column2DTrendlineElement', 'min-line', 'N', 1, 2); 
INSERT INTO CHART_PROPERTY_GROUP ( CPG_ID, CHR_ID, CPG_PIG_ID, CPG_PDG_KEY, CPG_TAG_NAME,
CPG_DELETE_FL, CPG_VERSION_ID, PTN_ID ) VALUES ( 
267, 77, 192, 'Bar2DChartAxesElement', 'chart-axes', 'N', 1, 2); 
INSERT INTO CHART_PROPERTY_GROUP ( CPG_ID, CHR_ID, CPG_PIG_ID, CPG_PDG_KEY, CPG_TAG_NAME,
CPG_DELETE_FL, CPG_VERSION_ID, PTN_ID ) VALUES ( 
268, 77, 193, 'Bar2DChartMiscElement', 'chart-misc', 'N', 1, 2); 
INSERT INTO CHART_PROPERTY_GROUP ( CPG_ID, CHR_ID, CPG_PIG_ID, CPG_PDG_KEY, CPG_TAG_NAME,
CPG_DELETE_FL, CPG_VERSION_ID, PTN_ID ) VALUES ( 
269, 77, 194, 'Bar2DSetElement', 'set', 'N', 1, 2); 
INSERT INTO CHART_PROPERTY_GROUP ( CPG_ID, CHR_ID, CPG_PIG_ID, CPG_PDG_KEY, CPG_TAG_NAME,
CPG_DELETE_FL, CPG_VERSION_ID, PTN_ID ) VALUES ( 
270, 77, 195, 'Bar2DTrendlineElement', 'max-line', 'N', 1, 2); 
INSERT INTO CHART_PROPERTY_GROUP ( CPG_ID, CHR_ID, CPG_PIG_ID, CPG_PDG_KEY, CPG_TAG_NAME,
CPG_DELETE_FL, CPG_VERSION_ID, PTN_ID ) VALUES ( 
271, 77, 196, 'Bar2DTrendlineElement', 'min-line', 'N', 1, 2); 
INSERT INTO CHART_PROPERTY_GROUP ( CPG_ID, CHR_ID, CPG_PIG_ID, CPG_PDG_KEY, CPG_TAG_NAME,
CPG_DELETE_FL, CPG_VERSION_ID, PTN_ID ) VALUES ( 
272, 78, 197, 'Bar2DChartAxesElement', 'chart-axes', 'N', 1, 2); 
INSERT INTO CHART_PROPERTY_GROUP ( CPG_ID, CHR_ID, CPG_PIG_ID, CPG_PDG_KEY, CPG_TAG_NAME,
CPG_DELETE_FL, CPG_VERSION_ID, PTN_ID ) VALUES ( 
273, 78, 198, 'Bar2DChartMiscElement', 'chart-misc', 'N', 1, 2); 
INSERT INTO CHART_PROPERTY_GROUP ( CPG_ID, CHR_ID, CPG_PIG_ID, CPG_PDG_KEY, CPG_TAG_NAME,
CPG_DELETE_FL, CPG_VERSION_ID, PTN_ID ) VALUES ( 
274, 78, 199, 'Bar2DSetElement', 'set', 'N', 1, 2); 
INSERT INTO CHART_PROPERTY_GROUP ( CPG_ID, CHR_ID, CPG_PIG_ID, CPG_PDG_KEY, CPG_TAG_NAME,
CPG_DELETE_FL, CPG_VERSION_ID, PTN_ID ) VALUES ( 
275, 78, 200, 'Bar2DTrendlineElement', 'max-line', 'N', 1, 2); 
INSERT INTO CHART_PROPERTY_GROUP ( CPG_ID, CHR_ID, CPG_PIG_ID, CPG_PDG_KEY, CPG_TAG_NAME,
CPG_DELETE_FL, CPG_VERSION_ID, PTN_ID ) VALUES ( 
276, 78, 201, 'Bar2DTrendlineElement', 'min-line', 'N', 1, 2); 
INSERT INTO CHART_PROPERTY_GROUP ( CPG_ID, CHR_ID, CPG_PIG_ID, CPG_PDG_KEY, CPG_TAG_NAME,
CPG_DELETE_FL, CPG_VERSION_ID, PTN_ID ) VALUES ( 
277, 79, 202, 'Column2DChartAxesElement', 'chart-axes', 'N', 1, 1); 
INSERT INTO CHART_PROPERTY_GROUP ( CPG_ID, CHR_ID, CPG_PIG_ID, CPG_PDG_KEY, CPG_TAG_NAME,
CPG_DELETE_FL, CPG_VERSION_ID, PTN_ID ) VALUES ( 
278, 79, 203, 'Column2DChartMiscElement', 'chart-misc', 'N', 1, 1); 
INSERT INTO CHART_PROPERTY_GROUP ( CPG_ID, CHR_ID, CPG_PIG_ID, CPG_PDG_KEY, CPG_TAG_NAME,
CPG_DELETE_FL, CPG_VERSION_ID, PTN_ID ) VALUES ( 
279, 79, 204, 'Column2DSetElement', 'set', 'N', 1, 1); 
INSERT INTO CHART_PROPERTY_GROUP ( CPG_ID, CHR_ID, CPG_PIG_ID, CPG_PDG_KEY, CPG_TAG_NAME,
CPG_DELETE_FL, CPG_VERSION_ID, PTN_ID ) VALUES ( 
280, 79, 205, 'Column2DTrendlineElement', 'max-line', 'N', 1, 1); 
INSERT INTO CHART_PROPERTY_GROUP ( CPG_ID, CHR_ID, CPG_PIG_ID, CPG_PDG_KEY, CPG_TAG_NAME,
CPG_DELETE_FL, CPG_VERSION_ID, PTN_ID ) VALUES ( 
281, 79, 206, 'Column2DTrendlineElement', 'min-line', 'N', 1, 1); 
INSERT INTO CHART_PROPERTY_GROUP ( CPG_ID, CHR_ID, CPG_PIG_ID, CPG_PDG_KEY, CPG_TAG_NAME,
CPG_DELETE_FL, CPG_VERSION_ID, PTN_ID ) VALUES ( 
282, 80, 134, 'Pie2DChartElement', 'chart-axes', 'N', 1, 2); 
INSERT INTO CHART_PROPERTY_GROUP ( CPG_ID, CHR_ID, CPG_PIG_ID, CPG_PDG_KEY, CPG_TAG_NAME,
CPG_DELETE_FL, CPG_VERSION_ID, PTN_ID ) VALUES ( 
283, 81, 135, 'Pie2DChartElement', 'chart-axes', 'N', 1, 2); 
INSERT INTO CHART_PROPERTY_GROUP ( CPG_ID, CHR_ID, CPG_PIG_ID, CPG_PDG_KEY, CPG_TAG_NAME,
CPG_DELETE_FL, CPG_VERSION_ID, PTN_ID ) VALUES ( 
284, 82, 207, 'Bar2DChartAxesElement', 'chart-axes', 'N', 1, 2); 
INSERT INTO CHART_PROPERTY_GROUP ( CPG_ID, CHR_ID, CPG_PIG_ID, CPG_PDG_KEY, CPG_TAG_NAME,
CPG_DELETE_FL, CPG_VERSION_ID, PTN_ID ) VALUES ( 
285, 82, 208, 'Bar2DChartMiscElement', 'chart-misc', 'N', 1, 2); 
INSERT INTO CHART_PROPERTY_GROUP ( CPG_ID, CHR_ID, CPG_PIG_ID, CPG_PDG_KEY, CPG_TAG_NAME,
CPG_DELETE_FL, CPG_VERSION_ID, PTN_ID ) VALUES ( 
286, 82, 209, 'Bar2DSetElement', 'set', 'N', 1, 2); 
INSERT INTO CHART_PROPERTY_GROUP ( CPG_ID, CHR_ID, CPG_PIG_ID, CPG_PDG_KEY, CPG_TAG_NAME,
CPG_DELETE_FL, CPG_VERSION_ID, PTN_ID ) VALUES ( 
287, 82, 210, 'Bar2DTrendlineElement', 'max-line', 'N', 1, 2); 
INSERT INTO CHART_PROPERTY_GROUP ( CPG_ID, CHR_ID, CPG_PIG_ID, CPG_PDG_KEY, CPG_TAG_NAME,
CPG_DELETE_FL, CPG_VERSION_ID, PTN_ID ) VALUES ( 
288, 82, 211, 'Bar2DTrendlineElement', 'min-line', 'N', 1, 2); 
INSERT INTO CHART_PROPERTY_GROUP ( CPG_ID, CHR_ID, CPG_PIG_ID, CPG_PDG_KEY, CPG_TAG_NAME,
CPG_DELETE_FL, CPG_VERSION_ID, PTN_ID ) VALUES ( 
289, 83, 212, 'Column2DChartAxesElement', 'chart-axes', 'N', 1, 2); 
INSERT INTO CHART_PROPERTY_GROUP ( CPG_ID, CHR_ID, CPG_PIG_ID, CPG_PDG_KEY, CPG_TAG_NAME,
CPG_DELETE_FL, CPG_VERSION_ID, PTN_ID ) VALUES ( 
290, 83, 213, 'Column2DChartMiscElement', 'chart-misc', 'N', 1, 2); 
INSERT INTO CHART_PROPERTY_GROUP ( CPG_ID, CHR_ID, CPG_PIG_ID, CPG_PDG_KEY, CPG_TAG_NAME,
CPG_DELETE_FL, CPG_VERSION_ID, PTN_ID ) VALUES ( 
291, 83, 214, 'Column2DSetElement', 'set', 'N', 1, 2); 
INSERT INTO CHART_PROPERTY_GROUP ( CPG_ID, CHR_ID, CPG_PIG_ID, CPG_PDG_KEY, CPG_TAG_NAME,
CPG_DELETE_FL, CPG_VERSION_ID, PTN_ID ) VALUES ( 
292, 83, 215, 'Column2DTrendlineElement', 'max-line', 'N', 1, 2); 
INSERT INTO CHART_PROPERTY_GROUP ( CPG_ID, CHR_ID, CPG_PIG_ID, CPG_PDG_KEY, CPG_TAG_NAME,
CPG_DELETE_FL, CPG_VERSION_ID, PTN_ID ) VALUES ( 
293, 83, 216, 'Column2DTrendlineElement', 'min-line', 'N', 1, 2); 
INSERT INTO CHART_PROPERTY_GROUP ( CPG_ID, CHR_ID, CPG_PIG_ID, CPG_PDG_KEY, CPG_TAG_NAME,
CPG_DELETE_FL, CPG_VERSION_ID, PTN_ID ) VALUES ( 
294, 84, 217, 'MSColumn2DCategoriesElement', 'categories', 'N', 1, 2); 
INSERT INTO CHART_PROPERTY_GROUP ( CPG_ID, CHR_ID, CPG_PIG_ID, CPG_PDG_KEY, CPG_TAG_NAME,
CPG_DELETE_FL, CPG_VERSION_ID, PTN_ID ) VALUES ( 
295, 84, 218, 'MSColumn2DChartAxesElement', 'chart-axes', 'N', 1, 2); 
INSERT INTO CHART_PROPERTY_GROUP ( CPG_ID, CHR_ID, CPG_PIG_ID, CPG_PDG_KEY, CPG_TAG_NAME,
CPG_DELETE_FL, CPG_VERSION_ID, PTN_ID ) VALUES ( 
296, 84, 219, 'MSColumn2DChartMiscElement', 'chart-misc', 'N', 1, 2); 
INSERT INTO CHART_PROPERTY_GROUP ( CPG_ID, CHR_ID, CPG_PIG_ID, CPG_PDG_KEY, CPG_TAG_NAME,
CPG_DELETE_FL, CPG_VERSION_ID, PTN_ID ) VALUES ( 
297, 84, 220, 'MSColumn2DSetElement', 'set', 'N', 1, 2); 
INSERT INTO CHART_PROPERTY_GROUP ( CPG_ID, CHR_ID, CPG_PIG_ID, CPG_PDG_KEY, CPG_TAG_NAME,
CPG_DELETE_FL, CPG_VERSION_ID, PTN_ID ) VALUES ( 
298, 84, 221, 'MSColumn2DTrendlineElement', 'max-line', 'N', 1, 2); 
INSERT INTO CHART_PROPERTY_GROUP ( CPG_ID, CHR_ID, CPG_PIG_ID, CPG_PDG_KEY, CPG_TAG_NAME,
CPG_DELETE_FL, CPG_VERSION_ID, PTN_ID ) VALUES ( 
299, 84, 222, 'MSColumn2DTrendlineElement', 'min-line', 'N', 1, 2); 
INSERT INTO CHART_PROPERTY_GROUP ( CPG_ID, CHR_ID, CPG_PIG_ID, CPG_PDG_KEY, CPG_TAG_NAME,
CPG_DELETE_FL, CPG_VERSION_ID, PTN_ID ) VALUES ( 
300, 85, 152, 'Pie2DChartElement', 'chart-axes', 'N', 1, 2); 
INSERT INTO CHART_PROPERTY_GROUP ( CPG_ID, CHR_ID, CPG_PIG_ID, CPG_PDG_KEY, CPG_TAG_NAME,
CPG_DELETE_FL, CPG_VERSION_ID, PTN_ID ) VALUES ( 
301, 86, 153, 'Pie2DChartElement', 'chart-axes', 'N', 1, 2); 
INSERT INTO CHART_PROPERTY_GROUP ( CPG_ID, CHR_ID, CPG_PIG_ID, CPG_PDG_KEY, CPG_TAG_NAME,
CPG_DELETE_FL, CPG_VERSION_ID, PTN_ID ) VALUES ( 
302, 87, 223, 'MSColumn2DCategoriesElement', 'categories', 'N', 1, 2); 
INSERT INTO CHART_PROPERTY_GROUP ( CPG_ID, CHR_ID, CPG_PIG_ID, CPG_PDG_KEY, CPG_TAG_NAME,
CPG_DELETE_FL, CPG_VERSION_ID, PTN_ID ) VALUES ( 
303, 87, 224, 'MSColumn2DChartAxesElement', 'chart-axes', 'N', 1, 2); 
INSERT INTO CHART_PROPERTY_GROUP ( CPG_ID, CHR_ID, CPG_PIG_ID, CPG_PDG_KEY, CPG_TAG_NAME,
CPG_DELETE_FL, CPG_VERSION_ID, PTN_ID ) VALUES ( 
304, 87, 225, 'MSColumn2DChartMiscElement', 'chart-misc', 'N', 1, 2); 
INSERT INTO CHART_PROPERTY_GROUP ( CPG_ID, CHR_ID, CPG_PIG_ID, CPG_PDG_KEY, CPG_TAG_NAME,
CPG_DELETE_FL, CPG_VERSION_ID, PTN_ID ) VALUES ( 
305, 87, 226, 'MSColumn2DSetElement', 'set', 'N', 1, 2); 
INSERT INTO CHART_PROPERTY_GROUP ( CPG_ID, CHR_ID, CPG_PIG_ID, CPG_PDG_KEY, CPG_TAG_NAME,
CPG_DELETE_FL, CPG_VERSION_ID, PTN_ID ) VALUES ( 
306, 87, 227, 'MSColumn2DTrendlineElement', 'max-line', 'N', 1, 2); 
INSERT INTO CHART_PROPERTY_GROUP ( CPG_ID, CHR_ID, CPG_PIG_ID, CPG_PDG_KEY, CPG_TAG_NAME,
CPG_DELETE_FL, CPG_VERSION_ID, PTN_ID ) VALUES ( 
307, 87, 228, 'MSColumn2DTrendlineElement', 'min-line', 'N', 1, 2); 
INSERT INTO CHART_PROPERTY_GROUP ( CPG_ID, CHR_ID, CPG_PIG_ID, CPG_PDG_KEY, CPG_TAG_NAME,
CPG_DELETE_FL, CPG_VERSION_ID, PTN_ID ) VALUES ( 
308, 88, 229, 'Column2DChartAxesElement', 'chart-axes', 'N', 1, 2); 
INSERT INTO CHART_PROPERTY_GROUP ( CPG_ID, CHR_ID, CPG_PIG_ID, CPG_PDG_KEY, CPG_TAG_NAME,
CPG_DELETE_FL, CPG_VERSION_ID, PTN_ID ) VALUES ( 
309, 88, 230, 'Column2DChartMiscElement', 'chart-misc', 'N', 1, 2); 
INSERT INTO CHART_PROPERTY_GROUP ( CPG_ID, CHR_ID, CPG_PIG_ID, CPG_PDG_KEY, CPG_TAG_NAME,
CPG_DELETE_FL, CPG_VERSION_ID, PTN_ID ) VALUES ( 
310, 88, 231, 'Column2DSetElement', 'set', 'N', 1, 2); 
INSERT INTO CHART_PROPERTY_GROUP ( CPG_ID, CHR_ID, CPG_PIG_ID, CPG_PDG_KEY, CPG_TAG_NAME,
CPG_DELETE_FL, CPG_VERSION_ID, PTN_ID ) VALUES ( 
311, 88, 232, 'Column2DTrendlineElement', 'max-line', 'N', 1, 2); 
INSERT INTO CHART_PROPERTY_GROUP ( CPG_ID, CHR_ID, CPG_PIG_ID, CPG_PDG_KEY, CPG_TAG_NAME,
CPG_DELETE_FL, CPG_VERSION_ID, PTN_ID ) VALUES ( 
312, 88, 233, 'Column2DTrendlineElement', 'min-line', 'N', 1, 2); 
INSERT INTO CHART_PROPERTY_GROUP ( CPG_ID, CHR_ID, CPG_PIG_ID, CPG_PDG_KEY, CPG_TAG_NAME,
CPG_DELETE_FL, CPG_VERSION_ID, PTN_ID ) VALUES ( 
313, 89, 235, 'MSBar2DCategoriesElement', 'categories', 'N', 1, 3); 
INSERT INTO CHART_PROPERTY_GROUP ( CPG_ID, CHR_ID, CPG_PIG_ID, CPG_PDG_KEY, CPG_TAG_NAME,
CPG_DELETE_FL, CPG_VERSION_ID, PTN_ID ) VALUES ( 
314, 89, 236, 'MSBar2DChartAxesElement', 'chart-axes', 'N', 1, 3); 
INSERT INTO CHART_PROPERTY_GROUP ( CPG_ID, CHR_ID, CPG_PIG_ID, CPG_PDG_KEY, CPG_TAG_NAME,
CPG_DELETE_FL, CPG_VERSION_ID, PTN_ID ) VALUES ( 
315, 89, 237, 'MSBar2DChartMiscElement', 'chart-misc', 'N', 1, 3); 
INSERT INTO CHART_PROPERTY_GROUP ( CPG_ID, CHR_ID, CPG_PIG_ID, CPG_PDG_KEY, CPG_TAG_NAME,
CPG_DELETE_FL, CPG_VERSION_ID, PTN_ID ) VALUES ( 
316, 89, 238, 'MSBar2DSetElement', 'set', 'N', 1, 3); 
INSERT INTO CHART_PROPERTY_GROUP ( CPG_ID, CHR_ID, CPG_PIG_ID, CPG_PDG_KEY, CPG_TAG_NAME,
CPG_DELETE_FL, CPG_VERSION_ID, PTN_ID ) VALUES ( 
317, 89, 239, 'MSBar2DTrendlineElement', 'max-line', 'N', 1, 3); 
INSERT INTO CHART_PROPERTY_GROUP ( CPG_ID, CHR_ID, CPG_PIG_ID, CPG_PDG_KEY, CPG_TAG_NAME,
CPG_DELETE_FL, CPG_VERSION_ID, PTN_ID ) VALUES ( 
318, 89, 240, 'MSBar2DTrendlineElement', 'min-line', 'N', 1, 3); 
INSERT INTO CHART_PROPERTY_GROUP ( CPG_ID, CHR_ID, CPG_PIG_ID, CPG_PDG_KEY, CPG_TAG_NAME,
CPG_DELETE_FL, CPG_VERSION_ID, PTN_ID ) VALUES ( 
343, 95, 265, 'MSLineCategoriesElement', 'categories', 'N', 1, 3); 
INSERT INTO CHART_PROPERTY_GROUP ( CPG_ID, CHR_ID, CPG_PIG_ID, CPG_PDG_KEY, CPG_TAG_NAME,
CPG_DELETE_FL, CPG_VERSION_ID, PTN_ID ) VALUES ( 
344, 95, 266, 'MSLineChartAxesElement', 'chart-axes', 'N', 1, 3); 
INSERT INTO CHART_PROPERTY_GROUP ( CPG_ID, CHR_ID, CPG_PIG_ID, CPG_PDG_KEY, CPG_TAG_NAME,
CPG_DELETE_FL, CPG_VERSION_ID, PTN_ID ) VALUES ( 
345, 95, 267, 'MSLineChartMiscElement', 'chart-misc', 'N', 1, 3); 
INSERT INTO CHART_PROPERTY_GROUP ( CPG_ID, CHR_ID, CPG_PIG_ID, CPG_PDG_KEY, CPG_TAG_NAME,
CPG_DELETE_FL, CPG_VERSION_ID, PTN_ID ) VALUES ( 
346, 95, 268, 'MSLineSetElement', 'set', 'N', 1, 3); 
INSERT INTO CHART_PROPERTY_GROUP ( CPG_ID, CHR_ID, CPG_PIG_ID, CPG_PDG_KEY, CPG_TAG_NAME,
CPG_DELETE_FL, CPG_VERSION_ID, PTN_ID ) VALUES ( 
347, 95, 269, 'MSLineTrendlineElement', 'max-line', 'N', 1, 3); 
INSERT INTO CHART_PROPERTY_GROUP ( CPG_ID, CHR_ID, CPG_PIG_ID, CPG_PDG_KEY, CPG_TAG_NAME,
CPG_DELETE_FL, CPG_VERSION_ID, PTN_ID ) VALUES ( 
348, 95, 270, 'MSLineTrendlineElement', 'min-line', 'N', 1, 3); 
INSERT INTO CHART_PROPERTY_GROUP ( CPG_ID, CHR_ID, CPG_PIG_ID, CPG_PDG_KEY, CPG_TAG_NAME,
CPG_DELETE_FL, CPG_VERSION_ID, PTN_ID ) VALUES ( 
365, 97, 288, 'Bar2DChartAxesElement', 'chart-axes', 'N', 1, 3); 
INSERT INTO CHART_PROPERTY_GROUP ( CPG_ID, CHR_ID, CPG_PIG_ID, CPG_PDG_KEY, CPG_TAG_NAME,
CPG_DELETE_FL, CPG_VERSION_ID, PTN_ID ) VALUES ( 
366, 97, 289, 'Bar2DChartMiscElement', 'chart-misc', 'N', 1, 3); 
INSERT INTO CHART_PROPERTY_GROUP ( CPG_ID, CHR_ID, CPG_PIG_ID, CPG_PDG_KEY, CPG_TAG_NAME,
CPG_DELETE_FL, CPG_VERSION_ID, PTN_ID ) VALUES ( 
367, 97, 290, 'Bar2DSetElement', 'set', 'N', 1, 3); 
INSERT INTO CHART_PROPERTY_GROUP ( CPG_ID, CHR_ID, CPG_PIG_ID, CPG_PDG_KEY, CPG_TAG_NAME,
CPG_DELETE_FL, CPG_VERSION_ID, PTN_ID ) VALUES ( 
368, 97, 291, 'Bar2DTrendlineElement', 'max-line', 'N', 1, 3); 
INSERT INTO CHART_PROPERTY_GROUP ( CPG_ID, CHR_ID, CPG_PIG_ID, CPG_PDG_KEY, CPG_TAG_NAME,
CPG_DELETE_FL, CPG_VERSION_ID, PTN_ID ) VALUES ( 
369, 97, 292, 'Bar2DTrendlineElement', 'min-line', 'N', 1, 3); 
commit;
 
INSERT INTO CHART_RANGE ( CCR_ID, CHR_ID, CCR_MAX_RANGE, CCR_MIN_RANGE, CCR_MIN_LABEL,
CCR_MAX_LABEL, CCR_COLOR, CCR_COLOR_FL, CCR_DELETE_FL, CCR_VERSION_ID,
PTN_ID ) VALUES ( 
61, 70, 1000, 0, 'Critical', NULL, 'FF0000', 'Y', 'N', 1, 4); 
INSERT INTO CHART_RANGE ( CCR_ID, CHR_ID, CCR_MAX_RANGE, CCR_MIN_RANGE, CCR_MIN_LABEL,
CCR_MAX_LABEL, CCR_COLOR, CCR_COLOR_FL, CCR_DELETE_FL, CCR_VERSION_ID,
PTN_ID ) VALUES ( 
62, 70, 3000, 1001, 'Major', NULL, '993366', 'Y', 'N', 1, 4); 
INSERT INTO CHART_RANGE ( CCR_ID, CHR_ID, CCR_MAX_RANGE, CCR_MIN_RANGE, CCR_MIN_LABEL,
CCR_MAX_LABEL, CCR_COLOR, CCR_COLOR_FL, CCR_DELETE_FL, CCR_VERSION_ID,
PTN_ID ) VALUES ( 
63, 70, 7000, 3001, 'Moderate', NULL, '0000FF', 'Y', 'N', 1, 4); 
INSERT INTO CHART_RANGE ( CCR_ID, CHR_ID, CCR_MAX_RANGE, CCR_MIN_RANGE, CCR_MIN_LABEL,
CCR_MAX_LABEL, CCR_COLOR, CCR_COLOR_FL, CCR_DELETE_FL, CCR_VERSION_ID,
PTN_ID ) VALUES ( 
64, 70, 10000, 7001, 'Super', NULL, '00FF00', 'Y', 'N', 1, 4); 
INSERT INTO CHART_RANGE ( CCR_ID, CHR_ID, CCR_MAX_RANGE, CCR_MIN_RANGE, CCR_MIN_LABEL,
CCR_MAX_LABEL, CCR_COLOR, CCR_COLOR_FL, CCR_DELETE_FL, CCR_VERSION_ID,
PTN_ID ) VALUES ( 
65, 71, 1000, 0, 'Normal', NULL, '00FF00', 'Y', 'N', 1, 4); 
INSERT INTO CHART_RANGE ( CCR_ID, CHR_ID, CCR_MAX_RANGE, CCR_MIN_RANGE, CCR_MIN_LABEL,
CCR_MAX_LABEL, CCR_COLOR, CCR_COLOR_FL, CCR_DELETE_FL, CCR_VERSION_ID,
PTN_ID ) VALUES ( 
66, 71, 5000, 1001, 'Moderate', NULL, '0000FF', 'Y', 'N', 1, 4); 
INSERT INTO CHART_RANGE ( CCR_ID, CHR_ID, CCR_MAX_RANGE, CCR_MIN_RANGE, CCR_MIN_LABEL,
CCR_MAX_LABEL, CCR_COLOR, CCR_COLOR_FL, CCR_DELETE_FL, CCR_VERSION_ID,
PTN_ID ) VALUES ( 
67, 71, 8000, 5001, 'Major', NULL, '993366', 'Y', 'N', 1, 4); 
INSERT INTO CHART_RANGE ( CCR_ID, CHR_ID, CCR_MAX_RANGE, CCR_MIN_RANGE, CCR_MIN_LABEL,
CCR_MAX_LABEL, CCR_COLOR, CCR_COLOR_FL, CCR_DELETE_FL, CCR_VERSION_ID,
PTN_ID ) VALUES ( 
68, 71, 10000, 8001, 'Critical', NULL, 'FF0000', 'Y', 'N', 1, 4); 
INSERT INTO CHART_RANGE ( CCR_ID, CHR_ID, CCR_MAX_RANGE, CCR_MIN_RANGE, CCR_MIN_LABEL,
CCR_MAX_LABEL, CCR_COLOR, CCR_COLOR_FL, CCR_DELETE_FL, CCR_VERSION_ID,
PTN_ID ) VALUES ( 
69, 72, 1000, 0, 'Normal', NULL, '00FF00', 'Y', 'N', 1, 4); 
INSERT INTO CHART_RANGE ( CCR_ID, CHR_ID, CCR_MAX_RANGE, CCR_MIN_RANGE, CCR_MIN_LABEL,
CCR_MAX_LABEL, CCR_COLOR, CCR_COLOR_FL, CCR_DELETE_FL, CCR_VERSION_ID,
PTN_ID ) VALUES ( 
70, 72, 2500, 1001, 'Modrate', NULL, '008080', 'Y', 'N', 1, 4); 
INSERT INTO CHART_RANGE ( CCR_ID, CHR_ID, CCR_MAX_RANGE, CCR_MIN_RANGE, CCR_MIN_LABEL,
CCR_MAX_LABEL, CCR_COLOR, CCR_COLOR_FL, CCR_DELETE_FL, CCR_VERSION_ID,
PTN_ID ) VALUES ( 
71, 72, 5000, 2501, 'Major', NULL, '993366', 'Y', 'N', 1, 4); 
INSERT INTO CHART_RANGE ( CCR_ID, CHR_ID, CCR_MAX_RANGE, CCR_MIN_RANGE, CCR_MIN_LABEL,
CCR_MAX_LABEL, CCR_COLOR, CCR_COLOR_FL, CCR_DELETE_FL, CCR_VERSION_ID,
PTN_ID ) VALUES ( 
72, 72, 10000, 5001, 'Critical', NULL, 'FF0000', 'Y', 'N', 1, 4); 
INSERT INTO CHART_RANGE ( CCR_ID, CHR_ID, CCR_MAX_RANGE, CCR_MIN_RANGE, CCR_MIN_LABEL,
CCR_MAX_LABEL, CCR_COLOR, CCR_COLOR_FL, CCR_DELETE_FL, CCR_VERSION_ID,
PTN_ID ) VALUES ( 
73, 73, 1000, 0, 'Normal', NULL, '00FF00', 'Y', 'N', 1, 2); 
INSERT INTO CHART_RANGE ( CCR_ID, CHR_ID, CCR_MAX_RANGE, CCR_MIN_RANGE, CCR_MIN_LABEL,
CCR_MAX_LABEL, CCR_COLOR, CCR_COLOR_FL, CCR_DELETE_FL, CCR_VERSION_ID,
PTN_ID ) VALUES ( 
74, 73, 2500, 1001, 'Moderate', NULL, '0000FF', 'Y', 'N', 1, 2); 
INSERT INTO CHART_RANGE ( CCR_ID, CHR_ID, CCR_MAX_RANGE, CCR_MIN_RANGE, CCR_MIN_LABEL,
CCR_MAX_LABEL, CCR_COLOR, CCR_COLOR_FL, CCR_DELETE_FL, CCR_VERSION_ID,
PTN_ID ) VALUES ( 
75, 73, 5000, 2501, 'Major', NULL, '993366', 'Y', 'N', 1, 2); 
INSERT INTO CHART_RANGE ( CCR_ID, CHR_ID, CCR_MAX_RANGE, CCR_MIN_RANGE, CCR_MIN_LABEL,
CCR_MAX_LABEL, CCR_COLOR, CCR_COLOR_FL, CCR_DELETE_FL, CCR_VERSION_ID,
PTN_ID ) VALUES ( 
76, 73, 10000, 5001, 'Critical', NULL, 'FF0000', 'Y', 'N', 1, 2); 
INSERT INTO CHART_RANGE ( CCR_ID, CHR_ID, CCR_MAX_RANGE, CCR_MIN_RANGE, CCR_MIN_LABEL,
CCR_MAX_LABEL, CCR_COLOR, CCR_COLOR_FL, CCR_DELETE_FL, CCR_VERSION_ID,
PTN_ID ) VALUES ( 
77, 74, 1000, 0, 'Critical', NULL, 'FF0000', 'Y', 'N', 1, 2); 
INSERT INTO CHART_RANGE ( CCR_ID, CHR_ID, CCR_MAX_RANGE, CCR_MIN_RANGE, CCR_MIN_LABEL,
CCR_MAX_LABEL, CCR_COLOR, CCR_COLOR_FL, CCR_DELETE_FL, CCR_VERSION_ID,
PTN_ID ) VALUES ( 
78, 74, 2500, 1001, 'Major', NULL, '993366', 'Y', 'N', 1, 2); 
INSERT INTO CHART_RANGE ( CCR_ID, CHR_ID, CCR_MAX_RANGE, CCR_MIN_RANGE, CCR_MIN_LABEL,
CCR_MAX_LABEL, CCR_COLOR, CCR_COLOR_FL, CCR_DELETE_FL, CCR_VERSION_ID,
PTN_ID ) VALUES ( 
79, 74, 5000, 2501, 'Moderate', NULL, '0000FF', 'Y', 'N', 1, 2); 
INSERT INTO CHART_RANGE ( CCR_ID, CHR_ID, CCR_MAX_RANGE, CCR_MIN_RANGE, CCR_MIN_LABEL,
CCR_MAX_LABEL, CCR_COLOR, CCR_COLOR_FL, CCR_DELETE_FL, CCR_VERSION_ID,
PTN_ID ) VALUES ( 
80, 74, 10000, 5001, 'Super', NULL, '00FF00', 'Y', 'N', 1, 2); 
commit;
 
INSERT INTO CHART_SERIES ( CHS_ID, CHR_ID, CHS_COLUMN, CHS_LABEL, CHS_AXIS_TYPE, CHS_DELETE_FL,
CHS_VERSION_ID, PTN_ID ) VALUES ( 
61, 93, 'MACHINE_NAME', 'Machine', 0, 'N', 1, 3); 
INSERT INTO CHART_SERIES ( CHS_ID, CHR_ID, CHS_COLUMN, CHS_LABEL, CHS_AXIS_TYPE, CHS_DELETE_FL,
CHS_VERSION_ID, PTN_ID ) VALUES ( 
62, 93, 'TOTAL', 'Total', 1, 'N', 1, 3); 
INSERT INTO CHART_SERIES ( CHS_ID, CHR_ID, CHS_COLUMN, CHS_LABEL, CHS_AXIS_TYPE, CHS_DELETE_FL,
CHS_VERSION_ID, PTN_ID ) VALUES ( 
63, 93, 'FREE', 'Free', 1, 'N', 1, 3); 
INSERT INTO CHART_SERIES ( CHS_ID, CHR_ID, CHS_COLUMN, CHS_LABEL, CHS_AXIS_TYPE, CHS_DELETE_FL,
CHS_VERSION_ID, PTN_ID ) VALUES ( 
52, 91, 'FILE_SYSTEM', 'File System', 0, 'N', 1, 3); 
INSERT INTO CHART_SERIES ( CHS_ID, CHR_ID, CHS_COLUMN, CHS_LABEL, CHS_AXIS_TYPE, CHS_DELETE_FL,
CHS_VERSION_ID, PTN_ID ) VALUES ( 
53, 91, 'TOTAL', 'Total', 1, 'N', 1, 3); 
INSERT INTO CHART_SERIES ( CHS_ID, CHR_ID, CHS_COLUMN, CHS_LABEL, CHS_AXIS_TYPE, CHS_DELETE_FL,
CHS_VERSION_ID, PTN_ID ) VALUES ( 
54, 91, 'USED', 'Used', 1, 'N', 1, 3); 
INSERT INTO CHART_SERIES ( CHS_ID, CHR_ID, CHS_COLUMN, CHS_LABEL, CHS_AXIS_TYPE, CHS_DELETE_FL,
CHS_VERSION_ID, PTN_ID ) VALUES ( 
55, 91, 'MACHINE_NAME', 'Machine', 3, 'N', 1, 3); 
INSERT INTO CHART_SERIES ( CHS_ID, CHR_ID, CHS_COLUMN, CHS_LABEL, CHS_AXIS_TYPE, CHS_DELETE_FL,
CHS_VERSION_ID, PTN_ID ) VALUES ( 
64, 94, 'TIME', 'Minutes', 0, 'N', 1, 3); 
INSERT INTO CHART_SERIES ( CHS_ID, CHR_ID, CHS_COLUMN, CHS_LABEL, CHS_AXIS_TYPE, CHS_DELETE_FL,
CHS_VERSION_ID, PTN_ID ) VALUES ( 
65, 94, 'TOTAL', 'Total', 1, 'N', 1, 3); 
INSERT INTO CHART_SERIES ( CHS_ID, CHR_ID, CHS_COLUMN, CHS_LABEL, CHS_AXIS_TYPE, CHS_DELETE_FL,
CHS_VERSION_ID, PTN_ID ) VALUES ( 
66, 94, 'FREE', 'Free', 1, 'N', 1, 3); 
INSERT INTO CHART_SERIES ( CHS_ID, CHR_ID, CHS_COLUMN, CHS_LABEL, CHS_AXIS_TYPE, CHS_DELETE_FL,
CHS_VERSION_ID, PTN_ID ) VALUES ( 
67, 94, 'MACHINE_NAME', 'Machine', 3, 'N', 1, 3); 
INSERT INTO CHART_SERIES ( CHS_ID, CHR_ID, CHS_COLUMN, CHS_LABEL, CHS_AXIS_TYPE, CHS_DELETE_FL,
CHS_VERSION_ID, PTN_ID ) VALUES ( 
74, 96, 'MACHINE_NAME', 'Machine', 0, 'N', 1, 3); 
INSERT INTO CHART_SERIES ( CHS_ID, CHR_ID, CHS_COLUMN, CHS_LABEL, CHS_AXIS_TYPE, CHS_DELETE_FL,
CHS_VERSION_ID, PTN_ID ) VALUES ( 
75, 96, 'AVG_USER', 'User', 1, 'N', 1, 3); 
INSERT INTO CHART_SERIES ( CHS_ID, CHR_ID, CHS_COLUMN, CHS_LABEL, CHS_AXIS_TYPE, CHS_DELETE_FL,
CHS_VERSION_ID, PTN_ID ) VALUES ( 
76, 96, 'AVG_SYSTEM', 'System', 1, 'N', 1, 3); 
INSERT INTO CHART_SERIES ( CHS_ID, CHR_ID, CHS_COLUMN, CHS_LABEL, CHS_AXIS_TYPE, CHS_DELETE_FL,
CHS_VERSION_ID, PTN_ID ) VALUES ( 
77, 96, 'AVG_IDLE', 'Idle', 1, 'N', 1, 3); 
INSERT INTO CHART_SERIES ( CHS_ID, CHR_ID, CHS_COLUMN, CHS_LABEL, CHS_AXIS_TYPE, CHS_DELETE_FL,
CHS_VERSION_ID, PTN_ID ) VALUES ( 
78, 96, 'AVG_IO_WAIT', 'IO Wait', 1, 'N', 1, 3); 
INSERT INTO CHART_SERIES ( CHS_ID, CHR_ID, CHS_COLUMN, CHS_LABEL, CHS_AXIS_TYPE, CHS_DELETE_FL,
CHS_VERSION_ID, PTN_ID ) VALUES ( 
79, 97, 'PROCESSED_ON', 'Processed on', 0, 'N', 3, 3); 
INSERT INTO CHART_SERIES ( CHS_ID, CHR_ID, CHS_COLUMN, CHS_LABEL, CHS_AXIS_TYPE, CHS_DELETE_FL,
CHS_VERSION_ID, PTN_ID ) VALUES ( 
80, 97, 'LOADED', 'Loaded Record Count', 1, 'N', 2, 3); 
INSERT INTO CHART_SERIES ( CHS_ID, CHR_ID, CHS_COLUMN, CHS_LABEL, CHS_AXIS_TYPE, CHS_DELETE_FL,
CHS_VERSION_ID, PTN_ID ) VALUES ( 
56, 92, 'TIME', 'Minutes', 0, 'N', 1, 3); 
INSERT INTO CHART_SERIES ( CHS_ID, CHR_ID, CHS_COLUMN, CHS_LABEL, CHS_AXIS_TYPE, CHS_DELETE_FL,
CHS_VERSION_ID, PTN_ID ) VALUES ( 
57, 92, 'TOTAL', 'Total', 1, 'N', 1, 3); 
INSERT INTO CHART_SERIES ( CHS_ID, CHR_ID, CHS_COLUMN, CHS_LABEL, CHS_AXIS_TYPE, CHS_DELETE_FL,
CHS_VERSION_ID, PTN_ID ) VALUES ( 
58, 92, 'USED', 'Used', 1, 'N', 1, 3); 
INSERT INTO CHART_SERIES ( CHS_ID, CHR_ID, CHS_COLUMN, CHS_LABEL, CHS_AXIS_TYPE, CHS_DELETE_FL,
CHS_VERSION_ID, PTN_ID ) VALUES ( 
59, 92, 'MACHINE_NAME', 'Machine', 3, 'N', 1, 3); 
INSERT INTO CHART_SERIES ( CHS_ID, CHR_ID, CHS_COLUMN, CHS_LABEL, CHS_AXIS_TYPE, CHS_DELETE_FL,
CHS_VERSION_ID, PTN_ID ) VALUES ( 
60, 92, 'FILE_SYSTEM', 'File System', 3, 'N', 1, 3); 
INSERT INTO CHART_SERIES ( CHS_ID, CHR_ID, CHS_COLUMN, CHS_LABEL, CHS_AXIS_TYPE, CHS_DELETE_FL,
CHS_VERSION_ID, PTN_ID ) VALUES ( 
81, 98, 'RECORD_NAME', 'Record Type', 1, 'N', 1, 3); 
INSERT INTO CHART_SERIES ( CHS_ID, CHR_ID, CHS_COLUMN, CHS_LABEL, CHS_AXIS_TYPE, CHS_DELETE_FL,
CHS_VERSION_ID, PTN_ID ) VALUES ( 
82, 98, 'RECENT_TIME', 'Processed Time', 1, 'N', 1, 3); 
INSERT INTO CHART_SERIES ( CHS_ID, CHR_ID, CHS_COLUMN, CHS_LABEL, CHS_AXIS_TYPE, CHS_DELETE_FL,
CHS_VERSION_ID, PTN_ID ) VALUES ( 
83, 98, 'STATUS', 'Status', 1, 'N', 1, 3); 
INSERT INTO CHART_SERIES ( CHS_ID, CHR_ID, CHS_COLUMN, CHS_LABEL, CHS_AXIS_TYPE, CHS_DELETE_FL,
CHS_VERSION_ID, PTN_ID ) VALUES ( 
84, 100, 'PROCESSED_HOUR', 'Processed Hour', 0, 'N', 2, 3); 
INSERT INTO CHART_SERIES ( CHS_ID, CHR_ID, CHS_COLUMN, CHS_LABEL, CHS_AXIS_TYPE, CHS_DELETE_FL,
CHS_VERSION_ID, PTN_ID ) VALUES ( 
85, 100, 'LOADED', 'Record Count Loaded', 1, 'N', 2, 3); 
INSERT INTO CHART_SERIES ( CHS_ID, CHR_ID, CHS_COLUMN, CHS_LABEL, CHS_AXIS_TYPE, CHS_DELETE_FL,
CHS_VERSION_ID, PTN_ID ) VALUES ( 
86, 100, 'PROCESSED_ON', 'Processed On', 3, 'N', 2, 3); 
INSERT INTO CHART_SERIES ( CHS_ID, CHR_ID, CHS_COLUMN, CHS_LABEL, CHS_AXIS_TYPE, CHS_DELETE_FL,
CHS_VERSION_ID, PTN_ID ) VALUES ( 
1, 67, 'WEEKDAY', 'Week', 0, 'N', 1, 4); 
INSERT INTO CHART_SERIES ( CHS_ID, CHR_ID, CHS_COLUMN, CHS_LABEL, CHS_AXIS_TYPE, CHS_DELETE_FL,
CHS_VERSION_ID, PTN_ID ) VALUES ( 
2, 67, 'CNT', 'Total Actived Subscribers', 1, 'N', 2, 4); 
INSERT INTO CHART_SERIES ( CHS_ID, CHR_ID, CHS_COLUMN, CHS_LABEL, CHS_AXIS_TYPE, CHS_DELETE_FL,
CHS_VERSION_ID, PTN_ID ) VALUES ( 
3, 68, 'WEEKDAY', 'Week', 0, 'N', 1, 4); 
INSERT INTO CHART_SERIES ( CHS_ID, CHR_ID, CHS_COLUMN, CHS_LABEL, CHS_AXIS_TYPE, CHS_DELETE_FL,
CHS_VERSION_ID, PTN_ID ) VALUES ( 
4, 68, 'CNT', 'Confirmed fraud cases', 1, 'N', 1, 4); 
INSERT INTO CHART_SERIES ( CHS_ID, CHR_ID, CHS_COLUMN, CHS_LABEL, CHS_AXIS_TYPE, CHS_DELETE_FL,
CHS_VERSION_ID, PTN_ID ) VALUES ( 
5, 69, 'WEEKDAY', 'Week', 0, 'N', 1, 4); 
INSERT INTO CHART_SERIES ( CHS_ID, CHR_ID, CHS_COLUMN, CHS_LABEL, CHS_AXIS_TYPE, CHS_DELETE_FL,
CHS_VERSION_ID, PTN_ID ) VALUES ( 
6, 69, 'AVG_LOSS', 'Average Loss', 1, 'N', 1, 4); 
INSERT INTO CHART_SERIES ( CHS_ID, CHR_ID, CHS_COLUMN, CHS_LABEL, CHS_AXIS_TYPE, CHS_DELETE_FL,
CHS_VERSION_ID, PTN_ID ) VALUES ( 
7, 69, 'TARGET', 'Target', 1, 'N', 1, 4); 
INSERT INTO CHART_SERIES ( CHS_ID, CHR_ID, CHS_COLUMN, CHS_LABEL, CHS_AXIS_TYPE, CHS_DELETE_FL,
CHS_VERSION_ID, PTN_ID ) VALUES ( 
8, 70, 'LOSS', 'Averted Loss', 0, 'N', 1, 4); 
INSERT INTO CHART_SERIES ( CHS_ID, CHR_ID, CHS_COLUMN, CHS_LABEL, CHS_AXIS_TYPE, CHS_DELETE_FL,
CHS_VERSION_ID, PTN_ID ) VALUES ( 
9, 71, 'TOTAL', 'Number of Subscribers', 0, 'N', 1, 4); 
INSERT INTO CHART_SERIES ( CHS_ID, CHR_ID, CHS_COLUMN, CHS_LABEL, CHS_AXIS_TYPE, CHS_DELETE_FL,
CHS_VERSION_ID, PTN_ID ) VALUES ( 
10, 72, 'SUM(VALUE)', 'Fraud Loss', 0, 'N', 1, 4); 
INSERT INTO CHART_SERIES ( CHS_ID, CHR_ID, CHS_COLUMN, CHS_LABEL, CHS_AXIS_TYPE, CHS_DELETE_FL,
CHS_VERSION_ID, PTN_ID ) VALUES ( 
11, 73, 'LOSS', 'Fraud Loss', 0, 'N', 1, 2); 
INSERT INTO CHART_SERIES ( CHS_ID, CHR_ID, CHS_COLUMN, CHS_LABEL, CHS_AXIS_TYPE, CHS_DELETE_FL,
CHS_VERSION_ID, PTN_ID ) VALUES ( 
12, 74, 'LOSS', 'Averted Fraud Loss', 0, 'N', 1, 2); 
INSERT INTO CHART_SERIES ( CHS_ID, CHR_ID, CHS_COLUMN, CHS_LABEL, CHS_AXIS_TYPE, CHS_DELETE_FL,
CHS_VERSION_ID, PTN_ID ) VALUES ( 
13, 75, 'WEEKDAY', 'Week', 0, 'N', 1, 2); 
INSERT INTO CHART_SERIES ( CHS_ID, CHR_ID, CHS_COLUMN, CHS_LABEL, CHS_AXIS_TYPE, CHS_DELETE_FL,
CHS_VERSION_ID, PTN_ID ) VALUES ( 
14, 75, 'Fraudulent', 'Fraud', 1, 'N', 1, 2); 
INSERT INTO CHART_SERIES ( CHS_ID, CHR_ID, CHS_COLUMN, CHS_LABEL, CHS_AXIS_TYPE, CHS_DELETE_FL,
CHS_VERSION_ID, PTN_ID ) VALUES ( 
15, 75, 'Non-Fraudulent', 'NonFraud', 1, 'N', 1, 2); 
INSERT INTO CHART_SERIES ( CHS_ID, CHR_ID, CHS_COLUMN, CHS_LABEL, CHS_AXIS_TYPE, CHS_DELETE_FL,
CHS_VERSION_ID, PTN_ID ) VALUES ( 
16, 76, 'WEEKDAY', 'Week', 0, 'N', 1, 2); 
INSERT INTO CHART_SERIES ( CHS_ID, CHR_ID, CHS_COLUMN, CHS_LABEL, CHS_AXIS_TYPE, CHS_DELETE_FL,
CHS_VERSION_ID, PTN_ID ) VALUES ( 
17, 76, 'LOSS', 'Loss', 1, 'N', 1, 2); 
INSERT INTO CHART_SERIES ( CHS_ID, CHR_ID, CHS_COLUMN, CHS_LABEL, CHS_AXIS_TYPE, CHS_DELETE_FL,
CHS_VERSION_ID, PTN_ID ) VALUES ( 
18, 77, 'WEEKDAY', 'Week', 0, 'N', 1, 2); 
INSERT INTO CHART_SERIES ( CHS_ID, CHR_ID, CHS_COLUMN, CHS_LABEL, CHS_AXIS_TYPE, CHS_DELETE_FL,
CHS_VERSION_ID, PTN_ID ) VALUES ( 
19, 77, 'LOSS', 'Loss', 1, 'N', 1, 2); 
INSERT INTO CHART_SERIES ( CHS_ID, CHR_ID, CHS_COLUMN, CHS_LABEL, CHS_AXIS_TYPE, CHS_DELETE_FL,
CHS_VERSION_ID, PTN_ID ) VALUES ( 
20, 78, 'WEEKDAY', 'Week', 0, 'N', 1, 2); 
INSERT INTO CHART_SERIES ( CHS_ID, CHR_ID, CHS_COLUMN, CHS_LABEL, CHS_AXIS_TYPE, CHS_DELETE_FL,
CHS_VERSION_ID, PTN_ID ) VALUES ( 
21, 78, 'TOTAL', 'Averted Loss', 1, 'N', 1, 2); 
INSERT INTO CHART_SERIES ( CHS_ID, CHR_ID, CHS_COLUMN, CHS_LABEL, CHS_AXIS_TYPE, CHS_DELETE_FL,
CHS_VERSION_ID, PTN_ID ) VALUES ( 
22, 79, 'WEEK', 'Week', 0, 'N', 1, 1); 
INSERT INTO CHART_SERIES ( CHS_ID, CHR_ID, CHS_COLUMN, CHS_LABEL, CHS_AXIS_TYPE, CHS_DELETE_FL,
CHS_VERSION_ID, PTN_ID ) VALUES ( 
23, 79, 'LOSS', 'Loss', 1, 'N', 1, 1); 
INSERT INTO CHART_SERIES ( CHS_ID, CHR_ID, CHS_COLUMN, CHS_LABEL, CHS_AXIS_TYPE, CHS_DELETE_FL,
CHS_VERSION_ID, PTN_ID ) VALUES ( 
24, 79, 'NAME', 'Fraud Type', 3, 'N', 1, 1); 
INSERT INTO CHART_SERIES ( CHS_ID, CHR_ID, CHS_COLUMN, CHS_LABEL, CHS_AXIS_TYPE, CHS_DELETE_FL,
CHS_VERSION_ID, PTN_ID ) VALUES ( 
25, 80, 'ACCOUNT_NAME', 'Delear', 0, 'N', 1, 2); 
INSERT INTO CHART_SERIES ( CHS_ID, CHR_ID, CHS_COLUMN, CHS_LABEL, CHS_AXIS_TYPE, CHS_DELETE_FL,
CHS_VERSION_ID, PTN_ID ) VALUES ( 
26, 80, 'RATIO', 'Fraud case/ New adds', 1, 'N', 1, 2); 
INSERT INTO CHART_SERIES ( CHS_ID, CHR_ID, CHS_COLUMN, CHS_LABEL, CHS_AXIS_TYPE, CHS_DELETE_FL,
CHS_VERSION_ID, PTN_ID ) VALUES ( 
27, 81, 'STATUS', 'Case Status', 0, 'N', 1, 2); 
INSERT INTO CHART_SERIES ( CHS_ID, CHR_ID, CHS_COLUMN, CHS_LABEL, CHS_AXIS_TYPE, CHS_DELETE_FL,
CHS_VERSION_ID, PTN_ID ) VALUES ( 
28, 81, 'ALARM_COUNT', 'Number', 1, 'N', 1, 2); 
INSERT INTO CHART_SERIES ( CHS_ID, CHR_ID, CHS_COLUMN, CHS_LABEL, CHS_AXIS_TYPE, CHS_DELETE_FL,
CHS_VERSION_ID, PTN_ID ) VALUES ( 
29, 81, 'ANALYST', 'Analyst', 3, 'N', 1, 2); 
INSERT INTO CHART_SERIES ( CHS_ID, CHR_ID, CHS_COLUMN, CHS_LABEL, CHS_AXIS_TYPE, CHS_DELETE_FL,
CHS_VERSION_ID, PTN_ID ) VALUES ( 
30, 82, 'ANALYST', 'Analyst', 0, 'N', 1, 2); 
INSERT INTO CHART_SERIES ( CHS_ID, CHR_ID, CHS_COLUMN, CHS_LABEL, CHS_AXIS_TYPE, CHS_DELETE_FL,
CHS_VERSION_ID, PTN_ID ) VALUES ( 
31, 82, 'CNT', 'Cases', 1, 'N', 1, 2); 
INSERT INTO CHART_SERIES ( CHS_ID, CHR_ID, CHS_COLUMN, CHS_LABEL, CHS_AXIS_TYPE, CHS_DELETE_FL,
CHS_VERSION_ID, PTN_ID ) VALUES ( 
32, 83, 'WEEKDAY', 'Week', 0, 'N', 1, 2); 
INSERT INTO CHART_SERIES ( CHS_ID, CHR_ID, CHS_COLUMN, CHS_LABEL, CHS_AXIS_TYPE, CHS_DELETE_FL,
CHS_VERSION_ID, PTN_ID ) VALUES ( 
33, 83, 'AVERAGE', 'Average', 1, 'N', 1, 2); 
INSERT INTO CHART_SERIES ( CHS_ID, CHR_ID, CHS_COLUMN, CHS_LABEL, CHS_AXIS_TYPE, CHS_DELETE_FL,
CHS_VERSION_ID, PTN_ID ) VALUES ( 
34, 83, 'ANALYST', 'Analyst', 3, 'N', 1, 2); 
INSERT INTO CHART_SERIES ( CHS_ID, CHR_ID, CHS_COLUMN, CHS_LABEL, CHS_AXIS_TYPE, CHS_DELETE_FL,
CHS_VERSION_ID, PTN_ID ) VALUES ( 
35, 84, 'WEEKDAY', 'Week', 0, 'N', 1, 2); 
INSERT INTO CHART_SERIES ( CHS_ID, CHR_ID, CHS_COLUMN, CHS_LABEL, CHS_AXIS_TYPE, CHS_DELETE_FL,
CHS_VERSION_ID, PTN_ID ) VALUES ( 
36, 84, 'AVERAGE', 'Average', 1, 'N', 1, 2); 
INSERT INTO CHART_SERIES ( CHS_ID, CHR_ID, CHS_COLUMN, CHS_LABEL, CHS_AXIS_TYPE, CHS_DELETE_FL,
CHS_VERSION_ID, PTN_ID ) VALUES ( 
37, 84, 'MAXIMUM', 'Maximum', 1, 'N', 1, 2); 
INSERT INTO CHART_SERIES ( CHS_ID, CHR_ID, CHS_COLUMN, CHS_LABEL, CHS_AXIS_TYPE, CHS_DELETE_FL,
CHS_VERSION_ID, PTN_ID ) VALUES ( 
38, 84, 'ANALYST', 'Analyst', 3, 'N', 1, 2); 
INSERT INTO CHART_SERIES ( CHS_ID, CHR_ID, CHS_COLUMN, CHS_LABEL, CHS_AXIS_TYPE, CHS_DELETE_FL,
CHS_VERSION_ID, PTN_ID ) VALUES ( 
39, 85, 'NAME', 'Fraud Case', 0, 'N', 1, 2); 
INSERT INTO CHART_SERIES ( CHS_ID, CHR_ID, CHS_COLUMN, CHS_LABEL, CHS_AXIS_TYPE, CHS_DELETE_FL,
CHS_VERSION_ID, PTN_ID ) VALUES ( 
40, 85, 'CNT', 'Count', 1, 'N', 1, 2); 
INSERT INTO CHART_SERIES ( CHS_ID, CHR_ID, CHS_COLUMN, CHS_LABEL, CHS_AXIS_TYPE, CHS_DELETE_FL,
CHS_VERSION_ID, PTN_ID ) VALUES ( 
41, 86, 'NAME', 'Fraud Case', 0, 'N', 1, 2); 
INSERT INTO CHART_SERIES ( CHS_ID, CHR_ID, CHS_COLUMN, CHS_LABEL, CHS_AXIS_TYPE, CHS_DELETE_FL,
CHS_VERSION_ID, PTN_ID ) VALUES ( 
42, 86, 'LOSS', 'Actual Loss', 1, 'N', 1, 2); 
INSERT INTO CHART_SERIES ( CHS_ID, CHR_ID, CHS_COLUMN, CHS_LABEL, CHS_AXIS_TYPE, CHS_DELETE_FL,
CHS_VERSION_ID, PTN_ID ) VALUES ( 
43, 87, 'RULE', 'Rule', 0, 'N', 1, 2); 
INSERT INTO CHART_SERIES ( CHS_ID, CHR_ID, CHS_COLUMN, CHS_LABEL, CHS_AXIS_TYPE, CHS_DELETE_FL,
CHS_VERSION_ID, PTN_ID ) VALUES ( 
44, 87, 'FR', 'Fraud', 1, 'N', 1, 2); 
INSERT INTO CHART_SERIES ( CHS_ID, CHR_ID, CHS_COLUMN, CHS_LABEL, CHS_AXIS_TYPE, CHS_DELETE_FL,
CHS_VERSION_ID, PTN_ID ) VALUES ( 
45, 87, 'NFR', 'Non Fraud', 1, 'N', 1, 2); 
INSERT INTO CHART_SERIES ( CHS_ID, CHR_ID, CHS_COLUMN, CHS_LABEL, CHS_AXIS_TYPE, CHS_DELETE_FL,
CHS_VERSION_ID, PTN_ID ) VALUES ( 
46, 88, 'HOUR', 'Hour', 0, 'N', 1, 2); 
INSERT INTO CHART_SERIES ( CHS_ID, CHR_ID, CHS_COLUMN, CHS_LABEL, CHS_AXIS_TYPE, CHS_DELETE_FL,
CHS_VERSION_ID, PTN_ID ) VALUES ( 
47, 88, 'NUMBER_OF_ALERTS', 'Number of Alerts', 1, 'N', 1, 2); 
INSERT INTO CHART_SERIES ( CHS_ID, CHR_ID, CHS_COLUMN, CHS_LABEL, CHS_AXIS_TYPE, CHS_DELETE_FL,
CHS_VERSION_ID, PTN_ID ) VALUES ( 
48, 88, 'RULE_NAME', 'Rule Name', 3, 'N', 1, 2); 
INSERT INTO CHART_SERIES ( CHS_ID, CHR_ID, CHS_COLUMN, CHS_LABEL, CHS_AXIS_TYPE, CHS_DELETE_FL,
CHS_VERSION_ID, PTN_ID ) VALUES ( 
49, 89, 'MACHINE_NAME', 'Machine', 0, 'N', 1, 3); 
INSERT INTO CHART_SERIES ( CHS_ID, CHR_ID, CHS_COLUMN, CHS_LABEL, CHS_AXIS_TYPE, CHS_DELETE_FL,
CHS_VERSION_ID, PTN_ID ) VALUES ( 
50, 89, 'TOTAL', 'Total', 1, 'N', 1, 3); 
INSERT INTO CHART_SERIES ( CHS_ID, CHR_ID, CHS_COLUMN, CHS_LABEL, CHS_AXIS_TYPE, CHS_DELETE_FL,
CHS_VERSION_ID, PTN_ID ) VALUES ( 
51, 89, 'USED', 'Used', 1, 'N', 1, 3); 
INSERT INTO CHART_SERIES ( CHS_ID, CHR_ID, CHS_COLUMN, CHS_LABEL, CHS_AXIS_TYPE, CHS_DELETE_FL,
CHS_VERSION_ID, PTN_ID ) VALUES ( 
68, 95, 'TIME', 'Minutes', 0, 'N', 1, 3); 
INSERT INTO CHART_SERIES ( CHS_ID, CHR_ID, CHS_COLUMN, CHS_LABEL, CHS_AXIS_TYPE, CHS_DELETE_FL,
CHS_VERSION_ID, PTN_ID ) VALUES ( 
69, 95, 'USR', 'User', 1, 'N', 1, 3); 
INSERT INTO CHART_SERIES ( CHS_ID, CHR_ID, CHS_COLUMN, CHS_LABEL, CHS_AXIS_TYPE, CHS_DELETE_FL,
CHS_VERSION_ID, PTN_ID ) VALUES ( 
70, 95, 'SYS', 'System', 1, 'N', 1, 3); 
INSERT INTO CHART_SERIES ( CHS_ID, CHR_ID, CHS_COLUMN, CHS_LABEL, CHS_AXIS_TYPE, CHS_DELETE_FL,
CHS_VERSION_ID, PTN_ID ) VALUES ( 
71, 95, 'IDLE', 'Idle', 1, 'N', 1, 3); 
INSERT INTO CHART_SERIES ( CHS_ID, CHR_ID, CHS_COLUMN, CHS_LABEL, CHS_AXIS_TYPE, CHS_DELETE_FL,
CHS_VERSION_ID, PTN_ID ) VALUES ( 
72, 95, 'WIO', 'IO Wait', 1, 'N', 1, 3); 
INSERT INTO CHART_SERIES ( CHS_ID, CHR_ID, CHS_COLUMN, CHS_LABEL, CHS_AXIS_TYPE, CHS_DELETE_FL,
CHS_VERSION_ID, PTN_ID ) VALUES ( 
73, 95, 'MACHINE_NAME', 'Machine', 3, 'N', 1, 3); 
commit;
 
INSERT INTO CHART_SERIES_TYPE ( TYP_ID, TYP_NAME, TYP_DELETE_FL, TYP_VERSION_ID,
PTN_ID ) VALUES ( 
1, 'Single Series Type', 'N', 2, 1); 
INSERT INTO CHART_SERIES_TYPE ( TYP_ID, TYP_NAME, TYP_DELETE_FL, TYP_VERSION_ID,
PTN_ID ) VALUES ( 
2, 'Multi Series Type', 'N', 2, 1); 
INSERT INTO CHART_SERIES_TYPE ( TYP_ID, TYP_NAME, TYP_DELETE_FL, TYP_VERSION_ID,
PTN_ID ) VALUES ( 
3, 'Dual Y-Axis Type', 'N', 1, 1); 
INSERT INTO CHART_SERIES_TYPE ( TYP_ID, TYP_NAME, TYP_DELETE_FL, TYP_VERSION_ID,
PTN_ID ) VALUES ( 
4, 'Presentation Type', 'N', 2, 1); 
INSERT INTO CHART_SERIES_TYPE ( TYP_ID, TYP_NAME, TYP_DELETE_FL, TYP_VERSION_ID,
PTN_ID ) VALUES ( 
5, 'Tabular Type', 'N', 1, 1); 
INSERT INTO CHART_SERIES_TYPE ( TYP_ID, TYP_NAME, TYP_DELETE_FL, TYP_VERSION_ID,
PTN_ID ) VALUES ( 
6, 'Custom Type', 'N', 1, 1); 
commit;
 
INSERT INTO CHART_SUB_TYPE ( CSB_ID, TYP_ID, CSB_NAME, CHT_ID, CMP_ID, CSB_SWF,
CSB_DEFAULT_DATA_X_M_L, CSB_DESCRIPTION, CSB_DELETE_FL, CSB_VERSION_ID,
PTN_ID ) VALUES ( 
1, 1, 'Column 2D (Single Series)', 1, 189, '/charts/Column2D.swf', '/charts/defaultDataXMLs/Column2D.xml'
, NULL, 'N', 3, 1); 
INSERT INTO CHART_SUB_TYPE ( CSB_ID, TYP_ID, CSB_NAME, CHT_ID, CMP_ID, CSB_SWF,
CSB_DEFAULT_DATA_X_M_L, CSB_DESCRIPTION, CSB_DELETE_FL, CSB_VERSION_ID,
PTN_ID ) VALUES ( 
2, 1, 'Column 3D (Single Series)', 1, 190, '/charts/Column3D.swf', '/charts/defaultDataXMLs/Column3D.xml'
, NULL, 'N', 2, 1); 
INSERT INTO CHART_SUB_TYPE ( CSB_ID, TYP_ID, CSB_NAME, CHT_ID, CMP_ID, CSB_SWF,
CSB_DEFAULT_DATA_X_M_L, CSB_DESCRIPTION, CSB_DELETE_FL, CSB_VERSION_ID,
PTN_ID ) VALUES ( 
3, 2, 'Column 2D (Multi Series)', 1, 196, '/charts/MSColumn2D.swf', '/charts/defaultDataXMLs/MSColumn2D.xml'
, NULL, 'N', 3, 1); 
INSERT INTO CHART_SUB_TYPE ( CSB_ID, TYP_ID, CSB_NAME, CHT_ID, CMP_ID, CSB_SWF,
CSB_DEFAULT_DATA_X_M_L, CSB_DESCRIPTION, CSB_DELETE_FL, CSB_VERSION_ID,
PTN_ID ) VALUES ( 
4, 2, 'Column 3D (Multi Series)', 1, 197, '/charts/MSColumn3D.swf', '/charts/defaultDataXMLs/MSColumn3D.xml'
, NULL, 'N', 2, 1); 
INSERT INTO CHART_SUB_TYPE ( CSB_ID, TYP_ID, CSB_NAME, CHT_ID, CMP_ID, CSB_SWF,
CSB_DEFAULT_DATA_X_M_L, CSB_DESCRIPTION, CSB_DELETE_FL, CSB_VERSION_ID,
PTN_ID ) VALUES ( 
5, 2, 'Stacked Column 2D (Multi Series)', 1, 215, '/charts/StackedColumn2D.swf', '/charts/defaultDataXMLs/StCol2D.xml'
, NULL, 'N', 2, 1); 
INSERT INTO CHART_SUB_TYPE ( CSB_ID, TYP_ID, CSB_NAME, CHT_ID, CMP_ID, CSB_SWF,
CSB_DEFAULT_DATA_X_M_L, CSB_DESCRIPTION, CSB_DELETE_FL, CSB_VERSION_ID,
PTN_ID ) VALUES ( 
6, 2, 'Stacked Column 3D (Multi Series)', 1, 216, '/charts/StackedColumn3D.swf', '/charts/defaultDataXMLs/StCol3D.xml'
, NULL, 'N', 2, 1); 
INSERT INTO CHART_SUB_TYPE ( CSB_ID, TYP_ID, CSB_NAME, CHT_ID, CMP_ID, CSB_SWF,
CSB_DEFAULT_DATA_X_M_L, CSB_DESCRIPTION, CSB_DELETE_FL, CSB_VERSION_ID,
PTN_ID ) VALUES ( 
7, 2, 'Scroll Column 2D (Multi Series)', 1, 210, '/charts/ScrollColumn2D.swf', '/charts/defaultDataXMLs/ScrollColData.xml'
, NULL, 'N', 2, 1); 
INSERT INTO CHART_SUB_TYPE ( CSB_ID, TYP_ID, CSB_NAME, CHT_ID, CMP_ID, CSB_SWF,
CSB_DEFAULT_DATA_X_M_L, CSB_DESCRIPTION, CSB_DELETE_FL, CSB_VERSION_ID,
PTN_ID ) VALUES ( 
8, 1, 'Bar 2D (Single Series)', 2, 187, '/charts/Bar2D.swf', '/charts/defaultDataXMLs/Bar2D.xml'
, NULL, 'N', 3, 1); 
INSERT INTO CHART_SUB_TYPE ( CSB_ID, TYP_ID, CSB_NAME, CHT_ID, CMP_ID, CSB_SWF,
CSB_DEFAULT_DATA_X_M_L, CSB_DESCRIPTION, CSB_DELETE_FL, CSB_VERSION_ID,
PTN_ID ) VALUES ( 
9, 2, 'Bar 2D (Multi Series)', 2, 195, '/charts/MSBar2D.swf', '/charts/defaultDataXMLs/MSBar2D.xml'
, NULL, 'N', 2, 1); 
INSERT INTO CHART_SUB_TYPE ( CSB_ID, TYP_ID, CSB_NAME, CHT_ID, CMP_ID, CSB_SWF,
CSB_DEFAULT_DATA_X_M_L, CSB_DESCRIPTION, CSB_DELETE_FL, CSB_VERSION_ID,
PTN_ID ) VALUES ( 
10, 2, 'Stacked Bar 2D (Multi Series)', 2, 214, '/charts/StackedBar2D.swf', '/charts/defaultDataXMLs/StBar2D.xml'
, NULL, 'N', 2, 1); 
INSERT INTO CHART_SUB_TYPE ( CSB_ID, TYP_ID, CSB_NAME, CHT_ID, CMP_ID, CSB_SWF,
CSB_DEFAULT_DATA_X_M_L, CSB_DESCRIPTION, CSB_DELETE_FL, CSB_VERSION_ID,
PTN_ID ) VALUES ( 
11, 1, 'Area 2D (Single Series)', 3, 186, '/charts/Area2D.swf', '/charts/defaultDataXMLs/Area2D.xml'
, NULL, 'N', 2, 1); 
INSERT INTO CHART_SUB_TYPE ( CSB_ID, TYP_ID, CSB_NAME, CHT_ID, CMP_ID, CSB_SWF,
CSB_DEFAULT_DATA_X_M_L, CSB_DESCRIPTION, CSB_DELETE_FL, CSB_VERSION_ID,
PTN_ID ) VALUES ( 
12, 2, 'Area 2D (Multi Series)', 3, 194, '/charts/MSArea.swf', '/charts/defaultDataXMLs/MSArea2D.xml'
, NULL, 'N', 2, 1); 
INSERT INTO CHART_SUB_TYPE ( CSB_ID, TYP_ID, CSB_NAME, CHT_ID, CMP_ID, CSB_SWF,
CSB_DEFAULT_DATA_X_M_L, CSB_DESCRIPTION, CSB_DELETE_FL, CSB_VERSION_ID,
PTN_ID ) VALUES ( 
13, 2, 'Stacked Area 2D (Multi Series)', 3, 213, '/charts/StackedArea2D.swf', '/charts/defaultDataXMLs/StArea2D.xml'
, NULL, 'N', 2, 1); 
INSERT INTO CHART_SUB_TYPE ( CSB_ID, TYP_ID, CSB_NAME, CHT_ID, CMP_ID, CSB_SWF,
CSB_DEFAULT_DATA_X_M_L, CSB_DESCRIPTION, CSB_DELETE_FL, CSB_VERSION_ID,
PTN_ID ) VALUES ( 
14, 2, 'Scroll Area 2D (Multi Series)', 3, 209, '/charts/ScrollArea2D.swf', '/charts/defaultDataXMLs/ScrollAreaData.xml'
, NULL, 'N', 2, 1); 
INSERT INTO CHART_SUB_TYPE ( CSB_ID, TYP_ID, CSB_NAME, CHT_ID, CMP_ID, CSB_SWF,
CSB_DEFAULT_DATA_X_M_L, CSB_DESCRIPTION, CSB_DELETE_FL, CSB_VERSION_ID,
PTN_ID ) VALUES ( 
15, 1, 'Pie 2D (Single Series)', 4, 205, '/charts/Pie2D.swf', '/charts/defaultDataXMLs/Pie2D.xml'
, NULL, 'N', 3, 1); 
INSERT INTO CHART_SUB_TYPE ( CSB_ID, TYP_ID, CSB_NAME, CHT_ID, CMP_ID, CSB_SWF,
CSB_DEFAULT_DATA_X_M_L, CSB_DESCRIPTION, CSB_DELETE_FL, CSB_VERSION_ID,
PTN_ID ) VALUES ( 
16, 1, 'Pie 3D (Single Series)', 4, 206, '/charts/Pie3D.swf', '/charts/defaultDataXMLs/Pie3D.xml'
, NULL, 'N', 2, 1); 
INSERT INTO CHART_SUB_TYPE ( CSB_ID, TYP_ID, CSB_NAME, CHT_ID, CMP_ID, CSB_SWF,
CSB_DEFAULT_DATA_X_M_L, CSB_DESCRIPTION, CSB_DELETE_FL, CSB_VERSION_ID,
PTN_ID ) VALUES ( 
17, 1, 'Doughnut 2D (Single Series)', 4, 191, '/charts/Doughnut2D.swf', '/charts/defaultDataXMLs/Doughnut2D.xml'
, NULL, 'N', 2, 1); 
INSERT INTO CHART_SUB_TYPE ( CSB_ID, TYP_ID, CSB_NAME, CHT_ID, CMP_ID, CSB_SWF,
CSB_DEFAULT_DATA_X_M_L, CSB_DESCRIPTION, CSB_DELETE_FL, CSB_VERSION_ID,
PTN_ID ) VALUES ( 
18, 1, 'Doughnut 3D (Single Series)', 4, 192, '/charts/Doughnut3D.swf', '/charts/defaultDataXMLs/Doughnut3D.xml'
, NULL, 'N', 2, 1); 
INSERT INTO CHART_SUB_TYPE ( CSB_ID, TYP_ID, CSB_NAME, CHT_ID, CMP_ID, CSB_SWF,
CSB_DEFAULT_DATA_X_M_L, CSB_DESCRIPTION, CSB_DELETE_FL, CSB_VERSION_ID,
PTN_ID ) VALUES ( 
19, 1, 'Line 2D (Single Series)', 5, 193, '/charts/Line.swf', '/charts/defaultDataXMLs/Line2D.xml'
, NULL, 'N', 3, 1); 
INSERT INTO CHART_SUB_TYPE ( CSB_ID, TYP_ID, CSB_NAME, CHT_ID, CMP_ID, CSB_SWF,
CSB_DEFAULT_DATA_X_M_L, CSB_DESCRIPTION, CSB_DELETE_FL, CSB_VERSION_ID,
PTN_ID ) VALUES ( 
20, 2, 'Line 2D (Multi Series)', 5, 202, '/charts/MSLine.swf', '/charts/defaultDataXMLs/MSLine.xml'
, NULL, 'N', 3, 1); 
INSERT INTO CHART_SUB_TYPE ( CSB_ID, TYP_ID, CSB_NAME, CHT_ID, CMP_ID, CSB_SWF,
CSB_DEFAULT_DATA_X_M_L, CSB_DESCRIPTION, CSB_DELETE_FL, CSB_VERSION_ID,
PTN_ID ) VALUES ( 
21, 2, 'Scroll Line 2D (Multi Series)', 5, 211, '/charts/ScrollLine2D.swf', '/charts/defaultDataXMLs/ScrollLineData.xml'
, NULL, 'N', 2, 1); 
INSERT INTO CHART_SUB_TYPE ( CSB_ID, TYP_ID, CSB_NAME, CHT_ID, CMP_ID, CSB_SWF,
CSB_DEFAULT_DATA_X_M_L, CSB_DESCRIPTION, CSB_DELETE_FL, CSB_VERSION_ID,
PTN_ID ) VALUES ( 
22, 4, 'Angular Gauge', 7, 218, '/charts/AngularGuage.swf', '/charts/defaultDataXMLs/AGauge12.xml'
, NULL, 'N', 3, 1); 
INSERT INTO CHART_SUB_TYPE ( CSB_ID, TYP_ID, CSB_NAME, CHT_ID, CMP_ID, CSB_SWF,
CSB_DEFAULT_DATA_X_M_L, CSB_DESCRIPTION, CSB_DELETE_FL, CSB_VERSION_ID,
PTN_ID ) VALUES ( 
23, 4, 'Bulb Gauge', 7, 218, '/charts/Bulb.swf', '/charts/defaultDataXMLs/Bulb.xml'
, NULL, 'N', 2, 1); 
INSERT INTO CHART_SUB_TYPE ( CSB_ID, TYP_ID, CSB_NAME, CHT_ID, CMP_ID, CSB_SWF,
CSB_DEFAULT_DATA_X_M_L, CSB_DESCRIPTION, CSB_DELETE_FL, CSB_VERSION_ID,
PTN_ID ) VALUES ( 
24, 5, 'Table', 8, 219, '/charts/tabular.swf', '/charts/defaultDataXMLs/tabular.xml'
, NULL, 'N', 2, 1); 
INSERT INTO CHART_SUB_TYPE ( CSB_ID, TYP_ID, CSB_NAME, CHT_ID, CMP_ID, CSB_SWF,
CSB_DEFAULT_DATA_X_M_L, CSB_DESCRIPTION, CSB_DELETE_FL, CSB_VERSION_ID,
PTN_ID ) VALUES ( 
25, 3, 'Column 3D Line (Multi Series)', 6, 198, '/charts/MSColumn3DLineDY.swf', '/charts/defaultDataXMLs/Col3DLineDY.xml'
, NULL, 'N', 2, 1); 
INSERT INTO CHART_SUB_TYPE ( CSB_ID, TYP_ID, CSB_NAME, CHT_ID, CMP_ID, CSB_SWF,
CSB_DEFAULT_DATA_X_M_L, CSB_DESCRIPTION, CSB_DELETE_FL, CSB_VERSION_ID,
PTN_ID ) VALUES ( 
26, 3, 'Stacked Column 3D Line (Multi Series)', 6, 204, '/charts/StackedColumn3DLineDY.swf'
, '/charts/defaultDataXMLs/StCol3DLineDY.xml', NULL, 'N', 2, 1); 
commit;
 
INSERT INTO CHART_SUB_TYPE_PROP ( CSP_ID, CSB_ID, CSP_DISPLAY_NAME, CSP_PDG_KEY, CSP_TAG_NAME,
CSP_DELETE_FL, CSP_VERSION_ID, PTN_ID ) VALUES ( 
1, 11, 'Axes', 'Area2DChartAxesElement', 'chart-axes', 'N', 1, 1); 
INSERT INTO CHART_SUB_TYPE_PROP ( CSP_ID, CSB_ID, CSP_DISPLAY_NAME, CSP_PDG_KEY, CSP_TAG_NAME,
CSP_DELETE_FL, CSP_VERSION_ID, PTN_ID ) VALUES ( 
2, 11, 'Effects', 'Area2DChartMiscElement', 'chart-misc', 'N', 1, 1); 
INSERT INTO CHART_SUB_TYPE_PROP ( CSP_ID, CSB_ID, CSP_DISPLAY_NAME, CSP_PDG_KEY, CSP_TAG_NAME,
CSP_DELETE_FL, CSP_VERSION_ID, PTN_ID ) VALUES ( 
3, 11, 'Data Series', 'Area2DSetElement', 'set', 'N', 1, 1); 
INSERT INTO CHART_SUB_TYPE_PROP ( CSP_ID, CSB_ID, CSP_DISPLAY_NAME, CSP_PDG_KEY, CSP_TAG_NAME,
CSP_DELETE_FL, CSP_VERSION_ID, PTN_ID ) VALUES ( 
4, 11, 'Threshold 1', 'Area2DTrendlineElement', 'min-line', 'N', 1, 1); 
INSERT INTO CHART_SUB_TYPE_PROP ( CSP_ID, CSB_ID, CSP_DISPLAY_NAME, CSP_PDG_KEY, CSP_TAG_NAME,
CSP_DELETE_FL, CSP_VERSION_ID, PTN_ID ) VALUES ( 
5, 11, 'Threshold 2', 'Area2DTrendlineElement', 'max-line', 'N', 1, 1); 
INSERT INTO CHART_SUB_TYPE_PROP ( CSP_ID, CSB_ID, CSP_DISPLAY_NAME, CSP_PDG_KEY, CSP_TAG_NAME,
CSP_DELETE_FL, CSP_VERSION_ID, PTN_ID ) VALUES ( 
6, 12, 'Axes', 'MSAreaChartAxesElement', 'chart-axes', 'N', 1, 1); 
INSERT INTO CHART_SUB_TYPE_PROP ( CSP_ID, CSB_ID, CSP_DISPLAY_NAME, CSP_PDG_KEY, CSP_TAG_NAME,
CSP_DELETE_FL, CSP_VERSION_ID, PTN_ID ) VALUES ( 
7, 12, 'Effects', 'MSAreaChartMiscElement', 'chart-misc', 'N', 1, 1); 
INSERT INTO CHART_SUB_TYPE_PROP ( CSP_ID, CSB_ID, CSP_DISPLAY_NAME, CSP_PDG_KEY, CSP_TAG_NAME,
CSP_DELETE_FL, CSP_VERSION_ID, PTN_ID ) VALUES ( 
8, 12, 'Data Series', 'MSAreaSetElement', 'set', 'N', 1, 1); 
INSERT INTO CHART_SUB_TYPE_PROP ( CSP_ID, CSB_ID, CSP_DISPLAY_NAME, CSP_PDG_KEY, CSP_TAG_NAME,
CSP_DELETE_FL, CSP_VERSION_ID, PTN_ID ) VALUES ( 
9, 12, 'Categories', 'MSAreaCategoriesElement', 'categories', 'N', 1, 1); 
INSERT INTO CHART_SUB_TYPE_PROP ( CSP_ID, CSB_ID, CSP_DISPLAY_NAME, CSP_PDG_KEY, CSP_TAG_NAME,
CSP_DELETE_FL, CSP_VERSION_ID, PTN_ID ) VALUES ( 
10, 12, 'Threshold 1', 'MSAreaTrendlineElement', 'min-line', 'N', 1, 1); 
INSERT INTO CHART_SUB_TYPE_PROP ( CSP_ID, CSB_ID, CSP_DISPLAY_NAME, CSP_PDG_KEY, CSP_TAG_NAME,
CSP_DELETE_FL, CSP_VERSION_ID, PTN_ID ) VALUES ( 
11, 12, 'Threshold 2', 'MSAreaTrendlineElement', 'max-line', 'N', 1, 1); 
INSERT INTO CHART_SUB_TYPE_PROP ( CSP_ID, CSB_ID, CSP_DISPLAY_NAME, CSP_PDG_KEY, CSP_TAG_NAME,
CSP_DELETE_FL, CSP_VERSION_ID, PTN_ID ) VALUES ( 
12, 8, 'Axes', 'Bar2DChartAxesElement', 'chart-axes', 'N', 1, 1); 
INSERT INTO CHART_SUB_TYPE_PROP ( CSP_ID, CSB_ID, CSP_DISPLAY_NAME, CSP_PDG_KEY, CSP_TAG_NAME,
CSP_DELETE_FL, CSP_VERSION_ID, PTN_ID ) VALUES ( 
13, 8, 'Effects', 'Bar2DChartMiscElement', 'chart-misc', 'N', 1, 1); 
INSERT INTO CHART_SUB_TYPE_PROP ( CSP_ID, CSB_ID, CSP_DISPLAY_NAME, CSP_PDG_KEY, CSP_TAG_NAME,
CSP_DELETE_FL, CSP_VERSION_ID, PTN_ID ) VALUES ( 
14, 8, 'Data Series', 'Bar2DSetElement', 'set', 'N', 1, 1); 
INSERT INTO CHART_SUB_TYPE_PROP ( CSP_ID, CSB_ID, CSP_DISPLAY_NAME, CSP_PDG_KEY, CSP_TAG_NAME,
CSP_DELETE_FL, CSP_VERSION_ID, PTN_ID ) VALUES ( 
15, 8, 'Threshold 1', 'Bar2DTrendlineElement', 'min-line', 'N', 1, 1); 
INSERT INTO CHART_SUB_TYPE_PROP ( CSP_ID, CSB_ID, CSP_DISPLAY_NAME, CSP_PDG_KEY, CSP_TAG_NAME,
CSP_DELETE_FL, CSP_VERSION_ID, PTN_ID ) VALUES ( 
16, 8, 'Threshold 2', 'Bar2DTrendlineElement', 'max-line', 'N', 1, 1); 
INSERT INTO CHART_SUB_TYPE_PROP ( CSP_ID, CSB_ID, CSP_DISPLAY_NAME, CSP_PDG_KEY, CSP_TAG_NAME,
CSP_DELETE_FL, CSP_VERSION_ID, PTN_ID ) VALUES ( 
17, 9, 'Axes', 'MSBar2DChartAxesElement', 'chart-axes', 'N', 1, 1); 
INSERT INTO CHART_SUB_TYPE_PROP ( CSP_ID, CSB_ID, CSP_DISPLAY_NAME, CSP_PDG_KEY, CSP_TAG_NAME,
CSP_DELETE_FL, CSP_VERSION_ID, PTN_ID ) VALUES ( 
18, 9, 'Effects', 'MSBar2DChartMiscElement', 'chart-misc', 'N', 1, 1); 
INSERT INTO CHART_SUB_TYPE_PROP ( CSP_ID, CSB_ID, CSP_DISPLAY_NAME, CSP_PDG_KEY, CSP_TAG_NAME,
CSP_DELETE_FL, CSP_VERSION_ID, PTN_ID ) VALUES ( 
19, 9, 'Data Series', 'MSBar2DSetElement', 'set', 'N', 1, 1); 
INSERT INTO CHART_SUB_TYPE_PROP ( CSP_ID, CSB_ID, CSP_DISPLAY_NAME, CSP_PDG_KEY, CSP_TAG_NAME,
CSP_DELETE_FL, CSP_VERSION_ID, PTN_ID ) VALUES ( 
20, 9, 'Categories', 'MSBar2DCategoriesElement', 'categories', 'N', 1, 1); 
INSERT INTO CHART_SUB_TYPE_PROP ( CSP_ID, CSB_ID, CSP_DISPLAY_NAME, CSP_PDG_KEY, CSP_TAG_NAME,
CSP_DELETE_FL, CSP_VERSION_ID, PTN_ID ) VALUES ( 
21, 9, 'Threshold 1', 'MSBar2DTrendlineElement', 'min-line', 'N', 1, 1); 
INSERT INTO CHART_SUB_TYPE_PROP ( CSP_ID, CSB_ID, CSP_DISPLAY_NAME, CSP_PDG_KEY, CSP_TAG_NAME,
CSP_DELETE_FL, CSP_VERSION_ID, PTN_ID ) VALUES ( 
22, 9, 'Threshold 2', 'MSBar2DTrendlineElement', 'max-line', 'N', 1, 1); 
INSERT INTO CHART_SUB_TYPE_PROP ( CSP_ID, CSB_ID, CSP_DISPLAY_NAME, CSP_PDG_KEY, CSP_TAG_NAME,
CSP_DELETE_FL, CSP_VERSION_ID, PTN_ID ) VALUES ( 
23, 1, 'Axes', 'Column2DChartAxesElement', 'chart-axes', 'N', 1, 1); 
INSERT INTO CHART_SUB_TYPE_PROP ( CSP_ID, CSB_ID, CSP_DISPLAY_NAME, CSP_PDG_KEY, CSP_TAG_NAME,
CSP_DELETE_FL, CSP_VERSION_ID, PTN_ID ) VALUES ( 
24, 1, 'Effects', 'Column2DChartMiscElement', 'chart-misc', 'N', 1, 1); 
INSERT INTO CHART_SUB_TYPE_PROP ( CSP_ID, CSB_ID, CSP_DISPLAY_NAME, CSP_PDG_KEY, CSP_TAG_NAME,
CSP_DELETE_FL, CSP_VERSION_ID, PTN_ID ) VALUES ( 
25, 1, 'Data Series', 'Column2DSetElement', 'set', 'N', 1, 1); 
INSERT INTO CHART_SUB_TYPE_PROP ( CSP_ID, CSB_ID, CSP_DISPLAY_NAME, CSP_PDG_KEY, CSP_TAG_NAME,
CSP_DELETE_FL, CSP_VERSION_ID, PTN_ID ) VALUES ( 
26, 1, 'Threshold 1', 'Column2DTrendlineElement', 'min-line', 'N', 1, 1); 
INSERT INTO CHART_SUB_TYPE_PROP ( CSP_ID, CSB_ID, CSP_DISPLAY_NAME, CSP_PDG_KEY, CSP_TAG_NAME,
CSP_DELETE_FL, CSP_VERSION_ID, PTN_ID ) VALUES ( 
27, 1, 'Threshold 2', 'Column2DTrendlineElement', 'max-line', 'N', 1, 1); 
INSERT INTO CHART_SUB_TYPE_PROP ( CSP_ID, CSB_ID, CSP_DISPLAY_NAME, CSP_PDG_KEY, CSP_TAG_NAME,
CSP_DELETE_FL, CSP_VERSION_ID, PTN_ID ) VALUES ( 
28, 3, 'Axes', 'MSColumn2DChartAxesElement', 'chart-axes', 'N', 1, 1); 
INSERT INTO CHART_SUB_TYPE_PROP ( CSP_ID, CSB_ID, CSP_DISPLAY_NAME, CSP_PDG_KEY, CSP_TAG_NAME,
CSP_DELETE_FL, CSP_VERSION_ID, PTN_ID ) VALUES ( 
29, 3, 'Effects', 'MSColumn2DChartMiscElement', 'chart-misc', 'N', 1, 1); 
INSERT INTO CHART_SUB_TYPE_PROP ( CSP_ID, CSB_ID, CSP_DISPLAY_NAME, CSP_PDG_KEY, CSP_TAG_NAME,
CSP_DELETE_FL, CSP_VERSION_ID, PTN_ID ) VALUES ( 
30, 3, 'Data Series', 'MSColumn2DSetElement', 'set', 'N', 1, 1); 
INSERT INTO CHART_SUB_TYPE_PROP ( CSP_ID, CSB_ID, CSP_DISPLAY_NAME, CSP_PDG_KEY, CSP_TAG_NAME,
CSP_DELETE_FL, CSP_VERSION_ID, PTN_ID ) VALUES ( 
31, 3, 'Categories', 'MSColumn2DCategoriesElement', 'categories', 'N', 1, 1); 
INSERT INTO CHART_SUB_TYPE_PROP ( CSP_ID, CSB_ID, CSP_DISPLAY_NAME, CSP_PDG_KEY, CSP_TAG_NAME,
CSP_DELETE_FL, CSP_VERSION_ID, PTN_ID ) VALUES ( 
32, 3, 'Threshold 1', 'MSColumn2DTrendlineElement', 'min-line', 'N', 1, 1); 
INSERT INTO CHART_SUB_TYPE_PROP ( CSP_ID, CSB_ID, CSP_DISPLAY_NAME, CSP_PDG_KEY, CSP_TAG_NAME,
CSP_DELETE_FL, CSP_VERSION_ID, PTN_ID ) VALUES ( 
33, 3, 'Threshold 2', 'MSColumn2DTrendlineElement', 'max-line', 'N', 1, 1); 
INSERT INTO CHART_SUB_TYPE_PROP ( CSP_ID, CSB_ID, CSP_DISPLAY_NAME, CSP_PDG_KEY, CSP_TAG_NAME,
CSP_DELETE_FL, CSP_VERSION_ID, PTN_ID ) VALUES ( 
34, 2, 'Axes', 'Column3DChartAxesElement', 'chart-axes', 'N', 1, 1); 
INSERT INTO CHART_SUB_TYPE_PROP ( CSP_ID, CSB_ID, CSP_DISPLAY_NAME, CSP_PDG_KEY, CSP_TAG_NAME,
CSP_DELETE_FL, CSP_VERSION_ID, PTN_ID ) VALUES ( 
35, 2, 'Effects', 'Column3DChartMiscElement', 'chart-misc', 'N', 1, 1); 
INSERT INTO CHART_SUB_TYPE_PROP ( CSP_ID, CSB_ID, CSP_DISPLAY_NAME, CSP_PDG_KEY, CSP_TAG_NAME,
CSP_DELETE_FL, CSP_VERSION_ID, PTN_ID ) VALUES ( 
36, 2, 'Data Series', 'Column3DSetElement', 'set', 'N', 1, 1); 
INSERT INTO CHART_SUB_TYPE_PROP ( CSP_ID, CSB_ID, CSP_DISPLAY_NAME, CSP_PDG_KEY, CSP_TAG_NAME,
CSP_DELETE_FL, CSP_VERSION_ID, PTN_ID ) VALUES ( 
37, 2, 'Threshold 1', 'Column3DTrendlineElement', 'min-line', 'N', 1, 1); 
INSERT INTO CHART_SUB_TYPE_PROP ( CSP_ID, CSB_ID, CSP_DISPLAY_NAME, CSP_PDG_KEY, CSP_TAG_NAME,
CSP_DELETE_FL, CSP_VERSION_ID, PTN_ID ) VALUES ( 
38, 2, 'Threshold 2', 'Column3DTrendlineElement', 'max-line', 'N', 1, 1); 
INSERT INTO CHART_SUB_TYPE_PROP ( CSP_ID, CSB_ID, CSP_DISPLAY_NAME, CSP_PDG_KEY, CSP_TAG_NAME,
CSP_DELETE_FL, CSP_VERSION_ID, PTN_ID ) VALUES ( 
39, 4, 'Axes', 'MSColumn3DChartAxesElement', 'chart-axes', 'N', 1, 1); 
INSERT INTO CHART_SUB_TYPE_PROP ( CSP_ID, CSB_ID, CSP_DISPLAY_NAME, CSP_PDG_KEY, CSP_TAG_NAME,
CSP_DELETE_FL, CSP_VERSION_ID, PTN_ID ) VALUES ( 
40, 4, 'Effects', 'MSColumn3DChartMiscElement', 'chart-misc', 'N', 1, 1); 
INSERT INTO CHART_SUB_TYPE_PROP ( CSP_ID, CSB_ID, CSP_DISPLAY_NAME, CSP_PDG_KEY, CSP_TAG_NAME,
CSP_DELETE_FL, CSP_VERSION_ID, PTN_ID ) VALUES ( 
41, 4, 'Data Series', 'MSColumn3DSetElement', 'set', 'N', 1, 1); 
INSERT INTO CHART_SUB_TYPE_PROP ( CSP_ID, CSB_ID, CSP_DISPLAY_NAME, CSP_PDG_KEY, CSP_TAG_NAME,
CSP_DELETE_FL, CSP_VERSION_ID, PTN_ID ) VALUES ( 
42, 4, 'Categories', 'MSColumn3DCategoriesElement', 'categories', 'N', 1, 1); 
INSERT INTO CHART_SUB_TYPE_PROP ( CSP_ID, CSB_ID, CSP_DISPLAY_NAME, CSP_PDG_KEY, CSP_TAG_NAME,
CSP_DELETE_FL, CSP_VERSION_ID, PTN_ID ) VALUES ( 
43, 4, 'Threshold 1', 'MSColumn3DTrendlineElement', 'min-line', 'N', 1, 1); 
INSERT INTO CHART_SUB_TYPE_PROP ( CSP_ID, CSB_ID, CSP_DISPLAY_NAME, CSP_PDG_KEY, CSP_TAG_NAME,
CSP_DELETE_FL, CSP_VERSION_ID, PTN_ID ) VALUES ( 
44, 4, 'Threshold 2', 'MSColumn3DTrendlineElement', 'max-line', 'N', 1, 1); 
INSERT INTO CHART_SUB_TYPE_PROP ( CSP_ID, CSB_ID, CSP_DISPLAY_NAME, CSP_PDG_KEY, CSP_TAG_NAME,
CSP_DELETE_FL, CSP_VERSION_ID, PTN_ID ) VALUES ( 
45, 17, 'General Chart', 'Doughnut2DChartElement', 'chart-axes', 'N', 1, 1); 
INSERT INTO CHART_SUB_TYPE_PROP ( CSP_ID, CSB_ID, CSP_DISPLAY_NAME, CSP_PDG_KEY, CSP_TAG_NAME,
CSP_DELETE_FL, CSP_VERSION_ID, PTN_ID ) VALUES ( 
46, 18, 'General Chart', 'Doughnut3DChartElement', 'chart-axes', 'N', 1, 1); 
INSERT INTO CHART_SUB_TYPE_PROP ( CSP_ID, CSB_ID, CSP_DISPLAY_NAME, CSP_PDG_KEY, CSP_TAG_NAME,
CSP_DELETE_FL, CSP_VERSION_ID, PTN_ID ) VALUES ( 
47, 15, 'General Chart', 'Pie2DChartElement', 'chart-axes', 'N', 1, 1); 
INSERT INTO CHART_SUB_TYPE_PROP ( CSP_ID, CSB_ID, CSP_DISPLAY_NAME, CSP_PDG_KEY, CSP_TAG_NAME,
CSP_DELETE_FL, CSP_VERSION_ID, PTN_ID ) VALUES ( 
48, 16, 'General Chart', 'Pie3DChartElement', 'chart-axes', 'N', 1, 1); 
INSERT INTO CHART_SUB_TYPE_PROP ( CSP_ID, CSB_ID, CSP_DISPLAY_NAME, CSP_PDG_KEY, CSP_TAG_NAME,
CSP_DELETE_FL, CSP_VERSION_ID, PTN_ID ) VALUES ( 
49, 19, 'Axes', 'LineChartAxesElement', 'chart-axes', 'N', 1, 1); 
INSERT INTO CHART_SUB_TYPE_PROP ( CSP_ID, CSB_ID, CSP_DISPLAY_NAME, CSP_PDG_KEY, CSP_TAG_NAME,
CSP_DELETE_FL, CSP_VERSION_ID, PTN_ID ) VALUES ( 
50, 19, 'Effects', 'LineChartMiscElement', 'chart-misc', 'N', 1, 1); 
INSERT INTO CHART_SUB_TYPE_PROP ( CSP_ID, CSB_ID, CSP_DISPLAY_NAME, CSP_PDG_KEY, CSP_TAG_NAME,
CSP_DELETE_FL, CSP_VERSION_ID, PTN_ID ) VALUES ( 
51, 19, 'Data Series', 'LineSetElement', 'set', 'N', 1, 1); 
INSERT INTO CHART_SUB_TYPE_PROP ( CSP_ID, CSB_ID, CSP_DISPLAY_NAME, CSP_PDG_KEY, CSP_TAG_NAME,
CSP_DELETE_FL, CSP_VERSION_ID, PTN_ID ) VALUES ( 
52, 19, 'Threshold 1', 'LineTrendlineElement', 'min-line', 'N', 1, 1); 
INSERT INTO CHART_SUB_TYPE_PROP ( CSP_ID, CSB_ID, CSP_DISPLAY_NAME, CSP_PDG_KEY, CSP_TAG_NAME,
CSP_DELETE_FL, CSP_VERSION_ID, PTN_ID ) VALUES ( 
53, 19, 'Threshold 2', 'LineTrendlineElement', 'max-line', 'N', 1, 1); 
INSERT INTO CHART_SUB_TYPE_PROP ( CSP_ID, CSB_ID, CSP_DISPLAY_NAME, CSP_PDG_KEY, CSP_TAG_NAME,
CSP_DELETE_FL, CSP_VERSION_ID, PTN_ID ) VALUES ( 
54, 20, 'Axes', 'MSLineChartAxesElement', 'chart-axes', 'N', 1, 1); 
INSERT INTO CHART_SUB_TYPE_PROP ( CSP_ID, CSB_ID, CSP_DISPLAY_NAME, CSP_PDG_KEY, CSP_TAG_NAME,
CSP_DELETE_FL, CSP_VERSION_ID, PTN_ID ) VALUES ( 
55, 20, 'Effects', 'MSLineChartMiscElement', 'chart-misc', 'N', 1, 1); 
INSERT INTO CHART_SUB_TYPE_PROP ( CSP_ID, CSB_ID, CSP_DISPLAY_NAME, CSP_PDG_KEY, CSP_TAG_NAME,
CSP_DELETE_FL, CSP_VERSION_ID, PTN_ID ) VALUES ( 
56, 20, 'Data Series', 'MSLineSetElement', 'set', 'N', 1, 1); 
INSERT INTO CHART_SUB_TYPE_PROP ( CSP_ID, CSB_ID, CSP_DISPLAY_NAME, CSP_PDG_KEY, CSP_TAG_NAME,
CSP_DELETE_FL, CSP_VERSION_ID, PTN_ID ) VALUES ( 
57, 20, 'Categories', 'MSLineCategoriesElement', 'categories', 'N', 1, 1); 
INSERT INTO CHART_SUB_TYPE_PROP ( CSP_ID, CSB_ID, CSP_DISPLAY_NAME, CSP_PDG_KEY, CSP_TAG_NAME,
CSP_DELETE_FL, CSP_VERSION_ID, PTN_ID ) VALUES ( 
58, 20, 'Threshold 1', 'MSLineTrendlineElement', 'min-line', 'N', 1, 1); 
INSERT INTO CHART_SUB_TYPE_PROP ( CSP_ID, CSB_ID, CSP_DISPLAY_NAME, CSP_PDG_KEY, CSP_TAG_NAME,
CSP_DELETE_FL, CSP_VERSION_ID, PTN_ID ) VALUES ( 
59, 20, 'Threshold 2', 'MSLineTrendlineElement', 'max-line', 'N', 1, 1); 
INSERT INTO CHART_SUB_TYPE_PROP ( CSP_ID, CSB_ID, CSP_DISPLAY_NAME, CSP_PDG_KEY, CSP_TAG_NAME,
CSP_DELETE_FL, CSP_VERSION_ID, PTN_ID ) VALUES ( 
60, 14, 'Axes', 'ScrollArea2DChartAxesElement', 'chart-axes', 'N', 1, 1); 
INSERT INTO CHART_SUB_TYPE_PROP ( CSP_ID, CSB_ID, CSP_DISPLAY_NAME, CSP_PDG_KEY, CSP_TAG_NAME,
CSP_DELETE_FL, CSP_VERSION_ID, PTN_ID ) VALUES ( 
61, 14, 'Effects', 'ScrollArea2DChartMiscElement', 'chart-misc', 'N', 1, 1); 
INSERT INTO CHART_SUB_TYPE_PROP ( CSP_ID, CSB_ID, CSP_DISPLAY_NAME, CSP_PDG_KEY, CSP_TAG_NAME,
CSP_DELETE_FL, CSP_VERSION_ID, PTN_ID ) VALUES ( 
62, 14, 'Data Series', 'ScrollArea2DSetElement', 'set', 'N', 1, 1); 
INSERT INTO CHART_SUB_TYPE_PROP ( CSP_ID, CSB_ID, CSP_DISPLAY_NAME, CSP_PDG_KEY, CSP_TAG_NAME,
CSP_DELETE_FL, CSP_VERSION_ID, PTN_ID ) VALUES ( 
63, 14, 'Categories', 'ScrollArea2DCategoriesElement', 'categories', 'N', 1, 1); 
INSERT INTO CHART_SUB_TYPE_PROP ( CSP_ID, CSB_ID, CSP_DISPLAY_NAME, CSP_PDG_KEY, CSP_TAG_NAME,
CSP_DELETE_FL, CSP_VERSION_ID, PTN_ID ) VALUES ( 
64, 14, 'Threshold 1', 'ScrollArea2DTrendlineElement', 'min-line', 'N', 1, 1); 
INSERT INTO CHART_SUB_TYPE_PROP ( CSP_ID, CSB_ID, CSP_DISPLAY_NAME, CSP_PDG_KEY, CSP_TAG_NAME,
CSP_DELETE_FL, CSP_VERSION_ID, PTN_ID ) VALUES ( 
65, 14, 'Threshold 2', 'ScrollArea2DTrendlineElement', 'max-line', 'N', 1, 1); 
INSERT INTO CHART_SUB_TYPE_PROP ( CSP_ID, CSB_ID, CSP_DISPLAY_NAME, CSP_PDG_KEY, CSP_TAG_NAME,
CSP_DELETE_FL, CSP_VERSION_ID, PTN_ID ) VALUES ( 
66, 7, 'Axes', 'ScrollColumn2DChartAxesElement', 'chart-axes', 'N', 1, 1); 
INSERT INTO CHART_SUB_TYPE_PROP ( CSP_ID, CSB_ID, CSP_DISPLAY_NAME, CSP_PDG_KEY, CSP_TAG_NAME,
CSP_DELETE_FL, CSP_VERSION_ID, PTN_ID ) VALUES ( 
67, 7, 'Effects', 'ScrollColumn2DChartMiscElement', 'chart-misc', 'N', 1, 1); 
INSERT INTO CHART_SUB_TYPE_PROP ( CSP_ID, CSB_ID, CSP_DISPLAY_NAME, CSP_PDG_KEY, CSP_TAG_NAME,
CSP_DELETE_FL, CSP_VERSION_ID, PTN_ID ) VALUES ( 
68, 7, 'Data Series', 'ScrollColumn2DSetElement', 'set', 'N', 1, 1); 
INSERT INTO CHART_SUB_TYPE_PROP ( CSP_ID, CSB_ID, CSP_DISPLAY_NAME, CSP_PDG_KEY, CSP_TAG_NAME,
CSP_DELETE_FL, CSP_VERSION_ID, PTN_ID ) VALUES ( 
69, 7, 'Categories', 'ScrollColumn2DCategoriesElement', 'categories', 'N', 1, 1); 
INSERT INTO CHART_SUB_TYPE_PROP ( CSP_ID, CSB_ID, CSP_DISPLAY_NAME, CSP_PDG_KEY, CSP_TAG_NAME,
CSP_DELETE_FL, CSP_VERSION_ID, PTN_ID ) VALUES ( 
70, 7, 'Threshold 1', 'ScrollColumn2DTrendlineElement', 'min-line', 'N', 1, 1); 
INSERT INTO CHART_SUB_TYPE_PROP ( CSP_ID, CSB_ID, CSP_DISPLAY_NAME, CSP_PDG_KEY, CSP_TAG_NAME,
CSP_DELETE_FL, CSP_VERSION_ID, PTN_ID ) VALUES ( 
71, 7, 'Threshold 2', 'ScrollColumn2DTrendlineElement', 'max-line', 'N', 1, 1); 
INSERT INTO CHART_SUB_TYPE_PROP ( CSP_ID, CSB_ID, CSP_DISPLAY_NAME, CSP_PDG_KEY, CSP_TAG_NAME,
CSP_DELETE_FL, CSP_VERSION_ID, PTN_ID ) VALUES ( 
72, 21, 'Axes', 'ScrollLine2DChartAxesElement', 'chart-axes', 'N', 1, 1); 
INSERT INTO CHART_SUB_TYPE_PROP ( CSP_ID, CSB_ID, CSP_DISPLAY_NAME, CSP_PDG_KEY, CSP_TAG_NAME,
CSP_DELETE_FL, CSP_VERSION_ID, PTN_ID ) VALUES ( 
73, 21, 'Effects', 'ScrollLine2DChartMiscElement', 'chart-misc', 'N', 1, 1); 
INSERT INTO CHART_SUB_TYPE_PROP ( CSP_ID, CSB_ID, CSP_DISPLAY_NAME, CSP_PDG_KEY, CSP_TAG_NAME,
CSP_DELETE_FL, CSP_VERSION_ID, PTN_ID ) VALUES ( 
74, 21, 'Data Series', 'ScrollLine2DSetElement', 'set', 'N', 1, 1); 
INSERT INTO CHART_SUB_TYPE_PROP ( CSP_ID, CSB_ID, CSP_DISPLAY_NAME, CSP_PDG_KEY, CSP_TAG_NAME,
CSP_DELETE_FL, CSP_VERSION_ID, PTN_ID ) VALUES ( 
75, 21, 'Categories', 'ScrollLine2DCategoriesElement', 'categories', 'N', 1, 1); 
INSERT INTO CHART_SUB_TYPE_PROP ( CSP_ID, CSB_ID, CSP_DISPLAY_NAME, CSP_PDG_KEY, CSP_TAG_NAME,
CSP_DELETE_FL, CSP_VERSION_ID, PTN_ID ) VALUES ( 
76, 21, 'Threshold 1', 'ScrollLine2DTrendlineElement', 'min-line', 'N', 1, 1); 
INSERT INTO CHART_SUB_TYPE_PROP ( CSP_ID, CSB_ID, CSP_DISPLAY_NAME, CSP_PDG_KEY, CSP_TAG_NAME,
CSP_DELETE_FL, CSP_VERSION_ID, PTN_ID ) VALUES ( 
77, 21, 'Threshold 2', 'ScrollLine2DTrendlineElement', 'max-line', 'N', 1, 1); 
INSERT INTO CHART_SUB_TYPE_PROP ( CSP_ID, CSB_ID, CSP_DISPLAY_NAME, CSP_PDG_KEY, CSP_TAG_NAME,
CSP_DELETE_FL, CSP_VERSION_ID, PTN_ID ) VALUES ( 
78, 13, 'Axes', 'StackedArea2DChartAxesElement', 'chart-axes', 'N', 1, 1); 
INSERT INTO CHART_SUB_TYPE_PROP ( CSP_ID, CSB_ID, CSP_DISPLAY_NAME, CSP_PDG_KEY, CSP_TAG_NAME,
CSP_DELETE_FL, CSP_VERSION_ID, PTN_ID ) VALUES ( 
79, 13, 'Effects', 'StackedArea2DChartMiscElement', 'chart-misc', 'N', 1, 1); 
INSERT INTO CHART_SUB_TYPE_PROP ( CSP_ID, CSB_ID, CSP_DISPLAY_NAME, CSP_PDG_KEY, CSP_TAG_NAME,
CSP_DELETE_FL, CSP_VERSION_ID, PTN_ID ) VALUES ( 
80, 13, 'Data Series', 'StackedArea2DSetElement', 'set', 'N', 1, 1); 
INSERT INTO CHART_SUB_TYPE_PROP ( CSP_ID, CSB_ID, CSP_DISPLAY_NAME, CSP_PDG_KEY, CSP_TAG_NAME,
CSP_DELETE_FL, CSP_VERSION_ID, PTN_ID ) VALUES ( 
81, 13, 'Categories', 'StackedArea2DCategoriesElement', 'categories', 'N', 1, 1); 
INSERT INTO CHART_SUB_TYPE_PROP ( CSP_ID, CSB_ID, CSP_DISPLAY_NAME, CSP_PDG_KEY, CSP_TAG_NAME,
CSP_DELETE_FL, CSP_VERSION_ID, PTN_ID ) VALUES ( 
82, 13, 'Threshold 1', 'StackedArea2DTrendlineElement', 'min-line', 'N', 1, 1); 
INSERT INTO CHART_SUB_TYPE_PROP ( CSP_ID, CSB_ID, CSP_DISPLAY_NAME, CSP_PDG_KEY, CSP_TAG_NAME,
CSP_DELETE_FL, CSP_VERSION_ID, PTN_ID ) VALUES ( 
83, 13, 'Threshold 2', 'StackedArea2DTrendlineElement', 'max-line', 'N', 1, 1); 
INSERT INTO CHART_SUB_TYPE_PROP ( CSP_ID, CSB_ID, CSP_DISPLAY_NAME, CSP_PDG_KEY, CSP_TAG_NAME,
CSP_DELETE_FL, CSP_VERSION_ID, PTN_ID ) VALUES ( 
84, 10, 'Axes', 'StackedBar2DChartAxesElement', 'chart-axes', 'N', 1, 1); 
INSERT INTO CHART_SUB_TYPE_PROP ( CSP_ID, CSB_ID, CSP_DISPLAY_NAME, CSP_PDG_KEY, CSP_TAG_NAME,
CSP_DELETE_FL, CSP_VERSION_ID, PTN_ID ) VALUES ( 
85, 10, 'Effects', 'StackedBar2DChartMiscElement', 'chart-misc', 'N', 1, 1); 
INSERT INTO CHART_SUB_TYPE_PROP ( CSP_ID, CSB_ID, CSP_DISPLAY_NAME, CSP_PDG_KEY, CSP_TAG_NAME,
CSP_DELETE_FL, CSP_VERSION_ID, PTN_ID ) VALUES ( 
86, 10, 'Data Series', 'StackedBar2DSetElement', 'set', 'N', 1, 1); 
INSERT INTO CHART_SUB_TYPE_PROP ( CSP_ID, CSB_ID, CSP_DISPLAY_NAME, CSP_PDG_KEY, CSP_TAG_NAME,
CSP_DELETE_FL, CSP_VERSION_ID, PTN_ID ) VALUES ( 
87, 10, 'Categories', 'StackedBar2DCategoriesElement', 'categories', 'N', 1, 1); 
INSERT INTO CHART_SUB_TYPE_PROP ( CSP_ID, CSB_ID, CSP_DISPLAY_NAME, CSP_PDG_KEY, CSP_TAG_NAME,
CSP_DELETE_FL, CSP_VERSION_ID, PTN_ID ) VALUES ( 
88, 10, 'Threshold 1', 'StackedBar2DTrendlineElement', 'min-line', 'N', 1, 1); 
INSERT INTO CHART_SUB_TYPE_PROP ( CSP_ID, CSB_ID, CSP_DISPLAY_NAME, CSP_PDG_KEY, CSP_TAG_NAME,
CSP_DELETE_FL, CSP_VERSION_ID, PTN_ID ) VALUES ( 
89, 10, 'Threshold 2', 'StackedBar2DTrendlineElement', 'max-line', 'N', 1, 1); 
INSERT INTO CHART_SUB_TYPE_PROP ( CSP_ID, CSB_ID, CSP_DISPLAY_NAME, CSP_PDG_KEY, CSP_TAG_NAME,
CSP_DELETE_FL, CSP_VERSION_ID, PTN_ID ) VALUES ( 
90, 5, 'Axes', 'StackedColumn2DChartAxesElement', 'chart-axes', 'N', 1, 1); 
INSERT INTO CHART_SUB_TYPE_PROP ( CSP_ID, CSB_ID, CSP_DISPLAY_NAME, CSP_PDG_KEY, CSP_TAG_NAME,
CSP_DELETE_FL, CSP_VERSION_ID, PTN_ID ) VALUES ( 
91, 5, 'Effects', 'StackedColumn2DChartMiscElement', 'chart-misc', 'N', 1, 1); 
INSERT INTO CHART_SUB_TYPE_PROP ( CSP_ID, CSB_ID, CSP_DISPLAY_NAME, CSP_PDG_KEY, CSP_TAG_NAME,
CSP_DELETE_FL, CSP_VERSION_ID, PTN_ID ) VALUES ( 
92, 5, 'Data Series', 'StackedColumn2DSetElement', 'set', 'N', 1, 1); 
INSERT INTO CHART_SUB_TYPE_PROP ( CSP_ID, CSB_ID, CSP_DISPLAY_NAME, CSP_PDG_KEY, CSP_TAG_NAME,
CSP_DELETE_FL, CSP_VERSION_ID, PTN_ID ) VALUES ( 
93, 5, 'Categories', 'StackedColumn2DCategoriesElement', 'categories', 'N', 1, 1); 
INSERT INTO CHART_SUB_TYPE_PROP ( CSP_ID, CSB_ID, CSP_DISPLAY_NAME, CSP_PDG_KEY, CSP_TAG_NAME,
CSP_DELETE_FL, CSP_VERSION_ID, PTN_ID ) VALUES ( 
94, 5, 'Threshold 1', 'StackedColumn2DTrendlineElement', 'min-line', 'N', 1, 1); 
INSERT INTO CHART_SUB_TYPE_PROP ( CSP_ID, CSB_ID, CSP_DISPLAY_NAME, CSP_PDG_KEY, CSP_TAG_NAME,
CSP_DELETE_FL, CSP_VERSION_ID, PTN_ID ) VALUES ( 
95, 5, 'Threshold 2', 'StackedColumn2DTrendlineElement', 'max-line', 'N', 1, 1); 
INSERT INTO CHART_SUB_TYPE_PROP ( CSP_ID, CSB_ID, CSP_DISPLAY_NAME, CSP_PDG_KEY, CSP_TAG_NAME,
CSP_DELETE_FL, CSP_VERSION_ID, PTN_ID ) VALUES ( 
96, 6, 'Axes', 'StackedColumn3DChartAxesElement', 'chart-axes', 'N', 1, 1); 
INSERT INTO CHART_SUB_TYPE_PROP ( CSP_ID, CSB_ID, CSP_DISPLAY_NAME, CSP_PDG_KEY, CSP_TAG_NAME,
CSP_DELETE_FL, CSP_VERSION_ID, PTN_ID ) VALUES ( 
97, 6, 'Effects', 'StackedColumn3DChartMiscElement', 'chart-misc', 'N', 1, 1); 
INSERT INTO CHART_SUB_TYPE_PROP ( CSP_ID, CSB_ID, CSP_DISPLAY_NAME, CSP_PDG_KEY, CSP_TAG_NAME,
CSP_DELETE_FL, CSP_VERSION_ID, PTN_ID ) VALUES ( 
98, 6, 'Data Series', 'StackedColumn3DSetElement', 'set', 'N', 1, 1); 
INSERT INTO CHART_SUB_TYPE_PROP ( CSP_ID, CSB_ID, CSP_DISPLAY_NAME, CSP_PDG_KEY, CSP_TAG_NAME,
CSP_DELETE_FL, CSP_VERSION_ID, PTN_ID ) VALUES ( 
99, 6, 'Categories', 'StackedColumn3DCategoriesElement', 'categories', 'N', 1, 1); 
INSERT INTO CHART_SUB_TYPE_PROP ( CSP_ID, CSB_ID, CSP_DISPLAY_NAME, CSP_PDG_KEY, CSP_TAG_NAME,
CSP_DELETE_FL, CSP_VERSION_ID, PTN_ID ) VALUES ( 
100, 6, 'Threshold 1', 'StackedColumn3DTrendlineElement', 'min-line', 'N', 1, 1); 
INSERT INTO CHART_SUB_TYPE_PROP ( CSP_ID, CSB_ID, CSP_DISPLAY_NAME, CSP_PDG_KEY, CSP_TAG_NAME,
CSP_DELETE_FL, CSP_VERSION_ID, PTN_ID ) VALUES ( 
101, 6, 'Threshold 2', 'StackedColumn3DTrendlineElement', 'max-line', 'N', 1, 1); 
INSERT INTO CHART_SUB_TYPE_PROP ( CSP_ID, CSB_ID, CSP_DISPLAY_NAME, CSP_PDG_KEY, CSP_TAG_NAME,
CSP_DELETE_FL, CSP_VERSION_ID, PTN_ID ) VALUES ( 
102, 22, 'General Chart', 'AngularGuageChartElement', 'chart-axes', 'N', 1, 1); 
INSERT INTO CHART_SUB_TYPE_PROP ( CSP_ID, CSB_ID, CSP_DISPLAY_NAME, CSP_PDG_KEY, CSP_TAG_NAME,
CSP_DELETE_FL, CSP_VERSION_ID, PTN_ID ) VALUES ( 
103, 23, 'General Chart', 'BulbChartElement', 'chart-axes', 'N', 1, 1); 
INSERT INTO CHART_SUB_TYPE_PROP ( CSP_ID, CSB_ID, CSP_DISPLAY_NAME, CSP_PDG_KEY, CSP_TAG_NAME,
CSP_DELETE_FL, CSP_VERSION_ID, PTN_ID ) VALUES ( 
104, 25, 'Axes', 'MSColumn3DLineDYChartAxesElement', 'chart-axes', 'N', 1, 1); 
INSERT INTO CHART_SUB_TYPE_PROP ( CSP_ID, CSB_ID, CSP_DISPLAY_NAME, CSP_PDG_KEY, CSP_TAG_NAME,
CSP_DELETE_FL, CSP_VERSION_ID, PTN_ID ) VALUES ( 
105, 25, 'Effects', 'MSColumn3DLineDYChartMiscElement', 'chart-misc', 'N', 1, 1); 
INSERT INTO CHART_SUB_TYPE_PROP ( CSP_ID, CSB_ID, CSP_DISPLAY_NAME, CSP_PDG_KEY, CSP_TAG_NAME,
CSP_DELETE_FL, CSP_VERSION_ID, PTN_ID ) VALUES ( 
106, 25, 'Data Series', 'MSColumn3DLineDYSetElement', 'set', 'N', 1, 1); 
INSERT INTO CHART_SUB_TYPE_PROP ( CSP_ID, CSB_ID, CSP_DISPLAY_NAME, CSP_PDG_KEY, CSP_TAG_NAME,
CSP_DELETE_FL, CSP_VERSION_ID, PTN_ID ) VALUES ( 
107, 25, 'Categories', 'MSColumn3DLineDYCategoriesElement', 'categories', 'N', 1, 1); 
INSERT INTO CHART_SUB_TYPE_PROP ( CSP_ID, CSB_ID, CSP_DISPLAY_NAME, CSP_PDG_KEY, CSP_TAG_NAME,
CSP_DELETE_FL, CSP_VERSION_ID, PTN_ID ) VALUES ( 
108, 26, 'Axes', 'StackedColumn3DLineDYChartAxesElement', 'chart-axes', 'N', 1, 1); 
INSERT INTO CHART_SUB_TYPE_PROP ( CSP_ID, CSB_ID, CSP_DISPLAY_NAME, CSP_PDG_KEY, CSP_TAG_NAME,
CSP_DELETE_FL, CSP_VERSION_ID, PTN_ID ) VALUES ( 
109, 26, 'Effects', 'StackedColumn3DLineDYChartMiscElement', 'chart-misc', 'N', 1
, 1); 
INSERT INTO CHART_SUB_TYPE_PROP ( CSP_ID, CSB_ID, CSP_DISPLAY_NAME, CSP_PDG_KEY, CSP_TAG_NAME,
CSP_DELETE_FL, CSP_VERSION_ID, PTN_ID ) VALUES ( 
110, 26, 'Data Series', 'StackedColumn3DLineDYSetElement', 'set', 'N', 1, 1); 
INSERT INTO CHART_SUB_TYPE_PROP ( CSP_ID, CSB_ID, CSP_DISPLAY_NAME, CSP_PDG_KEY, CSP_TAG_NAME,
CSP_DELETE_FL, CSP_VERSION_ID, PTN_ID ) VALUES ( 
111, 26, 'Categories', 'StackedColumn3DLineDYCategoriesElement', 'categories', 'N'
, 1, 1); 
commit;
 
INSERT INTO CHART_TYPE ( CHT_ID, CHT_NAME, CHT_DESCRIPTION, CHT_DELETE_FL, CHT_VERSION_ID,
PTN_ID ) VALUES ( 
1, 'Column', NULL, 'N', 3, 1); 
INSERT INTO CHART_TYPE ( CHT_ID, CHT_NAME, CHT_DESCRIPTION, CHT_DELETE_FL, CHT_VERSION_ID,
PTN_ID ) VALUES ( 
2, 'Bar', NULL, 'N', 3, 1); 
INSERT INTO CHART_TYPE ( CHT_ID, CHT_NAME, CHT_DESCRIPTION, CHT_DELETE_FL, CHT_VERSION_ID,
PTN_ID ) VALUES ( 
3, 'Area', NULL, 'N', 2, 1); 
INSERT INTO CHART_TYPE ( CHT_ID, CHT_NAME, CHT_DESCRIPTION, CHT_DELETE_FL, CHT_VERSION_ID,
PTN_ID ) VALUES ( 
4, 'Pie', NULL, 'N', 3, 1); 
INSERT INTO CHART_TYPE ( CHT_ID, CHT_NAME, CHT_DESCRIPTION, CHT_DELETE_FL, CHT_VERSION_ID,
PTN_ID ) VALUES ( 
5, 'Line', NULL, 'N', 3, 1); 
INSERT INTO CHART_TYPE ( CHT_ID, CHT_NAME, CHT_DESCRIPTION, CHT_DELETE_FL, CHT_VERSION_ID,
PTN_ID ) VALUES ( 
6, 'Dual Y-Axis', NULL, 'N', 2, 1); 
INSERT INTO CHART_TYPE ( CHT_ID, CHT_NAME, CHT_DESCRIPTION, CHT_DELETE_FL, CHT_VERSION_ID,
PTN_ID ) VALUES ( 
7, 'Presentation', NULL, 'N', 3, 1); 
INSERT INTO CHART_TYPE ( CHT_ID, CHT_NAME, CHT_DESCRIPTION, CHT_DELETE_FL, CHT_VERSION_ID,
PTN_ID ) VALUES ( 
8, 'Tabular', NULL, 'N', 2, 1); 
commit;
 
INSERT INTO COMPONENT ( CMP_ID, CPT_ID, PDG_ID, CMP_NAME, CMP_CLIENT_COMPONENT,
CMP_SERVER_COMPONENT, CMP_DELETE_FL, CMP_VERSION_ID, PTN_ID ) VALUES ( 
83, 23, NULL, 'Task Controllers Action', NULL, 'com.subexazure.spark.web.app.model.system.EditTaskControllersAction'
, 'N', 2, 0); 
INSERT INTO COMPONENT ( CMP_ID, CPT_ID, PDG_ID, CMP_NAME, CMP_CLIENT_COMPONENT,
CMP_SERVER_COMPONENT, CMP_DELETE_FL, CMP_VERSION_ID, PTN_ID ) VALUES ( 
84, 23, NULL, 'Edit Stream Controller Action', NULL, 'com.subexazure.spark.web.app.model.system.EditStreamControllerAction'
, 'N', 2, 0); 
INSERT INTO COMPONENT ( CMP_ID, CPT_ID, PDG_ID, CMP_NAME, CMP_CLIENT_COMPONENT,
CMP_SERVER_COMPONENT, CMP_DELETE_FL, CMP_VERSION_ID, PTN_ID ) VALUES ( 
85, 23, NULL, 'New Stream Controller Action', NULL, 'com.subexazure.spark.web.app.model.system.NewStreamControllerAction'
, 'N', 2, 0); 
INSERT INTO COMPONENT ( CMP_ID, CPT_ID, PDG_ID, CMP_NAME, CMP_CLIENT_COMPONENT,
CMP_SERVER_COMPONENT, CMP_DELETE_FL, CMP_VERSION_ID, PTN_ID ) VALUES ( 
86, 23, NULL, 'New Task Controller Action', NULL, 'com.subexazure.spark.web.app.model.system.NewTaskControllerAction'
, 'N', 2, 0); 
INSERT INTO COMPONENT ( CMP_ID, CPT_ID, PDG_ID, CMP_NAME, CMP_CLIENT_COMPONENT,
CMP_SERVER_COMPONENT, CMP_DELETE_FL, CMP_VERSION_ID, PTN_ID ) VALUES ( 
87, 23, NULL, 'Table Instance Action', NULL, 'com.subexazure.spark.web.app.model.admin.TableInstanceAction'
, 'N', 2, 0); 
INSERT INTO COMPONENT ( CMP_ID, CPT_ID, PDG_ID, CMP_NAME, CMP_CLIENT_COMPONENT,
CMP_SERVER_COMPONENT, CMP_DELETE_FL, CMP_VERSION_ID, PTN_ID ) VALUES ( 
88, 23, NULL, 'Note Action', NULL, 'com.subexazure.spark.web.app.model.admin.NoteAction'
, 'N', 2, 0); 
INSERT INTO COMPONENT ( CMP_ID, CPT_ID, PDG_ID, CMP_NAME, CMP_CLIENT_COMPONENT,
CMP_SERVER_COMPONENT, CMP_DELETE_FL, CMP_VERSION_ID, PTN_ID ) VALUES ( 
89, 23, NULL, 'File Source Action', NULL, 'com.subexazure.spark.web.app.model.system.actioncomponents.FileSourceAction'
, 'N', 2, 0); 
INSERT INTO COMPONENT ( CMP_ID, CPT_ID, PDG_ID, CMP_NAME, CMP_CLIENT_COMPONENT,
CMP_SERVER_COMPONENT, CMP_DELETE_FL, CMP_VERSION_ID, PTN_ID ) VALUES ( 
90, 23, NULL, 'File Collection Action', NULL, 'com.subexazure.spark.web.app.model.system.actioncomponents.FileCollectionAction'
, 'N', 2, 0); 
INSERT INTO COMPONENT ( CMP_ID, CPT_ID, PDG_ID, CMP_NAME, CMP_CLIENT_COMPONENT,
CMP_SERVER_COMPONENT, CMP_DELETE_FL, CMP_VERSION_ID, PTN_ID ) VALUES ( 
91, 23, NULL, 'Process File Action', NULL, 'com.subexazure.spark.web.app.model.system.actioncomponents.ProcessFileAction'
, 'N', 2, 0); 
INSERT INTO COMPONENT ( CMP_ID, CPT_ID, PDG_ID, CMP_NAME, CMP_CLIENT_COMPONENT,
CMP_SERVER_COMPONENT, CMP_DELETE_FL, CMP_VERSION_ID, PTN_ID ) VALUES ( 
92, 23, NULL, 'Open Parse Statistics Action', NULL, 'com.subexazure.spark.web.app.model.system.actioncomponents.OpenParseStatisticsAction'
, 'N', 2, 0); 
INSERT INTO COMPONENT ( CMP_ID, CPT_ID, PDG_ID, CMP_NAME, CMP_CLIENT_COMPONENT,
CMP_SERVER_COMPONENT, CMP_DELETE_FL, CMP_VERSION_ID, PTN_ID ) VALUES ( 
93, 23, NULL, 'Sync Table Schema Action', NULL, 'com.subexazure.spark.web.app.model.admin.SyncTableSchemaAction'
, 'N', 2, 0); 
INSERT INTO COMPONENT ( CMP_ID, CPT_ID, PDG_ID, CMP_NAME, CMP_CLIENT_COMPONENT,
CMP_SERVER_COMPONENT, CMP_DELETE_FL, CMP_VERSION_ID, PTN_ID ) VALUES ( 
94, 23, NULL, 'Truncate Table Action', NULL, 'com.subexazure.spark.web.app.model.admin.TruncateTableAction'
, 'N', 2, 0); 
INSERT INTO COMPONENT ( CMP_ID, CPT_ID, PDG_ID, CMP_NAME, CMP_CLIENT_COMPONENT,
CMP_SERVER_COMPONENT, CMP_DELETE_FL, CMP_VERSION_ID, PTN_ID ) VALUES ( 
95, 23, NULL, 'Jump To Search Action', NULL, 'com.subexazure.spark.web.app.model.admin.JumpToSearchAction'
, 'N', 2, 0); 
INSERT INTO COMPONENT ( CMP_ID, CPT_ID, PDG_ID, CMP_NAME, CMP_CLIENT_COMPONENT,
CMP_SERVER_COMPONENT, CMP_DELETE_FL, CMP_VERSION_ID, PTN_ID ) VALUES ( 
96, 23, NULL, 'Drop Table Schema Action', NULL, 'com.subexazure.spark.web.app.model.admin.DropTableSchemaAction'
, 'N', 2, 0); 
INSERT INTO COMPONENT ( CMP_ID, CPT_ID, PDG_ID, CMP_NAME, CMP_CLIENT_COMPONENT,
CMP_SERVER_COMPONENT, CMP_DELETE_FL, CMP_VERSION_ID, PTN_ID ) VALUES ( 
97, 23, NULL, 'Open Table Dfn Action', NULL, 'com.subexazure.spark.web.app.model.admin.OpenTableDfnAction'
, 'N', 2, 0); 
INSERT INTO COMPONENT ( CMP_ID, CPT_ID, PDG_ID, CMP_NAME, CMP_CLIENT_COMPONENT,
CMP_SERVER_COMPONENT, CMP_DELETE_FL, CMP_VERSION_ID, PTN_ID ) VALUES ( 
98, 23, NULL, 'View History Action', NULL, 'com.subexazure.spark.web.app.model.admin.notes.ViewHistoryAction'
, 'N', 2, 0); 
INSERT INTO COMPONENT ( CMP_ID, CPT_ID, PDG_ID, CMP_NAME, CMP_CLIENT_COMPONENT,
CMP_SERVER_COMPONENT, CMP_DELETE_FL, CMP_VERSION_ID, PTN_ID ) VALUES ( 
99, 23, NULL, 'Navigate To User Action', NULL, 'com.subexazure.spark.web.app.model.casemanagement.cases.NavigateToUserAction'
, 'N', 2, 0); 
INSERT INTO COMPONENT ( CMP_ID, CPT_ID, PDG_ID, CMP_NAME, CMP_CLIENT_COMPONENT,
CMP_SERVER_COMPONENT, CMP_DELETE_FL, CMP_VERSION_ID, PTN_ID ) VALUES ( 
100, 23, NULL, 'Navigate To Team Action', NULL, 'com.subexazure.spark.web.app.model.casemanagement.cases.NavigateToTeamAction'
, 'N', 2, 0); 
INSERT INTO COMPONENT ( CMP_ID, CPT_ID, PDG_ID, CMP_NAME, CMP_CLIENT_COMPONENT,
CMP_SERVER_COMPONENT, CMP_DELETE_FL, CMP_VERSION_ID, PTN_ID ) VALUES ( 
101, 23, NULL, 'Navigate To Open Definition', NULL, 'com.subexazure.spark.web.app.model.casemanagement.cases.NavigateToOpenDefinition'
, 'N', 2, 0); 
INSERT INTO COMPONENT ( CMP_ID, CPT_ID, PDG_ID, CMP_NAME, CMP_CLIENT_COMPONENT,
CMP_SERVER_COMPONENT, CMP_DELETE_FL, CMP_VERSION_ID, PTN_ID ) VALUES ( 
102, 23, NULL, 'Navigate To Open Alert Inst', NULL, 'com.subexazure.spark.web.app.model.casemanagement.cases.NavigateToOpenAlertInst'
, 'N', 2, 0); 
INSERT INTO COMPONENT ( CMP_ID, CPT_ID, PDG_ID, CMP_NAME, CMP_CLIENT_COMPONENT,
CMP_SERVER_COMPONENT, CMP_DELETE_FL, CMP_VERSION_ID, PTN_ID ) VALUES ( 
103, 23, NULL, 'Navigate To Open Parent Case', NULL, 'com.subexazure.spark.web.app.model.casemanagement.cases.NavigateToOpenParentCase'
, 'N', 2, 0); 
INSERT INTO COMPONENT ( CMP_ID, CPT_ID, PDG_ID, CMP_NAME, CMP_CLIENT_COMPONENT,
CMP_SERVER_COMPONENT, CMP_DELETE_FL, CMP_VERSION_ID, PTN_ID ) VALUES ( 
104, 23, NULL, 'Navigate To Case Action', NULL, 'com.subexazure.spark.web.app.model.casemanagement.cases.NavigateToCaseAction'
, 'N', 2, 0); 
INSERT INTO COMPONENT ( CMP_ID, CPT_ID, PDG_ID, CMP_NAME, CMP_CLIENT_COMPONENT,
CMP_SERVER_COMPONENT, CMP_DELETE_FL, CMP_VERSION_ID, PTN_ID ) VALUES ( 
105, 23, NULL, 'Jump To Alert Source Action', NULL, 'com.subexazure.spark.web.app.framework.action.JumpToAlertSourceAction'
, 'N', 2, 0); 
INSERT INTO COMPONENT ( CMP_ID, CPT_ID, PDG_ID, CMP_NAME, CMP_CLIENT_COMPONENT,
CMP_SERVER_COMPONENT, CMP_DELETE_FL, CMP_VERSION_ID, PTN_ID ) VALUES ( 
106, 23, NULL, 'Case Instance Action', NULL, 'com.subexazure.spark.web.app.model.monitoring.alerts.CaseInstAction'
, 'N', 2, 0); 
INSERT INTO COMPONENT ( CMP_ID, CPT_ID, PDG_ID, CMP_NAME, CMP_CLIENT_COMPONENT,
CMP_SERVER_COMPONENT, CMP_DELETE_FL, CMP_VERSION_ID, PTN_ID ) VALUES ( 
107, 23, NULL, 'Create Case Instance Action', NULL, 'com.subexazure.spark.web.app.model.monitoring.alerts.CreateCaseInstAction'
, 'N', 2, 0); 
INSERT INTO COMPONENT ( CMP_ID, CPT_ID, PDG_ID, CMP_NAME, CMP_CLIENT_COMPONENT,
CMP_SERVER_COMPONENT, CMP_DELETE_FL, CMP_VERSION_ID, PTN_ID ) VALUES ( 
108, 23, NULL, 'Navigate To Team', NULL, 'com.subexazure.spark.web.app.model.security.NavigateToTeam'
, 'N', 2, 0); 
INSERT INTO COMPONENT ( CMP_ID, CPT_ID, PDG_ID, CMP_NAME, CMP_CLIENT_COMPONENT,
CMP_SERVER_COMPONENT, CMP_DELETE_FL, CMP_VERSION_ID, PTN_ID ) VALUES ( 
109, 23, NULL, 'Navigate To Roles From User Screen', NULL, 'com.subexazure.spark.web.app.model.security.NavigateToRolesFromUserScreen'
, 'N', 2, 0); 
INSERT INTO COMPONENT ( CMP_ID, CPT_ID, PDG_ID, CMP_NAME, CMP_CLIENT_COMPONENT,
CMP_SERVER_COMPONENT, CMP_DELETE_FL, CMP_VERSION_ID, PTN_ID ) VALUES ( 
110, 23, NULL, 'View Partitions From User Screen', NULL, 'com.subexazure.spark.web.app.model.security.ViewPartitionsFromUserScreen'
, 'N', 2, 0); 
INSERT INTO COMPONENT ( CMP_ID, CPT_ID, PDG_ID, CMP_NAME, CMP_CLIENT_COMPONENT,
CMP_SERVER_COMPONENT, CMP_DELETE_FL, CMP_VERSION_ID, PTN_ID ) VALUES ( 
111, 23, NULL, 'Update Strategy Action', NULL, 'com.subexazure.spark.web.app.model.system.UpdateStrategyAction'
, 'N', 2, 0); 
INSERT INTO COMPONENT ( CMP_ID, CPT_ID, PDG_ID, CMP_NAME, CMP_CLIENT_COMPONENT,
CMP_SERVER_COMPONENT, CMP_DELETE_FL, CMP_VERSION_ID, PTN_ID ) VALUES ( 
112, 23, NULL, 'File Collection Status Action', NULL, 'com.subexazure.spark.web.app.model.system.FileCollectionActions'
, 'N', 2, 0); 
INSERT INTO COMPONENT ( CMP_ID, CPT_ID, PDG_ID, CMP_NAME, CMP_CLIENT_COMPONENT,
CMP_SERVER_COMPONENT, CMP_DELETE_FL, CMP_VERSION_ID, PTN_ID ) VALUES ( 
113, 23, NULL, 'Navigate To Open FileSource', NULL, 'com.subexazure.spark.web.app.model.system.NavigateToOpenFileSource'
, 'N', 2, 0); 
INSERT INTO COMPONENT ( CMP_ID, CPT_ID, PDG_ID, CMP_NAME, CMP_CLIENT_COMPONENT,
CMP_SERVER_COMPONENT, CMP_DELETE_FL, CMP_VERSION_ID, PTN_ID ) VALUES ( 
114, 23, NULL, 'Navigate To AlertInst', NULL, 'com.subexazure.spark.web.app.model.system.NavigateToAlertInst'
, 'N', 2, 0); 
INSERT INTO COMPONENT ( CMP_ID, CPT_ID, PDG_ID, CMP_NAME, CMP_CLIENT_COMPONENT,
CMP_SERVER_COMPONENT, CMP_DELETE_FL, CMP_VERSION_ID, PTN_ID ) VALUES ( 
115, 23, NULL, 'File Source Status Action', NULL, 'com.subexazure.spark.web.app.model.system.FileSourceActions'
, 'N', 2, 0); 
INSERT INTO COMPONENT ( CMP_ID, CPT_ID, PDG_ID, CMP_NAME, CMP_CLIENT_COMPONENT,
CMP_SERVER_COMPONENT, CMP_DELETE_FL, CMP_VERSION_ID, PTN_ID ) VALUES ( 
116, 23, NULL, 'Jump To AlertInst', NULL, 'com.subexazure.spark.web.app.model.system.JumpToAlertInst'
, 'N', 2, 0); 
INSERT INTO COMPONENT ( CMP_ID, CPT_ID, PDG_ID, CMP_NAME, CMP_CLIENT_COMPONENT,
CMP_SERVER_COMPONENT, CMP_DELETE_FL, CMP_VERSION_ID, PTN_ID ) VALUES ( 
117, 23, NULL, 'Navigate Band To Element Action', NULL, 'com.subexazure.spark.web.app.model.tariff.NavigateBandToElementAction'
, 'N', 2, 0); 
INSERT INTO COMPONENT ( CMP_ID, CPT_ID, PDG_ID, CMP_NAME, CMP_CLIENT_COMPONENT,
CMP_SERVER_COMPONENT, CMP_DELETE_FL, CMP_VERSION_ID, PTN_ID ) VALUES ( 
118, 23, NULL, 'Copy Element', NULL, 'com.subexazure.spark.web.app.framework.action.CopyElement'
, 'N', 2, 0); 
INSERT INTO COMPONENT ( CMP_ID, CPT_ID, PDG_ID, CMP_NAME, CMP_CLIENT_COMPONENT,
CMP_SERVER_COMPONENT, CMP_DELETE_FL, CMP_VERSION_ID, PTN_ID ) VALUES ( 
119, 23, NULL, 'Navigate Band To Tariff Action', NULL, 'com.subexazure.spark.web.app.model.tariff.NavigateBandToTariffAction'
, 'N', 2, 0); 
INSERT INTO COMPONENT ( CMP_ID, CPT_ID, PDG_ID, CMP_NAME, CMP_CLIENT_COMPONENT,
CMP_SERVER_COMPONENT, CMP_DELETE_FL, CMP_VERSION_ID, PTN_ID ) VALUES ( 
120, 23, NULL, 'Navigate Element To Band Action', NULL, 'com.subexazure.spark.web.app.model.tariff.NavigateElementToBandAction'
, 'N', 2, 0); 
INSERT INTO COMPONENT ( CMP_ID, CPT_ID, PDG_ID, CMP_NAME, CMP_CLIENT_COMPONENT,
CMP_SERVER_COMPONENT, CMP_DELETE_FL, CMP_VERSION_ID, PTN_ID ) VALUES ( 
121, 23, NULL, 'Open Tariff Action', NULL, 'com.subexazure.spark.web.app.framework.action.OpenTariff'
, 'N', 2, 0); 
INSERT INTO COMPONENT ( CMP_ID, CPT_ID, PDG_ID, CMP_NAME, CMP_CLIENT_COMPONENT,
CMP_SERVER_COMPONENT, CMP_DELETE_FL, CMP_VERSION_ID, PTN_ID ) VALUES ( 
122, 23, NULL, 'Open FastScreen Action', NULL, 'com.subexazure.spark.web.app.framework.action.OpenFastScreen'
, 'N', 2, 0); 
INSERT INTO COMPONENT ( CMP_ID, CPT_ID, PDG_ID, CMP_NAME, CMP_CLIENT_COMPONENT,
CMP_SERVER_COMPONENT, CMP_DELETE_FL, CMP_VERSION_ID, PTN_ID ) VALUES ( 
123, 23, NULL, 'Validate Bands Action', NULL, 'com.subexazure.spark.web.app.framework.action.ValidateBandsAction'
, 'N', 2, 0); 
INSERT INTO COMPONENT ( CMP_ID, CPT_ID, PDG_ID, CMP_NAME, CMP_CLIENT_COMPONENT,
CMP_SERVER_COMPONENT, CMP_DELETE_FL, CMP_VERSION_ID, PTN_ID ) VALUES ( 
124, 23, NULL, 'Open FastEntry', NULL, 'com.subexazure.spark.web.app.framework.action.OpenFastEntry'
, 'N', 2, 0); 
INSERT INTO COMPONENT ( CMP_ID, CPT_ID, PDG_ID, CMP_NAME, CMP_CLIENT_COMPONENT,
CMP_SERVER_COMPONENT, CMP_DELETE_FL, CMP_VERSION_ID, PTN_ID ) VALUES ( 
125, 23, NULL, 'New ChildTariff', NULL, 'com.subexazure.spark.web.app.framework.action.NewChildTariff'
, 'N', 2, 0); 
INSERT INTO COMPONENT ( CMP_ID, CPT_ID, PDG_ID, CMP_NAME, CMP_CLIENT_COMPONENT,
CMP_SERVER_COMPONENT, CMP_DELETE_FL, CMP_VERSION_ID, PTN_ID ) VALUES ( 
126, 23, NULL, 'View RateHistory Action', NULL, 'com.subexazure.spark.web.app.framework.action.ViewRateHistoryAction'
, 'N', 2, 0); 
INSERT INTO COMPONENT ( CMP_ID, CPT_ID, PDG_ID, CMP_NAME, CMP_CLIENT_COMPONENT,
CMP_SERVER_COMPONENT, CMP_DELETE_FL, CMP_VERSION_ID, PTN_ID ) VALUES ( 
127, 23, NULL, 'View Report', NULL, 'com.subexazure.spark.web.app.framework.action.ViewReport'
, 'N', 2, 0); 
INSERT INTO COMPONENT ( CMP_ID, CPT_ID, PDG_ID, CMP_NAME, CMP_CLIENT_COMPONENT,
CMP_SERVER_COMPONENT, CMP_DELETE_FL, CMP_VERSION_ID, PTN_ID ) VALUES ( 
128, 23, NULL, 'Lock QueryFilter Action', NULL, 'com.subexazure.spark.web.app.framework.action.LockQueryFilterAction'
, 'N', 2, 0); 
INSERT INTO COMPONENT ( CMP_ID, CPT_ID, PDG_ID, CMP_NAME, CMP_CLIENT_COMPONENT,
CMP_SERVER_COMPONENT, CMP_DELETE_FL, CMP_VERSION_ID, PTN_ID ) VALUES ( 
129, 23, NULL, 'UsageServers Action', NULL, 'com.subexazure.spark.web.app.framework.action.UsageServerAction'
, 'N', 2, 0); 
INSERT INTO COMPONENT ( CMP_ID, CPT_ID, PDG_ID, CMP_NAME, CMP_CLIENT_COMPONENT,
CMP_SERVER_COMPONENT, CMP_DELETE_FL, CMP_VERSION_ID, PTN_ID ) VALUES ( 
130, 23, NULL, 'Attach UsageServer Action', NULL, 'com.subexazure.spark.web.app.framework.action.AttachUsageServerAction'
, 'N', 2, 0); 
INSERT INTO COMPONENT ( CMP_ID, CPT_ID, PDG_ID, CMP_NAME, CMP_CLIENT_COMPONENT,
CMP_SERVER_COMPONENT, CMP_DELETE_FL, CMP_VERSION_ID, PTN_ID ) VALUES ( 
131, 23, NULL, 'Refresh UsagePartitions Action', NULL, 'com.subexazure.spark.web.app.framework.action.RefreshUsagePartitionsAction'
, 'N', 2, 0); 
INSERT INTO COMPONENT ( CMP_ID, CPT_ID, PDG_ID, CMP_NAME, CMP_CLIENT_COMPONENT,
CMP_SERVER_COMPONENT, CMP_DELETE_FL, CMP_VERSION_ID, PTN_ID ) VALUES ( 
132, 23, NULL, 'View Log Action', NULL, 'com.subexazure.spark.web.app.model.monitoring.tasks.ViewLogAction'
, 'N', 2, 0); 
INSERT INTO COMPONENT ( CMP_ID, CPT_ID, PDG_ID, CMP_NAME, CMP_CLIENT_COMPONENT,
CMP_SERVER_COMPONENT, CMP_DELETE_FL, CMP_VERSION_ID, PTN_ID ) VALUES ( 
133, 23, NULL, 'View Hierarchy Action', NULL, 'com.subexazure.spark.web.app.model.monitoring.tasks.ViewHierarchyAction'
, 'N', 2, 0); 
INSERT INTO COMPONENT ( CMP_ID, CPT_ID, PDG_ID, CMP_NAME, CMP_CLIENT_COMPONENT,
CMP_SERVER_COMPONENT, CMP_DELETE_FL, CMP_VERSION_ID, PTN_ID ) VALUES ( 
134, 23, NULL, 'File Statistics Action', NULL, 'com.subexazure.spark.web.app.model.monitoring.tasks.FileStatisticsAction'
, 'N', 2, 0); 
INSERT INTO COMPONENT ( CMP_ID, CPT_ID, PDG_ID, CMP_NAME, CMP_CLIENT_COMPONENT,
CMP_SERVER_COMPONENT, CMP_DELETE_FL, CMP_VERSION_ID, PTN_ID ) VALUES ( 
135, 23, NULL, 'Restart Task Action', NULL, 'com.subexazure.spark.web.app.model.monitoring.tasks.RestartTaskAction'
, 'N', 2, 0); 
INSERT INTO COMPONENT ( CMP_ID, CPT_ID, PDG_ID, CMP_NAME, CMP_CLIENT_COMPONENT,
CMP_SERVER_COMPONENT, CMP_DELETE_FL, CMP_VERSION_ID, PTN_ID ) VALUES ( 
136, 23, NULL, 'Cancel Task Action', NULL, 'com.subexazure.spark.web.app.model.monitoring.tasks.CancelTaskAction'
, 'N', 2, 0); 
INSERT INTO COMPONENT ( CMP_ID, CPT_ID, PDG_ID, CMP_NAME, CMP_CLIENT_COMPONENT,
CMP_SERVER_COMPONENT, CMP_DELETE_FL, CMP_VERSION_ID, PTN_ID ) VALUES ( 
137, 23, NULL, 'Pause Task Action', NULL, 'com.subexazure.spark.web.app.model.monitoring.tasks.PauseTaskAction'
, 'N', 2, 0); 
INSERT INTO COMPONENT ( CMP_ID, CPT_ID, PDG_ID, CMP_NAME, CMP_CLIENT_COMPONENT,
CMP_SERVER_COMPONENT, CMP_DELETE_FL, CMP_VERSION_ID, PTN_ID ) VALUES ( 
138, 23, NULL, 'Resume Task Action', NULL, 'com.subexazure.spark.web.app.model.monitoring.tasks.ResumeTaskAction'
, 'N', 2, 0); 
INSERT INTO COMPONENT ( CMP_ID, CPT_ID, PDG_ID, CMP_NAME, CMP_CLIENT_COMPONENT,
CMP_SERVER_COMPONENT, CMP_DELETE_FL, CMP_VERSION_ID, PTN_ID ) VALUES ( 
139, 23, NULL, 'Task Priority Action', NULL, 'com.subexazure.spark.web.app.model.monitoring.tasks.TaskPriorityAction'
, 'N', 2, 0); 
INSERT INTO COMPONENT ( CMP_ID, CPT_ID, PDG_ID, CMP_NAME, CMP_CLIENT_COMPONENT,
CMP_SERVER_COMPONENT, CMP_DELETE_FL, CMP_VERSION_ID, PTN_ID ) VALUES ( 
140, 23, NULL, 'Recurring Task Action', NULL, 'com.subexazure.spark.web.app.model.monitoring.tasks.RecurringTaskAction'
, 'N', 2, 0); 
INSERT INTO COMPONENT ( CMP_ID, CPT_ID, PDG_ID, CMP_NAME, CMP_CLIENT_COMPONENT,
CMP_SERVER_COMPONENT, CMP_DELETE_FL, CMP_VERSION_ID, PTN_ID ) VALUES ( 
141, 23, NULL, 'Schedule Now Action', NULL, 'com.subexazure.spark.web.app.model.monitoring.tasks.ScheduleNowAction'
, 'N', 2, 0); 
INSERT INTO COMPONENT ( CMP_ID, CPT_ID, PDG_ID, CMP_NAME, CMP_CLIENT_COMPONENT,
CMP_SERVER_COMPONENT, CMP_DELETE_FL, CMP_VERSION_ID, PTN_ID ) VALUES ( 
142, 23, NULL, 'Delete TableDfn Action', NULL, 'com.subexazure.spark.web.app.framework.action.DeleteTableDfnAction'
, 'N', 2, 0); 
INSERT INTO COMPONENT ( CMP_ID, CPT_ID, PDG_ID, CMP_NAME, CMP_CLIENT_COMPONENT,
CMP_SERVER_COMPONENT, CMP_DELETE_FL, CMP_VERSION_ID, PTN_ID ) VALUES ( 
143, 23, NULL, 'Open Dashboard Search Action', NULL, 'com.subexazure.spark.web.app.model.dashboard.action.OpenDashboardSearchAction'
, 'N', 2, 0); 
INSERT INTO COMPONENT ( CMP_ID, CPT_ID, PDG_ID, CMP_NAME, CMP_CLIENT_COMPONENT,
CMP_SERVER_COMPONENT, CMP_DELETE_FL, CMP_VERSION_ID, PTN_ID ) VALUES ( 
144, 23, NULL, 'Save Dashboard Action', NULL, 'com.subexazure.spark.web.app.model.dashboard.action.SaveDashboardAction'
, 'N', 2, 0); 
INSERT INTO COMPONENT ( CMP_ID, CPT_ID, PDG_ID, CMP_NAME, CMP_CLIENT_COMPONENT,
CMP_SERVER_COMPONENT, CMP_DELETE_FL, CMP_VERSION_ID, PTN_ID ) VALUES ( 
145, 23, NULL, 'Dashboard Main Page Save As Action', NULL, 'com.subexazure.spark.web.app.model.dashboard.DashboardMainPageSaveAsAction'
, 'N', 2, 0); 
INSERT INTO COMPONENT ( CMP_ID, CPT_ID, PDG_ID, CMP_NAME, CMP_CLIENT_COMPONENT,
CMP_SERVER_COMPONENT, CMP_DELETE_FL, CMP_VERSION_ID, PTN_ID ) VALUES ( 
146, 23, NULL, 'Dashboard Search Screen Save As Action', NULL, 'com.subexazure.spark.web.app.model.dashboard.DashboardSearchScreenSaveAsAction'
, 'N', 2, 0); 
INSERT INTO COMPONENT ( CMP_ID, CPT_ID, PDG_ID, CMP_NAME, CMP_CLIENT_COMPONENT,
CMP_SERVER_COMPONENT, CMP_DELETE_FL, CMP_VERSION_ID, PTN_ID ) VALUES ( 
147, 23, NULL, 'Refresh Dashboard Action', NULL, 'com.subexazure.spark.web.app.model.dashboard.action.RefreshDashboardAction'
, 'N', 2, 0); 
INSERT INTO COMPONENT ( CMP_ID, CPT_ID, PDG_ID, CMP_NAME, CMP_CLIENT_COMPONENT,
CMP_SERVER_COMPONENT, CMP_DELETE_FL, CMP_VERSION_ID, PTN_ID ) VALUES ( 
148, 23, NULL, 'Print Dashboard Action', NULL, 'com.subexazure.spark.web.app.model.dashboard.action.PrintDashboardAction'
, 'N', 2, 0); 
INSERT INTO COMPONENT ( CMP_ID, CPT_ID, PDG_ID, CMP_NAME, CMP_CLIENT_COMPONENT,
CMP_SERVER_COMPONENT, CMP_DELETE_FL, CMP_VERSION_ID, PTN_ID ) VALUES ( 
149, 23, NULL, 'Zoom Dashboard Action', NULL, 'com.subexazure.spark.web.app.model.dashboard.action.ZoomDashboardAction'
, 'N', 2, 0); 
INSERT INTO COMPONENT ( CMP_ID, CPT_ID, PDG_ID, CMP_NAME, CMP_CLIENT_COMPONENT,
CMP_SERVER_COMPONENT, CMP_DELETE_FL, CMP_VERSION_ID, PTN_ID ) VALUES ( 
150, 23, NULL, 'Close Dashboard Action', NULL, 'com.subexazure.spark.web.app.model.dashboard.action.CloseDashboardAction'
, 'N', 2, 0); 
INSERT INTO COMPONENT ( CMP_ID, CPT_ID, PDG_ID, CMP_NAME, CMP_CLIENT_COMPONENT,
CMP_SERVER_COMPONENT, CMP_DELETE_FL, CMP_VERSION_ID, PTN_ID ) VALUES ( 
151, 23, NULL, 'Open Chart Action', NULL, 'com.subexazure.spark.web.app.model.dashboard.action.OpenChartAction'
, 'N', 2, 0); 
INSERT INTO COMPONENT ( CMP_ID, CPT_ID, PDG_ID, CMP_NAME, CMP_CLIENT_COMPONENT,
CMP_SERVER_COMPONENT, CMP_DELETE_FL, CMP_VERSION_ID, PTN_ID ) VALUES ( 
152, 23, NULL, 'Chart Save As Action', NULL, 'com.subexazure.spark.web.app.model.dashboard.action.ChartSaveAsAction'
, 'N', 2, 0); 
INSERT INTO COMPONENT ( CMP_ID, CPT_ID, PDG_ID, CMP_NAME, CMP_CLIENT_COMPONENT,
CMP_SERVER_COMPONENT, CMP_DELETE_FL, CMP_VERSION_ID, PTN_ID ) VALUES ( 
153, 23, NULL, 'Freeze Chart Action', NULL, 'com.subexazure.spark.web.app.model.dashboard.action.FreezeChartAction'
, 'N', 2, 0); 
INSERT INTO COMPONENT ( CMP_ID, CPT_ID, PDG_ID, CMP_NAME, CMP_CLIENT_COMPONENT,
CMP_SERVER_COMPONENT, CMP_DELETE_FL, CMP_VERSION_ID, PTN_ID ) VALUES ( 
154, 23, NULL, 'Export Chart Action', NULL, 'com.subexazure.spark.web.app.model.dashboard.action.ExportChartAction'
, 'N', 2, 0); 
INSERT INTO COMPONENT ( CMP_ID, CPT_ID, PDG_ID, CMP_NAME, CMP_CLIENT_COMPONENT,
CMP_SERVER_COMPONENT, CMP_DELETE_FL, CMP_VERSION_ID, PTN_ID ) VALUES ( 
155, 23, NULL, 'Expand Chart Action', NULL, 'com.subexazure.spark.web.app.model.dashboard.action.ExpandChartAction'
, 'N', 2, 0); 
INSERT INTO COMPONENT ( CMP_ID, CPT_ID, PDG_ID, CMP_NAME, CMP_CLIENT_COMPONENT,
CMP_SERVER_COMPONENT, CMP_DELETE_FL, CMP_VERSION_ID, PTN_ID ) VALUES ( 
156, 23, NULL, 'Print Chart Action', NULL, 'com.subexazure.spark.web.app.model.dashboard.action.PrintChartAction'
, 'N', 2, 0); 
INSERT INTO COMPONENT ( CMP_ID, CPT_ID, PDG_ID, CMP_NAME, CMP_CLIENT_COMPONENT,
CMP_SERVER_COMPONENT, CMP_DELETE_FL, CMP_VERSION_ID, PTN_ID ) VALUES ( 
157, 23, NULL, 'Close Chart Action', NULL, 'com.subexazure.spark.web.app.model.dashboard.action.CloseChartAction'
, 'N', 2, 0); 
INSERT INTO COMPONENT ( CMP_ID, CPT_ID, PDG_ID, CMP_NAME, CMP_CLIENT_COMPONENT,
CMP_SERVER_COMPONENT, CMP_DELETE_FL, CMP_VERSION_ID, PTN_ID ) VALUES ( 
158, 23, NULL, 'View Edit TableInst Action', NULL, 'com.subexazure.spark.web.app.framework.action.ViewEditTableDfnAction'
, 'N', 2, 0); 
INSERT INTO COMPONENT ( CMP_ID, CPT_ID, PDG_ID, CMP_NAME, CMP_CLIENT_COMPONENT,
CMP_SERVER_COMPONENT, CMP_DELETE_FL, CMP_VERSION_ID, PTN_ID ) VALUES ( 
159, 23, NULL, 'Task Archive Action', NULL, 'com.subexazure.spark.web.app.model.monitoring.tasks.TaskArchiveAction'
, 'N', 2, 0); 
INSERT INTO COMPONENT ( CMP_ID, CPT_ID, PDG_ID, CMP_NAME, CMP_CLIENT_COMPONENT,
CMP_SERVER_COMPONENT, CMP_DELETE_FL, CMP_VERSION_ID, PTN_ID ) VALUES ( 
160, 23, NULL, 'View Task Warning Action', NULL, 'com.subexazure.spark.web.app.framework.action.ViewTaskWarningAction'
, 'N', 2, 0); 
INSERT INTO COMPONENT ( CMP_ID, CPT_ID, PDG_ID, CMP_NAME, CMP_CLIENT_COMPONENT,
CMP_SERVER_COMPONENT, CMP_DELETE_FL, CMP_VERSION_ID, PTN_ID ) VALUES ( 
161, 23, NULL, 'Clear Task Warning Action', NULL, 'com.subexazure.spark.web.app.framework.action.ClearTaskWarningAction'
, 'N', 2, 0); 
INSERT INTO COMPONENT ( CMP_ID, CPT_ID, PDG_ID, CMP_NAME, CMP_CLIENT_COMPONENT,
CMP_SERVER_COMPONENT, CMP_DELETE_FL, CMP_VERSION_ID, PTN_ID ) VALUES ( 
162, 23, NULL, 'Task Actions', NULL, 'com.subexazure.spark.web.app.model.monitoring.tasks.TaskActions'
, 'N', 2, 0); 
INSERT INTO COMPONENT ( CMP_ID, CPT_ID, PDG_ID, CMP_NAME, CMP_CLIENT_COMPONENT,
CMP_SERVER_COMPONENT, CMP_DELETE_FL, CMP_VERSION_ID, PTN_ID ) VALUES ( 
163, 23, NULL, 'Test Connection Action', NULL, 'com.subexazure.spark.web.app.model.admin.TestConnectionAction'
, 'N', 2, 0); 
INSERT INTO COMPONENT ( CMP_ID, CPT_ID, PDG_ID, CMP_NAME, CMP_CLIENT_COMPONENT,
CMP_SERVER_COMPONENT, CMP_DELETE_FL, CMP_VERSION_ID, PTN_ID ) VALUES ( 
164, 23, NULL, 'Open Dashboard Action', NULL, 'com.subexazure.spark.web.app.model.dashboard.OpenDashboardAction'
, 'N', 2, 0); 
INSERT INTO COMPONENT ( CMP_ID, CPT_ID, PDG_ID, CMP_NAME, CMP_CLIENT_COMPONENT,
CMP_SERVER_COMPONENT, CMP_DELETE_FL, CMP_VERSION_ID, PTN_ID ) VALUES ( 
165, 23, NULL, 'Dashboard Main Page Action', NULL, 'com.subexazure.spark.web.app.model.dashboard.DashboardMainPageAction'
, 'N', 2, 0); 
INSERT INTO COMPONENT ( CMP_ID, CPT_ID, PDG_ID, CMP_NAME, CMP_CLIENT_COMPONENT,
CMP_SERVER_COMPONENT, CMP_DELETE_FL, CMP_VERSION_ID, PTN_ID ) VALUES ( 
166, 23, NULL, 'Favourite Dashboard Action', NULL, 'com.subexazure.spark.web.app.model.dashboard.FavouriteDashboardAction'
, 'N', 2, 0); 
INSERT INTO COMPONENT ( CMP_ID, CPT_ID, PDG_ID, CMP_NAME, CMP_CLIENT_COMPONENT,
CMP_SERVER_COMPONENT, CMP_DELETE_FL, CMP_VERSION_ID, PTN_ID ) VALUES ( 
167, 23, NULL, 'Link Chart Action', NULL, 'com.subexazure.spark.web.app.model.dashboard.action.LinkChartAction'
, 'N', 2, 0); 
INSERT INTO COMPONENT ( CMP_ID, CPT_ID, PDG_ID, CMP_NAME, CMP_CLIENT_COMPONENT,
CMP_SERVER_COMPONENT, CMP_DELETE_FL, CMP_VERSION_ID, PTN_ID ) VALUES ( 
168, 23, NULL, 'Dashboard Save As Action', NULL, 'com.subexazure.spark.web.app.model.dashboard.DashboardSaveAsAction'
, 'N', 2, 0); 
INSERT INTO COMPONENT ( CMP_ID, CPT_ID, PDG_ID, CMP_NAME, CMP_CLIENT_COMPONENT,
CMP_SERVER_COMPONENT, CMP_DELETE_FL, CMP_VERSION_ID, PTN_ID ) VALUES ( 
169, 23, NULL, 'Refresh Chart Action', NULL, 'com.subexazure.spark.web.app.model.dashboard.action.RefreshDashboardAction'
, 'N', 2, 0); 
INSERT INTO COMPONENT ( CMP_ID, CPT_ID, PDG_ID, CMP_NAME, CMP_CLIENT_COMPONENT,
CMP_SERVER_COMPONENT, CMP_DELETE_FL, CMP_VERSION_ID, PTN_ID ) VALUES ( 
170, 24, NULL, 'External Alert Poller', NULL, 'com.subexazure.spark.streamcontroller.thread.ExternalAlertPoller'
, 'N', 2, 0); 
INSERT INTO COMPONENT ( CMP_ID, CPT_ID, PDG_ID, CMP_NAME, CMP_CLIENT_COMPONENT,
CMP_SERVER_COMPONENT, CMP_DELETE_FL, CMP_VERSION_ID, PTN_ID ) VALUES ( 
171, 25, NULL, 'Parse Task Config', NULL, 'com.subexazure.spark.common.streamstage.ParseTaskStreamStageConfig'
, 'N', 2, 0); 
INSERT INTO COMPONENT ( CMP_ID, CPT_ID, PDG_ID, CMP_NAME, CMP_CLIENT_COMPONENT,
CMP_SERVER_COMPONENT, CMP_DELETE_FL, CMP_VERSION_ID, PTN_ID ) VALUES ( 
172, 26, NULL, 'Parse Task Factory', NULL, 'com.subexazure.spark.taskcontroller.tasks.parse.ParseTaskFactory'
, 'N', 2, 0); 
INSERT INTO COMPONENT ( CMP_ID, CPT_ID, PDG_ID, CMP_NAME, CMP_CLIENT_COMPONENT,
CMP_SERVER_COMPONENT, CMP_DELETE_FL, CMP_VERSION_ID, PTN_ID ) VALUES ( 
173, 26, NULL, 'File Sequence Check Task Factory', NULL, 'com.subexazure.spark.taskcontroller.tasks.FileSequenceCheck.FileSequenceCheckFactory'
, 'N', 2, 0); 
INSERT INTO COMPONENT ( CMP_ID, CPT_ID, PDG_ID, CMP_NAME, CMP_CLIENT_COMPONENT,
CMP_SERVER_COMPONENT, CMP_DELETE_FL, CMP_VERSION_ID, PTN_ID ) VALUES ( 
174, 26, NULL, 'Inter File Record Sequence Check Task Factory', NULL, 'com.subexazure.spark.taskcontroller.tasks.InterFileRecordSequenceCheck.InterFileRecordSequenceCheckFactory'
, 'N', 2, 0); 
INSERT INTO COMPONENT ( CMP_ID, CPT_ID, PDG_ID, CMP_NAME, CMP_CLIENT_COMPONENT,
CMP_SERVER_COMPONENT, CMP_DELETE_FL, CMP_VERSION_ID, PTN_ID ) VALUES ( 
175, 26, NULL, 'Create Index Task Factory', NULL, 'com.subexazure.spark.taskcontroller.tasks.createindex.CreateIndexTaskFactory'
, 'N', 2, 0); 
INSERT INTO COMPONENT ( CMP_ID, CPT_ID, PDG_ID, CMP_NAME, CMP_CLIENT_COMPONENT,
CMP_SERVER_COMPONENT, CMP_DELETE_FL, CMP_VERSION_ID, PTN_ID ) VALUES ( 
176, 26, NULL, 'Data Load Task Factory', NULL, 'com.subexazure.spark.taskcontroller.tasks.dataload.DataLoadTaskFactory'
, 'N', 2, 0); 
INSERT INTO COMPONENT ( CMP_ID, CPT_ID, PDG_ID, CMP_NAME, CMP_CLIENT_COMPONENT,
CMP_SERVER_COMPONENT, CMP_DELETE_FL, CMP_VERSION_ID, PTN_ID ) VALUES ( 
177, 26, NULL, 'Generic Task Factory', NULL, 'com.subexazure.spark.taskcontroller.tasks.generic.GenericTaskFactory'
, 'N', 2, 0); 
INSERT INTO COMPONENT ( CMP_ID, CPT_ID, PDG_ID, CMP_NAME, CMP_CLIENT_COMPONENT,
CMP_SERVER_COMPONENT, CMP_DELETE_FL, CMP_VERSION_ID, PTN_ID ) VALUES ( 
178, 26, NULL, 'Correction Task Factory', NULL, 'com.subexazure.spark.taskcontroller.tasks.correction.CorrectionTaskFactory'
, 'N', 2, 0); 
INSERT INTO COMPONENT ( CMP_ID, CPT_ID, PDG_ID, CMP_NAME, CMP_CLIENT_COMPONENT,
CMP_SERVER_COMPONENT, CMP_DELETE_FL, CMP_VERSION_ID, PTN_ID ) VALUES ( 
179, 26, NULL, 'Case Escalation Task Factory', NULL, 'com.subexazure.spark.taskcontroller.tasks.caseescalation.CaseEscalationTaskFactory'
, 'N', 2, 0); 
INSERT INTO COMPONENT ( CMP_ID, CPT_ID, PDG_ID, CMP_NAME, CMP_CLIENT_COMPONENT,
CMP_SERVER_COMPONENT, CMP_DELETE_FL, CMP_VERSION_ID, PTN_ID ) VALUES ( 
180, 26, NULL, 'Duplicate Task Factory', NULL, 'com.subexazure.spark.taskcontroller.tasks.duplicate.DuplicateTaskFactory'
, 'N', 2, 0); 
INSERT INTO COMPONENT ( CMP_ID, CPT_ID, PDG_ID, CMP_NAME, CMP_CLIENT_COMPONENT,
CMP_SERVER_COMPONENT, CMP_DELETE_FL, CMP_VERSION_ID, PTN_ID ) VALUES ( 
181, 27, 14, 'File Trigger', NULL, 'com.subexazure.spark.common.trigger.FileTrigger'
, 'N', 2, 0); 
INSERT INTO COMPONENT ( CMP_ID, CPT_ID, PDG_ID, CMP_NAME, CMP_CLIENT_COMPONENT,
CMP_SERVER_COMPONENT, CMP_DELETE_FL, CMP_VERSION_ID, PTN_ID ) VALUES ( 
182, 27, 31, 'Task Completed Trigger', NULL, 'com.subexazure.spark.common.trigger.TaskCompletedTrigger'
, 'N', 2, 0); 
INSERT INTO COMPONENT ( CMP_ID, CPT_ID, PDG_ID, CMP_NAME, CMP_CLIENT_COMPONENT,
CMP_SERVER_COMPONENT, CMP_DELETE_FL, CMP_VERSION_ID, PTN_ID ) VALUES ( 
183, 28, NULL, 'Date Based Partition Component', NULL, 'com.subexazure.spark.common.usage.DateUsageGroupComponent'
, 'N', 2, 0); 
INSERT INTO COMPONENT ( CMP_ID, CPT_ID, PDG_ID, CMP_NAME, CMP_CLIENT_COMPONENT,
CMP_SERVER_COMPONENT, CMP_DELETE_FL, CMP_VERSION_ID, PTN_ID ) VALUES ( 
184, 29, 26, 'Standard User Name Validation', NULL, 'com.subexazure.spark.common.uservalidation.StandardUserNameValidation'
, 'N', 2, 0); 
INSERT INTO COMPONENT ( CMP_ID, CPT_ID, PDG_ID, CMP_NAME, CMP_CLIENT_COMPONENT,
CMP_SERVER_COMPONENT, CMP_DELETE_FL, CMP_VERSION_ID, PTN_ID ) VALUES ( 
185, 30, 27, 'Standard User Password Validation', NULL, 'com.subexazure.spark.common.uservalidation.StandardUserPasswordValidation'
, 'N', 2, 0); 
INSERT INTO COMPONENT ( CMP_ID, CPT_ID, PDG_ID, CMP_NAME, CMP_CLIENT_COMPONENT,
CMP_SERVER_COMPONENT, CMP_DELETE_FL, CMP_VERSION_ID, PTN_ID ) VALUES ( 
186, 32, NULL, 'Area2D', NULL, 'com.subexazure.spark.web.app.model.dashboard.chart.writer.SingleSeriesWriter'
, 'N', 2, 0); 
INSERT INTO COMPONENT ( CMP_ID, CPT_ID, PDG_ID, CMP_NAME, CMP_CLIENT_COMPONENT,
CMP_SERVER_COMPONENT, CMP_DELETE_FL, CMP_VERSION_ID, PTN_ID ) VALUES ( 
187, 32, NULL, 'Bar2D', NULL, 'com.subexazure.spark.web.app.model.dashboard.chart.writer.SingleSeriesWriter'
, 'N', 3, 0); 
INSERT INTO COMPONENT ( CMP_ID, CPT_ID, PDG_ID, CMP_NAME, CMP_CLIENT_COMPONENT,
CMP_SERVER_COMPONENT, CMP_DELETE_FL, CMP_VERSION_ID, PTN_ID ) VALUES ( 
188, 32, NULL, 'Bubble', NULL, 'com.subexazure.spark.web.app.model.dashboard.chart.writer.SingleSeriesWriter'
, 'N', 2, 0); 
INSERT INTO COMPONENT ( CMP_ID, CPT_ID, PDG_ID, CMP_NAME, CMP_CLIENT_COMPONENT,
CMP_SERVER_COMPONENT, CMP_DELETE_FL, CMP_VERSION_ID, PTN_ID ) VALUES ( 
189, 32, NULL, 'Column2D', NULL, 'com.subexazure.spark.web.app.model.dashboard.chart.writer.SingleSeriesWriter'
, 'N', 3, 0); 
INSERT INTO COMPONENT ( CMP_ID, CPT_ID, PDG_ID, CMP_NAME, CMP_CLIENT_COMPONENT,
CMP_SERVER_COMPONENT, CMP_DELETE_FL, CMP_VERSION_ID, PTN_ID ) VALUES ( 
190, 32, NULL, 'Column3D', NULL, 'com.subexazure.spark.web.app.model.dashboard.chart.writer.SingleSeriesWriter'
, 'N', 2, 0); 
INSERT INTO COMPONENT ( CMP_ID, CPT_ID, PDG_ID, CMP_NAME, CMP_CLIENT_COMPONENT,
CMP_SERVER_COMPONENT, CMP_DELETE_FL, CMP_VERSION_ID, PTN_ID ) VALUES ( 
191, 32, NULL, 'Doughnut2D', NULL, 'com.subexazure.spark.web.app.model.dashboard.chart.writer.SingleSeriesWriter'
, 'N', 2, 0); 
INSERT INTO COMPONENT ( CMP_ID, CPT_ID, PDG_ID, CMP_NAME, CMP_CLIENT_COMPONENT,
CMP_SERVER_COMPONENT, CMP_DELETE_FL, CMP_VERSION_ID, PTN_ID ) VALUES ( 
192, 32, NULL, 'Doughnut3D', NULL, 'com.subexazure.spark.web.app.model.dashboard.chart.writer.SingleSeriesWriter'
, 'N', 2, 0); 
INSERT INTO COMPONENT ( CMP_ID, CPT_ID, PDG_ID, CMP_NAME, CMP_CLIENT_COMPONENT,
CMP_SERVER_COMPONENT, CMP_DELETE_FL, CMP_VERSION_ID, PTN_ID ) VALUES ( 
193, 32, NULL, 'Line', NULL, 'com.subexazure.spark.web.app.model.dashboard.chart.writer.SingleSeriesWriter'
, 'N', 3, 0); 
INSERT INTO COMPONENT ( CMP_ID, CPT_ID, PDG_ID, CMP_NAME, CMP_CLIENT_COMPONENT,
CMP_SERVER_COMPONENT, CMP_DELETE_FL, CMP_VERSION_ID, PTN_ID ) VALUES ( 
194, 32, NULL, 'MSArea', NULL, 'com.subexazure.spark.web.app.model.dashboard.chart.writer.MultiSeriesWriter'
, 'N', 2, 0); 
INSERT INTO COMPONENT ( CMP_ID, CPT_ID, PDG_ID, CMP_NAME, CMP_CLIENT_COMPONENT,
CMP_SERVER_COMPONENT, CMP_DELETE_FL, CMP_VERSION_ID, PTN_ID ) VALUES ( 
195, 32, NULL, 'MSBar2D', NULL, 'com.subexazure.spark.web.app.model.dashboard.chart.writer.MultiSeriesWriter'
, 'N', 2, 0); 
INSERT INTO COMPONENT ( CMP_ID, CPT_ID, PDG_ID, CMP_NAME, CMP_CLIENT_COMPONENT,
CMP_SERVER_COMPONENT, CMP_DELETE_FL, CMP_VERSION_ID, PTN_ID ) VALUES ( 
196, 32, NULL, 'MSColumn2D', NULL, 'com.subexazure.spark.web.app.model.dashboard.chart.writer.MultiSeriesWriter'
, 'N', 3, 0); 
INSERT INTO COMPONENT ( CMP_ID, CPT_ID, PDG_ID, CMP_NAME, CMP_CLIENT_COMPONENT,
CMP_SERVER_COMPONENT, CMP_DELETE_FL, CMP_VERSION_ID, PTN_ID ) VALUES ( 
197, 32, NULL, 'MSColumn3D', NULL, 'com.subexazure.spark.web.app.model.dashboard.chart.writer.MultiSeriesWriter'
, 'N', 2, 0); 
INSERT INTO COMPONENT ( CMP_ID, CPT_ID, PDG_ID, CMP_NAME, CMP_CLIENT_COMPONENT,
CMP_SERVER_COMPONENT, CMP_DELETE_FL, CMP_VERSION_ID, PTN_ID ) VALUES ( 
198, 32, NULL, 'MSColumn3DLineDY', NULL, 'com.subexazure.spark.web.app.model.dashboard.chart.writer.MultiSeriesWriter'
, 'N', 2, 0); 
INSERT INTO COMPONENT ( CMP_ID, CPT_ID, PDG_ID, CMP_NAME, CMP_CLIENT_COMPONENT,
CMP_SERVER_COMPONENT, CMP_DELETE_FL, CMP_VERSION_ID, PTN_ID ) VALUES ( 
199, 32, NULL, 'MSColumnLine3D', NULL, 'com.subexazure.spark.web.app.model.dashboard.chart.writer.MultiSeriesWriter'
, 'N', 2, 0); 
INSERT INTO COMPONENT ( CMP_ID, CPT_ID, PDG_ID, CMP_NAME, CMP_CLIENT_COMPONENT,
CMP_SERVER_COMPONENT, CMP_DELETE_FL, CMP_VERSION_ID, PTN_ID ) VALUES ( 
200, 32, NULL, 'MSCombi2D', NULL, 'com.subexazure.spark.web.app.model.dashboard.chart.writer.MultiSeriesWriter'
, 'N', 2, 0); 
INSERT INTO COMPONENT ( CMP_ID, CPT_ID, PDG_ID, CMP_NAME, CMP_CLIENT_COMPONENT,
CMP_SERVER_COMPONENT, CMP_DELETE_FL, CMP_VERSION_ID, PTN_ID ) VALUES ( 
201, 32, NULL, 'MSCombiDY2D', NULL, 'com.subexazure.spark.web.app.model.dashboard.chart.writer.MultiSeriesWriter'
, 'N', 2, 0); 
INSERT INTO COMPONENT ( CMP_ID, CPT_ID, PDG_ID, CMP_NAME, CMP_CLIENT_COMPONENT,
CMP_SERVER_COMPONENT, CMP_DELETE_FL, CMP_VERSION_ID, PTN_ID ) VALUES ( 
202, 32, NULL, 'MSLine', NULL, 'com.subexazure.spark.web.app.model.dashboard.chart.writer.MultiSeriesWriter'
, 'N', 3, 0); 
INSERT INTO COMPONENT ( CMP_ID, CPT_ID, PDG_ID, CMP_NAME, CMP_CLIENT_COMPONENT,
CMP_SERVER_COMPONENT, CMP_DELETE_FL, CMP_VERSION_ID, PTN_ID ) VALUES ( 
203, 32, NULL, 'MSStackedColumn2D', NULL, 'com.subexazure.spark.web.app.model.dashboard.chart.writer.MultiSeriesWriter'
, 'N', 2, 0); 
INSERT INTO COMPONENT ( CMP_ID, CPT_ID, PDG_ID, CMP_NAME, CMP_CLIENT_COMPONENT,
CMP_SERVER_COMPONENT, CMP_DELETE_FL, CMP_VERSION_ID, PTN_ID ) VALUES ( 
204, 32, NULL, 'MSStackedColumn2DLineDY', NULL, 'com.subexazure.spark.web.app.model.dashboard.chart.writer.MultiSeriesWriter'
, 'N', 2, 0); 
INSERT INTO COMPONENT ( CMP_ID, CPT_ID, PDG_ID, CMP_NAME, CMP_CLIENT_COMPONENT,
CMP_SERVER_COMPONENT, CMP_DELETE_FL, CMP_VERSION_ID, PTN_ID ) VALUES ( 
205, 32, NULL, 'Pie2D', NULL, 'com.subexazure.spark.web.app.model.dashboard.chart.writer.SingleSeriesWriter'
, 'N', 3, 0); 
INSERT INTO COMPONENT ( CMP_ID, CPT_ID, PDG_ID, CMP_NAME, CMP_CLIENT_COMPONENT,
CMP_SERVER_COMPONENT, CMP_DELETE_FL, CMP_VERSION_ID, PTN_ID ) VALUES ( 
206, 32, NULL, 'Pie3D', NULL, 'com.subexazure.spark.web.app.model.dashboard.chart.writer.SingleSeriesWriter'
, 'N', 2, 0); 
INSERT INTO COMPONENT ( CMP_ID, CPT_ID, PDG_ID, CMP_NAME, CMP_CLIENT_COMPONENT,
CMP_SERVER_COMPONENT, CMP_DELETE_FL, CMP_VERSION_ID, PTN_ID ) VALUES ( 
207, 32, NULL, 'Scatter', NULL, 'com.subexazure.spark.web.app.model.dashboard.chart.writer.MultiSeriesWriter'
, 'N', 2, 0); 
INSERT INTO COMPONENT ( CMP_ID, CPT_ID, PDG_ID, CMP_NAME, CMP_CLIENT_COMPONENT,
CMP_SERVER_COMPONENT, CMP_DELETE_FL, CMP_VERSION_ID, PTN_ID ) VALUES ( 
208, 32, NULL, 'MSScatter', NULL, 'com.subexazure.spark.web.app.model.dashboard.chart.writer.MultiSeriesWriter'
, 'N', 2, 0); 
INSERT INTO COMPONENT ( CMP_ID, CPT_ID, PDG_ID, CMP_NAME, CMP_CLIENT_COMPONENT,
CMP_SERVER_COMPONENT, CMP_DELETE_FL, CMP_VERSION_ID, PTN_ID ) VALUES ( 
209, 32, NULL, 'ScrollArea2D', NULL, 'com.subexazure.spark.web.app.model.dashboard.chart.writer.MultiSeriesWriter'
, 'N', 2, 0); 
INSERT INTO COMPONENT ( CMP_ID, CPT_ID, PDG_ID, CMP_NAME, CMP_CLIENT_COMPONENT,
CMP_SERVER_COMPONENT, CMP_DELETE_FL, CMP_VERSION_ID, PTN_ID ) VALUES ( 
210, 32, NULL, 'ScrollColumn2D', NULL, 'com.subexazure.spark.web.app.model.dashboard.chart.writer.MultiSeriesWriter'
, 'N', 2, 0); 
INSERT INTO COMPONENT ( CMP_ID, CPT_ID, PDG_ID, CMP_NAME, CMP_CLIENT_COMPONENT,
CMP_SERVER_COMPONENT, CMP_DELETE_FL, CMP_VERSION_ID, PTN_ID ) VALUES ( 
211, 32, NULL, 'ScrollLine2D', NULL, 'com.subexazure.spark.web.app.model.dashboard.chart.writer.MultiSeriesWriter'
, 'N', 2, 0); 
INSERT INTO COMPONENT ( CMP_ID, CPT_ID, PDG_ID, CMP_NAME, CMP_CLIENT_COMPONENT,
CMP_SERVER_COMPONENT, CMP_DELETE_FL, CMP_VERSION_ID, PTN_ID ) VALUES ( 
212, 32, NULL, 'SSGrid', NULL, 'com.subexazure.spark.web.app.model.dashboard.chart.writer.MultiSeriesWriter'
, 'N', 2, 0); 
INSERT INTO COMPONENT ( CMP_ID, CPT_ID, PDG_ID, CMP_NAME, CMP_CLIENT_COMPONENT,
CMP_SERVER_COMPONENT, CMP_DELETE_FL, CMP_VERSION_ID, PTN_ID ) VALUES ( 
213, 32, NULL, 'StackedArea2D', NULL, 'com.subexazure.spark.web.app.model.dashboard.chart.writer.MultiSeriesWriter'
, 'N', 2, 0); 
INSERT INTO COMPONENT ( CMP_ID, CPT_ID, PDG_ID, CMP_NAME, CMP_CLIENT_COMPONENT,
CMP_SERVER_COMPONENT, CMP_DELETE_FL, CMP_VERSION_ID, PTN_ID ) VALUES ( 
214, 32, NULL, 'StackedBar2D', NULL, 'com.subexazure.spark.web.app.model.dashboard.chart.writer.MultiSeriesWriter'
, 'N', 2, 0); 
INSERT INTO COMPONENT ( CMP_ID, CPT_ID, PDG_ID, CMP_NAME, CMP_CLIENT_COMPONENT,
CMP_SERVER_COMPONENT, CMP_DELETE_FL, CMP_VERSION_ID, PTN_ID ) VALUES ( 
215, 32, NULL, 'StackedColumn2D', NULL, 'com.subexazure.spark.web.app.model.dashboard.chart.writer.MultiSeriesWriter'
, 'N', 2, 0); 
INSERT INTO COMPONENT ( CMP_ID, CPT_ID, PDG_ID, CMP_NAME, CMP_CLIENT_COMPONENT,
CMP_SERVER_COMPONENT, CMP_DELETE_FL, CMP_VERSION_ID, PTN_ID ) VALUES ( 
216, 32, NULL, 'StackedColumn3D', NULL, 'com.subexazure.spark.web.app.model.dashboard.chart.writer.MultiSeriesWriter'
, 'N', 2, 0); 
INSERT INTO COMPONENT ( CMP_ID, CPT_ID, PDG_ID, CMP_NAME, CMP_CLIENT_COMPONENT,
CMP_SERVER_COMPONENT, CMP_DELETE_FL, CMP_VERSION_ID, PTN_ID ) VALUES ( 
217, 32, NULL, 'StackedColumn3DLineDY', NULL, 'com.subexazure.spark.web.app.model.dashboard.chart.writer.MultiSeriesWriter'
, 'N', 2, 0); 
INSERT INTO COMPONENT ( CMP_ID, CPT_ID, PDG_ID, CMP_NAME, CMP_CLIENT_COMPONENT,
CMP_SERVER_COMPONENT, CMP_DELETE_FL, CMP_VERSION_ID, PTN_ID ) VALUES ( 
218, 32, NULL, 'AngularGauge', NULL, 'com.subexazure.spark.web.app.model.dashboard.chart.writer.AngularGuageWriter'
, 'N', 3, 0); 
INSERT INTO COMPONENT ( CMP_ID, CPT_ID, PDG_ID, CMP_NAME, CMP_CLIENT_COMPONENT,
CMP_SERVER_COMPONENT, CMP_DELETE_FL, CMP_VERSION_ID, PTN_ID ) VALUES ( 
219, 32, NULL, 'Tabular', NULL, 'com.subexazure.spark.web.app.model.dashboard.chart.writer.TabularChartWriter'
, 'N', 2, 0); 
INSERT INTO COMPONENT ( CMP_ID, CPT_ID, PDG_ID, CMP_NAME, CMP_CLIENT_COMPONENT,
CMP_SERVER_COMPONENT, CMP_DELETE_FL, CMP_VERSION_ID, PTN_ID ) VALUES ( 
220, 23, NULL, 'Download Action', NULL, 'com.subexazure.spark.web.app.model.reporting.DownloadAction'
, 'N', 1, 0); 
INSERT INTO COMPONENT ( CMP_ID, CPT_ID, PDG_ID, CMP_NAME, CMP_CLIENT_COMPONENT,
CMP_SERVER_COMPONENT, CMP_DELETE_FL, CMP_VERSION_ID, PTN_ID ) VALUES ( 
221, 23, NULL, 'Print Action', NULL, 'com.subexazure.spark.web.app.model.reporting.PrintAction'
, 'N', 1, 0); 
INSERT INTO COMPONENT ( CMP_ID, CPT_ID, PDG_ID, CMP_NAME, CMP_CLIENT_COMPONENT,
CMP_SERVER_COMPONENT, CMP_DELETE_FL, CMP_VERSION_ID, PTN_ID ) VALUES ( 
222, 23, NULL, 'Export As Action', NULL, 'com.subexazure.spark.web.app.model.reporting.ExportAsAction'
, 'N', 1, 0); 
INSERT INTO COMPONENT ( CMP_ID, CPT_ID, PDG_ID, CMP_NAME, CMP_CLIENT_COMPONENT,
CMP_SERVER_COMPONENT, CMP_DELETE_FL, CMP_VERSION_ID, PTN_ID ) VALUES ( 
223, 23, NULL, 'Viewer Page Action', NULL, 'com.subexazure.spark.web.app.model.reporting.ViewerPageAction'
, 'N', 1, 0); 
INSERT INTO COMPONENT ( CMP_ID, CPT_ID, PDG_ID, CMP_NAME, CMP_CLIENT_COMPONENT,
CMP_SERVER_COMPONENT, CMP_DELETE_FL, CMP_VERSION_ID, PTN_ID ) VALUES ( 
224, 26, NULL, 'Generate Report Task Factory', NULL, 'com.subexazure.spark.taskcontroller.tasks.generatereport.GenerateReportTaskFactory'
, 'N', 1, 0); 
INSERT INTO COMPONENT ( CMP_ID, CPT_ID, PDG_ID, CMP_NAME, CMP_CLIENT_COMPONENT,
CMP_SERVER_COMPONENT, CMP_DELETE_FL, CMP_VERSION_ID, PTN_ID ) VALUES ( 
1, 1, NULL, 'Component Property', NULL, 'com.subexazure.spark.common.properties.ComponentPropertyType'
, 'N', 4, 0); 
INSERT INTO COMPONENT ( CMP_ID, CPT_ID, PDG_ID, CMP_NAME, CMP_CLIENT_COMPONENT,
CMP_SERVER_COMPONENT, CMP_DELETE_FL, CMP_VERSION_ID, PTN_ID ) VALUES ( 
2, 1, NULL, 'Date Property', NULL, 'com.subexazure.spark.common.properties.DatePropertyType'
, 'N', 4, 0); 
INSERT INTO COMPONENT ( CMP_ID, CPT_ID, PDG_ID, CMP_NAME, CMP_CLIENT_COMPONENT,
CMP_SERVER_COMPONENT, CMP_DELETE_FL, CMP_VERSION_ID, PTN_ID ) VALUES ( 
3, 1, NULL, 'Decimal Property', NULL, 'com.subexazure.spark.common.properties.DecimalPropertyType'
, 'N', 5, 0); 
INSERT INTO COMPONENT ( CMP_ID, CPT_ID, PDG_ID, CMP_NAME, CMP_CLIENT_COMPONENT,
CMP_SERVER_COMPONENT, CMP_DELETE_FL, CMP_VERSION_ID, PTN_ID ) VALUES ( 
4, 1, NULL, 'Flag Property', NULL, 'com.subexazure.spark.common.properties.BooleanPropertyType'
, 'N', 5, 0); 
INSERT INTO COMPONENT ( CMP_ID, CPT_ID, PDG_ID, CMP_NAME, CMP_CLIENT_COMPONENT,
CMP_SERVER_COMPONENT, CMP_DELETE_FL, CMP_VERSION_ID, PTN_ID ) VALUES ( 
5, 1, NULL, 'Hard Lookup Property', NULL, 'com.subexazure.spark.common.properties.HardLookupPropertyType'
, 'N', 5, 0); 
INSERT INTO COMPONENT ( CMP_ID, CPT_ID, PDG_ID, CMP_NAME, CMP_CLIENT_COMPONENT,
CMP_SERVER_COMPONENT, CMP_DELETE_FL, CMP_VERSION_ID, PTN_ID ) VALUES ( 
6, 1, NULL, 'Custom Hard Lookup Property', NULL, 'com.subexazure.spark.common.properties.CustomHardLookupPropertyType'
, 'N', 4, 0); 
INSERT INTO COMPONENT ( CMP_ID, CPT_ID, PDG_ID, CMP_NAME, CMP_CLIENT_COMPONENT,
CMP_SERVER_COMPONENT, CMP_DELETE_FL, CMP_VERSION_ID, PTN_ID ) VALUES ( 
7, 1, NULL, 'Integer Property', NULL, 'com.subexazure.spark.common.properties.IntegerPropertyType'
, 'N', 5, 0); 
INSERT INTO COMPONENT ( CMP_ID, CPT_ID, PDG_ID, CMP_NAME, CMP_CLIENT_COMPONENT,
CMP_SERVER_COMPONENT, CMP_DELETE_FL, CMP_VERSION_ID, PTN_ID ) VALUES ( 
8, 1, NULL, 'Long Property', NULL, 'com.subexazure.spark.common.properties.LongPropertyType'
, 'N', 4, 0); 
INSERT INTO COMPONENT ( CMP_ID, CPT_ID, PDG_ID, CMP_NAME, CMP_CLIENT_COMPONENT,
CMP_SERVER_COMPONENT, CMP_DELETE_FL, CMP_VERSION_ID, PTN_ID ) VALUES ( 
9, 1, NULL, 'Lookup Property', NULL, 'com.subexazure.spark.common.properties.LookupPropertyType'
, 'N', 4, 0); 
INSERT INTO COMPONENT ( CMP_ID, CPT_ID, PDG_ID, CMP_NAME, CMP_CLIENT_COMPONENT,
CMP_SERVER_COMPONENT, CMP_DELETE_FL, CMP_VERSION_ID, PTN_ID ) VALUES ( 
10, 1, NULL, 'ParameterDfn Property', NULL, 'com.subexazure.spark.common.properties.ParameterDfnPropertyType'
, 'N', 4, 0); 
INSERT INTO COMPONENT ( CMP_ID, CPT_ID, PDG_ID, CMP_NAME, CMP_CLIENT_COMPONENT,
CMP_SERVER_COMPONENT, CMP_DELETE_FL, CMP_VERSION_ID, PTN_ID ) VALUES ( 
11, 1, NULL, 'Password Property', NULL, 'com.subexazure.spark.common.properties.PasswordPropertyType'
, 'N', 4, 0); 
INSERT INTO COMPONENT ( CMP_ID, CPT_ID, PDG_ID, CMP_NAME, CMP_CLIENT_COMPONENT,
CMP_SERVER_COMPONENT, CMP_DELETE_FL, CMP_VERSION_ID, PTN_ID ) VALUES ( 
12, 1, NULL, 'String Property', NULL, 'com.subexazure.spark.common.properties.StringPropertyType'
, 'N', 5, 0); 
INSERT INTO COMPONENT ( CMP_ID, CPT_ID, PDG_ID, CMP_NAME, CMP_CLIENT_COMPONENT,
CMP_SERVER_COMPONENT, CMP_DELETE_FL, CMP_VERSION_ID, PTN_ID ) VALUES ( 
13, 1, NULL, 'Context File Property', NULL, 'com.subexazure.spark.common.properties.ContextFilePropertyType'
, 'N', 4, 0); 
INSERT INTO COMPONENT ( CMP_ID, CPT_ID, PDG_ID, CMP_NAME, CMP_CLIENT_COMPONENT,
CMP_SERVER_COMPONENT, CMP_DELETE_FL, CMP_VERSION_ID, PTN_ID ) VALUES ( 
14, 1, NULL, 'Context Directory Property', NULL, 'com.subexazure.spark.common.properties.ContextDirectoryPropertyType'
, 'N', 4, 0); 
INSERT INTO COMPONENT ( CMP_ID, CPT_ID, PDG_ID, CMP_NAME, CMP_CLIENT_COMPONENT,
CMP_SERVER_COMPONENT, CMP_DELETE_FL, CMP_VERSION_ID, PTN_ID ) VALUES ( 
15, 1, NULL, 'Colour Property', NULL, 'com.subexazure.spark.common.properties.ColourPropertyType'
, 'N', 5, 0); 
INSERT INTO COMPONENT ( CMP_ID, CPT_ID, PDG_ID, CMP_NAME, CMP_CLIENT_COMPONENT,
CMP_SERVER_COMPONENT, CMP_DELETE_FL, CMP_VERSION_ID, PTN_ID ) VALUES ( 
16, 1, NULL, 'Selection Choice Property', NULL, 'com.subexazure.spark.common.properties.SelectionChoicePropertyType'
, 'N', 4, 0); 
INSERT INTO COMPONENT ( CMP_ID, CPT_ID, PDG_ID, CMP_NAME, CMP_CLIENT_COMPONENT,
CMP_SERVER_COMPONENT, CMP_DELETE_FL, CMP_VERSION_ID, PTN_ID ) VALUES ( 
17, 1, NULL, 'SQL Lookup Property', NULL, 'com.subexazure.spark.common.properties.SQLLookupPropertyType'
, 'N', 4, 0); 
INSERT INTO COMPONENT ( CMP_ID, CPT_ID, PDG_ID, CMP_NAME, CMP_CLIENT_COMPONENT,
CMP_SERVER_COMPONENT, CMP_DELETE_FL, CMP_VERSION_ID, PTN_ID ) VALUES ( 
18, 2, 2, 'Copy File Action', NULL, 'com.subexazure.spark.common.action.CopyFileAction'
, 'N', 2, 0); 
INSERT INTO COMPONENT ( CMP_ID, CPT_ID, PDG_ID, CMP_NAME, CMP_CLIENT_COMPONENT,
CMP_SERVER_COMPONENT, CMP_DELETE_FL, CMP_VERSION_ID, PTN_ID ) VALUES ( 
19, 2, 6, 'Create File Task Action', NULL, 'com.subexazure.spark.common.action.CreateFileTaskAction'
, 'N', 2, 0); 
INSERT INTO COMPONENT ( CMP_ID, CPT_ID, PDG_ID, CMP_NAME, CMP_CLIENT_COMPONENT,
CMP_SERVER_COMPONENT, CMP_DELETE_FL, CMP_VERSION_ID, PTN_ID ) VALUES ( 
20, 2, 8, 'Create Task Action', NULL, 'com.subexazure.spark.common.action.CreateTaskAction'
, 'N', 2, 0); 
INSERT INTO COMPONENT ( CMP_ID, CPT_ID, PDG_ID, CMP_NAME, CMP_CLIENT_COMPONENT,
CMP_SERVER_COMPONENT, CMP_DELETE_FL, CMP_VERSION_ID, PTN_ID ) VALUES ( 
21, 2, 13, 'Delete File Action', NULL, 'com.subexazure.spark.common.action.DeleteFileAction'
, 'N', 2, 0); 
INSERT INTO COMPONENT ( CMP_ID, CPT_ID, PDG_ID, CMP_NAME, CMP_CLIENT_COMPONENT,
CMP_SERVER_COMPONENT, CMP_DELETE_FL, CMP_VERSION_ID, PTN_ID ) VALUES ( 
22, 2, 18, 'Move File Action', NULL, 'com.subexazure.spark.common.action.MoveFileAction'
, 'N', 2, 0); 
INSERT INTO COMPONENT ( CMP_ID, CPT_ID, PDG_ID, CMP_NAME, CMP_CLIENT_COMPONENT,
CMP_SERVER_COMPONENT, CMP_DELETE_FL, CMP_VERSION_ID, PTN_ID ) VALUES ( 
23, 2, 23, 'Rename File Action', NULL, 'com.subexazure.spark.common.action.RenameFileAction'
, 'N', 2, 0); 
INSERT INTO COMPONENT ( CMP_ID, CPT_ID, PDG_ID, CMP_NAME, CMP_CLIENT_COMPONENT,
CMP_SERVER_COMPONENT, CMP_DELETE_FL, CMP_VERSION_ID, PTN_ID ) VALUES ( 
24, 3, NULL, 'Activity Based', NULL, 'com.subexazure.spark.common.cases.allocation.ActivityBasedCaseAllocation'
, 'N', 2, 0); 
INSERT INTO COMPONENT ( CMP_ID, CPT_ID, PDG_ID, CMP_NAME, CMP_CLIENT_COMPONENT,
CMP_SERVER_COMPONENT, CMP_DELETE_FL, CMP_VERSION_ID, PTN_ID ) VALUES ( 
25, 3, NULL, 'Round Robin', NULL, 'com.subexazure.spark.common.cases.allocation.RoundRobinCaseAllocation'
, 'N', 2, 0); 
INSERT INTO COMPONENT ( CMP_ID, CPT_ID, PDG_ID, CMP_NAME, CMP_CLIENT_COMPONENT,
CMP_SERVER_COMPONENT, CMP_DELETE_FL, CMP_VERSION_ID, PTN_ID ) VALUES ( 
26, 4, NULL, 'Auto - Standard', 'com.subexazure.spark.web.app.model.casemanagement.AutoCaseStepComponent'
, 'com.subexazure.spark.taskcontroller.tasks.correction.StandardCorrectionComponent'
, 'N', 1, 0); 
INSERT INTO COMPONENT ( CMP_ID, CPT_ID, PDG_ID, CMP_NAME, CMP_CLIENT_COMPONENT,
CMP_SERVER_COMPONENT, CMP_DELETE_FL, CMP_VERSION_ID, PTN_ID ) VALUES ( 
27, 4, NULL, 'Manual - Data Entry', 'com.subexazure.spark.web.app.model.casemanagement.ManualCaseStepComponent'
, NULL, 'N', 1, 0); 
INSERT INTO COMPONENT ( CMP_ID, CPT_ID, PDG_ID, CMP_NAME, CMP_CLIENT_COMPONENT,
CMP_SERVER_COMPONENT, CMP_DELETE_FL, CMP_VERSION_ID, PTN_ID ) VALUES ( 
28, 4, NULL, 'Resolved', 'com.subexazure.spark.web.app.model.casemanagement.ResolvedCaseStepComponent'
, NULL, 'N', 1, 0); 
INSERT INTO COMPONENT ( CMP_ID, CPT_ID, PDG_ID, CMP_NAME, CMP_CLIENT_COMPONENT,
CMP_SERVER_COMPONENT, CMP_DELETE_FL, CMP_VERSION_ID, PTN_ID ) VALUES ( 
29, 6, NULL, 'SQL Server Data Source', NULL, 'com.subexazure.spark.database.datasource.SQLServerDataSource'
, 'N', 2, 0); 
INSERT INTO COMPONENT ( CMP_ID, CPT_ID, PDG_ID, CMP_NAME, CMP_CLIENT_COMPONENT,
CMP_SERVER_COMPONENT, CMP_DELETE_FL, CMP_VERSION_ID, PTN_ID ) VALUES ( 
30, 6, NULL, 'Oracle Data Source', NULL, 'com.subexazure.spark.database.datasource.OracleDataSource'
, 'N', 2, 0); 
INSERT INTO COMPONENT ( CMP_ID, CPT_ID, PDG_ID, CMP_NAME, CMP_CLIENT_COMPONENT,
CMP_SERVER_COMPONENT, CMP_DELETE_FL, CMP_VERSION_ID, PTN_ID ) VALUES ( 
31, 7, NULL, 'Date Cache All Strategy', NULL, 'com.subexazure.spark.common.caching.datecache.DateCacheAll'
, 'N', 2, 0); 
INSERT INTO COMPONENT ( CMP_ID, CPT_ID, PDG_ID, CMP_NAME, CMP_CLIENT_COMPONENT,
CMP_SERVER_COMPONENT, CMP_DELETE_FL, CMP_VERSION_ID, PTN_ID ) VALUES ( 
32, 7, NULL, 'Date Cache Key On Demand Strategy', NULL, 'com.subexazure.spark.common.caching.datecache.DateCacheKeyOnDemand'
, 'N', 2, 0); 
INSERT INTO COMPONENT ( CMP_ID, CPT_ID, PDG_ID, CMP_NAME, CMP_CLIENT_COMPONENT,
CMP_SERVER_COMPONENT, CMP_DELETE_FL, CMP_VERSION_ID, PTN_ID ) VALUES ( 
33, 7, NULL, 'Date Cache Range On Demand Strategy', NULL, 'com.subexazure.spark.common.caching.datecache.DateCacheRangeOnDemand'
, 'N', 2, 0); 
INSERT INTO COMPONENT ( CMP_ID, CPT_ID, PDG_ID, CMP_NAME, CMP_CLIENT_COMPONENT,
CMP_SERVER_COMPONENT, CMP_DELETE_FL, CMP_VERSION_ID, PTN_ID ) VALUES ( 
34, 8, NULL, 'Date Day Group', NULL, 'com.subexazure.spark.common.daygroup.DateDayGroupComponent'
, 'N', 2, 0); 
INSERT INTO COMPONENT ( CMP_ID, CPT_ID, PDG_ID, CMP_NAME, CMP_CLIENT_COMPONENT,
CMP_SERVER_COMPONENT, CMP_DELETE_FL, CMP_VERSION_ID, PTN_ID ) VALUES ( 
35, 8, NULL, 'Day String Day Group', NULL, 'com.subexazure.spark.common.daygroup.DayStringDayGroupComponent'
, 'N', 2, 0); 
INSERT INTO COMPONENT ( CMP_ID, CPT_ID, PDG_ID, CMP_NAME, CMP_CLIENT_COMPONENT,
CMP_SERVER_COMPONENT, CMP_DELETE_FL, CMP_VERSION_ID, PTN_ID ) VALUES ( 
36, 11, NULL, 'Minutely', NULL, 'com.subexazure.sparkcommon.frequency.FrequencyMinutely'
, 'N', 2, 0); 
INSERT INTO COMPONENT ( CMP_ID, CPT_ID, PDG_ID, CMP_NAME, CMP_CLIENT_COMPONENT,
CMP_SERVER_COMPONENT, CMP_DELETE_FL, CMP_VERSION_ID, PTN_ID ) VALUES ( 
37, 11, NULL, 'Hourly', NULL, 'com.subexazure.sparkcommon.frequency.FrequencyHourly'
, 'N', 2, 0); 
INSERT INTO COMPONENT ( CMP_ID, CPT_ID, PDG_ID, CMP_NAME, CMP_CLIENT_COMPONENT,
CMP_SERVER_COMPONENT, CMP_DELETE_FL, CMP_VERSION_ID, PTN_ID ) VALUES ( 
38, 11, NULL, 'Daily', NULL, 'com.subexazure.sparkcommon.frequency.FrequencyDaily'
, 'N', 2, 0); 
INSERT INTO COMPONENT ( CMP_ID, CPT_ID, PDG_ID, CMP_NAME, CMP_CLIENT_COMPONENT,
CMP_SERVER_COMPONENT, CMP_DELETE_FL, CMP_VERSION_ID, PTN_ID ) VALUES ( 
39, 11, NULL, 'Weekly', NULL, 'com.subexazure.sparkcommon.frequency.FrequencyWeekly'
, 'N', 2, 0); 
INSERT INTO COMPONENT ( CMP_ID, CPT_ID, PDG_ID, CMP_NAME, CMP_CLIENT_COMPONENT,
CMP_SERVER_COMPONENT, CMP_DELETE_FL, CMP_VERSION_ID, PTN_ID ) VALUES ( 
40, 11, NULL, 'Fortnightly', NULL, 'com.subexazure.sparkcommon.frequency.FrequencyFortnightly'
, 'N', 2, 0); 
INSERT INTO COMPONENT ( CMP_ID, CPT_ID, PDG_ID, CMP_NAME, CMP_CLIENT_COMPONENT,
CMP_SERVER_COMPONENT, CMP_DELETE_FL, CMP_VERSION_ID, PTN_ID ) VALUES ( 
41, 11, NULL, 'Twice Monthly', NULL, 'com.subexazure.sparkcommon.frequency.FrequencyTwiceMonthly'
, 'N', 2, 0); 
INSERT INTO COMPONENT ( CMP_ID, CPT_ID, PDG_ID, CMP_NAME, CMP_CLIENT_COMPONENT,
CMP_SERVER_COMPONENT, CMP_DELETE_FL, CMP_VERSION_ID, PTN_ID ) VALUES ( 
42, 11, NULL, 'Monthly', NULL, 'com.subexazure.sparkcommon.frequency.FrequencyMonthly'
, 'N', 2, 0); 
INSERT INTO COMPONENT ( CMP_ID, CPT_ID, PDG_ID, CMP_NAME, CMP_CLIENT_COMPONENT,
CMP_SERVER_COMPONENT, CMP_DELETE_FL, CMP_VERSION_ID, PTN_ID ) VALUES ( 
43, 11, NULL, 'BiMonthly', NULL, 'com.subexazure.sparkcommon.frequency.FrequencyBiMonthly'
, 'N', 2, 0); 
INSERT INTO COMPONENT ( CMP_ID, CPT_ID, PDG_ID, CMP_NAME, CMP_CLIENT_COMPONENT,
CMP_SERVER_COMPONENT, CMP_DELETE_FL, CMP_VERSION_ID, PTN_ID ) VALUES ( 
44, 11, NULL, 'Quarterly', NULL, 'com.subexazure.sparkcommon.frequency.FrequencyQuarterly'
, 'N', 2, 0); 
INSERT INTO COMPONENT ( CMP_ID, CPT_ID, PDG_ID, CMP_NAME, CMP_CLIENT_COMPONENT,
CMP_SERVER_COMPONENT, CMP_DELETE_FL, CMP_VERSION_ID, PTN_ID ) VALUES ( 
45, 11, NULL, 'Six Monthly', NULL, 'com.subexazure.sparkcommon.frequency.FrequencySixMonthly'
, 'N', 2, 0); 
INSERT INTO COMPONENT ( CMP_ID, CPT_ID, PDG_ID, CMP_NAME, CMP_CLIENT_COMPONENT,
CMP_SERVER_COMPONENT, CMP_DELETE_FL, CMP_VERSION_ID, PTN_ID ) VALUES ( 
46, 11, NULL, 'Yearly', NULL, 'com.subexazure.sparkcommon.frequency.FrequencyYearly'
, 'N', 2, 0); 
INSERT INTO COMPONENT ( CMP_ID, CPT_ID, PDG_ID, CMP_NAME, CMP_CLIENT_COMPONENT,
CMP_SERVER_COMPONENT, CMP_DELETE_FL, CMP_VERSION_ID, PTN_ID ) VALUES ( 
47, 11, NULL, 'Indefinite', NULL, 'com.subexazure.sparkcommon.frequency.FrequencyIndefinite'
, 'N', 2, 0); 
INSERT INTO COMPONENT ( CMP_ID, CPT_ID, PDG_ID, CMP_NAME, CMP_CLIENT_COMPONENT,
CMP_SERVER_COMPONENT, CMP_DELETE_FL, CMP_VERSION_ID, PTN_ID ) VALUES ( 
48, 13, NULL, 'Excel Viewer', 'com.subexazure.spark.common.imageviewers.ExcelViewerComponent'
, NULL, 'N', 2, 0); 
INSERT INTO COMPONENT ( CMP_ID, CPT_ID, PDG_ID, CMP_NAME, CMP_CLIENT_COMPONENT,
CMP_SERVER_COMPONENT, CMP_DELETE_FL, CMP_VERSION_ID, PTN_ID ) VALUES ( 
49, 13, NULL, 'PDF Viewer', 'com.subexazure.spark.common.imageviewers.PDFViewerComponent'
, NULL, 'N', 2, 0); 
INSERT INTO COMPONENT ( CMP_ID, CPT_ID, PDG_ID, CMP_NAME, CMP_CLIENT_COMPONENT,
CMP_SERVER_COMPONENT, CMP_DELETE_FL, CMP_VERSION_ID, PTN_ID ) VALUES ( 
50, 13, NULL, 'Text Viewer', 'com.subexazure.spark.common.imageviewers.TextViewerComponent'
, NULL, 'N', 2, 0); 
INSERT INTO COMPONENT ( CMP_ID, CPT_ID, PDG_ID, CMP_NAME, CMP_CLIENT_COMPONENT,
CMP_SERVER_COMPONENT, CMP_DELETE_FL, CMP_VERSION_ID, PTN_ID ) VALUES ( 
51, 15, NULL, 'C# Excel Report', NULL, 'com.subexazure.spark.common.reports.ExcelReport'
, 'N', 2, 0); 
INSERT INTO COMPONENT ( CMP_ID, CPT_ID, PDG_ID, CMP_NAME, CMP_CLIENT_COMPONENT,
CMP_SERVER_COMPONENT, CMP_DELETE_FL, CMP_VERSION_ID, PTN_ID ) VALUES ( 
52, 15, NULL, 'Stored Proc Excel Report', NULL, 'com.subexazure.spark.common.reports.StoredProcExcelReportComponent'
, 'N', 2, 0); 
INSERT INTO COMPONENT ( CMP_ID, CPT_ID, PDG_ID, CMP_NAME, CMP_CLIENT_COMPONENT,
CMP_SERVER_COMPONENT, CMP_DELETE_FL, CMP_VERSION_ID, PTN_ID ) VALUES ( 
53, 16, NULL, 'GZIP Compression', NULL, 'com.subexazure.spark.common.filecollection.GZIPCompressionComponent'
, 'N', 2, 0); 
INSERT INTO COMPONENT ( CMP_ID, CPT_ID, PDG_ID, CMP_NAME, CMP_CLIENT_COMPONENT,
CMP_SERVER_COMPONENT, CMP_DELETE_FL, CMP_VERSION_ID, PTN_ID ) VALUES ( 
54, 16, NULL, 'ZIP Compression', NULL, 'com.subexazure.spark.common.filecollection.ZIPCompressionComponent'
, 'N', 2, 0); 
INSERT INTO COMPONENT ( CMP_ID, CPT_ID, PDG_ID, CMP_NAME, CMP_CLIENT_COMPONENT,
CMP_SERVER_COMPONENT, CMP_DELETE_FL, CMP_VERSION_ID, PTN_ID ) VALUES ( 
55, 17, 17, 'Local File Source', NULL, 'com.subexazure.spark.common.filecollection.LocalFileSource'
, 'N', 2, 0); 
INSERT INTO COMPONENT ( CMP_ID, CPT_ID, PDG_ID, CMP_NAME, CMP_CLIENT_COMPONENT,
CMP_SERVER_COMPONENT, CMP_DELETE_FL, CMP_VERSION_ID, PTN_ID ) VALUES ( 
56, 17, 15, 'FTP File Source', NULL, 'com.subexazure.spark.common.filecollection.FTPFileSource'
, 'N', 2, 0); 
INSERT INTO COMPONENT ( CMP_ID, CPT_ID, PDG_ID, CMP_NAME, CMP_CLIENT_COMPONENT,
CMP_SERVER_COMPONENT, CMP_DELETE_FL, CMP_VERSION_ID, PTN_ID ) VALUES ( 
57, 18, NULL, 'Key Cache All Strategy', NULL, 'com.subexazure.spark.common.caching.keycache.KeyCacheAll'
, 'N', 2, 0); 
INSERT INTO COMPONENT ( CMP_ID, CPT_ID, PDG_ID, CMP_NAME, CMP_CLIENT_COMPONENT,
CMP_SERVER_COMPONENT, CMP_DELETE_FL, CMP_VERSION_ID, PTN_ID ) VALUES ( 
58, 18, NULL, 'Key Cache On Demand Strategy', NULL, 'com.subexazure.spark.common.caching.keycache.KeyCacheOnDemand'
, 'N', 2, 0); 
INSERT INTO COMPONENT ( CMP_ID, CPT_ID, PDG_ID, CMP_NAME, CMP_CLIENT_COMPONENT,
CMP_SERVER_COMPONENT, CMP_DELETE_FL, CMP_VERSION_ID, PTN_ID ) VALUES ( 
59, 19, NULL, 'Entity Attachment', 'com.subexazure.spark.web.app.model.notes.EntityAttachmentComponent'
, NULL, 'N', 2, 0); 
INSERT INTO COMPONENT ( CMP_ID, CPT_ID, PDG_ID, CMP_NAME, CMP_CLIENT_COMPONENT,
CMP_SERVER_COMPONENT, CMP_DELETE_FL, CMP_VERSION_ID, PTN_ID ) VALUES ( 
60, 19, NULL, 'File Attachment', 'com.subexazure.spark.web.app.model.notes.FileAttachmentComponent'
, NULL, 'N', 2, 0); 
INSERT INTO COMPONENT ( CMP_ID, CPT_ID, PDG_ID, CMP_NAME, CMP_CLIENT_COMPONENT,
CMP_SERVER_COMPONENT, CMP_DELETE_FL, CMP_VERSION_ID, PTN_ID ) VALUES ( 
61, 19, NULL, 'Hyperlink Attachment', 'com.subexazure.spark.web.app.model.notes.LinkAttachmentComponent'
, NULL, 'N', 2, 0); 
INSERT INTO COMPONENT ( CMP_ID, CPT_ID, PDG_ID, CMP_NAME, CMP_CLIENT_COMPONENT,
CMP_SERVER_COMPONENT, CMP_DELETE_FL, CMP_VERSION_ID, PTN_ID ) VALUES ( 
62, 20, NULL, 'File Pin', NULL, 'com.subexazure.spark.common.pin.FilePin', 'N', 2
, 0); 
INSERT INTO COMPONENT ( CMP_ID, CPT_ID, PDG_ID, CMP_NAME, CMP_CLIENT_COMPONENT,
CMP_SERVER_COMPONENT, CMP_DELETE_FL, CMP_VERSION_ID, PTN_ID ) VALUES ( 
63, 20, NULL, 'Task Pin', NULL, 'com.subexazure.spark.common.pin.TaskPin', 'N', 2
, 0); 
INSERT INTO COMPONENT ( CMP_ID, CPT_ID, PDG_ID, CMP_NAME, CMP_CLIENT_COMPONENT,
CMP_SERVER_COMPONENT, CMP_DELETE_FL, CMP_VERSION_ID, PTN_ID ) VALUES ( 
64, 20, NULL, 'Stream File Pin', NULL, 'com.subexazure.spark.common.pin.StreamFilePin'
, 'N', 2, 0); 
INSERT INTO COMPONENT ( CMP_ID, CPT_ID, PDG_ID, CMP_NAME, CMP_CLIENT_COMPONENT,
CMP_SERVER_COMPONENT, CMP_DELETE_FL, CMP_VERSION_ID, PTN_ID ) VALUES ( 
65, 20, NULL, 'Object Pin', NULL, 'com.subexazure.spark.common.pin.ObjectPin', 'N'
, 2, 0); 
INSERT INTO COMPONENT ( CMP_ID, CPT_ID, PDG_ID, CMP_NAME, CMP_CLIENT_COMPONENT,
CMP_SERVER_COMPONENT, CMP_DELETE_FL, CMP_VERSION_ID, PTN_ID ) VALUES ( 
66, 21, NULL, 'Standard Schema Type', NULL, 'com.subexazure.spark.common.schematypes.StandardSchemaType'
, 'N', 2, 0); 
INSERT INTO COMPONENT ( CMP_ID, CPT_ID, PDG_ID, CMP_NAME, CMP_CLIENT_COMPONENT,
CMP_SERVER_COMPONENT, CMP_DELETE_FL, CMP_VERSION_ID, PTN_ID ) VALUES ( 
67, 21, NULL, 'Partitioned Schema Type', NULL, 'com.subexazure.spark.common.schematypes.PartitionedSchemaType'
, 'N', 2, 0); 
INSERT INTO COMPONENT ( CMP_ID, CPT_ID, PDG_ID, CMP_NAME, CMP_CLIENT_COMPONENT,
CMP_SERVER_COMPONENT, CMP_DELETE_FL, CMP_VERSION_ID, PTN_ID ) VALUES ( 
68, 22, NULL, 'Date Based Id Generator', NULL, 'com.subexazure.spark.database.hibernate.id.DateBasedIdGenerator'
, 'N', 2, 0); 
INSERT INTO COMPONENT ( CMP_ID, CPT_ID, PDG_ID, CMP_NAME, CMP_CLIENT_COMPONENT,
CMP_SERVER_COMPONENT, CMP_DELETE_FL, CMP_VERSION_ID, PTN_ID ) VALUES ( 
69, 22, NULL, 'Date Based String Id Generator', NULL, 'com.subexazure.spark.database.hibernate.id.DateBasedStringIdGenerator'
, 'N', 2, 0); 
INSERT INTO COMPONENT ( CMP_ID, CPT_ID, PDG_ID, CMP_NAME, CMP_CLIENT_COMPONENT,
CMP_SERVER_COMPONENT, CMP_DELETE_FL, CMP_VERSION_ID, PTN_ID ) VALUES ( 
70, 22, NULL, 'Simple Id Generator', NULL, 'com.subexazure.spark.database.hibernate.id.SimpleIdGenerator'
, 'N', 2, 0); 
INSERT INTO COMPONENT ( CMP_ID, CPT_ID, PDG_ID, CMP_NAME, CMP_CLIENT_COMPONENT,
CMP_SERVER_COMPONENT, CMP_DELETE_FL, CMP_VERSION_ID, PTN_ID ) VALUES ( 
71, 22, NULL, 'Simple String Id Generator', NULL, 'com.subexazure.spark.database.hibernate.id.SimpleStringIdGenerator'
, 'N', 2, 0); 
INSERT INTO COMPONENT ( CMP_ID, CPT_ID, PDG_ID, CMP_NAME, CMP_CLIENT_COMPONENT,
CMP_SERVER_COMPONENT, CMP_DELETE_FL, CMP_VERSION_ID, PTN_ID ) VALUES ( 
72, 23, NULL, 'Default Action Group', NULL, 'com.subexazure.spark.web.app.framework.action.UIActionItemActionGroup'
, 'N', 2, 0); 
INSERT INTO COMPONENT ( CMP_ID, CPT_ID, PDG_ID, CMP_NAME, CMP_CLIENT_COMPONENT,
CMP_SERVER_COMPONENT, CMP_DELETE_FL, CMP_VERSION_ID, PTN_ID ) VALUES ( 
73, 23, NULL, 'Interface Action Group', NULL, 'com.subexazure.spark.web.app.framework.action.InterfaceActionGroup'
, 'N', 2, 0); 
INSERT INTO COMPONENT ( CMP_ID, CPT_ID, PDG_ID, CMP_NAME, CMP_CLIENT_COMPONENT,
CMP_SERVER_COMPONENT, CMP_DELETE_FL, CMP_VERSION_ID, PTN_ID ) VALUES ( 
74, 23, NULL, 'Redirect To URL Action', NULL, 'com.subexazure.spark.web.app.framework.action.RedirectToURLAction'
, 'N', 2, 0); 
INSERT INTO COMPONENT ( CMP_ID, CPT_ID, PDG_ID, CMP_NAME, CMP_CLIENT_COMPONENT,
CMP_SERVER_COMPONENT, CMP_DELETE_FL, CMP_VERSION_ID, PTN_ID ) VALUES ( 
75, 23, NULL, 'Redirect To Entity Search Action', NULL, 'com.subexazure.spark.web.app.framework.action.RedirectToEntitySearchAction'
, 'N', 2, 0); 
INSERT INTO COMPONENT ( CMP_ID, CPT_ID, PDG_ID, CMP_NAME, CMP_CLIENT_COMPONENT,
CMP_SERVER_COMPONENT, CMP_DELETE_FL, CMP_VERSION_ID, PTN_ID ) VALUES ( 
76, 23, NULL, 'Run Export Action', NULL, 'com.subexazure.spark.web.app.model.admin.RunExportAction'
, 'N', 2, 0); 
INSERT INTO COMPONENT ( CMP_ID, CPT_ID, PDG_ID, CMP_NAME, CMP_CLIENT_COMPONENT,
CMP_SERVER_COMPONENT, CMP_DELETE_FL, CMP_VERSION_ID, PTN_ID ) VALUES ( 
77, 23, NULL, 'User Enable/Disable Action', NULL, 'com.subexazure.spark.web.app.model.security.UserEnableDisableAction'
, 'N', 2, 0); 
INSERT INTO COMPONENT ( CMP_ID, CPT_ID, PDG_ID, CMP_NAME, CMP_CLIENT_COMPONENT,
CMP_SERVER_COMPONENT, CMP_DELETE_FL, CMP_VERSION_ID, PTN_ID ) VALUES ( 
78, 23, NULL, 'ChangePassword', NULL, 'com.subexazure.spark.web.app.model.security.ChangePasswordFromUserScreen'
, 'N', 2, 0); 
INSERT INTO COMPONENT ( CMP_ID, CPT_ID, PDG_ID, CMP_NAME, CMP_CLIENT_COMPONENT,
CMP_SERVER_COMPONENT, CMP_DELETE_FL, CMP_VERSION_ID, PTN_ID ) VALUES ( 
79, 23, NULL, 'Edit Supervisior Action', NULL, 'com.subexazure.spark.web.app.model.security.EditSupervisiorAction'
, 'N', 2, 0); 
INSERT INTO COMPONENT ( CMP_ID, CPT_ID, PDG_ID, CMP_NAME, CMP_CLIENT_COMPONENT,
CMP_SERVER_COMPONENT, CMP_DELETE_FL, CMP_VERSION_ID, PTN_ID ) VALUES ( 
80, 23, NULL, 'Add Member Action', NULL, 'com.subexazure.spark.web.app.model.security.AddMemberAction'
, 'N', 2, 0); 
INSERT INTO COMPONENT ( CMP_ID, CPT_ID, PDG_ID, CMP_NAME, CMP_CLIENT_COMPONENT,
CMP_SERVER_COMPONENT, CMP_DELETE_FL, CMP_VERSION_ID, PTN_ID ) VALUES ( 
81, 23, NULL, 'Edit Member Action', NULL, 'com.subexazure.spark.web.app.model.security.EditMemberAction'
, 'N', 2, 0); 
INSERT INTO COMPONENT ( CMP_ID, CPT_ID, PDG_ID, CMP_NAME, CMP_CLIENT_COMPONENT,
CMP_SERVER_COMPONENT, CMP_DELETE_FL, CMP_VERSION_ID, PTN_ID ) VALUES ( 
82, 23, NULL, 'Remove Member Action', NULL, 'com.subexazure.spark.web.app.model.security.RemoveMemberAction'
, 'N', 2, 0); 
commit;
 
INSERT INTO COMPONENT_TYPE ( CPT_ID, CPT_NAME, CPT_TYPE_CD, CPT_DELETE_FL, CPT_VERSION_ID,
PTN_ID ) VALUES ( 
1, 'Property Type', 'PropertyType', 'N', 2, 0); 
INSERT INTO COMPONENT_TYPE ( CPT_ID, CPT_NAME, CPT_TYPE_CD, CPT_DELETE_FL, CPT_VERSION_ID,
PTN_ID ) VALUES ( 
2, 'Action Type', 'ActionType', 'N', 1, 0); 
INSERT INTO COMPONENT_TYPE ( CPT_ID, CPT_NAME, CPT_TYPE_CD, CPT_DELETE_FL, CPT_VERSION_ID,
PTN_ID ) VALUES ( 
3, 'Case Item Step Allocation Type', 'CaseItemStepAllocationType', 'N', 1, 0); 
INSERT INTO COMPONENT_TYPE ( CPT_ID, CPT_NAME, CPT_TYPE_CD, CPT_DELETE_FL, CPT_VERSION_ID,
PTN_ID ) VALUES ( 
4, 'Case Item Step Type', 'CaseItemStepType', 'N', 1, 0); 
INSERT INTO COMPONENT_TYPE ( CPT_ID, CPT_NAME, CPT_TYPE_CD, CPT_DELETE_FL, CPT_VERSION_ID,
PTN_ID ) VALUES ( 
5, 'Case Item Source', 'CaseItemSource', 'N', 1, 0); 
INSERT INTO COMPONENT_TYPE ( CPT_ID, CPT_NAME, CPT_TYPE_CD, CPT_DELETE_FL, CPT_VERSION_ID,
PTN_ID ) VALUES ( 
6, 'Data Source Type', 'DataSourceType', 'N', 1, 0); 
INSERT INTO COMPONENT_TYPE ( CPT_ID, CPT_NAME, CPT_TYPE_CD, CPT_DELETE_FL, CPT_VERSION_ID,
PTN_ID ) VALUES ( 
7, 'Date Cache Strategy', 'DateCacheStrategy', 'N', 1, 0); 
INSERT INTO COMPONENT_TYPE ( CPT_ID, CPT_NAME, CPT_TYPE_CD, CPT_DELETE_FL, CPT_VERSION_ID,
PTN_ID ) VALUES ( 
8, 'Day Group Type', 'DayGroupType', 'N', 1, 0); 
INSERT INTO COMPONENT_TYPE ( CPT_ID, CPT_NAME, CPT_TYPE_CD, CPT_DELETE_FL, CPT_VERSION_ID,
PTN_ID ) VALUES ( 
9, 'Entity Import-Export Type', 'EntityImportExportType', 'N', 1, 0); 
INSERT INTO COMPONENT_TYPE ( CPT_ID, CPT_NAME, CPT_TYPE_CD, CPT_DELETE_FL, CPT_VERSION_ID,
PTN_ID ) VALUES ( 
10, 'Extra Control', 'ExtraControl', 'N', 1, 0); 
INSERT INTO COMPONENT_TYPE ( CPT_ID, CPT_NAME, CPT_TYPE_CD, CPT_DELETE_FL, CPT_VERSION_ID,
PTN_ID ) VALUES ( 
11, 'Frequency Type', 'FrequencyType', 'N', 1, 0); 
INSERT INTO COMPONENT_TYPE ( CPT_ID, CPT_NAME, CPT_TYPE_CD, CPT_DELETE_FL, CPT_VERSION_ID,
PTN_ID ) VALUES ( 
12, 'Generic Type', 'GenericType', 'N', 1, 0); 
INSERT INTO COMPONENT_TYPE ( CPT_ID, CPT_NAME, CPT_TYPE_CD, CPT_DELETE_FL, CPT_VERSION_ID,
PTN_ID ) VALUES ( 
13, 'Image Viewer Type', 'ImageViewer', 'N', 1, 0); 
INSERT INTO COMPONENT_TYPE ( CPT_ID, CPT_NAME, CPT_TYPE_CD, CPT_DELETE_FL, CPT_VERSION_ID,
PTN_ID ) VALUES ( 
14, 'Interface Component', 'InterfaceComponent', 'N', 1, 0); 
INSERT INTO COMPONENT_TYPE ( CPT_ID, CPT_NAME, CPT_TYPE_CD, CPT_DELETE_FL, CPT_VERSION_ID,
PTN_ID ) VALUES ( 
15, 'Interface Type', 'InterfaceType', 'N', 1, 0); 
INSERT INTO COMPONENT_TYPE ( CPT_ID, CPT_NAME, CPT_TYPE_CD, CPT_DELETE_FL, CPT_VERSION_ID,
PTN_ID ) VALUES ( 
16, 'File Compression Type', 'FileCompressionType', 'N', 1, 0); 
INSERT INTO COMPONENT_TYPE ( CPT_ID, CPT_NAME, CPT_TYPE_CD, CPT_DELETE_FL, CPT_VERSION_ID,
PTN_ID ) VALUES ( 
17, 'File Source Type', 'FileSource', 'N', 1, 0); 
INSERT INTO COMPONENT_TYPE ( CPT_ID, CPT_NAME, CPT_TYPE_CD, CPT_DELETE_FL, CPT_VERSION_ID,
PTN_ID ) VALUES ( 
18, 'Key Cache Strategy', 'KeyCacheStrategy', 'N', 1, 0); 
INSERT INTO COMPONENT_TYPE ( CPT_ID, CPT_NAME, CPT_TYPE_CD, CPT_DELETE_FL, CPT_VERSION_ID,
PTN_ID ) VALUES ( 
19, 'Note Attachment', 'NoteAttachment', 'N', 1, 0); 
INSERT INTO COMPONENT_TYPE ( CPT_ID, CPT_NAME, CPT_TYPE_CD, CPT_DELETE_FL, CPT_VERSION_ID,
PTN_ID ) VALUES ( 
20, 'Pin Type', 'PinType', 'N', 1, 0); 
INSERT INTO COMPONENT_TYPE ( CPT_ID, CPT_NAME, CPT_TYPE_CD, CPT_DELETE_FL, CPT_VERSION_ID,
PTN_ID ) VALUES ( 
21, 'Schema Type', 'SchemaType', 'N', 1, 0); 
INSERT INTO COMPONENT_TYPE ( CPT_ID, CPT_NAME, CPT_TYPE_CD, CPT_DELETE_FL, CPT_VERSION_ID,
PTN_ID ) VALUES ( 
22, 'Sequential Id Generator', 'SequentialIdGenerator', 'N', 1, 0); 
INSERT INTO COMPONENT_TYPE ( CPT_ID, CPT_NAME, CPT_TYPE_CD, CPT_DELETE_FL, CPT_VERSION_ID,
PTN_ID ) VALUES ( 
23, 'Screen Action Type', 'ScreenActionType', 'N', 5, 0); 
INSERT INTO COMPONENT_TYPE ( CPT_ID, CPT_NAME, CPT_TYPE_CD, CPT_DELETE_FL, CPT_VERSION_ID,
PTN_ID ) VALUES ( 
24, 'Stream Controller Runnable', 'StreamControllerRunnable', 'N', 1, 0); 
INSERT INTO COMPONENT_TYPE ( CPT_ID, CPT_NAME, CPT_TYPE_CD, CPT_DELETE_FL, CPT_VERSION_ID,
PTN_ID ) VALUES ( 
25, 'Stream Stage Configuration', 'StreamStageConfig', 'N', 1, 0); 
INSERT INTO COMPONENT_TYPE ( CPT_ID, CPT_NAME, CPT_TYPE_CD, CPT_DELETE_FL, CPT_VERSION_ID,
PTN_ID ) VALUES ( 
26, 'Stream Stage Task Factory', 'StreamStageTaskFactory', 'N', 2, 0); 
INSERT INTO COMPONENT_TYPE ( CPT_ID, CPT_NAME, CPT_TYPE_CD, CPT_DELETE_FL, CPT_VERSION_ID,
PTN_ID ) VALUES ( 
27, 'Trigger Type', 'TriggerType', 'N', 1, 0); 
INSERT INTO COMPONENT_TYPE ( CPT_ID, CPT_NAME, CPT_TYPE_CD, CPT_DELETE_FL, CPT_VERSION_ID,
PTN_ID ) VALUES ( 
28, 'Usage Group Partition Component', 'UsageGroupPartitionComponent', 'N', 1, 0); 
INSERT INTO COMPONENT_TYPE ( CPT_ID, CPT_NAME, CPT_TYPE_CD, CPT_DELETE_FL, CPT_VERSION_ID,
PTN_ID ) VALUES ( 
29, 'User Name Validation Type', 'UserNameValidationType', 'N', 1, 0); 
INSERT INTO COMPONENT_TYPE ( CPT_ID, CPT_NAME, CPT_TYPE_CD, CPT_DELETE_FL, CPT_VERSION_ID,
PTN_ID ) VALUES ( 
30, 'User Password Validation Type', 'UserPasswordValidationType', 'N', 1, 0); 
INSERT INTO COMPONENT_TYPE ( CPT_ID, CPT_NAME, CPT_TYPE_CD, CPT_DELETE_FL, CPT_VERSION_ID,
PTN_ID ) VALUES ( 
31, 'Case Instance Export Type', 'CaseInstanceExportType', 'N', 1, 0); 
INSERT INTO COMPONENT_TYPE ( CPT_ID, CPT_NAME, CPT_TYPE_CD, CPT_DELETE_FL, CPT_VERSION_ID,
PTN_ID ) VALUES ( 
32, 'Chart Writer Type', 'ChartWriterType', 'N', 2, 0); 
commit;
 
INSERT INTO CUSTOM_OBJECT ( COS_ID, COG_ID, COS_NAME, COS_TYPE, COS_HORIZONTAL_POS,
COS_VERTICAL_POS, COS_RADIUS, COS_START_ANGLE, COS_END_ANGLE, COS_FILL_AS_GRADIENT, COS_FILL_COLOR,
COS_FILL_PATTERN, COS_FILL_ALPHA, COS_FILL_RATIO, COS_FILL_DEGREE, COS_COLOR, COS_BORDER_COLOR,
COS_LABEL, COS_ALIGN, COS_FONT_FACE, COS_IS_BOLD, COS_FONT_COLOR, COS_DELETE_FL, COS_VERSION_ID,
PTN_ID ) VALUES ( 
1, 1, '1 object', 'circle', '0', '0', '145', '0', '360', '1', 'cccccc,111111', 'linear'
, '100,100', '50,50', '45', NULL, NULL, NULL, NULL, NULL, NULL, NULL, 'N', 2, 1); 
INSERT INTO CUSTOM_OBJECT ( COS_ID, COG_ID, COS_NAME, COS_TYPE, COS_HORIZONTAL_POS,
COS_VERTICAL_POS, COS_RADIUS, COS_START_ANGLE, COS_END_ANGLE, COS_FILL_AS_GRADIENT, COS_FILL_COLOR,
COS_FILL_PATTERN, COS_FILL_ALPHA, COS_FILL_RATIO, COS_FILL_DEGREE, COS_COLOR, COS_BORDER_COLOR,
COS_LABEL, COS_ALIGN, COS_FONT_FACE, COS_IS_BOLD, COS_FONT_COLOR, COS_DELETE_FL, COS_VERSION_ID,
PTN_ID ) VALUES ( 
2, 1, '2 object', 'circle', '0', '0', '120', '0', '360', '1', '111111, cccccc', 'linear'
, '100,100', '50,50', '45', NULL, NULL, NULL, NULL, NULL, NULL, NULL, 'N', 2, 1); 
INSERT INTO CUSTOM_OBJECT ( COS_ID, COG_ID, COS_NAME, COS_TYPE, COS_HORIZONTAL_POS,
COS_VERTICAL_POS, COS_RADIUS, COS_START_ANGLE, COS_END_ANGLE, COS_FILL_AS_GRADIENT, COS_FILL_COLOR,
COS_FILL_PATTERN, COS_FILL_ALPHA, COS_FILL_RATIO, COS_FILL_DEGREE, COS_COLOR, COS_BORDER_COLOR,
COS_LABEL, COS_ALIGN, COS_FONT_FACE, COS_IS_BOLD, COS_FONT_COLOR, COS_DELETE_FL, COS_VERSION_ID,
PTN_ID ) VALUES ( 
3, 1, '3 object', 'circle', '0', '0', '110', '0', '360', NULL, NULL, NULL, NULL, NULL
, NULL, '666666', NULL, NULL, NULL, NULL, NULL, NULL, 'N', 2, 1); 
INSERT INTO CUSTOM_OBJECT ( COS_ID, COG_ID, COS_NAME, COS_TYPE, COS_HORIZONTAL_POS,
COS_VERTICAL_POS, COS_RADIUS, COS_START_ANGLE, COS_END_ANGLE, COS_FILL_AS_GRADIENT, COS_FILL_COLOR,
COS_FILL_PATTERN, COS_FILL_ALPHA, COS_FILL_RATIO, COS_FILL_DEGREE, COS_COLOR, COS_BORDER_COLOR,
COS_LABEL, COS_ALIGN, COS_FONT_FACE, COS_IS_BOLD, COS_FONT_COLOR, COS_DELETE_FL, COS_VERSION_ID,
PTN_ID ) VALUES ( 
4, 2, '4 object', 'circle', '0', '0', '10', '0', '360', '1', 'cccccc,333333', NULL
, '100,100', '50,50', NULL, NULL, 'bebcb0', NULL, NULL, NULL, NULL, NULL, 'N', 2, 1); 
INSERT INTO CUSTOM_OBJECT ( COS_ID, COG_ID, COS_NAME, COS_TYPE, COS_HORIZONTAL_POS,
COS_VERTICAL_POS, COS_RADIUS, COS_START_ANGLE, COS_END_ANGLE, COS_FILL_AS_GRADIENT, COS_FILL_COLOR,
COS_FILL_PATTERN, COS_FILL_ALPHA, COS_FILL_RATIO, COS_FILL_DEGREE, COS_COLOR, COS_BORDER_COLOR,
COS_LABEL, COS_ALIGN, COS_FONT_FACE, COS_IS_BOLD, COS_FONT_COLOR, COS_DELETE_FL, COS_VERSION_ID,
PTN_ID ) VALUES ( 
5, 3, 'Text Chart Name Angular', 'text', '50', '50', NULL, NULL, NULL, NULL, NULL
, NULL, NULL, NULL, NULL, NULL, NULL, NULL, 'center', 'Verdana', '1', '000000', 'N'
, 2, 1); 
INSERT INTO CUSTOM_OBJECT ( COS_ID, COG_ID, COS_NAME, COS_TYPE, COS_HORIZONTAL_POS,
COS_VERTICAL_POS, COS_RADIUS, COS_START_ANGLE, COS_END_ANGLE, COS_FILL_AS_GRADIENT, COS_FILL_COLOR,
COS_FILL_PATTERN, COS_FILL_ALPHA, COS_FILL_RATIO, COS_FILL_DEGREE, COS_COLOR, COS_BORDER_COLOR,
COS_LABEL, COS_ALIGN, COS_FONT_FACE, COS_IS_BOLD, COS_FONT_COLOR, COS_DELETE_FL, COS_VERSION_ID,
PTN_ID ) VALUES ( 
6, 4, 'Text Chart Name bulb', 'text', '50', '50', NULL, NULL, NULL, NULL, NULL, NULL
, NULL, NULL, NULL, NULL, NULL, NULL, 'center', 'Verdana', '1', '000000', 'N', 2, 1); 
commit;
 
INSERT INTO CUSTOM_OBJECT_GROUP ( COG_ID, CSB_ID, COG_NAME, COG_HORIZONTAL_POS, COG_VERTICAL_POS,
COG_SHOW_BELOW_CHART, COG_DELETE_FL, COG_VERSION_ID, PTN_ID ) VALUES ( 
1, 22, '1 group', '150', '150', '1', 'N', 1, 1); 
INSERT INTO CUSTOM_OBJECT_GROUP ( COG_ID, CSB_ID, COG_NAME, COG_HORIZONTAL_POS, COG_VERTICAL_POS,
COG_SHOW_BELOW_CHART, COG_DELETE_FL, COG_VERSION_ID, PTN_ID ) VALUES ( 
2, 22, '2 group', '150', '150', '0', 'N', 1, 1); 
INSERT INTO CUSTOM_OBJECT_GROUP ( COG_ID, CSB_ID, COG_NAME, COG_HORIZONTAL_POS, COG_VERTICAL_POS,
COG_SHOW_BELOW_CHART, COG_DELETE_FL, COG_VERSION_ID, PTN_ID ) VALUES ( 
3, 22, 'Display Chart Name Angular', '100', '-70', '0', 'N', 1, 1); 
INSERT INTO CUSTOM_OBJECT_GROUP ( COG_ID, CSB_ID, COG_NAME, COG_HORIZONTAL_POS, COG_VERTICAL_POS,
COG_SHOW_BELOW_CHART, COG_DELETE_FL, COG_VERSION_ID, PTN_ID ) VALUES ( 
4, 23, 'Display Chart Name Bulb', '170', '-35', '0', 'N', 1, 1); 
commit;
 
INSERT INTO DASHBOARD ( DBD_ID, LYT_ID, DBD_NAME, DBD_REFRESH_INTERVAL, DBD_DESCRIPTION,
DBD_FAVOURITE_FL, DBD_DELETE_FL, DBD_VERSION_ID, PTN_ID ) VALUES ( 
10, 4, 'System Utilization', NULL, 'System Performance Check', 'N', 'Y', 4, 3); 
INSERT INTO DASHBOARD ( DBD_ID, LYT_ID, DBD_NAME, DBD_REFRESH_INTERVAL, DBD_DESCRIPTION,
DBD_FAVOURITE_FL, DBD_DELETE_FL, DBD_VERSION_ID, PTN_ID ) VALUES ( 
11, 4, 'System Resorce Utilization', NULL, 'Charts related to System Resource and File Processing'
, 'N', 'N', 2, 3); 
INSERT INTO DASHBOARD ( DBD_ID, LYT_ID, DBD_NAME, DBD_REFRESH_INTERVAL, DBD_DESCRIPTION,
DBD_FAVOURITE_FL, DBD_DELETE_FL, DBD_VERSION_ID, PTN_ID ) VALUES ( 
5, 4, 'Fraud Loss Analysis', 600, NULL, 'N', 'N', 1, 4); 
INSERT INTO DASHBOARD ( DBD_ID, LYT_ID, DBD_NAME, DBD_REFRESH_INTERVAL, DBD_DESCRIPTION,
DBD_FAVOURITE_FL, DBD_DELETE_FL, DBD_VERSION_ID, PTN_ID ) VALUES ( 
6, 4, 'Fraud Performance', 600, NULL, 'N', 'N', 1, 2); 
INSERT INTO DASHBOARD ( DBD_ID, LYT_ID, DBD_NAME, DBD_REFRESH_INTERVAL, DBD_DESCRIPTION,
DBD_FAVOURITE_FL, DBD_DELETE_FL, DBD_VERSION_ID, PTN_ID ) VALUES ( 
7, 4, 'Team and Analyst Performance', NULL, NULL, 'N', 'N', 1, 2); 
INSERT INTO DASHBOARD ( DBD_ID, LYT_ID, DBD_NAME, DBD_REFRESH_INTERVAL, DBD_DESCRIPTION,
DBD_FAVOURITE_FL, DBD_DELETE_FL, DBD_VERSION_ID, PTN_ID ) VALUES ( 
8, 1, 'Rule Performance and Fraud Types', NULL, NULL, 'N', 'N', 1, 2); 
commit;
 
INSERT INTO DASHBOARD_SECTION ( DBS_ID, DBD_ID, CHR_ID, DBS_PREVIOUS_CHR_ID, DBS_LOCATION,
DBS_DELETE_FL, DBS_VERSION_ID, PTN_ID ) VALUES ( 
111, 10, 89, NULL, 1, 'N', 1, 3); 
INSERT INTO DASHBOARD_SECTION ( DBS_ID, DBD_ID, CHR_ID, DBS_PREVIOUS_CHR_ID, DBS_LOCATION,
DBS_DELETE_FL, DBS_VERSION_ID, PTN_ID ) VALUES ( 
112, 10, 93, NULL, 2, 'N', 1, 3); 
INSERT INTO DASHBOARD_SECTION ( DBS_ID, DBD_ID, CHR_ID, DBS_PREVIOUS_CHR_ID, DBS_LOCATION,
DBS_DELETE_FL, DBS_VERSION_ID, PTN_ID ) VALUES ( 
113, 10, 96, NULL, 3, 'N', 2, 3); 
INSERT INTO DASHBOARD_SECTION ( DBS_ID, DBD_ID, CHR_ID, DBS_PREVIOUS_CHR_ID, DBS_LOCATION,
DBS_DELETE_FL, DBS_VERSION_ID, PTN_ID ) VALUES ( 
114, 10, NULL, NULL, 4, 'N', 1, 3); 
INSERT INTO DASHBOARD_SECTION ( DBS_ID, DBD_ID, CHR_ID, DBS_PREVIOUS_CHR_ID, DBS_LOCATION,
DBS_DELETE_FL, DBS_VERSION_ID, PTN_ID ) VALUES ( 
133, 11, 98, NULL, 1, 'N', 1, 3); 
INSERT INTO DASHBOARD_SECTION ( DBS_ID, DBD_ID, CHR_ID, DBS_PREVIOUS_CHR_ID, DBS_LOCATION,
DBS_DELETE_FL, DBS_VERSION_ID, PTN_ID ) VALUES ( 
134, 11, 93, NULL, 2, 'N', 1, 3); 
INSERT INTO DASHBOARD_SECTION ( DBS_ID, DBD_ID, CHR_ID, DBS_PREVIOUS_CHR_ID, DBS_LOCATION,
DBS_DELETE_FL, DBS_VERSION_ID, PTN_ID ) VALUES ( 
135, 11, 89, NULL, 3, 'N', 1, 3); 
INSERT INTO DASHBOARD_SECTION ( DBS_ID, DBD_ID, CHR_ID, DBS_PREVIOUS_CHR_ID, DBS_LOCATION,
DBS_DELETE_FL, DBS_VERSION_ID, PTN_ID ) VALUES ( 
136, 11, 96, NULL, 4, 'N', 1, 3); 
INSERT INTO DASHBOARD_SECTION ( DBS_ID, DBD_ID, CHR_ID, DBS_PREVIOUS_CHR_ID, DBS_LOCATION,
DBS_DELETE_FL, DBS_VERSION_ID, PTN_ID ) VALUES ( 
137, 11, 97, NULL, 5, 'N', 1, 3); 
INSERT INTO DASHBOARD_SECTION ( DBS_ID, DBD_ID, CHR_ID, DBS_PREVIOUS_CHR_ID, DBS_LOCATION,
DBS_DELETE_FL, DBS_VERSION_ID, PTN_ID ) VALUES ( 
138, 11, NULL, NULL, 6, 'N', 1, 3); 
INSERT INTO DASHBOARD_SECTION ( DBS_ID, DBD_ID, CHR_ID, DBS_PREVIOUS_CHR_ID, DBS_LOCATION,
DBS_DELETE_FL, DBS_VERSION_ID, PTN_ID ) VALUES ( 
89, 5, 67, NULL, 1, 'N', 1, 4); 
INSERT INTO DASHBOARD_SECTION ( DBS_ID, DBD_ID, CHR_ID, DBS_PREVIOUS_CHR_ID, DBS_LOCATION,
DBS_DELETE_FL, DBS_VERSION_ID, PTN_ID ) VALUES ( 
90, 5, 68, NULL, 2, 'N', 1, 4); 
INSERT INTO DASHBOARD_SECTION ( DBS_ID, DBD_ID, CHR_ID, DBS_PREVIOUS_CHR_ID, DBS_LOCATION,
DBS_DELETE_FL, DBS_VERSION_ID, PTN_ID ) VALUES ( 
91, 5, 69, NULL, 3, 'N', 1, 4); 
INSERT INTO DASHBOARD_SECTION ( DBS_ID, DBD_ID, CHR_ID, DBS_PREVIOUS_CHR_ID, DBS_LOCATION,
DBS_DELETE_FL, DBS_VERSION_ID, PTN_ID ) VALUES ( 
92, 5, 70, NULL, 4, 'N', 1, 4); 
INSERT INTO DASHBOARD_SECTION ( DBS_ID, DBD_ID, CHR_ID, DBS_PREVIOUS_CHR_ID, DBS_LOCATION,
DBS_DELETE_FL, DBS_VERSION_ID, PTN_ID ) VALUES ( 
93, 5, 71, NULL, 5, 'N', 1, 4); 
INSERT INTO DASHBOARD_SECTION ( DBS_ID, DBD_ID, CHR_ID, DBS_PREVIOUS_CHR_ID, DBS_LOCATION,
DBS_DELETE_FL, DBS_VERSION_ID, PTN_ID ) VALUES ( 
94, 5, 72, NULL, 6, 'N', 1, 4); 
INSERT INTO DASHBOARD_SECTION ( DBS_ID, DBD_ID, CHR_ID, DBS_PREVIOUS_CHR_ID, DBS_LOCATION,
DBS_DELETE_FL, DBS_VERSION_ID, PTN_ID ) VALUES ( 
95, 6, 73, NULL, 1, 'N', 1, 2); 
INSERT INTO DASHBOARD_SECTION ( DBS_ID, DBD_ID, CHR_ID, DBS_PREVIOUS_CHR_ID, DBS_LOCATION,
DBS_DELETE_FL, DBS_VERSION_ID, PTN_ID ) VALUES ( 
96, 6, 74, NULL, 2, 'N', 1, 2); 
INSERT INTO DASHBOARD_SECTION ( DBS_ID, DBD_ID, CHR_ID, DBS_PREVIOUS_CHR_ID, DBS_LOCATION,
DBS_DELETE_FL, DBS_VERSION_ID, PTN_ID ) VALUES ( 
97, 6, 75, NULL, 3, 'N', 1, 2); 
INSERT INTO DASHBOARD_SECTION ( DBS_ID, DBD_ID, CHR_ID, DBS_PREVIOUS_CHR_ID, DBS_LOCATION,
DBS_DELETE_FL, DBS_VERSION_ID, PTN_ID ) VALUES ( 
98, 6, 76, NULL, 4, 'N', 1, 2); 
INSERT INTO DASHBOARD_SECTION ( DBS_ID, DBD_ID, CHR_ID, DBS_PREVIOUS_CHR_ID, DBS_LOCATION,
DBS_DELETE_FL, DBS_VERSION_ID, PTN_ID ) VALUES ( 
99, 6, 77, NULL, 5, 'N', 1, 2); 
INSERT INTO DASHBOARD_SECTION ( DBS_ID, DBD_ID, CHR_ID, DBS_PREVIOUS_CHR_ID, DBS_LOCATION,
DBS_DELETE_FL, DBS_VERSION_ID, PTN_ID ) VALUES ( 
100, 6, 78, NULL, 6, 'N', 1, 2); 
INSERT INTO DASHBOARD_SECTION ( DBS_ID, DBD_ID, CHR_ID, DBS_PREVIOUS_CHR_ID, DBS_LOCATION,
DBS_DELETE_FL, DBS_VERSION_ID, PTN_ID ) VALUES ( 
101, 7, 79, NULL, 5, 'N', 1, 2); 
INSERT INTO DASHBOARD_SECTION ( DBS_ID, DBD_ID, CHR_ID, DBS_PREVIOUS_CHR_ID, DBS_LOCATION,
DBS_DELETE_FL, DBS_VERSION_ID, PTN_ID ) VALUES ( 
102, 7, 80, NULL, 6, 'N', 1, 2); 
INSERT INTO DASHBOARD_SECTION ( DBS_ID, DBD_ID, CHR_ID, DBS_PREVIOUS_CHR_ID, DBS_LOCATION,
DBS_DELETE_FL, DBS_VERSION_ID, PTN_ID ) VALUES ( 
103, 7, 81, NULL, 1, 'N', 1, 2); 
INSERT INTO DASHBOARD_SECTION ( DBS_ID, DBD_ID, CHR_ID, DBS_PREVIOUS_CHR_ID, DBS_LOCATION,
DBS_DELETE_FL, DBS_VERSION_ID, PTN_ID ) VALUES ( 
104, 7, 82, NULL, 2, 'N', 1, 2); 
INSERT INTO DASHBOARD_SECTION ( DBS_ID, DBD_ID, CHR_ID, DBS_PREVIOUS_CHR_ID, DBS_LOCATION,
DBS_DELETE_FL, DBS_VERSION_ID, PTN_ID ) VALUES ( 
105, 7, 83, NULL, 3, 'N', 1, 2); 
INSERT INTO DASHBOARD_SECTION ( DBS_ID, DBD_ID, CHR_ID, DBS_PREVIOUS_CHR_ID, DBS_LOCATION,
DBS_DELETE_FL, DBS_VERSION_ID, PTN_ID ) VALUES ( 
106, 7, 84, NULL, 4, 'N', 1, 2); 
INSERT INTO DASHBOARD_SECTION ( DBS_ID, DBD_ID, CHR_ID, DBS_PREVIOUS_CHR_ID, DBS_LOCATION,
DBS_DELETE_FL, DBS_VERSION_ID, PTN_ID ) VALUES ( 
107, 8, 85, NULL, 1, 'N', 1, 2); 
INSERT INTO DASHBOARD_SECTION ( DBS_ID, DBD_ID, CHR_ID, DBS_PREVIOUS_CHR_ID, DBS_LOCATION,
DBS_DELETE_FL, DBS_VERSION_ID, PTN_ID ) VALUES ( 
108, 8, 86, NULL, 2, 'N', 1, 2); 
INSERT INTO DASHBOARD_SECTION ( DBS_ID, DBD_ID, CHR_ID, DBS_PREVIOUS_CHR_ID, DBS_LOCATION,
DBS_DELETE_FL, DBS_VERSION_ID, PTN_ID ) VALUES ( 
109, 8, 87, NULL, 3, 'N', 1, 2); 
INSERT INTO DASHBOARD_SECTION ( DBS_ID, DBD_ID, CHR_ID, DBS_PREVIOUS_CHR_ID, DBS_LOCATION,
DBS_DELETE_FL, DBS_VERSION_ID, PTN_ID ) VALUES ( 
110, 8, 88, NULL, 4, 'N', 1, 2); 
commit;
 
INSERT INTO DASHBOARD_SERVER ( DER_ID, DPR_ID, DSC_ID, DER_NAME, DER_D_S_TYPE_FL, DER_USER_NAME,
DER_PASSWORD, DER_URL, DER_DRIVER_CLASS, DER_APP_DATABASE_TYPE, DER_PERSPECTIVE_PIG_ID,
DER_DELETE_FL, DER_VERSION_ID, PTN_ID ) VALUES ( 
3, 1, NULL, 'ROC Fraud Management Server', 'N', 'db_user', 'db_password', 'jdbc:oracle:thin:@DB_HOST:DB_PORT:ORACLE_SID'
, 'oracle.jdbc.OracleDriver', NULL, NULL, 'N', 2, 1); 
commit;
 
INSERT INTO DATA_SOURCE_PERSPECTIVE ( DPR_ID, DPR_NAME, DPR_SERVER_PACKAGE, DPR_PDG_KEY,
DPR_DELETE_FL, DPR_VERSION_ID, PTN_ID ) VALUES ( 
1, 'Basic', 'com.subexazure.spark.web.app.model.dashboard.genericAbstraction.GenericAbstraction'
, 'BasicPerspective', 'N', 2, 1); 
INSERT INTO DATA_SOURCE_PERSPECTIVE ( DPR_ID, DPR_NAME, DPR_SERVER_PACKAGE, DPR_PDG_KEY,
DPR_DELETE_FL, DPR_VERSION_ID, PTN_ID ) VALUES ( 
2, 'Spark', 'com.subexazure.sparkcommon.abstraction.SparkAbstraction', 'SparkPerspective'
, 'N', 1, 1); 
commit;
 
INSERT INTO DATA_SOURCE_TYPE ( DSY_ID, CMP_ID, PIG_ID, DSY_NAME, DSY_DELETE_FL, DSY_VERSION_ID,
PTN_ID ) VALUES ( 
1, 29, 1, 'MS SQL-Server', 'N', 1, 1); 
INSERT INTO DATA_SOURCE_TYPE ( DSY_ID, CMP_ID, PIG_ID, DSY_NAME, DSY_DELETE_FL, DSY_VERSION_ID,
PTN_ID ) VALUES ( 
2, 30, 2, 'Oracle 9', 'N', 1, 1); 
commit;
 
INSERT INTO DEFAULT_GRID ( DGR_ID, ENT_ID, DGR_DELETE_FL, DGR_VERSION_ID,
PTN_ID ) VALUES ( 
1, 8, 'N', 1, 0); 
INSERT INTO DEFAULT_GRID ( DGR_ID, ENT_ID, DGR_DELETE_FL, DGR_VERSION_ID,
PTN_ID ) VALUES ( 
2, 220, 'N', 1, 0); 
INSERT INTO DEFAULT_GRID ( DGR_ID, ENT_ID, DGR_DELETE_FL, DGR_VERSION_ID,
PTN_ID ) VALUES ( 
3, 169, 'N', 1, 0); 
INSERT INTO DEFAULT_GRID ( DGR_ID, ENT_ID, DGR_DELETE_FL, DGR_VERSION_ID,
PTN_ID ) VALUES ( 
4, 155, 'N', 1, 0); 
INSERT INTO DEFAULT_GRID ( DGR_ID, ENT_ID, DGR_DELETE_FL, DGR_VERSION_ID,
PTN_ID ) VALUES ( 
5, 140, 'N', 1, 1); 
INSERT INTO DEFAULT_GRID ( DGR_ID, ENT_ID, DGR_DELETE_FL, DGR_VERSION_ID,
PTN_ID ) VALUES ( 
6, 90, 'N', 1, 1); 
INSERT INTO DEFAULT_GRID ( DGR_ID, ENT_ID, DGR_DELETE_FL, DGR_VERSION_ID,
PTN_ID ) VALUES ( 
7, 134, 'N', 1, 1); 
INSERT INTO DEFAULT_GRID ( DGR_ID, ENT_ID, DGR_DELETE_FL, DGR_VERSION_ID,
PTN_ID ) VALUES ( 
8, 101, 'N', 1, 1); 
INSERT INTO DEFAULT_GRID ( DGR_ID, ENT_ID, DGR_DELETE_FL, DGR_VERSION_ID,
PTN_ID ) VALUES ( 
9, 162, 'N', 1, 0); 
INSERT INTO DEFAULT_GRID ( DGR_ID, ENT_ID, DGR_DELETE_FL, DGR_VERSION_ID,
PTN_ID ) VALUES ( 
10, 170, 'N', 1, 0); 
INSERT INTO DEFAULT_GRID ( DGR_ID, ENT_ID, DGR_DELETE_FL, DGR_VERSION_ID,
PTN_ID ) VALUES ( 
11, 198, 'N', 1, 0); 
INSERT INTO DEFAULT_GRID ( DGR_ID, ENT_ID, DGR_DELETE_FL, DGR_VERSION_ID,
PTN_ID ) VALUES ( 
12, 55, 'N', 1, 0); 
INSERT INTO DEFAULT_GRID ( DGR_ID, ENT_ID, DGR_DELETE_FL, DGR_VERSION_ID,
PTN_ID ) VALUES ( 
13, 97, 'N', 1, 0); 
commit;
 
INSERT INTO DEFAULT_GRID_COLUMN ( DGC_ID, DGR_ID, DGC_LABEL, DGC_ORDER_NO, DGC_TYPE, DGC_VISIBLE_FL,
DGC_SORT, DGC_TEXT_ALIGN, DGC_DATA_PROPERTY, DGC_NULL_DISPLAY, DGC_DELETE_FL, DGC_VERSION_ID,
PTN_ID ) VALUES ( 
1, 1, 'Name', 0, 'string', 'Y', 'ascending', 'left', 'appName', NULL, 'N', 1, 0); 
INSERT INTO DEFAULT_GRID_COLUMN ( DGC_ID, DGR_ID, DGC_LABEL, DGC_ORDER_NO, DGC_TYPE, DGC_VISIBLE_FL,
DGC_SORT, DGC_TEXT_ALIGN, DGC_DATA_PROPERTY, DGC_NULL_DISPLAY, DGC_DELETE_FL, DGC_VERSION_ID,
PTN_ID ) VALUES ( 
2, 2, 'Name', 0, 'string', 'Y', 'ascending', 'left', 'expName', NULL, 'N', 1, 0); 
INSERT INTO DEFAULT_GRID_COLUMN ( DGC_ID, DGR_ID, DGC_LABEL, DGC_ORDER_NO, DGC_TYPE, DGC_VISIBLE_FL,
DGC_SORT, DGC_TEXT_ALIGN, DGC_DATA_PROPERTY, DGC_NULL_DISPLAY, DGC_DELETE_FL, DGC_VERSION_ID,
PTN_ID ) VALUES ( 
3, 2, 'Last Ran', 1, 'datetime', 'Y', 'none', 'left', 'expLastRanDttm', NULL, 'N'
, 1, 0); 
INSERT INTO DEFAULT_GRID_COLUMN ( DGC_ID, DGR_ID, DGC_LABEL, DGC_ORDER_NO, DGC_TYPE, DGC_VISIBLE_FL,
DGC_SORT, DGC_TEXT_ALIGN, DGC_DATA_PROPERTY, DGC_NULL_DISPLAY, DGC_DELETE_FL, DGC_VERSION_ID,
PTN_ID ) VALUES ( 
4, 2, 'Filename', 2, 'string', 'Y', 'none', 'left', 'fileTbl.filFilename', NULL, 'N'
, 1, 0); 
INSERT INTO DEFAULT_GRID_COLUMN ( DGC_ID, DGR_ID, DGC_LABEL, DGC_ORDER_NO, DGC_TYPE, DGC_VISIBLE_FL,
DGC_SORT, DGC_TEXT_ALIGN, DGC_DATA_PROPERTY, DGC_NULL_DISPLAY, DGC_DELETE_FL, DGC_VERSION_ID,
PTN_ID ) VALUES ( 
5, 3, 'Entity', 0, 'string', 'Y', 'ascending', 'left', 'entEntity', NULL, 'N', 1, 0); 
INSERT INTO DEFAULT_GRID_COLUMN ( DGC_ID, DGR_ID, DGC_LABEL, DGC_ORDER_NO, DGC_TYPE, DGC_VISIBLE_FL,
DGC_SORT, DGC_TEXT_ALIGN, DGC_DATA_PROPERTY, DGC_NULL_DISPLAY, DGC_DELETE_FL, DGC_VERSION_ID,
PTN_ID ) VALUES ( 
6, 3, 'Cached', 1, 'bool', 'Y', 'none', 'left', 'entCacheFl', NULL, 'N', 1, 0); 
INSERT INTO DEFAULT_GRID_COLUMN ( DGC_ID, DGR_ID, DGC_LABEL, DGC_ORDER_NO, DGC_TYPE, DGC_VISIBLE_FL,
DGC_SORT, DGC_TEXT_ALIGN, DGC_DATA_PROPERTY, DGC_NULL_DISPLAY, DGC_DELETE_FL, DGC_VERSION_ID,
PTN_ID ) VALUES ( 
7, 3, 'Allow Notes', 2, 'bool', 'Y', 'none', 'left', 'entAllowNotesFl', NULL, 'N'
, 1, 0); 
INSERT INTO DEFAULT_GRID_COLUMN ( DGC_ID, DGR_ID, DGC_LABEL, DGC_ORDER_NO, DGC_TYPE, DGC_VISIBLE_FL,
DGC_SORT, DGC_TEXT_ALIGN, DGC_DATA_PROPERTY, DGC_NULL_DISPLAY, DGC_DELETE_FL, DGC_VERSION_ID,
PTN_ID ) VALUES ( 
8, 4, 'Name', 0, 'string', 'Y', 'ascending', 'left', 'treName', NULL, 'N', 1, 0); 
INSERT INTO DEFAULT_GRID_COLUMN ( DGC_ID, DGR_ID, DGC_LABEL, DGC_ORDER_NO, DGC_TYPE, DGC_VISIBLE_FL,
DGC_SORT, DGC_TEXT_ALIGN, DGC_DATA_PROPERTY, DGC_NULL_DISPLAY, DGC_DELETE_FL, DGC_VERSION_ID,
PTN_ID ) VALUES ( 
9, 5, 'Name', 0, 'string', 'Y', 'ascending', 'left', 'dbdName', NULL, 'N', 1, 1); 
INSERT INTO DEFAULT_GRID_COLUMN ( DGC_ID, DGR_ID, DGC_LABEL, DGC_ORDER_NO, DGC_TYPE, DGC_VISIBLE_FL,
DGC_SORT, DGC_TEXT_ALIGN, DGC_DATA_PROPERTY, DGC_NULL_DISPLAY, DGC_DELETE_FL, DGC_VERSION_ID,
PTN_ID ) VALUES ( 
10, 5, 'Favourite', 1, 'bool', 'Y', 'none', 'left', 'dbdFavouriteFl', NULL, 'N', 1
, 1); 
INSERT INTO DEFAULT_GRID_COLUMN ( DGC_ID, DGR_ID, DGC_LABEL, DGC_ORDER_NO, DGC_TYPE, DGC_VISIBLE_FL,
DGC_SORT, DGC_TEXT_ALIGN, DGC_DATA_PROPERTY, DGC_NULL_DISPLAY, DGC_DELETE_FL, DGC_VERSION_ID,
PTN_ID ) VALUES ( 
11, 6, 'Name', 0, 'string', 'Y', 'ascending', 'left', 'derName', NULL, 'N', 1, 1); 
INSERT INTO DEFAULT_GRID_COLUMN ( DGC_ID, DGR_ID, DGC_LABEL, DGC_ORDER_NO, DGC_TYPE, DGC_VISIBLE_FL,
DGC_SORT, DGC_TEXT_ALIGN, DGC_DATA_PROPERTY, DGC_NULL_DISPLAY, DGC_DELETE_FL, DGC_VERSION_ID,
PTN_ID ) VALUES ( 
12, 6, 'Data Source Connection', 1, 'string', 'Y', 'ascending', 'left', 'dataSourceConnection.dscName'
, NULL, 'N', 1, 1); 
INSERT INTO DEFAULT_GRID_COLUMN ( DGC_ID, DGR_ID, DGC_LABEL, DGC_ORDER_NO, DGC_TYPE, DGC_VISIBLE_FL,
DGC_SORT, DGC_TEXT_ALIGN, DGC_DATA_PROPERTY, DGC_NULL_DISPLAY, DGC_DELETE_FL, DGC_VERSION_ID,
PTN_ID ) VALUES ( 
13, 6, 'Data Source Perspective', 2, 'string', 'Y', 'ascending', 'left', 'dataSourcePerspective.dprName'
, NULL, 'N', 1, 1); 
INSERT INTO DEFAULT_GRID_COLUMN ( DGC_ID, DGR_ID, DGC_LABEL, DGC_ORDER_NO, DGC_TYPE, DGC_VISIBLE_FL,
DGC_SORT, DGC_TEXT_ALIGN, DGC_DATA_PROPERTY, DGC_NULL_DISPLAY, DGC_DELETE_FL, DGC_VERSION_ID,
PTN_ID ) VALUES ( 
14, 6, 'Application Database', 3, 'string', 'Y', 'none', 'left', 'derAppDatabaseType'
, NULL, 'N', 1, 1); 
INSERT INTO DEFAULT_GRID_COLUMN ( DGC_ID, DGR_ID, DGC_LABEL, DGC_ORDER_NO, DGC_TYPE, DGC_VISIBLE_FL,
DGC_SORT, DGC_TEXT_ALIGN, DGC_DATA_PROPERTY, DGC_NULL_DISPLAY, DGC_DELETE_FL, DGC_VERSION_ID,
PTN_ID ) VALUES ( 
15, 6, 'DB User Name', 4, 'string', 'Y', 'ascending', 'left', 'derUserName', NULL
, 'N', 1, 1); 
INSERT INTO DEFAULT_GRID_COLUMN ( DGC_ID, DGR_ID, DGC_LABEL, DGC_ORDER_NO, DGC_TYPE, DGC_VISIBLE_FL,
DGC_SORT, DGC_TEXT_ALIGN, DGC_DATA_PROPERTY, DGC_NULL_DISPLAY, DGC_DELETE_FL, DGC_VERSION_ID,
PTN_ID ) VALUES ( 
16, 7, 'Name', 0, 'string', 'Y', 'ascending', 'left', 'rptName', NULL, 'N', 1, 1); 
INSERT INTO DEFAULT_GRID_COLUMN ( DGC_ID, DGR_ID, DGC_LABEL, DGC_ORDER_NO, DGC_TYPE, DGC_VISIBLE_FL,
DGC_SORT, DGC_TEXT_ALIGN, DGC_DATA_PROPERTY, DGC_NULL_DISPLAY, DGC_DELETE_FL, DGC_VERSION_ID,
PTN_ID ) VALUES ( 
17, 7, 'Design File Name', 1, 'string', 'Y', 'ascending', 'left', 'rptDesignFileName'
, NULL, 'N', 1, 1); 
INSERT INTO DEFAULT_GRID_COLUMN ( DGC_ID, DGR_ID, DGC_LABEL, DGC_ORDER_NO, DGC_TYPE, DGC_VISIBLE_FL,
DGC_SORT, DGC_TEXT_ALIGN, DGC_DATA_PROPERTY, DGC_NULL_DISPLAY, DGC_DELETE_FL, DGC_VERSION_ID,
PTN_ID ) VALUES ( 
18, 7, 'Alert No', 2, 'int', 'Y', 'ascending', 'right', 'alertDfn.aldAlertNo', NULL
, 'N', 1, 1); 
INSERT INTO DEFAULT_GRID_COLUMN ( DGC_ID, DGR_ID, DGC_LABEL, DGC_ORDER_NO, DGC_TYPE, DGC_VISIBLE_FL,
DGC_SORT, DGC_TEXT_ALIGN, DGC_DATA_PROPERTY, DGC_NULL_DISPLAY, DGC_DELETE_FL, DGC_VERSION_ID,
PTN_ID ) VALUES ( 
19, 8, 'Name', 0, 'string', 'Y', 'ascending', 'left', 'chrName', NULL, 'N', 1, 1); 
INSERT INTO DEFAULT_GRID_COLUMN ( DGC_ID, DGR_ID, DGC_LABEL, DGC_ORDER_NO, DGC_TYPE, DGC_VISIBLE_FL,
DGC_SORT, DGC_TEXT_ALIGN, DGC_DATA_PROPERTY, DGC_NULL_DISPLAY, DGC_DELETE_FL, DGC_VERSION_ID,
PTN_ID ) VALUES ( 
20, 8, 'Link', 1, 'string', 'Y', 'ascending', 'left', 'linkedChart.chrName', NULL
, 'N', 1, 1); 
INSERT INTO DEFAULT_GRID_COLUMN ( DGC_ID, DGR_ID, DGC_LABEL, DGC_ORDER_NO, DGC_TYPE, DGC_VISIBLE_FL,
DGC_SORT, DGC_TEXT_ALIGN, DGC_DATA_PROPERTY, DGC_NULL_DISPLAY, DGC_DELETE_FL, DGC_VERSION_ID,
PTN_ID ) VALUES ( 
21, 8, 'DeleteFl', 2, 'string', 'N', 'ascending', 'left', 'linkedChart.deleteFl', NULL
, 'N', 1, 1); 
INSERT INTO DEFAULT_GRID_COLUMN ( DGC_ID, DGR_ID, DGC_LABEL, DGC_ORDER_NO, DGC_TYPE, DGC_VISIBLE_FL,
DGC_SORT, DGC_TEXT_ALIGN, DGC_DATA_PROPERTY, DGC_NULL_DISPLAY, DGC_DELETE_FL, DGC_VERSION_ID,
PTN_ID ) VALUES ( 
22, 9, 'Name', 0, 'string', 'Y', 'ascending', 'left', 'rolName', NULL, 'N', 1, 0); 
INSERT INTO DEFAULT_GRID_COLUMN ( DGC_ID, DGR_ID, DGC_LABEL, DGC_ORDER_NO, DGC_TYPE, DGC_VISIBLE_FL,
DGC_SORT, DGC_TEXT_ALIGN, DGC_DATA_PROPERTY, DGC_NULL_DISPLAY, DGC_DELETE_FL, DGC_VERSION_ID,
PTN_ID ) VALUES ( 
23, 10, 'Name', 0, 'string', 'Y', 'ascending', 'left', 'userTbl.usrName', NULL, 'N'
, 1, 0); 
INSERT INTO DEFAULT_GRID_COLUMN ( DGC_ID, DGR_ID, DGC_LABEL, DGC_ORDER_NO, DGC_TYPE, DGC_VISIBLE_FL,
DGC_SORT, DGC_TEXT_ALIGN, DGC_DATA_PROPERTY, DGC_NULL_DISPLAY, DGC_DELETE_FL, DGC_VERSION_ID,
PTN_ID ) VALUES ( 
24, 10, 'Team', 1, 'string', 'N', 'ascending', 'left', 'team.teaName', NULL, 'N', 1
, 0); 
INSERT INTO DEFAULT_GRID_COLUMN ( DGC_ID, DGR_ID, DGC_LABEL, DGC_ORDER_NO, DGC_TYPE, DGC_VISIBLE_FL,
DGC_SORT, DGC_TEXT_ALIGN, DGC_DATA_PROPERTY, DGC_NULL_DISPLAY, DGC_DELETE_FL, DGC_VERSION_ID,
PTN_ID ) VALUES ( 
25, 11, 'Datetime', 0, 'datetime', 'Y', 'ascending', 'left', 'ulgDttm', NULL, 'N'
, 1, 0); 
INSERT INTO DEFAULT_GRID_COLUMN ( DGC_ID, DGR_ID, DGC_LABEL, DGC_ORDER_NO, DGC_TYPE, DGC_VISIBLE_FL,
DGC_SORT, DGC_TEXT_ALIGN, DGC_DATA_PROPERTY, DGC_NULL_DISPLAY, DGC_DELETE_FL, DGC_VERSION_ID,
PTN_ID ) VALUES ( 
26, 11, 'Source Address', 1, 'string', 'Y', 'none', 'left', 'ulgSourceAddress', NULL
, 'N', 1, 0); 
INSERT INTO DEFAULT_GRID_COLUMN ( DGC_ID, DGR_ID, DGC_LABEL, DGC_ORDER_NO, DGC_TYPE, DGC_VISIBLE_FL,
DGC_SORT, DGC_TEXT_ALIGN, DGC_DATA_PROPERTY, DGC_NULL_DISPLAY, DGC_DELETE_FL, DGC_VERSION_ID,
PTN_ID ) VALUES ( 
27, 11, 'Source Hostname', 2, 'string', 'Y', 'none', 'left', 'ulgSourceHostname', NULL
, 'N', 1, 0); 
INSERT INTO DEFAULT_GRID_COLUMN ( DGC_ID, DGR_ID, DGC_LABEL, DGC_ORDER_NO, DGC_TYPE, DGC_VISIBLE_FL,
DGC_SORT, DGC_TEXT_ALIGN, DGC_DATA_PROPERTY, DGC_NULL_DISPLAY, DGC_DELETE_FL, DGC_VERSION_ID,
PTN_ID ) VALUES ( 
28, 11, 'User', 3, 'string', 'Y', 'none', 'left', 'userTbl.usrName', '(None)', 'N'
, 1, 0); 
INSERT INTO DEFAULT_GRID_COLUMN ( DGC_ID, DGR_ID, DGC_LABEL, DGC_ORDER_NO, DGC_TYPE, DGC_VISIBLE_FL,
DGC_SORT, DGC_TEXT_ALIGN, DGC_DATA_PROPERTY, DGC_NULL_DISPLAY, DGC_DELETE_FL, DGC_VERSION_ID,
PTN_ID ) VALUES ( 
29, 11, 'Success', 4, 'bool', 'Y', 'none', 'centre', 'ulgSuccessFl', NULL, 'N', 1
, 0); 
INSERT INTO DEFAULT_GRID_COLUMN ( DGC_ID, DGR_ID, DGC_LABEL, DGC_ORDER_NO, DGC_TYPE, DGC_VISIBLE_FL,
DGC_SORT, DGC_TEXT_ALIGN, DGC_DATA_PROPERTY, DGC_NULL_DISPLAY, DGC_DELETE_FL, DGC_VERSION_ID,
PTN_ID ) VALUES ( 
30, 11, 'Message', 5, 'string', 'Y', 'none', 'left', 'ulgMessage', NULL, 'N', 1, 0); 
INSERT INTO DEFAULT_GRID_COLUMN ( DGC_ID, DGR_ID, DGC_LABEL, DGC_ORDER_NO, DGC_TYPE, DGC_VISIBLE_FL,
DGC_SORT, DGC_TEXT_ALIGN, DGC_DATA_PROPERTY, DGC_NULL_DISPLAY, DGC_DELETE_FL, DGC_VERSION_ID,
PTN_ID ) VALUES ( 
31, 12, 'Name', 0, 'string', 'Y', 'ascending', 'left', 'usrName', NULL, 'N', 1, 0); 
INSERT INTO DEFAULT_GRID_COLUMN ( DGC_ID, DGR_ID, DGC_LABEL, DGC_ORDER_NO, DGC_TYPE, DGC_VISIBLE_FL,
DGC_SORT, DGC_TEXT_ALIGN, DGC_DATA_PROPERTY, DGC_NULL_DISPLAY, DGC_DELETE_FL, DGC_VERSION_ID,
PTN_ID ) VALUES ( 
32, 12, 'Status', 1, 'bool', 'Y', 'none', 'centre', 'usrDisabledFl', NULL, 'N', 1
, 0); 
INSERT INTO DEFAULT_GRID_COLUMN ( DGC_ID, DGR_ID, DGC_LABEL, DGC_ORDER_NO, DGC_TYPE, DGC_VISIBLE_FL,
DGC_SORT, DGC_TEXT_ALIGN, DGC_DATA_PROPERTY, DGC_NULL_DISPLAY, DGC_DELETE_FL, DGC_VERSION_ID,
PTN_ID ) VALUES ( 
33, 12, 'Forename', 2, 'string', 'Y', 'none', 'left', 'usrForename', NULL, 'N', 1
, 0); 
INSERT INTO DEFAULT_GRID_COLUMN ( DGC_ID, DGR_ID, DGC_LABEL, DGC_ORDER_NO, DGC_TYPE, DGC_VISIBLE_FL,
DGC_SORT, DGC_TEXT_ALIGN, DGC_DATA_PROPERTY, DGC_NULL_DISPLAY, DGC_DELETE_FL, DGC_VERSION_ID,
PTN_ID ) VALUES ( 
34, 12, 'Surname', 3, 'string', 'Y', 'none', 'left', 'usrSurname', NULL, 'N', 1, 0); 
INSERT INTO DEFAULT_GRID_COLUMN ( DGC_ID, DGR_ID, DGC_LABEL, DGC_ORDER_NO, DGC_TYPE, DGC_VISIBLE_FL,
DGC_SORT, DGC_TEXT_ALIGN, DGC_DATA_PROPERTY, DGC_NULL_DISPLAY, DGC_DELETE_FL, DGC_VERSION_ID,
PTN_ID ) VALUES ( 
35, 12, 'Email Address', 4, 'string', 'Y', 'none', 'left', 'usrEmailAddress', NULL
, 'N', 1, 0); 
INSERT INTO DEFAULT_GRID_COLUMN ( DGC_ID, DGR_ID, DGC_LABEL, DGC_ORDER_NO, DGC_TYPE, DGC_VISIBLE_FL,
DGC_SORT, DGC_TEXT_ALIGN, DGC_DATA_PROPERTY, DGC_NULL_DISPLAY, DGC_DELETE_FL, DGC_VERSION_ID,
PTN_ID ) VALUES ( 
36, 13, 'Name', 0, 'string', 'Y', 'none', 'left', 'upvName', NULL, 'N', 1, 0); 
commit;
 
INSERT INTO ENTITY_ACTION_GROUP ( EAG_ID, ENT_ID, EAG_CODE, EAG_DELETE_FL, EAG_VERSION_ID,
PTN_ID ) VALUES ( 
1, 169, 'EntityTbl ActionComponents', 'N', 1, 0); 
INSERT INTO ENTITY_ACTION_GROUP ( EAG_ID, ENT_ID, EAG_CODE, EAG_DELETE_FL, EAG_VERSION_ID,
PTN_ID ) VALUES ( 
2, 220, 'Run Export', 'N', 1, 0); 
INSERT INTO ENTITY_ACTION_GROUP ( EAG_ID, ENT_ID, EAG_CODE, EAG_DELETE_FL, EAG_VERSION_ID,
PTN_ID ) VALUES ( 
3, 90, 'Test Connection', 'N', 1, 1); 
INSERT INTO ENTITY_ACTION_GROUP ( EAG_ID, ENT_ID, EAG_CODE, EAG_DELETE_FL, EAG_VERSION_ID,
PTN_ID ) VALUES ( 
4, 140, 'Dashboard', 'N', 1, 1); 
INSERT INTO ENTITY_ACTION_GROUP ( EAG_ID, ENT_ID, EAG_CODE, EAG_DELETE_FL, EAG_VERSION_ID,
PTN_ID ) VALUES ( 
5, 101, 'Chart', 'N', 1, 1); 
INSERT INTO ENTITY_ACTION_GROUP ( EAG_ID, ENT_ID, EAG_CODE, EAG_DELETE_FL, EAG_VERSION_ID,
PTN_ID ) VALUES ( 
6, 140, 'Dashboard Actions', 'N', 1, 1); 
INSERT INTO ENTITY_ACTION_GROUP ( EAG_ID, ENT_ID, EAG_CODE, EAG_DELETE_FL, EAG_VERSION_ID,
PTN_ID ) VALUES ( 
7, 101, 'Chart Actions', 'N', 1, 1); 
INSERT INTO ENTITY_ACTION_GROUP ( EAG_ID, ENT_ID, EAG_CODE, EAG_DELETE_FL, EAG_VERSION_ID,
PTN_ID ) VALUES ( 
8, 134, 'Report Actions', 'N', 1, 0); 
INSERT INTO ENTITY_ACTION_GROUP ( EAG_ID, ENT_ID, EAG_CODE, EAG_DELETE_FL, EAG_VERSION_ID,
PTN_ID ) VALUES ( 
9, 55, 'Enable/Disable', 'N', 1, 0); 
commit;
 
INSERT INTO ENTITY_EXPORT ( EXP_ID, EXP_NAME, EXP_LAST_RAN_DTTM, FIL_ID, EXP_IMPORT_FL,
EXP_DELETE_FL, EXP_VERSION_ID, PTN_ID ) VALUES ( 
1, 'Default Dashboard', sysdate, 2, 'Y', 'N', 1, 1); 
commit;
 
INSERT INTO ENTITY_EXPORT_GROUP ( EEG_ID, EXP_ID, ENT_ID, EEG_DELETE_FL, EEG_VERSION_ID,
PTN_ID ) VALUES ( 
1, 1, 140, 'N', 1, 1); 
commit;
 
INSERT INTO ENTITY_EXPORT_ITEM ( EEI_ID, EEG_ID, EEI_OBJECT_PK, EEI_DISPLAY, EEI_INCLUDE_FL,
EEI_ACTION, EEI_DATA1, EEI_DATA2, EEI_DATA3, EEI_DATA4, EEI_DATA5, EEI_DELETE_FL, EEI_VERSION_ID,
PTN_ID ) VALUES ( 
1, 1, 5, 'Fraud Loss Analysis', 'Y', 'Insert', NULL, NULL, NULL, NULL, NULL, 'N', 1
, 1); 
INSERT INTO ENTITY_EXPORT_ITEM ( EEI_ID, EEG_ID, EEI_OBJECT_PK, EEI_DISPLAY, EEI_INCLUDE_FL,
EEI_ACTION, EEI_DATA1, EEI_DATA2, EEI_DATA3, EEI_DATA4, EEI_DATA5, EEI_DELETE_FL, EEI_VERSION_ID,
PTN_ID ) VALUES ( 
2, 1, 6, 'Fraud Performance', 'Y', 'Insert', NULL, NULL, NULL, NULL, NULL, 'N', 1
, 1); 
INSERT INTO ENTITY_EXPORT_ITEM ( EEI_ID, EEG_ID, EEI_OBJECT_PK, EEI_DISPLAY, EEI_INCLUDE_FL,
EEI_ACTION, EEI_DATA1, EEI_DATA2, EEI_DATA3, EEI_DATA4, EEI_DATA5, EEI_DELETE_FL, EEI_VERSION_ID,
PTN_ID ) VALUES ( 
3, 1, 7, 'Team and Analyst Performance', 'Y', 'Insert', NULL, NULL, NULL, NULL, NULL
, 'N', 1, 1); 
INSERT INTO ENTITY_EXPORT_ITEM ( EEI_ID, EEG_ID, EEI_OBJECT_PK, EEI_DISPLAY, EEI_INCLUDE_FL,
EEI_ACTION, EEI_DATA1, EEI_DATA2, EEI_DATA3, EEI_DATA4, EEI_DATA5, EEI_DELETE_FL, EEI_VERSION_ID,
PTN_ID ) VALUES ( 
4, 1, 8, 'Rule Performance and Fraud Types', 'Y', 'Insert', NULL, NULL, NULL, NULL
, NULL, 'N', 1, 1); 
commit;
 
INSERT INTO ENTITY_TBL ( ENT_ID, ENT_ENTITY, ENT_DISPLAY, ENT_CACHE_FL, ENT_ALLOW_NOTES_FL,
ENT_DELETE_FL, ENT_VERSION_ID, PTN_ID ) VALUES ( 
187, 'TariffBandTimeString', 'Tariff Band Time String', 'N', 'N', 'N', 1, 1); 
INSERT INTO ENTITY_TBL ( ENT_ID, ENT_ENTITY, ENT_DISPLAY, ENT_CACHE_FL, ENT_ALLOW_NOTES_FL,
ENT_DELETE_FL, ENT_VERSION_ID, PTN_ID ) VALUES ( 
188, 'TeamUser', 'Team User', 'N', 'N', 'N', 1, 1); 
INSERT INTO ENTITY_TBL ( ENT_ID, ENT_ENTITY, ENT_DISPLAY, ENT_CACHE_FL, ENT_ALLOW_NOTES_FL,
ENT_DELETE_FL, ENT_VERSION_ID, PTN_ID ) VALUES ( 
189, 'RoleSecurityLabel', 'Role Security Label', 'N', 'N', 'N', 1, 1); 
INSERT INTO ENTITY_TBL ( ENT_ID, ENT_ENTITY, ENT_DISPLAY, ENT_CACHE_FL, ENT_ALLOW_NOTES_FL,
ENT_DELETE_FL, ENT_VERSION_ID, PTN_ID ) VALUES ( 
190, 'BusinessObjectsReport', 'Business Objects Report', 'N', 'N', 'N', 1, 1); 
INSERT INTO ENTITY_TBL ( ENT_ID, ENT_ENTITY, ENT_DISPLAY, ENT_CACHE_FL, ENT_ALLOW_NOTES_FL,
ENT_DELETE_FL, ENT_VERSION_ID, PTN_ID ) VALUES ( 
191, 'MachineAddress', 'Machine Address', 'N', 'N', 'N', 1, 1); 
INSERT INTO ENTITY_TBL ( ENT_ID, ENT_ENTITY, ENT_DISPLAY, ENT_CACHE_FL, ENT_ALLOW_NOTES_FL,
ENT_DELETE_FL, ENT_VERSION_ID, PTN_ID ) VALUES ( 
192, 'TriggerType', 'Trigger Type', 'N', 'N', 'N', 1, 1); 
INSERT INTO ENTITY_TBL ( ENT_ID, ENT_ENTITY, ENT_DISPLAY, ENT_CACHE_FL, ENT_ALLOW_NOTES_FL,
ENT_DELETE_FL, ENT_VERSION_ID, PTN_ID ) VALUES ( 
193, 'TableGrid', 'Table Grid', 'N', 'N', 'N', 1, 1); 
INSERT INTO ENTITY_TBL ( ENT_ID, ENT_ENTITY, ENT_DISPLAY, ENT_CACHE_FL, ENT_ALLOW_NOTES_FL,
ENT_DELETE_FL, ENT_VERSION_ID, PTN_ID ) VALUES ( 
194, 'LongString', 'Long String', 'N', 'N', 'N', 1, 1); 
INSERT INTO ENTITY_TBL ( ENT_ID, ENT_ENTITY, ENT_DISPLAY, ENT_CACHE_FL, ENT_ALLOW_NOTES_FL,
ENT_DELETE_FL, ENT_VERSION_ID, PTN_ID ) VALUES ( 
195, 'CaseDfnTeam', 'Case Dfn Team', 'N', 'N', 'N', 1, 1); 
INSERT INTO ENTITY_TBL ( ENT_ID, ENT_ENTITY, ENT_DISPLAY, ENT_CACHE_FL, ENT_ALLOW_NOTES_FL,
ENT_DELETE_FL, ENT_VERSION_ID, PTN_ID ) VALUES ( 
196, 'PropertyInst', 'Property Inst', 'N', 'N', 'N', 1, 1); 
INSERT INTO ENTITY_TBL ( ENT_ID, ENT_ENTITY, ENT_DISPLAY, ENT_CACHE_FL, ENT_ALLOW_NOTES_FL,
ENT_DELETE_FL, ENT_VERSION_ID, PTN_ID ) VALUES ( 
197, 'DefaultTableFilter', 'Default Table Filter', 'N', 'N', 'N', 1, 1); 
INSERT INTO ENTITY_TBL ( ENT_ID, ENT_ENTITY, ENT_DISPLAY, ENT_CACHE_FL, ENT_ALLOW_NOTES_FL,
ENT_DELETE_FL, ENT_VERSION_ID, PTN_ID ) VALUES ( 
198, 'UserLogin', 'User Login', 'N', 'N', 'N', 1, 1); 
INSERT INTO ENTITY_TBL ( ENT_ID, ENT_ENTITY, ENT_DISPLAY, ENT_CACHE_FL, ENT_ALLOW_NOTES_FL,
ENT_DELETE_FL, ENT_VERSION_ID, PTN_ID ) VALUES ( 
199, 'SqlQueryOrderBy', 'Sql Query Order By', 'N', 'N', 'N', 1, 1); 
INSERT INTO ENTITY_TBL ( ENT_ID, ENT_ENTITY, ENT_DISPLAY, ENT_CACHE_FL, ENT_ALLOW_NOTES_FL,
ENT_DELETE_FL, ENT_VERSION_ID, PTN_ID ) VALUES ( 
200, 'NextObjectId', 'Next Object Id', 'N', 'N', 'N', 1, 1); 
INSERT INTO ENTITY_TBL ( ENT_ID, ENT_ENTITY, ENT_DISPLAY, ENT_CACHE_FL, ENT_ALLOW_NOTES_FL,
ENT_DELETE_FL, ENT_VERSION_ID, PTN_ID ) VALUES ( 
201, 'SwitchTbl', 'Switch', 'N', 'N', 'N', 1, 1); 
INSERT INTO ENTITY_TBL ( ENT_ID, ENT_ENTITY, ENT_DISPLAY, ENT_CACHE_FL, ENT_ALLOW_NOTES_FL,
ENT_DELETE_FL, ENT_VERSION_ID, PTN_ID ) VALUES ( 
202, 'RoleBusObjectsGroup', 'Role Bus Objects Group', 'N', 'N', 'N', 1, 1); 
INSERT INTO ENTITY_TBL ( ENT_ID, ENT_ENTITY, ENT_DISPLAY, ENT_CACHE_FL, ENT_ALLOW_NOTES_FL,
ENT_DELETE_FL, ENT_VERSION_ID, PTN_ID ) VALUES ( 
203, 'CaseEscalation', 'Case Escalation', 'N', 'N', 'N', 1, 1); 
INSERT INTO ENTITY_TBL ( ENT_ID, ENT_ENTITY, ENT_DISPLAY, ENT_CACHE_FL, ENT_ALLOW_NOTES_FL,
ENT_DELETE_FL, ENT_VERSION_ID, PTN_ID ) VALUES ( 
204, 'Country', 'Country', 'N', 'N', 'N', 1, 1); 
INSERT INTO ENTITY_TBL ( ENT_ID, ENT_ENTITY, ENT_DISPLAY, ENT_CACHE_FL, ENT_ALLOW_NOTES_FL,
ENT_DELETE_FL, ENT_VERSION_ID, PTN_ID ) VALUES ( 
205, 'CaseDfnNotifyTeam', 'Case Dfn Notify Team', 'N', 'N', 'N', 1, 1); 
INSERT INTO ENTITY_TBL ( ENT_ID, ENT_ENTITY, ENT_DISPLAY, ENT_CACHE_FL, ENT_ALLOW_NOTES_FL,
ENT_DELETE_FL, ENT_VERSION_ID, PTN_ID ) VALUES ( 
206, 'DashboardSection', 'Dashboard Section', 'N', 'N', 'N', 1, 1); 
INSERT INTO ENTITY_TBL ( ENT_ID, ENT_ENTITY, ENT_DISPLAY, ENT_CACHE_FL, ENT_ALLOW_NOTES_FL,
ENT_DELETE_FL, ENT_VERSION_ID, PTN_ID ) VALUES ( 
207, 'SequentialNumberGroup', 'Sequential Number Group', 'N', 'N', 'N', 1, 1); 
INSERT INTO ENTITY_TBL ( ENT_ID, ENT_ENTITY, ENT_DISPLAY, ENT_CACHE_FL, ENT_ALLOW_NOTES_FL,
ENT_DELETE_FL, ENT_VERSION_ID, PTN_ID ) VALUES ( 
208, 'ComponentType', 'Component Type', 'N', 'N', 'N', 1, 1); 
INSERT INTO ENTITY_TBL ( ENT_ID, ENT_ENTITY, ENT_DISPLAY, ENT_CACHE_FL, ENT_ALLOW_NOTES_FL,
ENT_DELETE_FL, ENT_VERSION_ID, PTN_ID ) VALUES ( 
209, 'CaseInstNote', 'Case Inst Note', 'N', 'N', 'N', 1, 1); 
INSERT INTO ENTITY_TBL ( ENT_ID, ENT_ENTITY, ENT_DISPLAY, ENT_CACHE_FL, ENT_ALLOW_NOTES_FL,
ENT_DELETE_FL, ENT_VERSION_ID, PTN_ID ) VALUES ( 
210, 'TariffType', 'Tariff Type', 'N', 'N', 'N', 1, 1); 
INSERT INTO ENTITY_TBL ( ENT_ID, ENT_ENTITY, ENT_DISPLAY, ENT_CACHE_FL, ENT_ALLOW_NOTES_FL,
ENT_DELETE_FL, ENT_VERSION_ID, PTN_ID ) VALUES ( 
211, 'TimeString', 'Time String', 'N', 'N', 'N', 1, 1); 
INSERT INTO ENTITY_TBL ( ENT_ID, ENT_ENTITY, ENT_DISPLAY, ENT_CACHE_FL, ENT_ALLOW_NOTES_FL,
ENT_DELETE_FL, ENT_VERSION_ID, PTN_ID ) VALUES ( 
212, 'ExtraArgsDfn', 'Extra Args Dfn', 'N', 'N', 'N', 1, 1); 
INSERT INTO ENTITY_TBL ( ENT_ID, ENT_ENTITY, ENT_DISPLAY, ENT_CACHE_FL, ENT_ALLOW_NOTES_FL,
ENT_DELETE_FL, ENT_VERSION_ID, PTN_ID ) VALUES ( 
213, 'ChartSeriesType', 'Chart Series Type', 'N', 'N', 'N', 1, 1); 
INSERT INTO ENTITY_TBL ( ENT_ID, ENT_ENTITY, ENT_DISPLAY, ENT_CACHE_FL, ENT_ALLOW_NOTES_FL,
ENT_DELETE_FL, ENT_VERSION_ID, PTN_ID ) VALUES ( 
214, 'ActionPin', 'Action Pin', 'N', 'N', 'N', 1, 1); 
INSERT INTO ENTITY_TBL ( ENT_ID, ENT_ENTITY, ENT_DISPLAY, ENT_CACHE_FL, ENT_ALLOW_NOTES_FL,
ENT_DELETE_FL, ENT_VERSION_ID, PTN_ID ) VALUES ( 
215, 'StreamStage', 'Stream Stage', 'N', 'N', 'N', 1, 1); 
INSERT INTO ENTITY_TBL ( ENT_ID, ENT_ENTITY, ENT_DISPLAY, ENT_CACHE_FL, ENT_ALLOW_NOTES_FL,
ENT_DELETE_FL, ENT_VERSION_ID, PTN_ID ) VALUES ( 
216, 'AlertSeverity', 'Alert Severity', 'N', 'N', 'N', 1, 1); 
INSERT INTO ENTITY_TBL ( ENT_ID, ENT_ENTITY, ENT_DISPLAY, ENT_CACHE_FL, ENT_ALLOW_NOTES_FL,
ENT_DELETE_FL, ENT_VERSION_ID, PTN_ID ) VALUES ( 
217, 'FileTbl', 'File', 'N', 'N', 'N', 1, 1); 
INSERT INTO ENTITY_TBL ( ENT_ID, ENT_ENTITY, ENT_DISPLAY, ENT_CACHE_FL, ENT_ALLOW_NOTES_FL,
ENT_DELETE_FL, ENT_VERSION_ID, PTN_ID ) VALUES ( 
218, 'TaskArchive', 'Task Archive', 'N', 'N', 'N', 1, 1); 
INSERT INTO ENTITY_TBL ( ENT_ID, ENT_ENTITY, ENT_DISPLAY, ENT_CACHE_FL, ENT_ALLOW_NOTES_FL,
ENT_DELETE_FL, ENT_VERSION_ID, PTN_ID ) VALUES ( 
219, 'TariffBandRateThreshold', 'Tariff Band Rate Threshold', 'N', 'N', 'N', 1, 1); 
INSERT INTO ENTITY_TBL ( ENT_ID, ENT_ENTITY, ENT_DISPLAY, ENT_CACHE_FL, ENT_ALLOW_NOTES_FL,
ENT_DELETE_FL, ENT_VERSION_ID, PTN_ID ) VALUES ( 
220, 'EntityExport', 'Entity Export', 'N', 'N', 'N', 1, 1); 
INSERT INTO ENTITY_TBL ( ENT_ID, ENT_ENTITY, ENT_DISPLAY, ENT_CACHE_FL, ENT_ALLOW_NOTES_FL,
ENT_DELETE_FL, ENT_VERSION_ID, PTN_ID ) VALUES ( 
221, 'UserNameValidation', 'User Name Validation', 'N', 'N', 'N', 1, 1); 
INSERT INTO ENTITY_TBL ( ENT_ID, ENT_ENTITY, ENT_DISPLAY, ENT_CACHE_FL, ENT_ALLOW_NOTES_FL,
ENT_DELETE_FL, ENT_VERSION_ID, PTN_ID ) VALUES ( 
222, 'PropertyDfnGroup', 'Property Dfn Group', 'N', 'N', 'N', 1, 1); 
INSERT INTO ENTITY_TBL ( ENT_ID, ENT_ENTITY, ENT_DISPLAY, ENT_CACHE_FL, ENT_ALLOW_NOTES_FL,
ENT_DELETE_FL, ENT_VERSION_ID, PTN_ID ) VALUES ( 
223, 'SqlQueryFrom', 'Sql Query From', 'N', 'N', 'N', 1, 1); 
INSERT INTO ENTITY_TBL ( ENT_ID, ENT_ENTITY, ENT_DISPLAY, ENT_CACHE_FL, ENT_ALLOW_NOTES_FL,
ENT_DELETE_FL, ENT_VERSION_ID, PTN_ID ) VALUES ( 
224, 'UserRolePartition', 'User Role Partition', 'N', 'N', 'N', 1, 1); 
INSERT INTO ENTITY_TBL ( ENT_ID, ENT_ENTITY, ENT_DISPLAY, ENT_CACHE_FL, ENT_ALLOW_NOTES_FL,
ENT_DELETE_FL, ENT_VERSION_ID, PTN_ID ) VALUES ( 
225, 'InterfaceGroup', 'Interface Group', 'N', 'N', 'N', 1, 1); 
INSERT INTO ENTITY_TBL ( ENT_ID, ENT_ENTITY, ENT_DISPLAY, ENT_CACHE_FL, ENT_ALLOW_NOTES_FL,
ENT_DELETE_FL, ENT_VERSION_ID, PTN_ID ) VALUES ( 
226, 'UserPassword', 'User Password', 'N', 'N', 'N', 1, 1); 
INSERT INTO ENTITY_TBL ( ENT_ID, ENT_ENTITY, ENT_DISPLAY, ENT_CACHE_FL, ENT_ALLOW_NOTES_FL,
ENT_DELETE_FL, ENT_VERSION_ID, PTN_ID ) VALUES ( 
227, 'AlertGroup', 'Alert Group', 'N', 'N', 'N', 1, 1); 
INSERT INTO ENTITY_TBL ( ENT_ID, ENT_ENTITY, ENT_DISPLAY, ENT_CACHE_FL, ENT_ALLOW_NOTES_FL,
ENT_DELETE_FL, ENT_VERSION_ID, PTN_ID ) VALUES ( 
228, 'ActionType', 'Action Type', 'N', 'N', 'N', 1, 1); 
INSERT INTO ENTITY_TBL ( ENT_ID, ENT_ENTITY, ENT_DISPLAY, ENT_CACHE_FL, ENT_ALLOW_NOTES_FL,
ENT_DELETE_FL, ENT_VERSION_ID, PTN_ID ) VALUES ( 
229, 'CaseDfnItemStepTeam', 'Case Dfn Item Step Team', 'N', 'N', 'N', 1, 1); 
INSERT INTO ENTITY_TBL ( ENT_ID, ENT_ENTITY, ENT_DISPLAY, ENT_CACHE_FL, ENT_ALLOW_NOTES_FL,
ENT_DELETE_FL, ENT_VERSION_ID, PTN_ID ) VALUES ( 
230, 'UsagePartition', 'Usage Partition', 'N', 'N', 'N', 1, 1); 
INSERT INTO ENTITY_TBL ( ENT_ID, ENT_ENTITY, ENT_DISPLAY, ENT_CACHE_FL, ENT_ALLOW_NOTES_FL,
ENT_DELETE_FL, ENT_VERSION_ID, PTN_ID ) VALUES ( 
231, 'ChartRange', 'Chart Range', 'N', 'N', 'N', 1, 1); 
INSERT INTO ENTITY_TBL ( ENT_ID, ENT_ENTITY, ENT_DISPLAY, ENT_CACHE_FL, ENT_ALLOW_NOTES_FL,
ENT_DELETE_FL, ENT_VERSION_ID, PTN_ID ) VALUES ( 
232, 'ChartType', 'Chart Type', 'N', 'N', 'N', 1, 1); 
INSERT INTO ENTITY_TBL ( ENT_ID, ENT_ENTITY, ENT_DISPLAY, ENT_CACHE_FL, ENT_ALLOW_NOTES_FL,
ENT_DELETE_FL, ENT_VERSION_ID, PTN_ID ) VALUES ( 
233, 'AlertDfnNotifyTeam', 'Alert Dfn Notify Team', 'N', 'N', 'N', 1, 1); 
INSERT INTO ENTITY_TBL ( ENT_ID, ENT_ENTITY, ENT_DISPLAY, ENT_CACHE_FL, ENT_ALLOW_NOTES_FL,
ENT_DELETE_FL, ENT_VERSION_ID, PTN_ID ) VALUES ( 
234, 'NoteHistory', 'Note History', 'N', 'N', 'N', 1, 1); 
INSERT INTO ENTITY_TBL ( ENT_ID, ENT_ENTITY, ENT_DISPLAY, ENT_CACHE_FL, ENT_ALLOW_NOTES_FL,
ENT_DELETE_FL, ENT_VERSION_ID, PTN_ID ) VALUES ( 
235, 'TableMappingColumn', 'Table Mapping Column', 'N', 'N', 'N', 1, 1); 
INSERT INTO ENTITY_TBL ( ENT_ID, ENT_ENTITY, ENT_DISPLAY, ENT_CACHE_FL, ENT_ALLOW_NOTES_FL,
ENT_DELETE_FL, ENT_VERSION_ID, PTN_ID ) VALUES ( 
236, 'CaseEscNotifyTeam', 'Case Esc Notify Team', 'N', 'N', 'N', 1, 1); 
INSERT INTO ENTITY_TBL ( ENT_ID, ENT_ENTITY, ENT_DISPLAY, ENT_CACHE_FL, ENT_ALLOW_NOTES_FL,
ENT_DELETE_FL, ENT_VERSION_ID, PTN_ID ) VALUES ( 
237, 'SchemaType', 'Schema Type', 'N', 'N', 'N', 1, 1); 
INSERT INTO ENTITY_TBL ( ENT_ID, ENT_ENTITY, ENT_DISPLAY, ENT_CACHE_FL, ENT_ALLOW_NOTES_FL,
ENT_DELETE_FL, ENT_VERSION_ID, PTN_ID ) VALUES ( 
238, 'TariffBandHistory', 'Tariff Band History', 'N', 'N', 'N', 1, 1); 
INSERT INTO ENTITY_TBL ( ENT_ID, ENT_ENTITY, ENT_DISPLAY, ENT_CACHE_FL, ENT_ALLOW_NOTES_FL,
ENT_DELETE_FL, ENT_VERSION_ID, PTN_ID ) VALUES ( 
239, 'Action', 'Action', 'N', 'N', 'N', 1, 1); 
INSERT INTO ENTITY_TBL ( ENT_ID, ENT_ENTITY, ENT_DISPLAY, ENT_CACHE_FL, ENT_ALLOW_NOTES_FL,
ENT_DELETE_FL, ENT_VERSION_ID, PTN_ID ) VALUES ( 
240, 'RoleUiActionItem', 'Role Ui Action Item', 'N', 'N', 'N', 1, 1); 
INSERT INTO ENTITY_TBL ( ENT_ID, ENT_ENTITY, ENT_DISPLAY, ENT_CACHE_FL, ENT_ALLOW_NOTES_FL,
ENT_DELETE_FL, ENT_VERSION_ID, PTN_ID ) VALUES ( 
241, 'EventStatisticsStage', 'Event Statistics Stage', 'N', 'N', 'N', 1, 1); 
INSERT INTO ENTITY_TBL ( ENT_ID, ENT_ENTITY, ENT_DISPLAY, ENT_CACHE_FL, ENT_ALLOW_NOTES_FL,
ENT_DELETE_FL, ENT_VERSION_ID, PTN_ID ) VALUES ( 
242, 'TariffTrn', 'Tariff Trn', 'N', 'N', 'N', 1, 1); 
INSERT INTO ENTITY_TBL ( ENT_ID, ENT_ENTITY, ENT_DISPLAY, ENT_CACHE_FL, ENT_ALLOW_NOTES_FL,
ENT_DELETE_FL, ENT_VERSION_ID, PTN_ID ) VALUES ( 
1, 'TableColumn', 'Table Column', 'N', 'N', 'N', 1, 1); 
INSERT INTO ENTITY_TBL ( ENT_ID, ENT_ENTITY, ENT_DISPLAY, ENT_CACHE_FL, ENT_ALLOW_NOTES_FL,
ENT_DELETE_FL, ENT_VERSION_ID, PTN_ID ) VALUES ( 
2, 'CaseEscNotifyUser', 'Case Esc Notify User', 'N', 'N', 'N', 1, 1); 
INSERT INTO ENTITY_TBL ( ENT_ID, ENT_ENTITY, ENT_DISPLAY, ENT_CACHE_FL, ENT_ALLOW_NOTES_FL,
ENT_DELETE_FL, ENT_VERSION_ID, PTN_ID ) VALUES ( 
3, 'Layout', 'Layout', 'N', 'N', 'N', 1, 1); 
INSERT INTO ENTITY_TBL ( ENT_ID, ENT_ENTITY, ENT_DISPLAY, ENT_CACHE_FL, ENT_ALLOW_NOTES_FL,
ENT_DELETE_FL, ENT_VERSION_ID, PTN_ID ) VALUES ( 
4, 'AlertDfnNotifyUser', 'Alert Dfn Notify User', 'N', 'N', 'N', 1, 1); 
INSERT INTO ENTITY_TBL ( ENT_ID, ENT_ENTITY, ENT_DISPLAY, ENT_CACHE_FL, ENT_ALLOW_NOTES_FL,
ENT_DELETE_FL, ENT_VERSION_ID, PTN_ID ) VALUES ( 
5, 'TariffBandRate', 'Tariff Band Rate', 'N', 'N', 'N', 1, 1); 
INSERT INTO ENTITY_TBL ( ENT_ID, ENT_ENTITY, ENT_DISPLAY, ENT_CACHE_FL, ENT_ALLOW_NOTES_FL,
ENT_DELETE_FL, ENT_VERSION_ID, PTN_ID ) VALUES ( 
6, 'TaskController', 'Task Controller', 'N', 'N', 'N', 1, 1); 
INSERT INTO ENTITY_TBL ( ENT_ID, ENT_ENTITY, ENT_DISPLAY, ENT_CACHE_FL, ENT_ALLOW_NOTES_FL,
ENT_DELETE_FL, ENT_VERSION_ID, PTN_ID ) VALUES ( 
7, 'FrequencyGroup', 'Frequency Group', 'N', 'N', 'N', 1, 1); 
INSERT INTO ENTITY_TBL ( ENT_ID, ENT_ENTITY, ENT_DISPLAY, ENT_CACHE_FL, ENT_ALLOW_NOTES_FL,
ENT_DELETE_FL, ENT_VERSION_ID, PTN_ID ) VALUES ( 
8, 'ApplicationTbl', 'Application', 'N', 'N', 'N', 1, 1); 
INSERT INTO ENTITY_TBL ( ENT_ID, ENT_ENTITY, ENT_DISPLAY, ENT_CACHE_FL, ENT_ALLOW_NOTES_FL,
ENT_DELETE_FL, ENT_VERSION_ID, PTN_ID ) VALUES ( 
9, 'EventErrorMessage', 'Event Error Message', 'N', 'N', 'N', 1, 1); 
INSERT INTO ENTITY_TBL ( ENT_ID, ENT_ENTITY, ENT_DISPLAY, ENT_CACHE_FL, ENT_ALLOW_NOTES_FL,
ENT_DELETE_FL, ENT_VERSION_ID, PTN_ID ) VALUES ( 
10, 'Route', 'Route', 'N', 'N', 'N', 1, 1); 
INSERT INTO ENTITY_TBL ( ENT_ID, ENT_ENTITY, ENT_DISPLAY, ENT_CACHE_FL, ENT_ALLOW_NOTES_FL,
ENT_DELETE_FL, ENT_VERSION_ID, PTN_ID ) VALUES ( 
11, 'UsageServerPartition', 'Usage Server Partition', 'N', 'N', 'N', 1, 1); 
INSERT INTO ENTITY_TBL ( ENT_ID, ENT_ENTITY, ENT_DISPLAY, ENT_CACHE_FL, ENT_ALLOW_NOTES_FL,
ENT_DELETE_FL, ENT_VERSION_ID, PTN_ID ) VALUES ( 
12, 'EntityGuid', 'Entity Guid', 'N', 'N', 'N', 1, 1); 
INSERT INTO ENTITY_TBL ( ENT_ID, ENT_ENTITY, ENT_DISPLAY, ENT_CACHE_FL, ENT_ALLOW_NOTES_FL,
ENT_DELETE_FL, ENT_VERSION_ID, PTN_ID ) VALUES ( 
13, 'TreeEntity', 'Tree Entity', 'N', 'N', 'N', 1, 1); 
INSERT INTO ENTITY_TBL ( ENT_ID, ENT_ENTITY, ENT_DISPLAY, ENT_CACHE_FL, ENT_ALLOW_NOTES_FL,
ENT_DELETE_FL, ENT_VERSION_ID, PTN_ID ) VALUES ( 
14, 'TariffMetricType', 'Tariff Metric Type', 'N', 'N', 'N', 1, 1); 
INSERT INTO ENTITY_TBL ( ENT_ID, ENT_ENTITY, ENT_DISPLAY, ENT_CACHE_FL, ENT_ALLOW_NOTES_FL,
ENT_DELETE_FL, ENT_VERSION_ID, PTN_ID ) VALUES ( 
15, 'Task', 'Task', 'N', 'N', 'N', 1, 1); 
INSERT INTO ENTITY_TBL ( ENT_ID, ENT_ENTITY, ENT_DISPLAY, ENT_CACHE_FL, ENT_ALLOW_NOTES_FL,
ENT_DELETE_FL, ENT_VERSION_ID, PTN_ID ) VALUES ( 
16, 'ExtraControl', 'Extra Control', 'N', 'N', 'N', 1, 1); 
INSERT INTO ENTITY_TBL ( ENT_ID, ENT_ENTITY, ENT_DISPLAY, ENT_CACHE_FL, ENT_ALLOW_NOTES_FL,
ENT_DELETE_FL, ENT_VERSION_ID, PTN_ID ) VALUES ( 
17, 'ApplicationUser', 'Application User', 'N', 'N', 'N', 1, 1); 
INSERT INTO ENTITY_TBL ( ENT_ID, ENT_ENTITY, ENT_DISPLAY, ENT_CACHE_FL, ENT_ALLOW_NOTES_FL,
ENT_DELETE_FL, ENT_VERSION_ID, PTN_ID ) VALUES ( 
18, 'CaseDfnItemTransition', 'Case Dfn Item Transition', 'N', 'N', 'N', 1, 1); 
INSERT INTO ENTITY_TBL ( ENT_ID, ENT_ENTITY, ENT_DISPLAY, ENT_CACHE_FL, ENT_ALLOW_NOTES_FL,
ENT_DELETE_FL, ENT_VERSION_ID, PTN_ID ) VALUES ( 
19, 'DefaultTableGrid', 'Default Table Grid', 'N', 'N', 'N', 1, 1); 
INSERT INTO ENTITY_TBL ( ENT_ID, ENT_ENTITY, ENT_DISPLAY, ENT_CACHE_FL, ENT_ALLOW_NOTES_FL,
ENT_DELETE_FL, ENT_VERSION_ID, PTN_ID ) VALUES ( 
20, 'ActionPinConnection', 'Action Pin Connection', 'N', 'N', 'N', 1, 1); 
INSERT INTO ENTITY_TBL ( ENT_ID, ENT_ENTITY, ENT_DISPLAY, ENT_CACHE_FL, ENT_ALLOW_NOTES_FL,
ENT_DELETE_FL, ENT_VERSION_ID, PTN_ID ) VALUES ( 
21, 'RoleRefTable', 'Role Ref Table', 'N', 'N', 'N', 1, 1); 
INSERT INTO ENTITY_TBL ( ENT_ID, ENT_ENTITY, ENT_DISPLAY, ENT_CACHE_FL, ENT_ALLOW_NOTES_FL,
ENT_DELETE_FL, ENT_VERSION_ID, PTN_ID ) VALUES ( 
22, 'MissingFile', 'Missing File', 'N', 'N', 'N', 1, 1); 
INSERT INTO ENTITY_TBL ( ENT_ID, ENT_ENTITY, ENT_DISPLAY, ENT_CACHE_FL, ENT_ALLOW_NOTES_FL,
ENT_DELETE_FL, ENT_VERSION_ID, PTN_ID ) VALUES ( 
23, 'ElementReportGroup', 'Element Report Group', 'N', 'N', 'N', 1, 1); 
INSERT INTO ENTITY_TBL ( ENT_ID, ENT_ENTITY, ENT_DISPLAY, ENT_CACHE_FL, ENT_ALLOW_NOTES_FL,
ENT_DELETE_FL, ENT_VERSION_ID, PTN_ID ) VALUES ( 
24, 'StreamController', 'Stream Controller', 'N', 'N', 'N', 1, 1); 
INSERT INTO ENTITY_TBL ( ENT_ID, ENT_ENTITY, ENT_DISPLAY, ENT_CACHE_FL, ENT_ALLOW_NOTES_FL,
ENT_DELETE_FL, ENT_VERSION_ID, PTN_ID ) VALUES ( 
25, 'Toolbar', 'Toolbar', 'N', 'N', 'N', 1, 1); 
INSERT INTO ENTITY_TBL ( ENT_ID, ENT_ENTITY, ENT_DISPLAY, ENT_CACHE_FL, ENT_ALLOW_NOTES_FL,
ENT_DELETE_FL, ENT_VERSION_ID, PTN_ID ) VALUES ( 
26, 'CaseInstHistory', 'Case Inst History', 'N', 'N', 'N', 1, 1); 
INSERT INTO ENTITY_TBL ( ENT_ID, ENT_ENTITY, ENT_DISPLAY, ENT_CACHE_FL, ENT_ALLOW_NOTES_FL,
ENT_DELETE_FL, ENT_VERSION_ID, PTN_ID ) VALUES ( 
27, 'TableIndex', 'Table Index', 'N', 'N', 'N', 1, 1); 
INSERT INTO ENTITY_TBL ( ENT_ID, ENT_ENTITY, ENT_DISPLAY, ENT_CACHE_FL, ENT_ALLOW_NOTES_FL,
ENT_DELETE_FL, ENT_VERSION_ID, PTN_ID ) VALUES ( 
28, 'QueryBuilder', 'Query Builder', 'N', 'N', 'N', 1, 1); 
INSERT INTO ENTITY_TBL ( ENT_ID, ENT_ENTITY, ENT_DISPLAY, ENT_CACHE_FL, ENT_ALLOW_NOTES_FL,
ENT_DELETE_FL, ENT_VERSION_ID, PTN_ID ) VALUES ( 
29, 'AlertInst', 'Alert Inst', 'N', 'N', 'N', 1, 1); 
INSERT INTO ENTITY_TBL ( ENT_ID, ENT_ENTITY, ENT_DISPLAY, ENT_CACHE_FL, ENT_ALLOW_NOTES_FL,
ENT_DELETE_FL, ENT_VERSION_ID, PTN_ID ) VALUES ( 
30, 'TriggerTbl', 'Trigger', 'N', 'N', 'N', 1, 1); 
INSERT INTO ENTITY_TBL ( ENT_ID, ENT_ENTITY, ENT_DISPLAY, ENT_CACHE_FL, ENT_ALLOW_NOTES_FL,
ENT_DELETE_FL, ENT_VERSION_ID, PTN_ID ) VALUES ( 
31, 'StreamStageRecurTask', 'Stream Stage Recur Task', 'N', 'N', 'N', 1, 1); 
INSERT INTO ENTITY_TBL ( ENT_ID, ENT_ENTITY, ENT_DISPLAY, ENT_CACHE_FL, ENT_ALLOW_NOTES_FL,
ENT_DELETE_FL, ENT_VERSION_ID, PTN_ID ) VALUES ( 
32, 'CaseDfnItemStep', 'Case Dfn Item Step', 'N', 'N', 'N', 1, 1); 
INSERT INTO ENTITY_TBL ( ENT_ID, ENT_ENTITY, ENT_DISPLAY, ENT_CACHE_FL, ENT_ALLOW_NOTES_FL,
ENT_DELETE_FL, ENT_VERSION_ID, PTN_ID ) VALUES ( 
33, 'UserDefaultDetail', 'User Default Detail', 'N', 'N', 'N', 1, 1); 
INSERT INTO ENTITY_TBL ( ENT_ID, ENT_ENTITY, ENT_DISPLAY, ENT_CACHE_FL, ENT_ALLOW_NOTES_FL,
ENT_DELETE_FL, ENT_VERSION_ID, PTN_ID ) VALUES ( 
34, 'TableGridColumn', 'Table Grid Column', 'N', 'N', 'N', 1, 1); 
INSERT INTO ENTITY_TBL ( ENT_ID, ENT_ENTITY, ENT_DISPLAY, ENT_CACHE_FL, ENT_ALLOW_NOTES_FL,
ENT_DELETE_FL, ENT_VERSION_ID, PTN_ID ) VALUES ( 
35, 'MachineTbl', 'Machine', 'N', 'N', 'N', 1, 1); 
INSERT INTO ENTITY_TBL ( ENT_ID, ENT_ENTITY, ENT_DISPLAY, ENT_CACHE_FL, ENT_ALLOW_NOTES_FL,
ENT_DELETE_FL, ENT_VERSION_ID, PTN_ID ) VALUES ( 
36, 'UsageGroup', 'Usage Group', 'N', 'N', 'N', 1, 1); 
INSERT INTO ENTITY_TBL ( ENT_ID, ENT_ENTITY, ENT_DISPLAY, ENT_CACHE_FL, ENT_ALLOW_NOTES_FL,
ENT_DELETE_FL, ENT_VERSION_ID, PTN_ID ) VALUES ( 
37, 'RouteType', 'Route Type', 'N', 'N', 'N', 1, 1); 
INSERT INTO ENTITY_TBL ( ENT_ID, ENT_ENTITY, ENT_DISPLAY, ENT_CACHE_FL, ENT_ALLOW_NOTES_FL,
ENT_DELETE_FL, ENT_VERSION_ID, PTN_ID ) VALUES ( 
38, 'EntityExportItem', 'Entity Export Item', 'N', 'N', 'N', 1, 1); 
INSERT INTO ENTITY_TBL ( ENT_ID, ENT_ENTITY, ENT_DISPLAY, ENT_CACHE_FL, ENT_ALLOW_NOTES_FL,
ENT_DELETE_FL, ENT_VERSION_ID, PTN_ID ) VALUES ( 
39, 'TokenTbl', 'Token', 'N', 'N', 'N', 1, 1); 
INSERT INTO ENTITY_TBL ( ENT_ID, ENT_ENTITY, ENT_DISPLAY, ENT_CACHE_FL, ENT_ALLOW_NOTES_FL,
ENT_DELETE_FL, ENT_VERSION_ID, PTN_ID ) VALUES ( 
40, 'SqlQuery', 'Sql Query', 'N', 'N', 'N', 1, 1); 
INSERT INTO ENTITY_TBL ( ENT_ID, ENT_ENTITY, ENT_DISPLAY, ENT_CACHE_FL, ENT_ALLOW_NOTES_FL,
ENT_DELETE_FL, ENT_VERSION_ID, PTN_ID ) VALUES ( 
41, 'UiActionItem', 'Ui Action Item', 'N', 'N', 'N', 1, 1); 
INSERT INTO ENTITY_TBL ( ENT_ID, ENT_ENTITY, ENT_DISPLAY, ENT_CACHE_FL, ENT_ALLOW_NOTES_FL,
ENT_DELETE_FL, ENT_VERSION_ID, PTN_ID ) VALUES ( 
42, 'Context', 'Context', 'N', 'N', 'N', 1, 1); 
INSERT INTO ENTITY_TBL ( ENT_ID, ENT_ENTITY, ENT_DISPLAY, ENT_CACHE_FL, ENT_ALLOW_NOTES_FL,
ENT_DELETE_FL, ENT_VERSION_ID, PTN_ID ) VALUES ( 
43, 'GeneratedReport', 'Generated Report', 'N', 'N', 'N', 1, 1); 
INSERT INTO ENTITY_TBL ( ENT_ID, ENT_ENTITY, ENT_DISPLAY, ENT_CACHE_FL, ENT_ALLOW_NOTES_FL,
ENT_DELETE_FL, ENT_VERSION_ID, PTN_ID ) VALUES ( 
44, 'DefaultGrid', 'Default Grid', 'N', 'N', 'N', 1, 1); 
INSERT INTO ENTITY_TBL ( ENT_ID, ENT_ENTITY, ENT_DISPLAY, ENT_CACHE_FL, ENT_ALLOW_NOTES_FL,
ENT_DELETE_FL, ENT_VERSION_ID, PTN_ID ) VALUES ( 
45, 'CaseDfnItemAlert', 'Case Dfn Item Alert', 'N', 'N', 'N', 1, 1); 
INSERT INTO ENTITY_TBL ( ENT_ID, ENT_ENTITY, ENT_DISPLAY, ENT_CACHE_FL, ENT_ALLOW_NOTES_FL,
ENT_DELETE_FL, ENT_VERSION_ID, PTN_ID ) VALUES ( 
46, 'ChartSubTypeProp', 'Chart Sub Type Prop', 'N', 'N', 'N', 1, 1); 
INSERT INTO ENTITY_TBL ( ENT_ID, ENT_ENTITY, ENT_DISPLAY, ENT_CACHE_FL, ENT_ALLOW_NOTES_FL,
ENT_DELETE_FL, ENT_VERSION_ID, PTN_ID ) VALUES ( 
47, 'TariffBand', 'Tariff Band', 'N', 'N', 'N', 1, 1); 
INSERT INTO ENTITY_TBL ( ENT_ID, ENT_ENTITY, ENT_DISPLAY, ENT_CACHE_FL, ENT_ALLOW_NOTES_FL,
ENT_DELETE_FL, ENT_VERSION_ID, PTN_ID ) VALUES ( 
48, 'CaseItemPriority', 'Case Item Priority', 'N', 'N', 'N', 1, 1); 
INSERT INTO ENTITY_TBL ( ENT_ID, ENT_ENTITY, ENT_DISPLAY, ENT_CACHE_FL, ENT_ALLOW_NOTES_FL,
ENT_DELETE_FL, ENT_VERSION_ID, PTN_ID ) VALUES ( 
49, 'InterfaceTbl', 'Interface', 'N', 'N', 'N', 1, 1); 
INSERT INTO ENTITY_TBL ( ENT_ID, ENT_ENTITY, ENT_DISPLAY, ENT_CACHE_FL, ENT_ALLOW_NOTES_FL,
ENT_DELETE_FL, ENT_VERSION_ID, PTN_ID ) VALUES ( 
50, 'ChartPropertyGroup', 'Chart Property Group', 'N', 'N', 'N', 1, 1); 
INSERT INTO ENTITY_TBL ( ENT_ID, ENT_ENTITY, ENT_DISPLAY, ENT_CACHE_FL, ENT_ALLOW_NOTES_FL,
ENT_DELETE_FL, ENT_VERSION_ID, PTN_ID ) VALUES ( 
51, 'TableIndexColumn', 'Table Index Column', 'N', 'N', 'N', 1, 1); 
INSERT INTO ENTITY_TBL ( ENT_ID, ENT_ENTITY, ENT_DISPLAY, ENT_CACHE_FL, ENT_ALLOW_NOTES_FL,
ENT_DELETE_FL, ENT_VERSION_ID, PTN_ID ) VALUES ( 
52, 'ElementSet', 'Element Set', 'N', 'N', 'N', 1, 1); 
INSERT INTO ENTITY_TBL ( ENT_ID, ENT_ENTITY, ENT_DISPLAY, ENT_CACHE_FL, ENT_ALLOW_NOTES_FL,
ENT_DELETE_FL, ENT_VERSION_ID, PTN_ID ) VALUES ( 
53, 'AutoSqlSelect', 'Auto Sql Select', 'N', 'N', 'N', 1, 1); 
INSERT INTO ENTITY_TBL ( ENT_ID, ENT_ENTITY, ENT_DISPLAY, ENT_CACHE_FL, ENT_ALLOW_NOTES_FL,
ENT_DELETE_FL, ENT_VERSION_ID, PTN_ID ) VALUES ( 
54, 'AlertDfn', 'Alert Dfn', 'N', 'N', 'N', 1, 1); 
INSERT INTO ENTITY_TBL ( ENT_ID, ENT_ENTITY, ENT_DISPLAY, ENT_CACHE_FL, ENT_ALLOW_NOTES_FL,
ENT_DELETE_FL, ENT_VERSION_ID, PTN_ID ) VALUES ( 
55, 'UserTbl', 'User', 'N', 'N', 'N', 1, 1); 
INSERT INTO ENTITY_TBL ( ENT_ID, ENT_ENTITY, ENT_DISPLAY, ENT_CACHE_FL, ENT_ALLOW_NOTES_FL,
ENT_DELETE_FL, ENT_VERSION_ID, PTN_ID ) VALUES ( 
56, 'CaseDfn', 'Case Dfn', 'N', 'N', 'N', 1, 1); 
INSERT INTO ENTITY_TBL ( ENT_ID, ENT_ENTITY, ENT_DISPLAY, ENT_CACHE_FL, ENT_ALLOW_NOTES_FL,
ENT_DELETE_FL, ENT_VERSION_ID, PTN_ID ) VALUES ( 
57, 'ParseOutputMap', 'Parse Output Map', 'N', 'N', 'N', 1, 1); 
INSERT INTO ENTITY_TBL ( ENT_ID, ENT_ENTITY, ENT_DISPLAY, ENT_CACHE_FL, ENT_ALLOW_NOTES_FL,
ENT_DELETE_FL, ENT_VERSION_ID, PTN_ID ) VALUES ( 
58, 'TariffElementSet', 'Tariff Element Set', 'N', 'N', 'N', 1, 1); 
INSERT INTO ENTITY_TBL ( ENT_ID, ENT_ENTITY, ENT_DISPLAY, ENT_CACHE_FL, ENT_ALLOW_NOTES_FL,
ENT_DELETE_FL, ENT_VERSION_ID, PTN_ID ) VALUES ( 
59, 'DayGroup', 'Day Group', 'N', 'N', 'N', 1, 1); 
INSERT INTO ENTITY_TBL ( ENT_ID, ENT_ENTITY, ENT_DISPLAY, ENT_CACHE_FL, ENT_ALLOW_NOTES_FL,
ENT_DELETE_FL, ENT_VERSION_ID, PTN_ID ) VALUES ( 
60, 'ChartSubType', 'Chart Sub Type', 'N', 'N', 'N', 1, 1); 
INSERT INTO ENTITY_TBL ( ENT_ID, ENT_ENTITY, ENT_DISPLAY, ENT_CACHE_FL, ENT_ALLOW_NOTES_FL,
ENT_DELETE_FL, ENT_VERSION_ID, PTN_ID ) VALUES ( 
61, 'Band', 'Band', 'N', 'N', 'N', 1, 1); 
INSERT INTO ENTITY_TBL ( ENT_ID, ENT_ENTITY, ENT_DISPLAY, ENT_CACHE_FL, ENT_ALLOW_NOTES_FL,
ENT_DELETE_FL, ENT_VERSION_ID, PTN_ID ) VALUES ( 
62, 'PendingTask', 'Pending Task', 'N', 'N', 'N', 1, 1); 
INSERT INTO ENTITY_TBL ( ENT_ID, ENT_ENTITY, ENT_DISPLAY, ENT_CACHE_FL, ENT_ALLOW_NOTES_FL,
ENT_DELETE_FL, ENT_VERSION_ID, PTN_ID ) VALUES ( 
63, 'TariffClass', 'Tariff Class', 'N', 'N', 'N', 1, 1); 
INSERT INTO ENTITY_TBL ( ENT_ID, ENT_ENTITY, ENT_DISPLAY, ENT_CACHE_FL, ENT_ALLOW_NOTES_FL,
ENT_DELETE_FL, ENT_VERSION_ID, PTN_ID ) VALUES ( 
64, 'UsageGroupServer', 'Usage Group Server', 'N', 'N', 'N', 1, 1); 
INSERT INTO ENTITY_TBL ( ENT_ID, ENT_ENTITY, ENT_DISPLAY, ENT_CACHE_FL, ENT_ALLOW_NOTES_FL,
ENT_DELETE_FL, ENT_VERSION_ID, PTN_ID ) VALUES ( 
65, 'AlertGroupNotifyUser', 'Alert Group Notify User', 'N', 'N', 'N', 1, 1); 
INSERT INTO ENTITY_TBL ( ENT_ID, ENT_ENTITY, ENT_DISPLAY, ENT_CACHE_FL, ENT_ALLOW_NOTES_FL,
ENT_DELETE_FL, ENT_VERSION_ID, PTN_ID ) VALUES ( 
66, 'CaseDfnNotifyUser', 'Case Dfn Notify User', 'N', 'N', 'N', 1, 1); 
INSERT INTO ENTITY_TBL ( ENT_ID, ENT_ENTITY, ENT_DISPLAY, ENT_CACHE_FL, ENT_ALLOW_NOTES_FL,
ENT_DELETE_FL, ENT_VERSION_ID, PTN_ID ) VALUES ( 
67, 'ImageTbl', 'Image', 'N', 'N', 'N', 1, 1); 
INSERT INTO ENTITY_TBL ( ENT_ID, ENT_ENTITY, ENT_DISPLAY, ENT_CACHE_FL, ENT_ALLOW_NOTES_FL,
ENT_DELETE_FL, ENT_VERSION_ID, PTN_ID ) VALUES ( 
68, 'StringRuleStep', 'String Rule Step', 'N', 'N', 'N', 1, 1); 
INSERT INTO ENTITY_TBL ( ENT_ID, ENT_ENTITY, ENT_DISPLAY, ENT_CACHE_FL, ENT_ALLOW_NOTES_FL,
ENT_DELETE_FL, ENT_VERSION_ID, PTN_ID ) VALUES ( 
69, 'StreamFile', 'Stream File', 'N', 'N', 'N', 1, 1); 
INSERT INTO ENTITY_TBL ( ENT_ID, ENT_ENTITY, ENT_DISPLAY, ENT_CACHE_FL, ENT_ALLOW_NOTES_FL,
ENT_DELETE_FL, ENT_VERSION_ID, PTN_ID ) VALUES ( 
70, 'TableFilterCol', 'Table Filter Col', 'N', 'N', 'N', 1, 1); 
INSERT INTO ENTITY_TBL ( ENT_ID, ENT_ENTITY, ENT_DISPLAY, ENT_CACHE_FL, ENT_ALLOW_NOTES_FL,
ENT_DELETE_FL, ENT_VERSION_ID, PTN_ID ) VALUES ( 
71, 'CustomObject', 'Custom Object', 'N', 'N', 'N', 1, 1); 
INSERT INTO ENTITY_TBL ( ENT_ID, ENT_ENTITY, ENT_DISPLAY, ENT_CACHE_FL, ENT_ALLOW_NOTES_FL,
ENT_DELETE_FL, ENT_VERSION_ID, PTN_ID ) VALUES ( 
72, 'FileFirstLastSequence', 'File First Last Sequence', 'N', 'N', 'N', 1, 1); 
INSERT INTO ENTITY_TBL ( ENT_ID, ENT_ENTITY, ENT_DISPLAY, ENT_CACHE_FL, ENT_ALLOW_NOTES_FL,
ENT_DELETE_FL, ENT_VERSION_ID, PTN_ID ) VALUES ( 
73, 'EntityExportGroup', 'Entity Export Group', 'N', 'N', 'N', 1, 1); 
INSERT INTO ENTITY_TBL ( ENT_ID, ENT_ENTITY, ENT_DISPLAY, ENT_CACHE_FL, ENT_ALLOW_NOTES_FL,
ENT_DELETE_FL, ENT_VERSION_ID, PTN_ID ) VALUES ( 
74, 'TaskOutputFile', 'Task Output File', 'N', 'N', 'N', 1, 1); 
INSERT INTO ENTITY_TBL ( ENT_ID, ENT_ENTITY, ENT_DISPLAY, ENT_CACHE_FL, ENT_ALLOW_NOTES_FL,
ENT_DELETE_FL, ENT_VERSION_ID, PTN_ID ) VALUES ( 
75, 'TariffClassDayGroup', 'Tariff Class Day Group', 'N', 'N', 'N', 1, 1); 
INSERT INTO ENTITY_TBL ( ENT_ID, ENT_ENTITY, ENT_DISPLAY, ENT_CACHE_FL, ENT_ALLOW_NOTES_FL,
ENT_DELETE_FL, ENT_VERSION_ID, PTN_ID ) VALUES ( 
76, 'BusinessObjectsUniverse', 'Business Objects Universe', 'N', 'N', 'N', 1, 1); 
INSERT INTO ENTITY_TBL ( ENT_ID, ENT_ENTITY, ENT_DISPLAY, ENT_CACHE_FL, ENT_ALLOW_NOTES_FL,
ENT_DELETE_FL, ENT_VERSION_ID, PTN_ID ) VALUES ( 
77, 'TariffPeriod', 'Tariff Period', 'N', 'N', 'N', 1, 1); 
INSERT INTO ENTITY_TBL ( ENT_ID, ENT_ENTITY, ENT_DISPLAY, ENT_CACHE_FL, ENT_ALLOW_NOTES_FL,
ENT_DELETE_FL, ENT_VERSION_ID, PTN_ID ) VALUES ( 
78, 'BandType', 'Band Type', 'N', 'N', 'N', 1, 1); 
INSERT INTO ENTITY_TBL ( ENT_ID, ENT_ENTITY, ENT_DISPLAY, ENT_CACHE_FL, ENT_ALLOW_NOTES_FL,
ENT_DELETE_FL, ENT_VERSION_ID, PTN_ID ) VALUES ( 
79, 'TableDfn', 'Table Dfn', 'N', 'N', 'N', 1, 1); 
INSERT INTO ENTITY_TBL ( ENT_ID, ENT_ENTITY, ENT_DISPLAY, ENT_CACHE_FL, ENT_ALLOW_NOTES_FL,
ENT_DELETE_FL, ENT_VERSION_ID, PTN_ID ) VALUES ( 
80, 'ServerExceptionGroup', 'Server Exception Group', 'N', 'N', 'N', 1, 1); 
INSERT INTO ENTITY_TBL ( ENT_ID, ENT_ENTITY, ENT_DISPLAY, ENT_CACHE_FL, ENT_ALLOW_NOTES_FL,
ENT_DELETE_FL, ENT_VERSION_ID, PTN_ID ) VALUES ( 
81, 'RouteClass', 'Route Class', 'N', 'N', 'N', 1, 1); 
INSERT INTO ENTITY_TBL ( ENT_ID, ENT_ENTITY, ENT_DISPLAY, ENT_CACHE_FL, ENT_ALLOW_NOTES_FL,
ENT_DELETE_FL, ENT_VERSION_ID, PTN_ID ) VALUES ( 
82, 'CaseInstItemNote', 'Case Inst Item Note', 'N', 'N', 'N', 1, 1); 
INSERT INTO ENTITY_TBL ( ENT_ID, ENT_ENTITY, ENT_DISPLAY, ENT_CACHE_FL, ENT_ALLOW_NOTES_FL,
ENT_DELETE_FL, ENT_VERSION_ID, PTN_ID ) VALUES ( 
83, 'TableMapping', 'Table Mapping', 'N', 'N', 'N', 1, 1); 
INSERT INTO ENTITY_TBL ( ENT_ID, ENT_ENTITY, ENT_DISPLAY, ENT_CACHE_FL, ENT_ALLOW_NOTES_FL,
ENT_DELETE_FL, ENT_VERSION_ID, PTN_ID ) VALUES ( 
84, 'RefTable', 'Ref Table', 'N', 'N', 'N', 1, 1); 
INSERT INTO ENTITY_TBL ( ENT_ID, ENT_ENTITY, ENT_DISPLAY, ENT_CACHE_FL, ENT_ALLOW_NOTES_FL,
ENT_DELETE_FL, ENT_VERSION_ID, PTN_ID ) VALUES ( 
85, 'TokenMapping', 'Token Mapping', 'N', 'N', 'N', 1, 1); 
INSERT INTO ENTITY_TBL ( ENT_ID, ENT_ENTITY, ENT_DISPLAY, ENT_CACHE_FL, ENT_ALLOW_NOTES_FL,
ENT_DELETE_FL, ENT_VERSION_ID, PTN_ID ) VALUES ( 
86, 'ImageViewer', 'Image Viewer', 'N', 'N', 'N', 1, 1); 
INSERT INTO ENTITY_TBL ( ENT_ID, ENT_ENTITY, ENT_DISPLAY, ENT_CACHE_FL, ENT_ALLOW_NOTES_FL,
ENT_DELETE_FL, ENT_VERSION_ID, PTN_ID ) VALUES ( 
87, 'EventStatistics', 'Event Statistics', 'N', 'N', 'N', 1, 1); 
INSERT INTO ENTITY_TBL ( ENT_ID, ENT_ENTITY, ENT_DISPLAY, ENT_CACHE_FL, ENT_ALLOW_NOTES_FL,
ENT_DELETE_FL, ENT_VERSION_ID, PTN_ID ) VALUES ( 
88, 'ChartSeries', 'Chart Series', 'N', 'N', 'N', 1, 1); 
INSERT INTO ENTITY_TBL ( ENT_ID, ENT_ENTITY, ENT_DISPLAY, ENT_CACHE_FL, ENT_ALLOW_NOTES_FL,
ENT_DELETE_FL, ENT_VERSION_ID, PTN_ID ) VALUES ( 
89, 'DefaultTableGridColumn', 'Default Table Grid Column', 'N', 'N', 'N', 1, 1); 
INSERT INTO ENTITY_TBL ( ENT_ID, ENT_ENTITY, ENT_DISPLAY, ENT_CACHE_FL, ENT_ALLOW_NOTES_FL,
ENT_DELETE_FL, ENT_VERSION_ID, PTN_ID ) VALUES ( 
90, 'DashboardServer', 'Dashboard Server', 'N', 'N', 'N', 1, 1); 
INSERT INTO ENTITY_TBL ( ENT_ID, ENT_ENTITY, ENT_DISPLAY, ENT_CACHE_FL, ENT_ALLOW_NOTES_FL,
ENT_DELETE_FL, ENT_VERSION_ID, PTN_ID ) VALUES ( 
91, 'ExternalAlert', 'External Alert', 'N', 'N', 'N', 1, 1); 
INSERT INTO ENTITY_TBL ( ENT_ID, ENT_ENTITY, ENT_DISPLAY, ENT_CACHE_FL, ENT_ALLOW_NOTES_FL,
ENT_DELETE_FL, ENT_VERSION_ID, PTN_ID ) VALUES ( 
92, 'FileCollection', 'File Collection', 'N', 'N', 'N', 1, 1); 
INSERT INTO ENTITY_TBL ( ENT_ID, ENT_ENTITY, ENT_DISPLAY, ENT_CACHE_FL, ENT_ALLOW_NOTES_FL,
ENT_DELETE_FL, ENT_VERSION_ID, PTN_ID ) VALUES ( 
93, 'TariffRateName', 'Tariff Rate Name', 'N', 'N', 'N', 1, 1); 
INSERT INTO ENTITY_TBL ( ENT_ID, ENT_ENTITY, ENT_DISPLAY, ENT_CACHE_FL, ENT_ALLOW_NOTES_FL,
ENT_DELETE_FL, ENT_VERSION_ID, PTN_ID ) VALUES ( 
94, 'ProcessedFileInfo', 'Processed File Info', 'N', 'N', 'N', 1, 1); 
INSERT INTO ENTITY_TBL ( ENT_ID, ENT_ENTITY, ENT_DISPLAY, ENT_CACHE_FL, ENT_ALLOW_NOTES_FL,
ENT_DELETE_FL, ENT_VERSION_ID, PTN_ID ) VALUES ( 
95, 'ServerException', 'Server Exception', 'N', 'N', 'N', 1, 1); 
INSERT INTO ENTITY_TBL ( ENT_ID, ENT_ENTITY, ENT_DISPLAY, ENT_CACHE_FL, ENT_ALLOW_NOTES_FL,
ENT_DELETE_FL, ENT_VERSION_ID, PTN_ID ) VALUES ( 
96, 'TariffBandRateHistory', 'Tariff Band Rate History', 'N', 'N', 'N', 1, 1); 
INSERT INTO ENTITY_TBL ( ENT_ID, ENT_ENTITY, ENT_DISPLAY, ENT_CACHE_FL, ENT_ALLOW_NOTES_FL,
ENT_DELETE_FL, ENT_VERSION_ID, PTN_ID ) VALUES ( 
97, 'UserPasswordValidation', 'User Password Validation', 'N', 'N', 'N', 1, 1); 
INSERT INTO ENTITY_TBL ( ENT_ID, ENT_ENTITY, ENT_DISPLAY, ENT_CACHE_FL, ENT_ALLOW_NOTES_FL,
ENT_DELETE_FL, ENT_VERSION_ID, PTN_ID ) VALUES ( 
98, 'UsageServer', 'Usage Server', 'N', 'N', 'N', 1, 1); 
INSERT INTO ENTITY_TBL ( ENT_ID, ENT_ENTITY, ENT_DISPLAY, ENT_CACHE_FL, ENT_ALLOW_NOTES_FL,
ENT_DELETE_FL, ENT_VERSION_ID, PTN_ID ) VALUES ( 
99, 'Grid', 'Grid', 'N', 'N', 'N', 1, 1); 
INSERT INTO ENTITY_TBL ( ENT_ID, ENT_ENTITY, ENT_DISPLAY, ENT_CACHE_FL, ENT_ALLOW_NOTES_FL,
ENT_DELETE_FL, ENT_VERSION_ID, PTN_ID ) VALUES ( 
100, 'DayGroupList', 'Day Group List', 'N', 'N', 'N', 1, 1); 
INSERT INTO ENTITY_TBL ( ENT_ID, ENT_ENTITY, ENT_DISPLAY, ENT_CACHE_FL, ENT_ALLOW_NOTES_FL,
ENT_DELETE_FL, ENT_VERSION_ID, PTN_ID ) VALUES ( 
101, 'Chart', 'Chart', 'N', 'N', 'N', 1, 1); 
INSERT INTO ENTITY_TBL ( ENT_ID, ENT_ENTITY, ENT_DISPLAY, ENT_CACHE_FL, ENT_ALLOW_NOTES_FL,
ENT_DELETE_FL, ENT_VERSION_ID, PTN_ID ) VALUES ( 
102, 'CacheStrategy', 'Cache Strategy', 'N', 'N', 'N', 1, 1); 
INSERT INTO ENTITY_TBL ( ENT_ID, ENT_ENTITY, ENT_DISPLAY, ENT_CACHE_FL, ENT_ALLOW_NOTES_FL,
ENT_DELETE_FL, ENT_VERSION_ID, PTN_ID ) VALUES ( 
103, 'PendingCollectedFile', 'Pending Collected File', 'N', 'N', 'N', 1, 1); 
INSERT INTO ENTITY_TBL ( ENT_ID, ENT_ENTITY, ENT_DISPLAY, ENT_CACHE_FL, ENT_ALLOW_NOTES_FL,
ENT_DELETE_FL, ENT_VERSION_ID, PTN_ID ) VALUES ( 
104, 'TreeLeaf', 'Tree Leaf', 'N', 'N', 'N', 1, 1); 
INSERT INTO ENTITY_TBL ( ENT_ID, ENT_ENTITY, ENT_DISPLAY, ENT_CACHE_FL, ENT_ALLOW_NOTES_FL,
ENT_DELETE_FL, ENT_VERSION_ID, PTN_ID ) VALUES ( 
105, 'DuplicateTable', 'Duplicate Table', 'N', 'N', 'N', 1, 1); 
INSERT INTO ENTITY_TBL ( ENT_ID, ENT_ENTITY, ENT_DISPLAY, ENT_CACHE_FL, ENT_ALLOW_NOTES_FL,
ENT_DELETE_FL, ENT_VERSION_ID, PTN_ID ) VALUES ( 
106, 'DateAllocatedNumber', 'Date Allocated Number', 'N', 'N', 'N', 1, 1); 
INSERT INTO ENTITY_TBL ( ENT_ID, ENT_ENTITY, ENT_DISPLAY, ENT_CACHE_FL, ENT_ALLOW_NOTES_FL,
ENT_DELETE_FL, ENT_VERSION_ID, PTN_ID ) VALUES ( 
107, 'DuplicateField', 'Duplicate Field', 'N', 'N', 'N', 1, 1); 
INSERT INTO ENTITY_TBL ( ENT_ID, ENT_ENTITY, ENT_DISPLAY, ENT_CACHE_FL, ENT_ALLOW_NOTES_FL,
ENT_DELETE_FL, ENT_VERSION_ID, PTN_ID ) VALUES ( 
108, 'CaseDfnItemTeam', 'Case Dfn Item Team', 'N', 'N', 'N', 1, 1); 
INSERT INTO ENTITY_TBL ( ENT_ID, ENT_ENTITY, ENT_DISPLAY, ENT_CACHE_FL, ENT_ALLOW_NOTES_FL,
ENT_DELETE_FL, ENT_VERSION_ID, PTN_ID ) VALUES ( 
109, 'Component', 'Component', 'N', 'N', 'N', 1, 1); 
INSERT INTO ENTITY_TBL ( ENT_ID, ENT_ENTITY, ENT_DISPLAY, ENT_CACHE_FL, ENT_ALLOW_NOTES_FL,
ENT_DELETE_FL, ENT_VERSION_ID, PTN_ID ) VALUES ( 
110, 'BusinessObjectsGroup', 'Business Objects Group', 'N', 'N', 'N', 1, 1); 
INSERT INTO ENTITY_TBL ( ENT_ID, ENT_ENTITY, ENT_DISPLAY, ENT_CACHE_FL, ENT_ALLOW_NOTES_FL,
ENT_DELETE_FL, ENT_VERSION_ID, PTN_ID ) VALUES ( 
111, 'EventErrorMessageGroup', 'Event Error Message Group', 'N', 'N', 'N', 1, 1); 
INSERT INTO ENTITY_TBL ( ENT_ID, ENT_ENTITY, ENT_DISPLAY, ENT_CACHE_FL, ENT_ALLOW_NOTES_FL,
ENT_DELETE_FL, ENT_VERSION_ID, PTN_ID ) VALUES ( 
112, 'TableFilter', 'Table Filter', 'N', 'N', 'N', 1, 1); 
INSERT INTO ENTITY_TBL ( ENT_ID, ENT_ENTITY, ENT_DISPLAY, ENT_CACHE_FL, ENT_ALLOW_NOTES_FL,
ENT_DELETE_FL, ENT_VERSION_ID, PTN_ID ) VALUES ( 
113, 'EntityActionGroup', 'Entity Action Group', 'N', 'N', 'N', 1, 1); 
INSERT INTO ENTITY_TBL ( ENT_ID, ENT_ENTITY, ENT_DISPLAY, ENT_CACHE_FL, ENT_ALLOW_NOTES_FL,
ENT_DELETE_FL, ENT_VERSION_ID, PTN_ID ) VALUES ( 
114, 'EntityNumberGroup', 'Entity Number Group', 'N', 'N', 'N', 1, 1); 
INSERT INTO ENTITY_TBL ( ENT_ID, ENT_ENTITY, ENT_DISPLAY, ENT_CACHE_FL, ENT_ALLOW_NOTES_FL,
ENT_DELETE_FL, ENT_VERSION_ID, PTN_ID ) VALUES ( 
115, 'TariffBandRateDetail', 'Tariff Band Rate Detail', 'N', 'N', 'N', 1, 1); 
INSERT INTO ENTITY_TBL ( ENT_ID, ENT_ENTITY, ENT_DISPLAY, ENT_CACHE_FL, ENT_ALLOW_NOTES_FL,
ENT_DELETE_FL, ENT_VERSION_ID, PTN_ID ) VALUES ( 
116, 'UserDefaultSearch', 'User Default Search', 'N', 'N', 'N', 1, 1); 
INSERT INTO ENTITY_TBL ( ENT_ID, ENT_ENTITY, ENT_DISPLAY, ENT_CACHE_FL, ENT_ALLOW_NOTES_FL,
ENT_DELETE_FL, ENT_VERSION_ID, PTN_ID ) VALUES ( 
117, 'CollectedFile', 'Collected File', 'N', 'N', 'N', 1, 1); 
INSERT INTO ENTITY_TBL ( ENT_ID, ENT_ENTITY, ENT_DISPLAY, ENT_CACHE_FL, ENT_ALLOW_NOTES_FL,
ENT_DELETE_FL, ENT_VERSION_ID, PTN_ID ) VALUES ( 
118, 'AlertGroupNotifyTeam', 'Alert Group Notify Team', 'N', 'N', 'N', 1, 1); 
INSERT INTO ENTITY_TBL ( ENT_ID, ENT_ENTITY, ENT_DISPLAY, ENT_CACHE_FL, ENT_ALLOW_NOTES_FL,
ENT_DELETE_FL, ENT_VERSION_ID, PTN_ID ) VALUES ( 
119, 'SqlQuerySelect', 'Sql Query Select', 'N', 'N', 'N', 1, 1); 
INSERT INTO ENTITY_TBL ( ENT_ID, ENT_ENTITY, ENT_DISPLAY, ENT_CACHE_FL, ENT_ALLOW_NOTES_FL,
ENT_DELETE_FL, ENT_VERSION_ID, PTN_ID ) VALUES ( 
120, 'StreamStageType', 'Stream Stage Type', 'N', 'N', 'N', 1, 1); 
INSERT INTO ENTITY_TBL ( ENT_ID, ENT_ENTITY, ENT_DISPLAY, ENT_CACHE_FL, ENT_ALLOW_NOTES_FL,
ENT_DELETE_FL, ENT_VERSION_ID, PTN_ID ) VALUES ( 
121, 'FrequencyGroupComponent', 'Frequency Group Component', 'N', 'N', 'N', 1, 1); 
INSERT INTO ENTITY_TBL ( ENT_ID, ENT_ENTITY, ENT_DISPLAY, ENT_CACHE_FL, ENT_ALLOW_NOTES_FL,
ENT_DELETE_FL, ENT_VERSION_ID, PTN_ID ) VALUES ( 
122, 'FileSource', 'File Source', 'N', 'N', 'N', 1, 1); 
INSERT INTO ENTITY_TBL ( ENT_ID, ENT_ENTITY, ENT_DISPLAY, ENT_CACHE_FL, ENT_ALLOW_NOTES_FL,
ENT_DELETE_FL, ENT_VERSION_ID, PTN_ID ) VALUES ( 
123, 'CaseInstItemHistory', 'Case Inst Item History', 'N', 'N', 'N', 1, 1); 
INSERT INTO ENTITY_TBL ( ENT_ID, ENT_ENTITY, ENT_DISPLAY, ENT_CACHE_FL, ENT_ALLOW_NOTES_FL,
ENT_DELETE_FL, ENT_VERSION_ID, PTN_ID ) VALUES ( 
124, 'FileParseStatType', 'File Parse Stat Type', 'N', 'N', 'N', 1, 1); 
INSERT INTO ENTITY_TBL ( ENT_ID, ENT_ENTITY, ENT_DISPLAY, ENT_CACHE_FL, ENT_ALLOW_NOTES_FL,
ENT_DELETE_FL, ENT_VERSION_ID, PTN_ID ) VALUES ( 
125, 'TableInst', 'Table Inst', 'N', 'N', 'N', 1, 1); 
INSERT INTO ENTITY_TBL ( ENT_ID, ENT_ENTITY, ENT_DISPLAY, ENT_CACHE_FL, ENT_ALLOW_NOTES_FL,
ENT_DELETE_FL, ENT_VERSION_ID, PTN_ID ) VALUES ( 
126, 'ParameterDfn', 'Parameter Dfn', 'N', 'N', 'N', 1, 1); 
INSERT INTO ENTITY_TBL ( ENT_ID, ENT_ENTITY, ENT_DISPLAY, ENT_CACHE_FL, ENT_ALLOW_NOTES_FL,
ENT_DELETE_FL, ENT_VERSION_ID, PTN_ID ) VALUES ( 
127, 'SchemaTbl', 'Schema', 'N', 'N', 'N', 1, 1); 
INSERT INTO ENTITY_TBL ( ENT_ID, ENT_ENTITY, ENT_DISPLAY, ENT_CACHE_FL, ENT_ALLOW_NOTES_FL,
ENT_DELETE_FL, ENT_VERSION_ID, PTN_ID ) VALUES ( 
128, 'InterfaceType', 'Interface Type', 'N', 'N', 'N', 1, 1); 
INSERT INTO ENTITY_TBL ( ENT_ID, ENT_ENTITY, ENT_DISPLAY, ENT_CACHE_FL, ENT_ALLOW_NOTES_FL,
ENT_DELETE_FL, ENT_VERSION_ID, PTN_ID ) VALUES ( 
129, 'TriggerPin', 'Trigger Pin', 'N', 'N', 'N', 1, 1); 
INSERT INTO ENTITY_TBL ( ENT_ID, ENT_ENTITY, ENT_DISPLAY, ENT_CACHE_FL, ENT_ALLOW_NOTES_FL,
ENT_DELETE_FL, ENT_VERSION_ID, PTN_ID ) VALUES ( 
130, 'CaseInstItem', 'Case Inst Item', 'N', 'N', 'N', 1, 1); 
INSERT INTO ENTITY_TBL ( ENT_ID, ENT_ENTITY, ENT_DISPLAY, ENT_CACHE_FL, ENT_ALLOW_NOTES_FL,
ENT_DELETE_FL, ENT_VERSION_ID, PTN_ID ) VALUES ( 
131, 'AutoSqlOrderBy', 'Auto Sql Order By', 'N', 'N', 'N', 1, 1); 
INSERT INTO ENTITY_TBL ( ENT_ID, ENT_ENTITY, ENT_DISPLAY, ENT_CACHE_FL, ENT_ALLOW_NOTES_FL,
ENT_DELETE_FL, ENT_VERSION_ID, PTN_ID ) VALUES ( 
132, 'Note', 'Note', 'N', 'N', 'N', 1, 1); 
INSERT INTO ENTITY_TBL ( ENT_ID, ENT_ENTITY, ENT_DISPLAY, ENT_CACHE_FL, ENT_ALLOW_NOTES_FL,
ENT_DELETE_FL, ENT_VERSION_ID, PTN_ID ) VALUES ( 
133, 'DataSourcePerspective', 'Data Source Perspective', 'N', 'N', 'N', 1, 1); 
INSERT INTO ENTITY_TBL ( ENT_ID, ENT_ENTITY, ENT_DISPLAY, ENT_CACHE_FL, ENT_ALLOW_NOTES_FL,
ENT_DELETE_FL, ENT_VERSION_ID, PTN_ID ) VALUES ( 
134, 'Report', 'Report', 'N', 'N', 'N', 1, 1); 
INSERT INTO ENTITY_TBL ( ENT_ID, ENT_ENTITY, ENT_DISPLAY, ENT_CACHE_FL, ENT_ALLOW_NOTES_FL,
ENT_DELETE_FL, ENT_VERSION_ID, PTN_ID ) VALUES ( 
135, 'FileParseStatistic', 'File Parse Statistic', 'N', 'N', 'N', 1, 1); 
INSERT INTO ENTITY_TBL ( ENT_ID, ENT_ENTITY, ENT_DISPLAY, ENT_CACHE_FL, ENT_ALLOW_NOTES_FL,
ENT_DELETE_FL, ENT_VERSION_ID, PTN_ID ) VALUES ( 
136, 'DefaultTableFilterCol', 'Default Table Filter Col', 'N', 'N', 'N', 1, 1); 
INSERT INTO ENTITY_TBL ( ENT_ID, ENT_ENTITY, ENT_DISPLAY, ENT_CACHE_FL, ENT_ALLOW_NOTES_FL,
ENT_DELETE_FL, ENT_VERSION_ID, PTN_ID ) VALUES ( 
137, 'DataSourceLocation', 'Data Source Location', 'N', 'N', 'N', 1, 1); 
INSERT INTO ENTITY_TBL ( ENT_ID, ENT_ENTITY, ENT_DISPLAY, ENT_CACHE_FL, ENT_ALLOW_NOTES_FL,
ENT_DELETE_FL, ENT_VERSION_ID, PTN_ID ) VALUES ( 
138, 'ExtraArgsInst', 'Extra Args Inst', 'N', 'N', 'N', 1, 1); 
INSERT INTO ENTITY_TBL ( ENT_ID, ENT_ENTITY, ENT_DISPLAY, ENT_CACHE_FL, ENT_ALLOW_NOTES_FL,
ENT_DELETE_FL, ENT_VERSION_ID, PTN_ID ) VALUES ( 
139, 'GridColumn', 'Grid Column', 'N', 'N', 'N', 1, 1); 
INSERT INTO ENTITY_TBL ( ENT_ID, ENT_ENTITY, ENT_DISPLAY, ENT_CACHE_FL, ENT_ALLOW_NOTES_FL,
ENT_DELETE_FL, ENT_VERSION_ID, PTN_ID ) VALUES ( 
140, 'Dashboard', 'Dashboard', 'N', 'N', 'N', 1, 1); 
INSERT INTO ENTITY_TBL ( ENT_ID, ENT_ENTITY, ENT_DISPLAY, ENT_CACHE_FL, ENT_ALLOW_NOTES_FL,
ENT_DELETE_FL, ENT_VERSION_ID, PTN_ID ) VALUES ( 
141, 'PartitionTbl', 'Partition', 'N', 'N', 'N', 1, 1); 
INSERT INTO ENTITY_TBL ( ENT_ID, ENT_ENTITY, ENT_DISPLAY, ENT_CACHE_FL, ENT_ALLOW_NOTES_FL,
ENT_DELETE_FL, ENT_VERSION_ID, PTN_ID ) VALUES ( 
142, 'StringRuleMatch', 'String Rule Match', 'N', 'N', 'N', 1, 1); 
INSERT INTO ENTITY_TBL ( ENT_ID, ENT_ENTITY, ENT_DISPLAY, ENT_CACHE_FL, ENT_ALLOW_NOTES_FL,
ENT_DELETE_FL, ENT_VERSION_ID, PTN_ID ) VALUES ( 
143, 'ImageGroup', 'Image Group', 'N', 'N', 'N', 1, 1); 
INSERT INTO ENTITY_TBL ( ENT_ID, ENT_ENTITY, ENT_DISPLAY, ENT_CACHE_FL, ENT_ALLOW_NOTES_FL,
ENT_DELETE_FL, ENT_VERSION_ID, PTN_ID ) VALUES ( 
144, 'DataSourceType', 'Data Source Type', 'N', 'N', 'N', 1, 1); 
INSERT INTO ENTITY_TBL ( ENT_ID, ENT_ENTITY, ENT_DISPLAY, ENT_CACHE_FL, ENT_ALLOW_NOTES_FL,
ENT_DELETE_FL, ENT_VERSION_ID, PTN_ID ) VALUES ( 
145, 'AuditLevel', 'Audit Level', 'N', 'N', 'N', 1, 1); 
INSERT INTO ENTITY_TBL ( ENT_ID, ENT_ENTITY, ENT_DISPLAY, ENT_CACHE_FL, ENT_ALLOW_NOTES_FL,
ENT_DELETE_FL, ENT_VERSION_ID, PTN_ID ) VALUES ( 
146, 'LongStringItem', 'Long String Item', 'N', 'N', 'N', 1, 1); 
INSERT INTO ENTITY_TBL ( ENT_ID, ENT_ENTITY, ENT_DISPLAY, ENT_CACHE_FL, ENT_ALLOW_NOTES_FL,
ENT_DELETE_FL, ENT_VERSION_ID, PTN_ID ) VALUES ( 
147, 'SecurityLabel', 'Security Label', 'N', 'N', 'N', 1, 1); 
INSERT INTO ENTITY_TBL ( ENT_ID, ENT_ENTITY, ENT_DISPLAY, ENT_CACHE_FL, ENT_ALLOW_NOTES_FL,
ENT_DELETE_FL, ENT_VERSION_ID, PTN_ID ) VALUES ( 
148, 'Stream', 'Stream', 'N', 'N', 'N', 1, 1); 
INSERT INTO ENTITY_TBL ( ENT_ID, ENT_ENTITY, ENT_DISPLAY, ENT_CACHE_FL, ENT_ALLOW_NOTES_FL,
ENT_DELETE_FL, ENT_VERSION_ID, PTN_ID ) VALUES ( 
149, 'AutoSql', 'Auto Sql', 'N', 'N', 'N', 1, 1); 
INSERT INTO ENTITY_TBL ( ENT_ID, ENT_ENTITY, ENT_DISPLAY, ENT_CACHE_FL, ENT_ALLOW_NOTES_FL,
ENT_DELETE_FL, ENT_VERSION_ID, PTN_ID ) VALUES ( 
150, 'DefaultGridColumn', 'Default Grid Column', 'N', 'N', 'N', 1, 1); 
INSERT INTO ENTITY_TBL ( ENT_ID, ENT_ENTITY, ENT_DISPLAY, ENT_CACHE_FL, ENT_ALLOW_NOTES_FL,
ENT_DELETE_FL, ENT_VERSION_ID, PTN_ID ) VALUES ( 
151, 'CaseInst', 'Case Inst', 'N', 'N', 'N', 1, 1); 
INSERT INTO ENTITY_TBL ( ENT_ID, ENT_ENTITY, ENT_DISPLAY, ENT_CACHE_FL, ENT_ALLOW_NOTES_FL,
ENT_DELETE_FL, ENT_VERSION_ID, PTN_ID ) VALUES ( 
152, 'TreeFolder', 'Tree Folder', 'N', 'N', 'N', 1, 1); 
INSERT INTO ENTITY_TBL ( ENT_ID, ENT_ENTITY, ENT_DISPLAY, ENT_CACHE_FL, ENT_ALLOW_NOTES_FL,
ENT_DELETE_FL, ENT_VERSION_ID, PTN_ID ) VALUES ( 
153, 'StringRule', 'String Rule', 'N', 'N', 'N', 1, 1); 
INSERT INTO ENTITY_TBL ( ENT_ID, ENT_ENTITY, ENT_DISPLAY, ENT_CACHE_FL, ENT_ALLOW_NOTES_FL,
ENT_DELETE_FL, ENT_VERSION_ID, PTN_ID ) VALUES ( 
154, 'Element', 'Element', 'N', 'N', 'N', 1, 1); 
INSERT INTO ENTITY_TBL ( ENT_ID, ENT_ENTITY, ENT_DISPLAY, ENT_CACHE_FL, ENT_ALLOW_NOTES_FL,
ENT_DELETE_FL, ENT_VERSION_ID, PTN_ID ) VALUES ( 
155, 'TreeDfn', 'Tree Dfn', 'N', 'N', 'N', 1, 1); 
INSERT INTO ENTITY_TBL ( ENT_ID, ENT_ENTITY, ENT_DISPLAY, ENT_CACHE_FL, ENT_ALLOW_NOTES_FL,
ENT_DELETE_FL, ENT_VERSION_ID, PTN_ID ) VALUES ( 
156, 'StringRuleSet', 'String Rule Set', 'N', 'N', 'N', 1, 1); 
INSERT INTO ENTITY_TBL ( ENT_ID, ENT_ENTITY, ENT_DISPLAY, ENT_CACHE_FL, ENT_ALLOW_NOTES_FL,
ENT_DELETE_FL, ENT_VERSION_ID, PTN_ID ) VALUES ( 
157, 'ChangedClass', 'Changed Class', 'N', 'N', 'N', 1, 1); 
INSERT INTO ENTITY_TBL ( ENT_ID, ENT_ENTITY, ENT_DISPLAY, ENT_CACHE_FL, ENT_ALLOW_NOTES_FL,
ENT_DELETE_FL, ENT_VERSION_ID, PTN_ID ) VALUES ( 
158, 'InstallVersion', 'Install Version', 'N', 'N', 'N', 1, 1); 
INSERT INTO ENTITY_TBL ( ENT_ID, ENT_ENTITY, ENT_DISPLAY, ENT_CACHE_FL, ENT_ALLOW_NOTES_FL,
ENT_DELETE_FL, ENT_VERSION_ID, PTN_ID ) VALUES ( 
159, 'EventStatisticsType', 'Event Statistics Type', 'N', 'N', 'N', 1, 1); 
INSERT INTO ENTITY_TBL ( ENT_ID, ENT_ENTITY, ENT_DISPLAY, ENT_CACHE_FL, ENT_ALLOW_NOTES_FL,
ENT_DELETE_FL, ENT_VERSION_ID, PTN_ID ) VALUES ( 
160, 'ElementConnection', 'Element Connection', 'N', 'N', 'N', 1, 1); 
INSERT INTO ENTITY_TBL ( ENT_ID, ENT_ENTITY, ENT_DISPLAY, ENT_CACHE_FL, ENT_ALLOW_NOTES_FL,
ENT_DELETE_FL, ENT_VERSION_ID, PTN_ID ) VALUES ( 
161, 'SqlQueryWhere', 'Sql Query Where', 'N', 'N', 'N', 1, 1); 
INSERT INTO ENTITY_TBL ( ENT_ID, ENT_ENTITY, ENT_DISPLAY, ENT_CACHE_FL, ENT_ALLOW_NOTES_FL,
ENT_DELETE_FL, ENT_VERSION_ID, PTN_ID ) VALUES ( 
162, 'RoleTbl', 'Role', 'N', 'N', 'N', 1, 1); 
INSERT INTO ENTITY_TBL ( ENT_ID, ENT_ENTITY, ENT_DISPLAY, ENT_CACHE_FL, ENT_ALLOW_NOTES_FL,
ENT_DELETE_FL, ENT_VERSION_ID, PTN_ID ) VALUES ( 
163, 'DayGroupListMember', 'Day Group List Member', 'N', 'N', 'N', 1, 1); 
INSERT INTO ENTITY_TBL ( ENT_ID, ENT_ENTITY, ENT_DISPLAY, ENT_CACHE_FL, ENT_ALLOW_NOTES_FL,
ENT_DELETE_FL, ENT_VERSION_ID, PTN_ID ) VALUES ( 
164, 'RefTableColumn', 'Ref Table Column', 'N', 'N', 'N', 1, 1); 
INSERT INTO ENTITY_TBL ( ENT_ID, ENT_ENTITY, ENT_DISPLAY, ENT_CACHE_FL, ENT_ALLOW_NOTES_FL,
ENT_DELETE_FL, ENT_VERSION_ID, PTN_ID ) VALUES ( 
165, 'RecurringSchedule', 'Recurring Schedule', 'N', 'N', 'N', 1, 1); 
INSERT INTO ENTITY_TBL ( ENT_ID, ENT_ENTITY, ENT_DISPLAY, ENT_CACHE_FL, ENT_ALLOW_NOTES_FL,
ENT_DELETE_FL, ENT_VERSION_ID, PTN_ID ) VALUES ( 
166, 'CaseDfnItem', 'Case Dfn Item', 'N', 'N', 'N', 1, 1); 
INSERT INTO ENTITY_TBL ( ENT_ID, ENT_ENTITY, ENT_DISPLAY, ENT_CACHE_FL, ENT_ALLOW_NOTES_FL,
ENT_DELETE_FL, ENT_VERSION_ID, PTN_ID ) VALUES ( 
167, 'DuplicateConfig', 'Duplicate Config', 'N', 'N', 'N', 1, 1); 
INSERT INTO ENTITY_TBL ( ENT_ID, ENT_ENTITY, ENT_DISPLAY, ENT_CACHE_FL, ENT_ALLOW_NOTES_FL,
ENT_DELETE_FL, ENT_VERSION_ID, PTN_ID ) VALUES ( 
168, 'DataIntegrityCheck', 'Data Integrity Check', 'N', 'N', 'N', 1, 1); 
INSERT INTO ENTITY_TBL ( ENT_ID, ENT_ENTITY, ENT_DISPLAY, ENT_CACHE_FL, ENT_ALLOW_NOTES_FL,
ENT_DELETE_FL, ENT_VERSION_ID, PTN_ID ) VALUES ( 
169, 'EntityTbl', 'Entity', 'N', 'N', 'N', 1, 1); 
INSERT INTO ENTITY_TBL ( ENT_ID, ENT_ENTITY, ENT_DISPLAY, ENT_CACHE_FL, ENT_ALLOW_NOTES_FL,
ENT_DELETE_FL, ENT_VERSION_ID, PTN_ID ) VALUES ( 
170, 'Team', 'Team', 'N', 'N', 'N', 1, 1); 
INSERT INTO ENTITY_TBL ( ENT_ID, ENT_ENTITY, ENT_DISPLAY, ENT_CACHE_FL, ENT_ALLOW_NOTES_FL,
ENT_DELETE_FL, ENT_VERSION_ID, PTN_ID ) VALUES ( 
171, 'NoteAttachment', 'Note Attachment', 'N', 'N', 'N', 1, 1); 
INSERT INTO ENTITY_TBL ( ENT_ID, ENT_ENTITY, ENT_DISPLAY, ENT_CACHE_FL, ENT_ALLOW_NOTES_FL,
ENT_DELETE_FL, ENT_VERSION_ID, PTN_ID ) VALUES ( 
172, 'PropertyInstGroup', 'Property Inst Group', 'N', 'N', 'N', 1, 1); 
INSERT INTO ENTITY_TBL ( ENT_ID, ENT_ENTITY, ENT_DISPLAY, ENT_CACHE_FL, ENT_ALLOW_NOTES_FL,
ENT_DELETE_FL, ENT_VERSION_ID, PTN_ID ) VALUES ( 
173, 'DataSourceConnection', 'Data Source Connection', 'N', 'N', 'N', 1, 1); 
INSERT INTO ENTITY_TBL ( ENT_ID, ENT_ENTITY, ENT_DISPLAY, ENT_CACHE_FL, ENT_ALLOW_NOTES_FL,
ENT_DELETE_FL, ENT_VERSION_ID, PTN_ID ) VALUES ( 
174, 'RefreshConfig', 'Refresh Config', 'N', 'N', 'N', 1, 1); 
INSERT INTO ENTITY_TBL ( ENT_ID, ENT_ENTITY, ENT_DISPLAY, ENT_CACHE_FL, ENT_ALLOW_NOTES_FL,
ENT_DELETE_FL, ENT_VERSION_ID, PTN_ID ) VALUES ( 
175, 'TaskControllerCapability', 'Task Controller Capability', 'N', 'N', 'N', 1, 1); 
INSERT INTO ENTITY_TBL ( ENT_ID, ENT_ENTITY, ENT_DISPLAY, ENT_CACHE_FL, ENT_ALLOW_NOTES_FL,
ENT_DELETE_FL, ENT_VERSION_ID, PTN_ID ) VALUES ( 
176, 'CaseInstItemStep', 'Case Inst Item Step', 'N', 'N', 'N', 1, 1); 
INSERT INTO ENTITY_TBL ( ENT_ID, ENT_ENTITY, ENT_DISPLAY, ENT_CACHE_FL, ENT_ALLOW_NOTES_FL,
ENT_DELETE_FL, ENT_VERSION_ID, PTN_ID ) VALUES ( 
177, 'AutoSqlWhere', 'Auto Sql Where', 'N', 'N', 'N', 1, 1); 
INSERT INTO ENTITY_TBL ( ENT_ID, ENT_ENTITY, ENT_DISPLAY, ENT_CACHE_FL, ENT_ALLOW_NOTES_FL,
ENT_DELETE_FL, ENT_VERSION_ID, PTN_ID ) VALUES ( 
178, 'Currency', 'Currency', 'N', 'N', 'N', 1, 1); 
INSERT INTO ENTITY_TBL ( ENT_ID, ENT_ENTITY, ENT_DISPLAY, ENT_CACHE_FL, ENT_ALLOW_NOTES_FL,
ENT_DELETE_FL, ENT_VERSION_ID, PTN_ID ) VALUES ( 
179, 'TariffClassBand', 'Tariff Class Band', 'N', 'N', 'N', 1, 1); 
INSERT INTO ENTITY_TBL ( ENT_ID, ENT_ENTITY, ENT_DISPLAY, ENT_CACHE_FL, ENT_ALLOW_NOTES_FL,
ENT_DELETE_FL, ENT_VERSION_ID, PTN_ID ) VALUES ( 
180, 'CustomObjectGroup', 'Custom Object Group', 'N', 'N', 'N', 1, 1); 
INSERT INTO ENTITY_TBL ( ENT_ID, ENT_ENTITY, ENT_DISPLAY, ENT_CACHE_FL, ENT_ALLOW_NOTES_FL,
ENT_DELETE_FL, ENT_VERSION_ID, PTN_ID ) VALUES ( 
181, 'Tariff', 'Tariff', 'N', 'N', 'N', 1, 1); 
INSERT INTO ENTITY_TBL ( ENT_ID, ENT_ENTITY, ENT_DISPLAY, ENT_CACHE_FL, ENT_ALLOW_NOTES_FL,
ENT_DELETE_FL, ENT_VERSION_ID, PTN_ID ) VALUES ( 
182, 'PropertyDfn', 'Property Dfn', 'N', 'N', 'N', 1, 1); 
INSERT INTO ENTITY_TBL ( ENT_ID, ENT_ENTITY, ENT_DISPLAY, ENT_CACHE_FL, ENT_ALLOW_NOTES_FL,
ENT_DELETE_FL, ENT_VERSION_ID, PTN_ID ) VALUES ( 
183, 'AutoSqlFrom', 'Auto Sql From', 'N', 'N', 'N', 1, 1); 
INSERT INTO ENTITY_TBL ( ENT_ID, ENT_ENTITY, ENT_DISPLAY, ENT_CACHE_FL, ENT_ALLOW_NOTES_FL,
ENT_DELETE_FL, ENT_VERSION_ID, PTN_ID ) VALUES ( 
184, 'BusinessObjectsServer', 'Business Objects Server', 'N', 'N', 'N', 1, 1); 
INSERT INTO ENTITY_TBL ( ENT_ID, ENT_ENTITY, ENT_DISPLAY, ENT_CACHE_FL, ENT_ALLOW_NOTES_FL,
ENT_DELETE_FL, ENT_VERSION_ID, PTN_ID ) VALUES ( 
185, 'QueryFilter', 'Query Filter', 'N', 'N', 'N', 1, 1); 
INSERT INTO ENTITY_TBL ( ENT_ID, ENT_ENTITY, ENT_DISPLAY, ENT_CACHE_FL, ENT_ALLOW_NOTES_FL,
ENT_DELETE_FL, ENT_VERSION_ID, PTN_ID ) VALUES ( 
186, 'DayGroupDate', 'Day Group Date', 'N', 'N', 'N', 1, 1); 
commit;
 
INSERT INTO FILE_TBL ( FIL_ID, TOK_ID, MAC_ID, FIL_RELATIVE_PATH, FIL_FILENAME, FIL_LENGTH,
FIL_SEQUENCE_NO, FIL_SEQUENCE_NO_INT, FIL_RECORDS, FIL_UNIQUE_KEY, FIL_HASH_VALUE, FIL_DUPLICATE_FL,
FIL_DUPLICATE_FILE_LINK, FIL_DELETE_FL, FIL_VERSION_ID, PTN_ID ) VALUES ( 
2, 1, NULL, 'Entity Exports', 'Default_Dashboard.xml', NULL, NULL, NULL, NULL, NULL
, NULL, 'N', NULL, 'N', 1, 1); 
commit;
 
INSERT INTO IMAGE_GROUP ( IGP_ID, IGP_NAME, IGP_DELETE_FL, IGP_VERSION_ID,
PTN_ID ) VALUES ( 
1, 'Application Basics', 'N', 1, 1); 
INSERT INTO IMAGE_GROUP ( IGP_ID, IGP_NAME, IGP_DELETE_FL, IGP_VERSION_ID,
PTN_ID ) VALUES ( 
2, 'Business & Data', 'N', 1, 1); 
INSERT INTO IMAGE_GROUP ( IGP_ID, IGP_NAME, IGP_DELETE_FL, IGP_VERSION_ID,
PTN_ID ) VALUES ( 
3, 'Extras', 'N', 1, 1); 
INSERT INTO IMAGE_GROUP ( IGP_ID, IGP_NAME, IGP_DELETE_FL, IGP_VERSION_ID,
PTN_ID ) VALUES ( 
4, 'Free Samples', 'N', 1, 1); 
INSERT INTO IMAGE_GROUP ( IGP_ID, IGP_NAME, IGP_DELETE_FL, IGP_VERSION_ID,
PTN_ID ) VALUES ( 
5, 'Network & Security', 'N', 1, 1); 
INSERT INTO IMAGE_GROUP ( IGP_ID, IGP_NAME, IGP_DELETE_FL, IGP_VERSION_ID,
PTN_ID ) VALUES ( 
6, 'Objects & People', 'N', 1, 1); 
INSERT INTO IMAGE_GROUP ( IGP_ID, IGP_NAME, IGP_DELETE_FL, IGP_VERSION_ID,
PTN_ID ) VALUES ( 
7, 'Software Development', 'N', 1, 1); 
commit;
 
INSERT INTO IMAGE_TBL ( IMG_ID, IGP_ID, IMG_NAME, IMG_FILENAME, IMG_DELETE_FL, IMG_VERSION_ID,
PTN_ID ) VALUES ( 
171, 1, 'HeartBroken', '/icon/heart_broken.png', 'N', 1, 1); 
INSERT INTO IMAGE_TBL ( IMG_ID, IGP_ID, IMG_NAME, IMG_FILENAME, IMG_DELETE_FL, IMG_VERSION_ID,
PTN_ID ) VALUES ( 
172, 1, 'HeartDelete', '/icon/heart_delete.png', 'N', 1, 1); 
INSERT INTO IMAGE_TBL ( IMG_ID, IGP_ID, IMG_NAME, IMG_FILENAME, IMG_DELETE_FL, IMG_VERSION_ID,
PTN_ID ) VALUES ( 
173, 1, 'HeartNew', '/icon/heart_new.png', 'N', 1, 1); 
INSERT INTO IMAGE_TBL ( IMG_ID, IGP_ID, IMG_NAME, IMG_FILENAME, IMG_DELETE_FL, IMG_VERSION_ID,
PTN_ID ) VALUES ( 
174, 1, 'HeartPreferences', '/icon/heart_preferences.png', 'N', 1, 1); 
INSERT INTO IMAGE_TBL ( IMG_ID, IGP_ID, IMG_NAME, IMG_FILENAME, IMG_DELETE_FL, IMG_VERSION_ID,
PTN_ID ) VALUES ( 
175, 1, 'Help', '/icon/help.png', 'N', 1, 1); 
INSERT INTO IMAGE_TBL ( IMG_ID, IGP_ID, IMG_NAME, IMG_FILENAME, IMG_DELETE_FL, IMG_VERSION_ID,
PTN_ID ) VALUES ( 
176, 1, 'Help2', '/icon/help2.png', 'N', 1, 1); 
INSERT INTO IMAGE_TBL ( IMG_ID, IGP_ID, IMG_NAME, IMG_FILENAME, IMG_DELETE_FL, IMG_VERSION_ID,
PTN_ID ) VALUES ( 
177, 1, 'HelpEarth', '/icon/help_earth.png', 'N', 1, 1); 
INSERT INTO IMAGE_TBL ( IMG_ID, IGP_ID, IMG_NAME, IMG_FILENAME, IMG_DELETE_FL, IMG_VERSION_ID,
PTN_ID ) VALUES ( 
178, 1, 'History', '/icon/history.png', 'N', 1, 1); 
INSERT INTO IMAGE_TBL ( IMG_ID, IGP_ID, IMG_NAME, IMG_FILENAME, IMG_DELETE_FL, IMG_VERSION_ID,
PTN_ID ) VALUES ( 
179, 1, 'History2', '/icon/history2.png', 'N', 1, 1); 
INSERT INTO IMAGE_TBL ( IMG_ID, IGP_ID, IMG_NAME, IMG_FILENAME, IMG_DELETE_FL, IMG_VERSION_ID,
PTN_ID ) VALUES ( 
180, 1, 'HistoryAdd', '/icon/history_add.png', 'N', 1, 1); 
INSERT INTO IMAGE_TBL ( IMG_ID, IGP_ID, IMG_NAME, IMG_FILENAME, IMG_DELETE_FL, IMG_VERSION_ID,
PTN_ID ) VALUES ( 
181, 1, 'HistoryDelete', '/icon/history_delete.png', 'N', 1, 1); 
INSERT INTO IMAGE_TBL ( IMG_ID, IGP_ID, IMG_NAME, IMG_FILENAME, IMG_DELETE_FL, IMG_VERSION_ID,
PTN_ID ) VALUES ( 
182, 1, 'Import1', '/icon/import1.png', 'N', 1, 1); 
INSERT INTO IMAGE_TBL ( IMG_ID, IGP_ID, IMG_NAME, IMG_FILENAME, IMG_DELETE_FL, IMG_VERSION_ID,
PTN_ID ) VALUES ( 
183, 1, 'Import2', '/icon/import2.png', 'N', 1, 1); 
INSERT INTO IMAGE_TBL ( IMG_ID, IGP_ID, IMG_NAME, IMG_FILENAME, IMG_DELETE_FL, IMG_VERSION_ID,
PTN_ID ) VALUES ( 
184, 1, 'Information', '/icon/information.png', 'N', 1, 1); 
INSERT INTO IMAGE_TBL ( IMG_ID, IGP_ID, IMG_NAME, IMG_FILENAME, IMG_DELETE_FL, IMG_VERSION_ID,
PTN_ID ) VALUES ( 
185, 1, 'Lifebelt', '/icon/lifebelt.png', 'N', 1, 1); 
INSERT INTO IMAGE_TBL ( IMG_ID, IGP_ID, IMG_NAME, IMG_FILENAME, IMG_DELETE_FL, IMG_VERSION_ID,
PTN_ID ) VALUES ( 
186, 1, 'Lightbulb', '/icon/lightbulb.png', 'N', 1, 1); 
INSERT INTO IMAGE_TBL ( IMG_ID, IGP_ID, IMG_NAME, IMG_FILENAME, IMG_DELETE_FL, IMG_VERSION_ID,
PTN_ID ) VALUES ( 
187, 1, 'LightbulbOn', '/icon/lightbulb_on.png', 'N', 1, 1); 
INSERT INTO IMAGE_TBL ( IMG_ID, IGP_ID, IMG_NAME, IMG_FILENAME, IMG_DELETE_FL, IMG_VERSION_ID,
PTN_ID ) VALUES ( 
188, 1, 'Magicwand', '/icon/magic-wand.png', 'N', 1, 1); 
INSERT INTO IMAGE_TBL ( IMG_ID, IGP_ID, IMG_NAME, IMG_FILENAME, IMG_DELETE_FL, IMG_VERSION_ID,
PTN_ID ) VALUES ( 
189, 1, 'Magicwand2', '/icon/magic-wand2.png', 'N', 1, 1); 
INSERT INTO IMAGE_TBL ( IMG_ID, IGP_ID, IMG_NAME, IMG_FILENAME, IMG_DELETE_FL, IMG_VERSION_ID,
PTN_ID ) VALUES ( 
190, 1, 'MediaBeginning', '/icon/media_beginning.png', 'N', 1, 1); 
INSERT INTO IMAGE_TBL ( IMG_ID, IGP_ID, IMG_NAME, IMG_FILENAME, IMG_DELETE_FL, IMG_VERSION_ID,
PTN_ID ) VALUES ( 
191, 1, 'MediaEnd', '/icon/media_end.png', 'N', 1, 1); 
INSERT INTO IMAGE_TBL ( IMG_ID, IGP_ID, IMG_NAME, IMG_FILENAME, IMG_DELETE_FL, IMG_VERSION_ID,
PTN_ID ) VALUES ( 
192, 1, 'MediaFastForward', '/icon/media_fast_forward.png', 'N', 1, 1); 
INSERT INTO IMAGE_TBL ( IMG_ID, IGP_ID, IMG_NAME, IMG_FILENAME, IMG_DELETE_FL, IMG_VERSION_ID,
PTN_ID ) VALUES ( 
193, 1, 'MediaPause', '/icon/media_pause.png', 'N', 1, 1); 
INSERT INTO IMAGE_TBL ( IMG_ID, IGP_ID, IMG_NAME, IMG_FILENAME, IMG_DELETE_FL, IMG_VERSION_ID,
PTN_ID ) VALUES ( 
194, 1, 'MediaPlay', '/icon/media_play.png', 'N', 1, 1); 
INSERT INTO IMAGE_TBL ( IMG_ID, IGP_ID, IMG_NAME, IMG_FILENAME, IMG_DELETE_FL, IMG_VERSION_ID,
PTN_ID ) VALUES ( 
195, 1, 'MediaPlayGreen', '/icon/media_play_green.png', 'N', 1, 1); 
INSERT INTO IMAGE_TBL ( IMG_ID, IGP_ID, IMG_NAME, IMG_FILENAME, IMG_DELETE_FL, IMG_VERSION_ID,
PTN_ID ) VALUES ( 
196, 1, 'MediaRewind', '/icon/media_rewind.png', 'N', 1, 1); 
INSERT INTO IMAGE_TBL ( IMG_ID, IGP_ID, IMG_NAME, IMG_FILENAME, IMG_DELETE_FL, IMG_VERSION_ID,
PTN_ID ) VALUES ( 
197, 1, 'MediaStepBack', '/icon/media_step_back.png', 'N', 1, 1); 
INSERT INTO IMAGE_TBL ( IMG_ID, IGP_ID, IMG_NAME, IMG_FILENAME, IMG_DELETE_FL, IMG_VERSION_ID,
PTN_ID ) VALUES ( 
198, 1, 'MediaStepForward', '/icon/media_step_forward.png', 'N', 1, 1); 
INSERT INTO IMAGE_TBL ( IMG_ID, IGP_ID, IMG_NAME, IMG_FILENAME, IMG_DELETE_FL, IMG_VERSION_ID,
PTN_ID ) VALUES ( 
199, 1, 'MediaStop', '/icon/media_stop.png', 'N', 1, 1); 
INSERT INTO IMAGE_TBL ( IMG_ID, IGP_ID, IMG_NAME, IMG_FILENAME, IMG_DELETE_FL, IMG_VERSION_ID,
PTN_ID ) VALUES ( 
200, 1, 'MediaStopRed', '/icon/media_stop_red.png', 'N', 1, 1); 
INSERT INTO IMAGE_TBL ( IMG_ID, IGP_ID, IMG_NAME, IMG_FILENAME, IMG_DELETE_FL, IMG_VERSION_ID,
PTN_ID ) VALUES ( 
201, 1, 'Music', '/icon/music.png', 'N', 1, 1); 
INSERT INTO IMAGE_TBL ( IMG_ID, IGP_ID, IMG_NAME, IMG_FILENAME, IMG_DELETE_FL, IMG_VERSION_ID,
PTN_ID ) VALUES ( 
202, 1, 'NavDownBlue', '/icon/nav_down_blue.png', 'N', 1, 1); 
INSERT INTO IMAGE_TBL ( IMG_ID, IGP_ID, IMG_NAME, IMG_FILENAME, IMG_DELETE_FL, IMG_VERSION_ID,
PTN_ID ) VALUES ( 
203, 1, 'NavDownGreen', '/icon/nav_down_green.png', 'N', 1, 1); 
INSERT INTO IMAGE_TBL ( IMG_ID, IGP_ID, IMG_NAME, IMG_FILENAME, IMG_DELETE_FL, IMG_VERSION_ID,
PTN_ID ) VALUES ( 
204, 1, 'NavDownLeftBlue', '/icon/nav_down_left_blue.png', 'N', 1, 1); 
INSERT INTO IMAGE_TBL ( IMG_ID, IGP_ID, IMG_NAME, IMG_FILENAME, IMG_DELETE_FL, IMG_VERSION_ID,
PTN_ID ) VALUES ( 
205, 1, 'NavDownLeftGreen', '/icon/nav_down_left_green.png', 'N', 1, 1); 
INSERT INTO IMAGE_TBL ( IMG_ID, IGP_ID, IMG_NAME, IMG_FILENAME, IMG_DELETE_FL, IMG_VERSION_ID,
PTN_ID ) VALUES ( 
206, 1, 'NavDownLeftRed', '/icon/nav_down_left_red.png', 'N', 1, 1); 
INSERT INTO IMAGE_TBL ( IMG_ID, IGP_ID, IMG_NAME, IMG_FILENAME, IMG_DELETE_FL, IMG_VERSION_ID,
PTN_ID ) VALUES ( 
207, 1, 'NavDownRed', '/icon/nav_down_red.png', 'N', 1, 1); 
INSERT INTO IMAGE_TBL ( IMG_ID, IGP_ID, IMG_NAME, IMG_FILENAME, IMG_DELETE_FL, IMG_VERSION_ID,
PTN_ID ) VALUES ( 
208, 1, 'NavDownRightBlue', '/icon/nav_down_right_blue.png', 'N', 1, 1); 
INSERT INTO IMAGE_TBL ( IMG_ID, IGP_ID, IMG_NAME, IMG_FILENAME, IMG_DELETE_FL, IMG_VERSION_ID,
PTN_ID ) VALUES ( 
209, 1, 'NavDownRightGreen', '/icon/nav_down_right_green.png', 'N', 1, 1); 
INSERT INTO IMAGE_TBL ( IMG_ID, IGP_ID, IMG_NAME, IMG_FILENAME, IMG_DELETE_FL, IMG_VERSION_ID,
PTN_ID ) VALUES ( 
210, 1, 'NavDownRightRed', '/icon/nav_down_right_red.png', 'N', 1, 1); 
INSERT INTO IMAGE_TBL ( IMG_ID, IGP_ID, IMG_NAME, IMG_FILENAME, IMG_DELETE_FL, IMG_VERSION_ID,
PTN_ID ) VALUES ( 
211, 1, 'NavigateBeginning', '/icon/navigate_beginning.png', 'N', 1, 1); 
INSERT INTO IMAGE_TBL ( IMG_ID, IGP_ID, IMG_NAME, IMG_FILENAME, IMG_DELETE_FL, IMG_VERSION_ID,
PTN_ID ) VALUES ( 
212, 1, 'NavigateCheck', '/icon/navigate_check.png', 'N', 1, 1); 
INSERT INTO IMAGE_TBL ( IMG_ID, IGP_ID, IMG_NAME, IMG_FILENAME, IMG_DELETE_FL, IMG_VERSION_ID,
PTN_ID ) VALUES ( 
213, 1, 'NavigateClose', '/icon/navigate_close.png', 'N', 1, 1); 
INSERT INTO IMAGE_TBL ( IMG_ID, IGP_ID, IMG_NAME, IMG_FILENAME, IMG_DELETE_FL, IMG_VERSION_ID,
PTN_ID ) VALUES ( 
214, 1, 'NavigateCross', '/icon/navigate_cross.png', 'N', 1, 1); 
INSERT INTO IMAGE_TBL ( IMG_ID, IGP_ID, IMG_NAME, IMG_FILENAME, IMG_DELETE_FL, IMG_VERSION_ID,
PTN_ID ) VALUES ( 
215, 1, 'NavigateDown', '/icon/navigate_down.png', 'N', 1, 1); 
INSERT INTO IMAGE_TBL ( IMG_ID, IGP_ID, IMG_NAME, IMG_FILENAME, IMG_DELETE_FL, IMG_VERSION_ID,
PTN_ID ) VALUES ( 
216, 1, 'NavigateDown2', '/icon/navigate_down2.png', 'N', 1, 1); 
INSERT INTO IMAGE_TBL ( IMG_ID, IGP_ID, IMG_NAME, IMG_FILENAME, IMG_DELETE_FL, IMG_VERSION_ID,
PTN_ID ) VALUES ( 
217, 1, 'NavigateEnd', '/icon/navigate_end.png', 'N', 1, 1); 
INSERT INTO IMAGE_TBL ( IMG_ID, IGP_ID, IMG_NAME, IMG_FILENAME, IMG_DELETE_FL, IMG_VERSION_ID,
PTN_ID ) VALUES ( 
218, 1, 'NavigateLeft', '/icon/navigate_left.png', 'N', 1, 1); 
INSERT INTO IMAGE_TBL ( IMG_ID, IGP_ID, IMG_NAME, IMG_FILENAME, IMG_DELETE_FL, IMG_VERSION_ID,
PTN_ID ) VALUES ( 
219, 1, 'NavigateLeft2', '/icon/navigate_left2.png', 'N', 1, 1); 
INSERT INTO IMAGE_TBL ( IMG_ID, IGP_ID, IMG_NAME, IMG_FILENAME, IMG_DELETE_FL, IMG_VERSION_ID,
PTN_ID ) VALUES ( 
220, 1, 'NavigateMinus', '/icon/navigate_minus.png', 'N', 1, 1); 
INSERT INTO IMAGE_TBL ( IMG_ID, IGP_ID, IMG_NAME, IMG_FILENAME, IMG_DELETE_FL, IMG_VERSION_ID,
PTN_ID ) VALUES ( 
221, 1, 'NavigateOpen', '/icon/navigate_open.png', 'N', 1, 1); 
INSERT INTO IMAGE_TBL ( IMG_ID, IGP_ID, IMG_NAME, IMG_FILENAME, IMG_DELETE_FL, IMG_VERSION_ID,
PTN_ID ) VALUES ( 
222, 1, 'NavigatePlus', '/icon/navigate_plus.png', 'N', 1, 1); 
INSERT INTO IMAGE_TBL ( IMG_ID, IGP_ID, IMG_NAME, IMG_FILENAME, IMG_DELETE_FL, IMG_VERSION_ID,
PTN_ID ) VALUES ( 
223, 1, 'NavigateRight', '/icon/navigate_right.png', 'N', 1, 1); 
INSERT INTO IMAGE_TBL ( IMG_ID, IGP_ID, IMG_NAME, IMG_FILENAME, IMG_DELETE_FL, IMG_VERSION_ID,
PTN_ID ) VALUES ( 
224, 1, 'NavigateRight2', '/icon/navigate_right2.png', 'N', 1, 1); 
INSERT INTO IMAGE_TBL ( IMG_ID, IGP_ID, IMG_NAME, IMG_FILENAME, IMG_DELETE_FL, IMG_VERSION_ID,
PTN_ID ) VALUES ( 
225, 1, 'NavigateUp', '/icon/navigate_up.png', 'N', 1, 1); 
INSERT INTO IMAGE_TBL ( IMG_ID, IGP_ID, IMG_NAME, IMG_FILENAME, IMG_DELETE_FL, IMG_VERSION_ID,
PTN_ID ) VALUES ( 
226, 1, 'NavigateUp2', '/icon/navigate_up2.png', 'N', 1, 1); 
INSERT INTO IMAGE_TBL ( IMG_ID, IGP_ID, IMG_NAME, IMG_FILENAME, IMG_DELETE_FL, IMG_VERSION_ID,
PTN_ID ) VALUES ( 
227, 1, 'NavLeftBlue', '/icon/nav_left_blue.png', 'N', 1, 1); 
INSERT INTO IMAGE_TBL ( IMG_ID, IGP_ID, IMG_NAME, IMG_FILENAME, IMG_DELETE_FL, IMG_VERSION_ID,
PTN_ID ) VALUES ( 
228, 1, 'NavLeftGreen', '/icon/nav_left_green.png', 'N', 1, 1); 
INSERT INTO IMAGE_TBL ( IMG_ID, IGP_ID, IMG_NAME, IMG_FILENAME, IMG_DELETE_FL, IMG_VERSION_ID,
PTN_ID ) VALUES ( 
229, 1, 'NavLeftRed', '/icon/nav_left_red.png', 'N', 1, 1); 
INSERT INTO IMAGE_TBL ( IMG_ID, IGP_ID, IMG_NAME, IMG_FILENAME, IMG_DELETE_FL, IMG_VERSION_ID,
PTN_ID ) VALUES ( 
230, 1, 'NavPlainBlue', '/icon/nav_plain_blue.png', 'N', 1, 1); 
INSERT INTO IMAGE_TBL ( IMG_ID, IGP_ID, IMG_NAME, IMG_FILENAME, IMG_DELETE_FL, IMG_VERSION_ID,
PTN_ID ) VALUES ( 
231, 1, 'NavPlainGreen', '/icon/nav_plain_green.png', 'N', 1, 1); 
INSERT INTO IMAGE_TBL ( IMG_ID, IGP_ID, IMG_NAME, IMG_FILENAME, IMG_DELETE_FL, IMG_VERSION_ID,
PTN_ID ) VALUES ( 
232, 1, 'NavPlainRed', '/icon/nav_plain_red.png', 'N', 1, 1); 
INSERT INTO IMAGE_TBL ( IMG_ID, IGP_ID, IMG_NAME, IMG_FILENAME, IMG_DELETE_FL, IMG_VERSION_ID,
PTN_ID ) VALUES ( 
233, 1, 'NavRightBlue', '/icon/nav_right_blue.png', 'N', 1, 1); 
INSERT INTO IMAGE_TBL ( IMG_ID, IGP_ID, IMG_NAME, IMG_FILENAME, IMG_DELETE_FL, IMG_VERSION_ID,
PTN_ID ) VALUES ( 
234, 1, 'NavRightGreen', '/icon/nav_right_green.png', 'N', 1, 1); 
INSERT INTO IMAGE_TBL ( IMG_ID, IGP_ID, IMG_NAME, IMG_FILENAME, IMG_DELETE_FL, IMG_VERSION_ID,
PTN_ID ) VALUES ( 
235, 1, 'NavRightRed', '/icon/nav_right_red.png', 'N', 1, 1); 
INSERT INTO IMAGE_TBL ( IMG_ID, IGP_ID, IMG_NAME, IMG_FILENAME, IMG_DELETE_FL, IMG_VERSION_ID,
PTN_ID ) VALUES ( 
236, 1, 'NavUpBlue', '/icon/nav_up_blue.png', 'N', 1, 1); 
INSERT INTO IMAGE_TBL ( IMG_ID, IGP_ID, IMG_NAME, IMG_FILENAME, IMG_DELETE_FL, IMG_VERSION_ID,
PTN_ID ) VALUES ( 
237, 1, 'NavUpGreen', '/icon/nav_up_green.png', 'N', 1, 1); 
INSERT INTO IMAGE_TBL ( IMG_ID, IGP_ID, IMG_NAME, IMG_FILENAME, IMG_DELETE_FL, IMG_VERSION_ID,
PTN_ID ) VALUES ( 
238, 1, 'NavUpLeftBlue', '/icon/nav_up_left_blue.png', 'N', 1, 1); 
INSERT INTO IMAGE_TBL ( IMG_ID, IGP_ID, IMG_NAME, IMG_FILENAME, IMG_DELETE_FL, IMG_VERSION_ID,
PTN_ID ) VALUES ( 
239, 1, 'NavUpLeftGreen', '/icon/nav_up_left_green.png', 'N', 1, 1); 
INSERT INTO IMAGE_TBL ( IMG_ID, IGP_ID, IMG_NAME, IMG_FILENAME, IMG_DELETE_FL, IMG_VERSION_ID,
PTN_ID ) VALUES ( 
240, 1, 'NavUpLeftRed', '/icon/nav_up_left_red.png', 'N', 1, 1); 
INSERT INTO IMAGE_TBL ( IMG_ID, IGP_ID, IMG_NAME, IMG_FILENAME, IMG_DELETE_FL, IMG_VERSION_ID,
PTN_ID ) VALUES ( 
241, 1, 'NavUpRed', '/icon/nav_up_red.png', 'N', 1, 1); 
INSERT INTO IMAGE_TBL ( IMG_ID, IGP_ID, IMG_NAME, IMG_FILENAME, IMG_DELETE_FL, IMG_VERSION_ID,
PTN_ID ) VALUES ( 
242, 1, 'NavUpRightBlue', '/icon/nav_up_right_blue.png', 'N', 1, 1); 
INSERT INTO IMAGE_TBL ( IMG_ID, IGP_ID, IMG_NAME, IMG_FILENAME, IMG_DELETE_FL, IMG_VERSION_ID,
PTN_ID ) VALUES ( 
243, 1, 'NavUpRightGreen', '/icon/nav_up_right_green.png', 'N', 1, 1); 
INSERT INTO IMAGE_TBL ( IMG_ID, IGP_ID, IMG_NAME, IMG_FILENAME, IMG_DELETE_FL, IMG_VERSION_ID,
PTN_ID ) VALUES ( 
244, 1, 'NavUpRightRed', '/icon/nav_up_right_red.png', 'N', 1, 1); 
INSERT INTO IMAGE_TBL ( IMG_ID, IGP_ID, IMG_NAME, IMG_FILENAME, IMG_DELETE_FL, IMG_VERSION_ID,
PTN_ID ) VALUES ( 
245, 1, 'Notebook', '/icon/notebook.png', 'N', 1, 1); 
INSERT INTO IMAGE_TBL ( IMG_ID, IGP_ID, IMG_NAME, IMG_FILENAME, IMG_DELETE_FL, IMG_VERSION_ID,
PTN_ID ) VALUES ( 
246, 1, 'NotebookPreferences', '/icon/notebook_preferences.png', 'N', 1, 1); 
INSERT INTO IMAGE_TBL ( IMG_ID, IGP_ID, IMG_NAME, IMG_FILENAME, IMG_DELETE_FL, IMG_VERSION_ID,
PTN_ID ) VALUES ( 
247, 1, 'Paste', '/icon/paste.png', 'N', 1, 1); 
INSERT INTO IMAGE_TBL ( IMG_ID, IGP_ID, IMG_NAME, IMG_FILENAME, IMG_DELETE_FL, IMG_VERSION_ID,
PTN_ID ) VALUES ( 
248, 1, 'PhotoPortrait', '/icon/photo_portrait.png', 'N', 1, 1); 
INSERT INTO IMAGE_TBL ( IMG_ID, IGP_ID, IMG_NAME, IMG_FILENAME, IMG_DELETE_FL, IMG_VERSION_ID,
PTN_ID ) VALUES ( 
249, 1, 'PhotoScenery', '/icon/photo_scenery.png', 'N', 1, 1); 
INSERT INTO IMAGE_TBL ( IMG_ID, IGP_ID, IMG_NAME, IMG_FILENAME, IMG_DELETE_FL, IMG_VERSION_ID,
PTN_ID ) VALUES ( 
250, 1, 'Preferences', '/icon/preferences.png', 'N', 1, 1); 
INSERT INTO IMAGE_TBL ( IMG_ID, IGP_ID, IMG_NAME, IMG_FILENAME, IMG_DELETE_FL, IMG_VERSION_ID,
PTN_ID ) VALUES ( 
251, 1, 'Printer3', '/icon/printer3.png', 'N', 1, 1); 
INSERT INTO IMAGE_TBL ( IMG_ID, IGP_ID, IMG_NAME, IMG_FILENAME, IMG_DELETE_FL, IMG_VERSION_ID,
PTN_ID ) VALUES ( 
252, 1, 'QuestionAndAnswer', '/icon/question_and_answer.png', 'N', 1, 1); 
INSERT INTO IMAGE_TBL ( IMG_ID, IGP_ID, IMG_NAME, IMG_FILENAME, IMG_DELETE_FL, IMG_VERSION_ID,
PTN_ID ) VALUES ( 
253, 1, 'Recycle', '/icon/recycle.png', 'N', 1, 1); 
INSERT INTO IMAGE_TBL ( IMG_ID, IGP_ID, IMG_NAME, IMG_FILENAME, IMG_DELETE_FL, IMG_VERSION_ID,
PTN_ID ) VALUES ( 
254, 1, 'RecyclePreferences', '/icon/recycle_preferences.png', 'N', 1, 1); 
INSERT INTO IMAGE_TBL ( IMG_ID, IGP_ID, IMG_NAME, IMG_FILENAME, IMG_DELETE_FL, IMG_VERSION_ID,
PTN_ID ) VALUES ( 
255, 1, 'Redo', '/icon/redo.png', 'N', 1, 1); 
INSERT INTO IMAGE_TBL ( IMG_ID, IGP_ID, IMG_NAME, IMG_FILENAME, IMG_DELETE_FL, IMG_VERSION_ID,
PTN_ID ) VALUES ( 
256, 1, 'Refresh', '/icon/refresh.png', 'N', 1, 1); 
INSERT INTO IMAGE_TBL ( IMG_ID, IGP_ID, IMG_NAME, IMG_FILENAME, IMG_DELETE_FL, IMG_VERSION_ID,
PTN_ID ) VALUES ( 
257, 1, 'Replace', '/icon/replace.png', 'N', 1, 1); 
INSERT INTO IMAGE_TBL ( IMG_ID, IGP_ID, IMG_NAME, IMG_FILENAME, IMG_DELETE_FL, IMG_VERSION_ID,
PTN_ID ) VALUES ( 
258, 1, 'Replace2', '/icon/replace2.png', 'N', 1, 1); 
INSERT INTO IMAGE_TBL ( IMG_ID, IGP_ID, IMG_NAME, IMG_FILENAME, IMG_DELETE_FL, IMG_VERSION_ID,
PTN_ID ) VALUES ( 
259, 1, 'SaveAs', '/icon/save_as.png', 'N', 1, 1); 
INSERT INTO IMAGE_TBL ( IMG_ID, IGP_ID, IMG_NAME, IMG_FILENAME, IMG_DELETE_FL, IMG_VERSION_ID,
PTN_ID ) VALUES ( 
260, 1, 'Scroll', '/icon/scroll.png', 'N', 1, 1); 
INSERT INTO IMAGE_TBL ( IMG_ID, IGP_ID, IMG_NAME, IMG_FILENAME, IMG_DELETE_FL, IMG_VERSION_ID,
PTN_ID ) VALUES ( 
261, 1, 'Scroll2', '/icon/scroll2.png', 'N', 1, 1); 
INSERT INTO IMAGE_TBL ( IMG_ID, IGP_ID, IMG_NAME, IMG_FILENAME, IMG_DELETE_FL, IMG_VERSION_ID,
PTN_ID ) VALUES ( 
262, 1, 'ScrollAdd', '/icon/scroll_add.png', 'N', 1, 1); 
INSERT INTO IMAGE_TBL ( IMG_ID, IGP_ID, IMG_NAME, IMG_FILENAME, IMG_DELETE_FL, IMG_VERSION_ID,
PTN_ID ) VALUES ( 
263, 1, 'ScrollDelete', '/icon/scroll_delete.png', 'N', 1, 1); 
INSERT INTO IMAGE_TBL ( IMG_ID, IGP_ID, IMG_NAME, IMG_FILENAME, IMG_DELETE_FL, IMG_VERSION_ID,
PTN_ID ) VALUES ( 
264, 1, 'ScrollError', '/icon/scroll_error.png', 'N', 1, 1); 
INSERT INTO IMAGE_TBL ( IMG_ID, IGP_ID, IMG_NAME, IMG_FILENAME, IMG_DELETE_FL, IMG_VERSION_ID,
PTN_ID ) VALUES ( 
265, 1, 'ScrollInformation', '/icon/scroll_information.png', 'N', 1, 1); 
INSERT INTO IMAGE_TBL ( IMG_ID, IGP_ID, IMG_NAME, IMG_FILENAME, IMG_DELETE_FL, IMG_VERSION_ID,
PTN_ID ) VALUES ( 
266, 1, 'ScrollOk', '/icon/scroll_ok.png', 'N', 1, 1); 
INSERT INTO IMAGE_TBL ( IMG_ID, IGP_ID, IMG_NAME, IMG_FILENAME, IMG_DELETE_FL, IMG_VERSION_ID,
PTN_ID ) VALUES ( 
267, 1, 'ScrollPreferences', '/icon/scroll_preferences.png', 'N', 1, 1); 
INSERT INTO IMAGE_TBL ( IMG_ID, IGP_ID, IMG_NAME, IMG_FILENAME, IMG_DELETE_FL, IMG_VERSION_ID,
PTN_ID ) VALUES ( 
268, 1, 'ScrollRefresh', '/icon/scroll_refresh.png', 'N', 1, 1); 
INSERT INTO IMAGE_TBL ( IMG_ID, IGP_ID, IMG_NAME, IMG_FILENAME, IMG_DELETE_FL, IMG_VERSION_ID,
PTN_ID ) VALUES ( 
269, 1, 'ScrollReplace', '/icon/scroll_replace.png', 'N', 1, 1); 
INSERT INTO IMAGE_TBL ( IMG_ID, IGP_ID, IMG_NAME, IMG_FILENAME, IMG_DELETE_FL, IMG_VERSION_ID,
PTN_ID ) VALUES ( 
270, 1, 'ScrollRun', '/icon/scroll_run.png', 'N', 1, 1); 
INSERT INTO IMAGE_TBL ( IMG_ID, IGP_ID, IMG_NAME, IMG_FILENAME, IMG_DELETE_FL, IMG_VERSION_ID,
PTN_ID ) VALUES ( 
271, 1, 'ScrollStop', '/icon/scroll_stop.png', 'N', 1, 1); 
INSERT INTO IMAGE_TBL ( IMG_ID, IGP_ID, IMG_NAME, IMG_FILENAME, IMG_DELETE_FL, IMG_VERSION_ID,
PTN_ID ) VALUES ( 
272, 1, 'ScrollView', '/icon/scroll_view.png', 'N', 1, 1); 
INSERT INTO IMAGE_TBL ( IMG_ID, IGP_ID, IMG_NAME, IMG_FILENAME, IMG_DELETE_FL, IMG_VERSION_ID,
PTN_ID ) VALUES ( 
273, 1, 'ScrollWarning', '/icon/scroll_warning.png', 'N', 1, 1); 
INSERT INTO IMAGE_TBL ( IMG_ID, IGP_ID, IMG_NAME, IMG_FILENAME, IMG_DELETE_FL, IMG_VERSION_ID,
PTN_ID ) VALUES ( 
274, 1, 'Selection', '/icon/selection.png', 'N', 1, 1); 
INSERT INTO IMAGE_TBL ( IMG_ID, IGP_ID, IMG_NAME, IMG_FILENAME, IMG_DELETE_FL, IMG_VERSION_ID,
PTN_ID ) VALUES ( 
275, 1, 'SelectionDelete', '/icon/selection_delete.png', 'N', 1, 1); 
INSERT INTO IMAGE_TBL ( IMG_ID, IGP_ID, IMG_NAME, IMG_FILENAME, IMG_DELETE_FL, IMG_VERSION_ID,
PTN_ID ) VALUES ( 
276, 1, 'SelectionDown', '/icon/selection_down.png', 'N', 1, 1); 
INSERT INTO IMAGE_TBL ( IMG_ID, IGP_ID, IMG_NAME, IMG_FILENAME, IMG_DELETE_FL, IMG_VERSION_ID,
PTN_ID ) VALUES ( 
277, 1, 'SelectionFind', '/icon/selection_find.png', 'N', 1, 1); 
INSERT INTO IMAGE_TBL ( IMG_ID, IGP_ID, IMG_NAME, IMG_FILENAME, IMG_DELETE_FL, IMG_VERSION_ID,
PTN_ID ) VALUES ( 
278, 1, 'SelectionRecycle', '/icon/selection_recycle.png', 'N', 1, 1); 
INSERT INTO IMAGE_TBL ( IMG_ID, IGP_ID, IMG_NAME, IMG_FILENAME, IMG_DELETE_FL, IMG_VERSION_ID,
PTN_ID ) VALUES ( 
279, 1, 'SelectionReplace', '/icon/selection_replace.png', 'N', 1, 1); 
INSERT INTO IMAGE_TBL ( IMG_ID, IGP_ID, IMG_NAME, IMG_FILENAME, IMG_DELETE_FL, IMG_VERSION_ID,
PTN_ID ) VALUES ( 
280, 1, 'SelectionUp', '/icon/selection_up.png', 'N', 1, 1); 
INSERT INTO IMAGE_TBL ( IMG_ID, IGP_ID, IMG_NAME, IMG_FILENAME, IMG_DELETE_FL, IMG_VERSION_ID,
PTN_ID ) VALUES ( 
281, 1, 'SelectionView', '/icon/selection_view.png', 'N', 1, 1); 
INSERT INTO IMAGE_TBL ( IMG_ID, IGP_ID, IMG_NAME, IMG_FILENAME, IMG_DELETE_FL, IMG_VERSION_ID,
PTN_ID ) VALUES ( 
282, 1, 'Signpost', '/icon/signpost.png', 'N', 1, 1); 
INSERT INTO IMAGE_TBL ( IMG_ID, IGP_ID, IMG_NAME, IMG_FILENAME, IMG_DELETE_FL, IMG_VERSION_ID,
PTN_ID ) VALUES ( 
283, 1, 'StarBlue', '/icon/star_blue.png', 'N', 1, 1); 
INSERT INTO IMAGE_TBL ( IMG_ID, IGP_ID, IMG_NAME, IMG_FILENAME, IMG_DELETE_FL, IMG_VERSION_ID,
PTN_ID ) VALUES ( 
284, 1, 'StarGreen', '/icon/star_green.png', 'N', 1, 1); 
INSERT INTO IMAGE_TBL ( IMG_ID, IGP_ID, IMG_NAME, IMG_FILENAME, IMG_DELETE_FL, IMG_VERSION_ID,
PTN_ID ) VALUES ( 
285, 1, 'StarGrey', '/icon/star_grey.png', 'N', 1, 1); 
INSERT INTO IMAGE_TBL ( IMG_ID, IGP_ID, IMG_NAME, IMG_FILENAME, IMG_DELETE_FL, IMG_VERSION_ID,
PTN_ID ) VALUES ( 
616, 5, 'EnvironmentDelete', '/icon/environment_delete.png', 'N', 1, 1); 
INSERT INTO IMAGE_TBL ( IMG_ID, IGP_ID, IMG_NAME, IMG_FILENAME, IMG_DELETE_FL, IMG_VERSION_ID,
PTN_ID ) VALUES ( 
617, 5, 'EnvironmentError', '/icon/environment_error.png', 'N', 1, 1); 
INSERT INTO IMAGE_TBL ( IMG_ID, IGP_ID, IMG_NAME, IMG_FILENAME, IMG_DELETE_FL, IMG_VERSION_ID,
PTN_ID ) VALUES ( 
618, 5, 'EnvironmentInformation', '/icon/environment_information.png', 'N', 1, 1); 
INSERT INTO IMAGE_TBL ( IMG_ID, IGP_ID, IMG_NAME, IMG_FILENAME, IMG_DELETE_FL, IMG_VERSION_ID,
PTN_ID ) VALUES ( 
619, 5, 'EnvironmentNetwork', '/icon/environment_network.png', 'N', 1, 1); 
INSERT INTO IMAGE_TBL ( IMG_ID, IGP_ID, IMG_NAME, IMG_FILENAME, IMG_DELETE_FL, IMG_VERSION_ID,
PTN_ID ) VALUES ( 
620, 5, 'EnvironmentOk', '/icon/environment_ok.png', 'N', 1, 1); 
INSERT INTO IMAGE_TBL ( IMG_ID, IGP_ID, IMG_NAME, IMG_FILENAME, IMG_DELETE_FL, IMG_VERSION_ID,
PTN_ID ) VALUES ( 
621, 5, 'EnvironmentPreferences', '/icon/environment_preferences.png', 'N', 1, 1); 
INSERT INTO IMAGE_TBL ( IMG_ID, IGP_ID, IMG_NAME, IMG_FILENAME, IMG_DELETE_FL, IMG_VERSION_ID,
PTN_ID ) VALUES ( 
622, 5, 'EnvironmentView', '/icon/environment_view.png', 'N', 1, 1); 
INSERT INTO IMAGE_TBL ( IMG_ID, IGP_ID, IMG_NAME, IMG_FILENAME, IMG_DELETE_FL, IMG_VERSION_ID,
PTN_ID ) VALUES ( 
623, 5, 'EnvironmentWarning', '/icon/environment_warning.png', 'N', 1, 1); 
INSERT INTO IMAGE_TBL ( IMG_ID, IGP_ID, IMG_NAME, IMG_FILENAME, IMG_DELETE_FL, IMG_VERSION_ID,
PTN_ID ) VALUES ( 
624, 5, 'Firewall', '/icon/firewall.png', 'N', 1, 1); 
INSERT INTO IMAGE_TBL ( IMG_ID, IGP_ID, IMG_NAME, IMG_FILENAME, IMG_DELETE_FL, IMG_VERSION_ID,
PTN_ID ) VALUES ( 
625, 5, 'Fortress', '/icon/fortress.png', 'N', 1, 1); 
INSERT INTO IMAGE_TBL ( IMG_ID, IGP_ID, IMG_NAME, IMG_FILENAME, IMG_DELETE_FL, IMG_VERSION_ID,
PTN_ID ) VALUES ( 
626, 5, 'Gauntlet', '/icon/gauntlet.png', 'N', 1, 1); 
INSERT INTO IMAGE_TBL ( IMG_ID, IGP_ID, IMG_NAME, IMG_FILENAME, IMG_DELETE_FL, IMG_VERSION_ID,
PTN_ID ) VALUES ( 
627, 5, 'Helmet', '/icon/helmet.png', 'N', 1, 1); 
INSERT INTO IMAGE_TBL ( IMG_ID, IGP_ID, IMG_NAME, IMG_FILENAME, IMG_DELETE_FL, IMG_VERSION_ID,
PTN_ID ) VALUES ( 
628, 5, 'Holmes', '/icon/holmes.png', 'N', 1, 1); 
INSERT INTO IMAGE_TBL ( IMG_ID, IGP_ID, IMG_NAME, IMG_FILENAME, IMG_DELETE_FL, IMG_VERSION_ID,
PTN_ID ) VALUES ( 
629, 5, 'Home', '/icon/home.png', 'N', 1, 1); 
INSERT INTO IMAGE_TBL ( IMG_ID, IGP_ID, IMG_NAME, IMG_FILENAME, IMG_DELETE_FL, IMG_VERSION_ID,
PTN_ID ) VALUES ( 
630, 5, 'IdCard', '/icon/id_card.png', 'N', 1, 1); 
INSERT INTO IMAGE_TBL ( IMG_ID, IGP_ID, IMG_NAME, IMG_FILENAME, IMG_DELETE_FL, IMG_VERSION_ID,
PTN_ID ) VALUES ( 
631, 5, 'IdCard2', '/icon/id_card2.png', 'N', 1, 1); 
INSERT INTO IMAGE_TBL ( IMG_ID, IGP_ID, IMG_NAME, IMG_FILENAME, IMG_DELETE_FL, IMG_VERSION_ID,
PTN_ID ) VALUES ( 
632, 5, 'IdCardAdd', '/icon/id_card_add.png', 'N', 1, 1); 
INSERT INTO IMAGE_TBL ( IMG_ID, IGP_ID, IMG_NAME, IMG_FILENAME, IMG_DELETE_FL, IMG_VERSION_ID,
PTN_ID ) VALUES ( 
633, 5, 'IdCardDelete', '/icon/id_card_delete.png', 'N', 1, 1); 
INSERT INTO IMAGE_TBL ( IMG_ID, IGP_ID, IMG_NAME, IMG_FILENAME, IMG_DELETE_FL, IMG_VERSION_ID,
PTN_ID ) VALUES ( 
634, 5, 'IdCardError', '/icon/id_card_error.png', 'N', 1, 1); 
INSERT INTO IMAGE_TBL ( IMG_ID, IGP_ID, IMG_NAME, IMG_FILENAME, IMG_DELETE_FL, IMG_VERSION_ID,
PTN_ID ) VALUES ( 
635, 5, 'IdCardInformation', '/icon/id_card_information.png', 'N', 1, 1); 
INSERT INTO IMAGE_TBL ( IMG_ID, IGP_ID, IMG_NAME, IMG_FILENAME, IMG_DELETE_FL, IMG_VERSION_ID,
PTN_ID ) VALUES ( 
636, 5, 'IdCardNew', '/icon/id_card_new.png', 'N', 1, 1); 
INSERT INTO IMAGE_TBL ( IMG_ID, IGP_ID, IMG_NAME, IMG_FILENAME, IMG_DELETE_FL, IMG_VERSION_ID,
PTN_ID ) VALUES ( 
637, 5, 'IdCardOk', '/icon/id_card_ok.png', 'N', 1, 1); 
INSERT INTO IMAGE_TBL ( IMG_ID, IGP_ID, IMG_NAME, IMG_FILENAME, IMG_DELETE_FL, IMG_VERSION_ID,
PTN_ID ) VALUES ( 
638, 5, 'IdCardPreferences', '/icon/id_card_preferences.png', 'N', 1, 1); 
INSERT INTO IMAGE_TBL ( IMG_ID, IGP_ID, IMG_NAME, IMG_FILENAME, IMG_DELETE_FL, IMG_VERSION_ID,
PTN_ID ) VALUES ( 
639, 5, 'IdCards', '/icon/id_cards.png', 'N', 1, 1); 
INSERT INTO IMAGE_TBL ( IMG_ID, IGP_ID, IMG_NAME, IMG_FILENAME, IMG_DELETE_FL, IMG_VERSION_ID,
PTN_ID ) VALUES ( 
640, 5, 'IdCardView', '/icon/id_card_view.png', 'N', 1, 1); 
INSERT INTO IMAGE_TBL ( IMG_ID, IGP_ID, IMG_NAME, IMG_FILENAME, IMG_DELETE_FL, IMG_VERSION_ID,
PTN_ID ) VALUES ( 
641, 5, 'IdCardWarning', '/icon/id_card_warning.png', 'N', 1, 1); 
INSERT INTO IMAGE_TBL ( IMG_ID, IGP_ID, IMG_NAME, IMG_FILENAME, IMG_DELETE_FL, IMG_VERSION_ID,
PTN_ID ) VALUES ( 
642, 5, 'Inbox', '/icon/inbox.png', 'N', 1, 1); 
INSERT INTO IMAGE_TBL ( IMG_ID, IGP_ID, IMG_NAME, IMG_FILENAME, IMG_DELETE_FL, IMG_VERSION_ID,
PTN_ID ) VALUES ( 
643, 5, 'InboxInto', '/icon/inbox_into.png', 'N', 1, 1); 
INSERT INTO IMAGE_TBL ( IMG_ID, IGP_ID, IMG_NAME, IMG_FILENAME, IMG_DELETE_FL, IMG_VERSION_ID,
PTN_ID ) VALUES ( 
644, 5, 'Key1', '/icon/key1.png', 'N', 1, 1); 
INSERT INTO IMAGE_TBL ( IMG_ID, IGP_ID, IMG_NAME, IMG_FILENAME, IMG_DELETE_FL, IMG_VERSION_ID,
PTN_ID ) VALUES ( 
645, 5, 'Key1Add', '/icon/key1_add.png', 'N', 1, 1); 
INSERT INTO IMAGE_TBL ( IMG_ID, IGP_ID, IMG_NAME, IMG_FILENAME, IMG_DELETE_FL, IMG_VERSION_ID,
PTN_ID ) VALUES ( 
646, 5, 'Key1Delete', '/icon/key1_delete.png', 'N', 1, 1); 
INSERT INTO IMAGE_TBL ( IMG_ID, IGP_ID, IMG_NAME, IMG_FILENAME, IMG_DELETE_FL, IMG_VERSION_ID,
PTN_ID ) VALUES ( 
647, 5, 'Key1Preferences', '/icon/key1_preferences.png', 'N', 1, 1); 
INSERT INTO IMAGE_TBL ( IMG_ID, IGP_ID, IMG_NAME, IMG_FILENAME, IMG_DELETE_FL, IMG_VERSION_ID,
PTN_ID ) VALUES ( 
648, 5, 'Key2', '/icon/key2.png', 'N', 1, 1); 
INSERT INTO IMAGE_TBL ( IMG_ID, IGP_ID, IMG_NAME, IMG_FILENAME, IMG_DELETE_FL, IMG_VERSION_ID,
PTN_ID ) VALUES ( 
649, 5, 'Keys', '/icon/keys.png', 'N', 1, 1); 
INSERT INTO IMAGE_TBL ( IMG_ID, IGP_ID, IMG_NAME, IMG_FILENAME, IMG_DELETE_FL, IMG_VERSION_ID,
PTN_ID ) VALUES ( 
650, 5, 'Knight', '/icon/knight.png', 'N', 1, 1); 
INSERT INTO IMAGE_TBL ( IMG_ID, IGP_ID, IMG_NAME, IMG_FILENAME, IMG_DELETE_FL, IMG_VERSION_ID,
PTN_ID ) VALUES ( 
651, 5, 'Knight2', '/icon/knight2.png', 'N', 1, 1); 
INSERT INTO IMAGE_TBL ( IMG_ID, IGP_ID, IMG_NAME, IMG_FILENAME, IMG_DELETE_FL, IMG_VERSION_ID,
PTN_ID ) VALUES ( 
652, 5, 'Link', '/icon/link.png', 'N', 1, 1); 
INSERT INTO IMAGE_TBL ( IMG_ID, IGP_ID, IMG_NAME, IMG_FILENAME, IMG_DELETE_FL, IMG_VERSION_ID,
PTN_ID ) VALUES ( 
653, 5, 'LinkAdd', '/icon/link_add.png', 'N', 1, 1); 
INSERT INTO IMAGE_TBL ( IMG_ID, IGP_ID, IMG_NAME, IMG_FILENAME, IMG_DELETE_FL, IMG_VERSION_ID,
PTN_ID ) VALUES ( 
654, 5, 'LinkDelete', '/icon/link_delete.png', 'N', 1, 1); 
INSERT INTO IMAGE_TBL ( IMG_ID, IGP_ID, IMG_NAME, IMG_FILENAME, IMG_DELETE_FL, IMG_VERSION_ID,
PTN_ID ) VALUES ( 
655, 5, 'LinkNew', '/icon/link_new.png', 'N', 1, 1); 
INSERT INTO IMAGE_TBL ( IMG_ID, IGP_ID, IMG_NAME, IMG_FILENAME, IMG_DELETE_FL, IMG_VERSION_ID,
PTN_ID ) VALUES ( 
656, 5, 'Lock', '/icon/lock.png', 'N', 1, 1); 
INSERT INTO IMAGE_TBL ( IMG_ID, IGP_ID, IMG_NAME, IMG_FILENAME, IMG_DELETE_FL, IMG_VERSION_ID,
PTN_ID ) VALUES ( 
657, 5, 'Lock2', '/icon/lock2.png', 'N', 1, 1); 
INSERT INTO IMAGE_TBL ( IMG_ID, IGP_ID, IMG_NAME, IMG_FILENAME, IMG_DELETE_FL, IMG_VERSION_ID,
PTN_ID ) VALUES ( 
658, 5, 'LockAdd', '/icon/lock_add.png', 'N', 1, 1); 
INSERT INTO IMAGE_TBL ( IMG_ID, IGP_ID, IMG_NAME, IMG_FILENAME, IMG_DELETE_FL, IMG_VERSION_ID,
PTN_ID ) VALUES ( 
659, 5, 'LockDelete', '/icon/lock_delete.png', 'N', 1, 1); 
INSERT INTO IMAGE_TBL ( IMG_ID, IGP_ID, IMG_NAME, IMG_FILENAME, IMG_DELETE_FL, IMG_VERSION_ID,
PTN_ID ) VALUES ( 
660, 5, 'LockError', '/icon/lock_error.png', 'N', 1, 1); 
INSERT INTO IMAGE_TBL ( IMG_ID, IGP_ID, IMG_NAME, IMG_FILENAME, IMG_DELETE_FL, IMG_VERSION_ID,
PTN_ID ) VALUES ( 
661, 5, 'LockInformation', '/icon/lock_information.png', 'N', 1, 1); 
INSERT INTO IMAGE_TBL ( IMG_ID, IGP_ID, IMG_NAME, IMG_FILENAME, IMG_DELETE_FL, IMG_VERSION_ID,
PTN_ID ) VALUES ( 
662, 5, 'LockNew', '/icon/lock_new.png', 'N', 1, 1); 
INSERT INTO IMAGE_TBL ( IMG_ID, IGP_ID, IMG_NAME, IMG_FILENAME, IMG_DELETE_FL, IMG_VERSION_ID,
PTN_ID ) VALUES ( 
663, 5, 'LockOk', '/icon/lock_ok.png', 'N', 1, 1); 
INSERT INTO IMAGE_TBL ( IMG_ID, IGP_ID, IMG_NAME, IMG_FILENAME, IMG_DELETE_FL, IMG_VERSION_ID,
PTN_ID ) VALUES ( 
664, 5, 'LockOpen', '/icon/lock_open.png', 'N', 1, 1); 
INSERT INTO IMAGE_TBL ( IMG_ID, IGP_ID, IMG_NAME, IMG_FILENAME, IMG_DELETE_FL, IMG_VERSION_ID,
PTN_ID ) VALUES ( 
665, 5, 'LockPreferences', '/icon/lock_preferences.png', 'N', 1, 1); 
INSERT INTO IMAGE_TBL ( IMG_ID, IGP_ID, IMG_NAME, IMG_FILENAME, IMG_DELETE_FL, IMG_VERSION_ID,
PTN_ID ) VALUES ( 
666, 5, 'LockTime', '/icon/lock_time.png', 'N', 1, 1); 
INSERT INTO IMAGE_TBL ( IMG_ID, IGP_ID, IMG_NAME, IMG_FILENAME, IMG_DELETE_FL, IMG_VERSION_ID,
PTN_ID ) VALUES ( 
667, 5, 'LockView', '/icon/lock_view.png', 'N', 1, 1); 
INSERT INTO IMAGE_TBL ( IMG_ID, IGP_ID, IMG_NAME, IMG_FILENAME, IMG_DELETE_FL, IMG_VERSION_ID,
PTN_ID ) VALUES ( 
668, 5, 'LockWarning', '/icon/lock_warning.png', 'N', 1, 1); 
INSERT INTO IMAGE_TBL ( IMG_ID, IGP_ID, IMG_NAME, IMG_FILENAME, IMG_DELETE_FL, IMG_VERSION_ID,
PTN_ID ) VALUES ( 
288, 1, 'StarYellowAdd', '/icon/star_yellow_add.png', 'N', 1, 1); 
INSERT INTO IMAGE_TBL ( IMG_ID, IGP_ID, IMG_NAME, IMG_FILENAME, IMG_DELETE_FL, IMG_VERSION_ID,
PTN_ID ) VALUES ( 
289, 1, 'StarYellowDelete', '/icon/star_yellow_delete.png', 'N', 1, 1); 
INSERT INTO IMAGE_TBL ( IMG_ID, IGP_ID, IMG_NAME, IMG_FILENAME, IMG_DELETE_FL, IMG_VERSION_ID,
PTN_ID ) VALUES ( 
290, 1, 'StarYellowNew', '/icon/star_yellow_new.png', 'N', 1, 1); 
INSERT INTO IMAGE_TBL ( IMG_ID, IGP_ID, IMG_NAME, IMG_FILENAME, IMG_DELETE_FL, IMG_VERSION_ID,
PTN_ID ) VALUES ( 
291, 1, 'StarYellowPreferences', '/icon/star_yellow_preferences.png', 'N', 1, 1); 
INSERT INTO IMAGE_TBL ( IMG_ID, IGP_ID, IMG_NAME, IMG_FILENAME, IMG_DELETE_FL, IMG_VERSION_ID,
PTN_ID ) VALUES ( 
292, 1, 'StarYellowView', '/icon/star_yellow_view.png', 'N', 1, 1); 
INSERT INTO IMAGE_TBL ( IMG_ID, IGP_ID, IMG_NAME, IMG_FILENAME, IMG_DELETE_FL, IMG_VERSION_ID,
PTN_ID ) VALUES ( 
293, 1, 'Stop', '/icon/stop.png', 'N', 1, 1); 
INSERT INTO IMAGE_TBL ( IMG_ID, IGP_ID, IMG_NAME, IMG_FILENAME, IMG_DELETE_FL, IMG_VERSION_ID,
PTN_ID ) VALUES ( 
294, 1, 'Text', '/icon/text.png', 'N', 1, 1); 
INSERT INTO IMAGE_TBL ( IMG_ID, IGP_ID, IMG_NAME, IMG_FILENAME, IMG_DELETE_FL, IMG_VERSION_ID,
PTN_ID ) VALUES ( 
295, 1, 'TextAlignCenter', '/icon/text_align_center.png', 'N', 1, 1); 
INSERT INTO IMAGE_TBL ( IMG_ID, IGP_ID, IMG_NAME, IMG_FILENAME, IMG_DELETE_FL, IMG_VERSION_ID,
PTN_ID ) VALUES ( 
296, 1, 'TextAlignJustified', '/icon/text_align_justified.png', 'N', 1, 1); 
INSERT INTO IMAGE_TBL ( IMG_ID, IGP_ID, IMG_NAME, IMG_FILENAME, IMG_DELETE_FL, IMG_VERSION_ID,
PTN_ID ) VALUES ( 
297, 1, 'TextAlignLeft', '/icon/text_align_left.png', 'N', 1, 1); 
INSERT INTO IMAGE_TBL ( IMG_ID, IGP_ID, IMG_NAME, IMG_FILENAME, IMG_DELETE_FL, IMG_VERSION_ID,
PTN_ID ) VALUES ( 
298, 1, 'TextAlignRight', '/icon/text_align_right.png', 'N', 1, 1); 
INSERT INTO IMAGE_TBL ( IMG_ID, IGP_ID, IMG_NAME, IMG_FILENAME, IMG_DELETE_FL, IMG_VERSION_ID,
PTN_ID ) VALUES ( 
299, 1, 'TextBinary', '/icon/text_binary.png', 'N', 1, 1); 
INSERT INTO IMAGE_TBL ( IMG_ID, IGP_ID, IMG_NAME, IMG_FILENAME, IMG_DELETE_FL, IMG_VERSION_ID,
PTN_ID ) VALUES ( 
300, 1, 'TextBold', '/icon/text_bold.png', 'N', 1, 1); 
INSERT INTO IMAGE_TBL ( IMG_ID, IGP_ID, IMG_NAME, IMG_FILENAME, IMG_DELETE_FL, IMG_VERSION_ID,
PTN_ID ) VALUES ( 
301, 1, 'TextBraille', '/icon/text_braille.png', 'N', 1, 1); 
INSERT INTO IMAGE_TBL ( IMG_ID, IGP_ID, IMG_NAME, IMG_FILENAME, IMG_DELETE_FL, IMG_VERSION_ID,
PTN_ID ) VALUES ( 
302, 1, 'TextFind', '/icon/text_find.png', 'N', 1, 1); 
INSERT INTO IMAGE_TBL ( IMG_ID, IGP_ID, IMG_NAME, IMG_FILENAME, IMG_DELETE_FL, IMG_VERSION_ID,
PTN_ID ) VALUES ( 
303, 1, 'TextItalics', '/icon/text_italics.png', 'N', 1, 1); 
INSERT INTO IMAGE_TBL ( IMG_ID, IGP_ID, IMG_NAME, IMG_FILENAME, IMG_DELETE_FL, IMG_VERSION_ID,
PTN_ID ) VALUES ( 
304, 1, 'TextLock', '/icon/text_lock.png', 'N', 1, 1); 
INSERT INTO IMAGE_TBL ( IMG_ID, IGP_ID, IMG_NAME, IMG_FILENAME, IMG_DELETE_FL, IMG_VERSION_ID,
PTN_ID ) VALUES ( 
305, 1, 'TextLoudspeaker', '/icon/text_loudspeaker.png', 'N', 1, 1); 
INSERT INTO IMAGE_TBL ( IMG_ID, IGP_ID, IMG_NAME, IMG_FILENAME, IMG_DELETE_FL, IMG_VERSION_ID,
PTN_ID ) VALUES ( 
306, 1, 'TextMarked', '/icon/text_marked.png', 'N', 1, 1); 
INSERT INTO IMAGE_TBL ( IMG_ID, IGP_ID, IMG_NAME, IMG_FILENAME, IMG_DELETE_FL, IMG_VERSION_ID,
PTN_ID ) VALUES ( 
307, 1, 'TextNormal', '/icon/text_normal.png', 'N', 1, 1); 
INSERT INTO IMAGE_TBL ( IMG_ID, IGP_ID, IMG_NAME, IMG_FILENAME, IMG_DELETE_FL, IMG_VERSION_ID,
PTN_ID ) VALUES ( 
308, 1, 'TextOk', '/icon/text_ok.png', 'N', 1, 1); 
INSERT INTO IMAGE_TBL ( IMG_ID, IGP_ID, IMG_NAME, IMG_FILENAME, IMG_DELETE_FL, IMG_VERSION_ID,
PTN_ID ) VALUES ( 
309, 1, 'TextRich', '/icon/text_rich.png', 'N', 1, 1); 
INSERT INTO IMAGE_TBL ( IMG_ID, IGP_ID, IMG_NAME, IMG_FILENAME, IMG_DELETE_FL, IMG_VERSION_ID,
PTN_ID ) VALUES ( 
310, 1, 'TextRichColored', '/icon/text_rich_colored.png', 'N', 1, 1); 
INSERT INTO IMAGE_TBL ( IMG_ID, IGP_ID, IMG_NAME, IMG_FILENAME, IMG_DELETE_FL, IMG_VERSION_ID,
PTN_ID ) VALUES ( 
311, 1, 'TextRichMarked', '/icon/text_rich_marked.png', 'N', 1, 1); 
INSERT INTO IMAGE_TBL ( IMG_ID, IGP_ID, IMG_NAME, IMG_FILENAME, IMG_DELETE_FL, IMG_VERSION_ID,
PTN_ID ) VALUES ( 
312, 1, 'TextTree', '/icon/text_tree.png', 'N', 1, 1); 
INSERT INTO IMAGE_TBL ( IMG_ID, IGP_ID, IMG_NAME, IMG_FILENAME, IMG_DELETE_FL, IMG_VERSION_ID,
PTN_ID ) VALUES ( 
313, 1, 'TextUnderlined', '/icon/text_underlined.png', 'N', 1, 1); 
INSERT INTO IMAGE_TBL ( IMG_ID, IGP_ID, IMG_NAME, IMG_FILENAME, IMG_DELETE_FL, IMG_VERSION_ID,
PTN_ID ) VALUES ( 
314, 1, 'TextView', '/icon/text_view.png', 'N', 1, 1); 
INSERT INTO IMAGE_TBL ( IMG_ID, IGP_ID, IMG_NAME, IMG_FILENAME, IMG_DELETE_FL, IMG_VERSION_ID,
PTN_ID ) VALUES ( 
315, 1, 'Transform', '/icon/transform.png', 'N', 1, 1); 
INSERT INTO IMAGE_TBL ( IMG_ID, IGP_ID, IMG_NAME, IMG_FILENAME, IMG_DELETE_FL, IMG_VERSION_ID,
PTN_ID ) VALUES ( 
316, 1, 'Transform2', '/icon/transform2.png', 'N', 1, 1); 
INSERT INTO IMAGE_TBL ( IMG_ID, IGP_ID, IMG_NAME, IMG_FILENAME, IMG_DELETE_FL, IMG_VERSION_ID,
PTN_ID ) VALUES ( 
317, 1, 'Undo', '/icon/undo.png', 'N', 1, 1); 
INSERT INTO IMAGE_TBL ( IMG_ID, IGP_ID, IMG_NAME, IMG_FILENAME, IMG_DELETE_FL, IMG_VERSION_ID,
PTN_ID ) VALUES ( 
318, 1, 'Unknown', '/icon/unknown.png', 'N', 1, 1); 
INSERT INTO IMAGE_TBL ( IMG_ID, IGP_ID, IMG_NAME, IMG_FILENAME, IMG_DELETE_FL, IMG_VERSION_ID,
PTN_ID ) VALUES ( 
319, 1, 'View', '/icon/view.png', 'N', 1, 1); 
INSERT INTO IMAGE_TBL ( IMG_ID, IGP_ID, IMG_NAME, IMG_FILENAME, IMG_DELETE_FL, IMG_VERSION_ID,
PTN_ID ) VALUES ( 
320, 1, 'View11', '/icon/view_1_1.png', 'N', 1, 1); 
INSERT INTO IMAGE_TBL ( IMG_ID, IGP_ID, IMG_NAME, IMG_FILENAME, IMG_DELETE_FL, IMG_VERSION_ID,
PTN_ID ) VALUES ( 
321, 1, 'ViewNext', '/icon/view_next.png', 'N', 1, 1); 
INSERT INTO IMAGE_TBL ( IMG_ID, IGP_ID, IMG_NAME, IMG_FILENAME, IMG_DELETE_FL, IMG_VERSION_ID,
PTN_ID ) VALUES ( 
322, 1, 'ViewPrevious', '/icon/view_previous.png', 'N', 1, 1); 
INSERT INTO IMAGE_TBL ( IMG_ID, IGP_ID, IMG_NAME, IMG_FILENAME, IMG_DELETE_FL, IMG_VERSION_ID,
PTN_ID ) VALUES ( 
323, 1, 'Warning', '/icon/warning.png', 'N', 1, 1); 
INSERT INTO IMAGE_TBL ( IMG_ID, IGP_ID, IMG_NAME, IMG_FILENAME, IMG_DELETE_FL, IMG_VERSION_ID,
PTN_ID ) VALUES ( 
324, 1, 'Window', '/icon/window.png', 'N', 1, 1); 
INSERT INTO IMAGE_TBL ( IMG_ID, IGP_ID, IMG_NAME, IMG_FILENAME, IMG_DELETE_FL, IMG_VERSION_ID,
PTN_ID ) VALUES ( 
325, 1, 'WindowAdd', '/icon/window_add.png', 'N', 1, 1); 
INSERT INTO IMAGE_TBL ( IMG_ID, IGP_ID, IMG_NAME, IMG_FILENAME, IMG_DELETE_FL, IMG_VERSION_ID,
PTN_ID ) VALUES ( 
326, 1, 'WindowColors', '/icon/window_colors.png', 'N', 1, 1); 
INSERT INTO IMAGE_TBL ( IMG_ID, IGP_ID, IMG_NAME, IMG_FILENAME, IMG_DELETE_FL, IMG_VERSION_ID,
PTN_ID ) VALUES ( 
327, 1, 'WindowDelete', '/icon/window_delete.png', 'N', 1, 1); 
INSERT INTO IMAGE_TBL ( IMG_ID, IGP_ID, IMG_NAME, IMG_FILENAME, IMG_DELETE_FL, IMG_VERSION_ID,
PTN_ID ) VALUES ( 
328, 1, 'WindowDialog', '/icon/window_dialog.png', 'N', 1, 1); 
INSERT INTO IMAGE_TBL ( IMG_ID, IGP_ID, IMG_NAME, IMG_FILENAME, IMG_DELETE_FL, IMG_VERSION_ID,
PTN_ID ) VALUES ( 
329, 1, 'WindowEarth', '/icon/window_earth.png', 'N', 1, 1); 
INSERT INTO IMAGE_TBL ( IMG_ID, IGP_ID, IMG_NAME, IMG_FILENAME, IMG_DELETE_FL, IMG_VERSION_ID,
PTN_ID ) VALUES ( 
330, 1, 'WindowEdit', '/icon/window_edit.png', 'N', 1, 1); 
INSERT INTO IMAGE_TBL ( IMG_ID, IGP_ID, IMG_NAME, IMG_FILENAME, IMG_DELETE_FL, IMG_VERSION_ID,
PTN_ID ) VALUES ( 
331, 1, 'WindowEnvironment', '/icon/window_environment.png', 'N', 1, 1); 
INSERT INTO IMAGE_TBL ( IMG_ID, IGP_ID, IMG_NAME, IMG_FILENAME, IMG_DELETE_FL, IMG_VERSION_ID,
PTN_ID ) VALUES ( 
332, 1, 'WindowGear', '/icon/window_gear.png', 'N', 1, 1); 
INSERT INTO IMAGE_TBL ( IMG_ID, IGP_ID, IMG_NAME, IMG_FILENAME, IMG_DELETE_FL, IMG_VERSION_ID,
PTN_ID ) VALUES ( 
333, 1, 'WindowInformation', '/icon/window_information.png', 'N', 1, 1); 
INSERT INTO IMAGE_TBL ( IMG_ID, IGP_ID, IMG_NAME, IMG_FILENAME, IMG_DELETE_FL, IMG_VERSION_ID,
PTN_ID ) VALUES ( 
334, 1, 'WindowNew', '/icon/window_new.png', 'N', 1, 1); 
INSERT INTO IMAGE_TBL ( IMG_ID, IGP_ID, IMG_NAME, IMG_FILENAME, IMG_DELETE_FL, IMG_VERSION_ID,
PTN_ID ) VALUES ( 
335, 1, 'WindowPreferences', '/icon/window_preferences.png', 'N', 1, 1); 
INSERT INTO IMAGE_TBL ( IMG_ID, IGP_ID, IMG_NAME, IMG_FILENAME, IMG_DELETE_FL, IMG_VERSION_ID,
PTN_ID ) VALUES ( 
336, 1, 'Windows', '/icon/windows.png', 'N', 1, 1); 
INSERT INTO IMAGE_TBL ( IMG_ID, IGP_ID, IMG_NAME, IMG_FILENAME, IMG_DELETE_FL, IMG_VERSION_ID,
PTN_ID ) VALUES ( 
337, 1, 'WindowSidebar', '/icon/window_sidebar.png', 'N', 1, 1); 
INSERT INTO IMAGE_TBL ( IMG_ID, IGP_ID, IMG_NAME, IMG_FILENAME, IMG_DELETE_FL, IMG_VERSION_ID,
PTN_ID ) VALUES ( 
338, 1, 'WindowSplitHor', '/icon/window_split_hor.png', 'N', 1, 1); 
INSERT INTO IMAGE_TBL ( IMG_ID, IGP_ID, IMG_NAME, IMG_FILENAME, IMG_DELETE_FL, IMG_VERSION_ID,
PTN_ID ) VALUES ( 
339, 1, 'WindowSplitVer', '/icon/window_split_ver.png', 'N', 1, 1); 
INSERT INTO IMAGE_TBL ( IMG_ID, IGP_ID, IMG_NAME, IMG_FILENAME, IMG_DELETE_FL, IMG_VERSION_ID,
PTN_ID ) VALUES ( 
340, 1, 'WindowStar', '/icon/window_star.png', 'N', 1, 1); 
INSERT INTO IMAGE_TBL ( IMG_ID, IGP_ID, IMG_NAME, IMG_FILENAME, IMG_DELETE_FL, IMG_VERSION_ID,
PTN_ID ) VALUES ( 
341, 1, 'WindowTime', '/icon/window_time.png', 'N', 1, 1); 
INSERT INTO IMAGE_TBL ( IMG_ID, IGP_ID, IMG_NAME, IMG_FILENAME, IMG_DELETE_FL, IMG_VERSION_ID,
PTN_ID ) VALUES ( 
342, 1, 'WindowView', '/icon/window_view.png', 'N', 1, 1); 
INSERT INTO IMAGE_TBL ( IMG_ID, IGP_ID, IMG_NAME, IMG_FILENAME, IMG_DELETE_FL, IMG_VERSION_ID,
PTN_ID ) VALUES ( 
343, 1, 'WindowWarning', '/icon/window_warning.png', 'N', 1, 1); 
INSERT INTO IMAGE_TBL ( IMG_ID, IGP_ID, IMG_NAME, IMG_FILENAME, IMG_DELETE_FL, IMG_VERSION_ID,
PTN_ID ) VALUES ( 
344, 1, 'ZoomIn', '/icon/zoom_in.png', 'N', 1, 1); 
INSERT INTO IMAGE_TBL ( IMG_ID, IGP_ID, IMG_NAME, IMG_FILENAME, IMG_DELETE_FL, IMG_VERSION_ID,
PTN_ID ) VALUES ( 
345, 1, 'ZoomOut', '/icon/zoom_out.png', 'N', 1, 1); 
INSERT INTO IMAGE_TBL ( IMG_ID, IGP_ID, IMG_NAME, IMG_FILENAME, IMG_DELETE_FL, IMG_VERSION_ID,
PTN_ID ) VALUES ( 
346, 2, 'AddressBook', '/icon/address_book.png', 'N', 1, 1); 
INSERT INTO IMAGE_TBL ( IMG_ID, IGP_ID, IMG_NAME, IMG_FILENAME, IMG_DELETE_FL, IMG_VERSION_ID,
PTN_ID ) VALUES ( 
347, 2, 'AddressBook2', '/icon/address_book2.png', 'N', 1, 1); 
INSERT INTO IMAGE_TBL ( IMG_ID, IGP_ID, IMG_NAME, IMG_FILENAME, IMG_DELETE_FL, IMG_VERSION_ID,
PTN_ID ) VALUES ( 
348, 2, 'AddressBook3', '/icon/address_book3.png', 'N', 1, 1); 
INSERT INTO IMAGE_TBL ( IMG_ID, IGP_ID, IMG_NAME, IMG_FILENAME, IMG_DELETE_FL, IMG_VERSION_ID,
PTN_ID ) VALUES ( 
349, 2, 'AuctionHammer', '/icon/auction_hammer.png', 'N', 1, 1); 
INSERT INTO IMAGE_TBL ( IMG_ID, IGP_ID, IMG_NAME, IMG_FILENAME, IMG_DELETE_FL, IMG_VERSION_ID,
PTN_ID ) VALUES ( 
350, 2, 'Briefcase', '/icon/briefcase.png', 'N', 1, 1); 
INSERT INTO IMAGE_TBL ( IMG_ID, IGP_ID, IMG_NAME, IMG_FILENAME, IMG_DELETE_FL, IMG_VERSION_ID,
PTN_ID ) VALUES ( 
351, 2, 'Briefcase2', '/icon/briefcase2.png', 'N', 1, 1); 
INSERT INTO IMAGE_TBL ( IMG_ID, IGP_ID, IMG_NAME, IMG_FILENAME, IMG_DELETE_FL, IMG_VERSION_ID,
PTN_ID ) VALUES ( 
352, 2, 'Briefcase2Document', '/icon/briefcase2_document.png', 'N', 1, 1); 
INSERT INTO IMAGE_TBL ( IMG_ID, IGP_ID, IMG_NAME, IMG_FILENAME, IMG_DELETE_FL, IMG_VERSION_ID,
PTN_ID ) VALUES ( 
353, 2, 'Briefcase2View', '/icon/briefcase2_view.png', 'N', 1, 1); 
INSERT INTO IMAGE_TBL ( IMG_ID, IGP_ID, IMG_NAME, IMG_FILENAME, IMG_DELETE_FL, IMG_VERSION_ID,
PTN_ID ) VALUES ( 
354, 2, 'BriefcaseDocument', '/icon/briefcase_document.png', 'N', 1, 1); 
INSERT INTO IMAGE_TBL ( IMG_ID, IGP_ID, IMG_NAME, IMG_FILENAME, IMG_DELETE_FL, IMG_VERSION_ID,
PTN_ID ) VALUES ( 
355, 2, 'BriefcaseInto', '/icon/briefcase_into.png', 'N', 1, 1); 
INSERT INTO IMAGE_TBL ( IMG_ID, IGP_ID, IMG_NAME, IMG_FILENAME, IMG_DELETE_FL, IMG_VERSION_ID,
PTN_ID ) VALUES ( 
356, 2, 'BriefcaseOut', '/icon/briefcase_out.png', 'N', 1, 1); 
INSERT INTO IMAGE_TBL ( IMG_ID, IGP_ID, IMG_NAME, IMG_FILENAME, IMG_DELETE_FL, IMG_VERSION_ID,
PTN_ID ) VALUES ( 
357, 2, 'BriefcaseView', '/icon/briefcase_view.png', 'N', 1, 1); 
INSERT INTO IMAGE_TBL ( IMG_ID, IGP_ID, IMG_NAME, IMG_FILENAME, IMG_DELETE_FL, IMG_VERSION_ID,
PTN_ID ) VALUES ( 
358, 2, 'Businessman', '/icon/businessman.png', 'N', 1, 1); 
INSERT INTO IMAGE_TBL ( IMG_ID, IGP_ID, IMG_NAME, IMG_FILENAME, IMG_DELETE_FL, IMG_VERSION_ID,
PTN_ID ) VALUES ( 
359, 2, 'Businessman2', '/icon/businessman2.png', 'N', 1, 1); 
INSERT INTO IMAGE_TBL ( IMG_ID, IGP_ID, IMG_NAME, IMG_FILENAME, IMG_DELETE_FL, IMG_VERSION_ID,
PTN_ID ) VALUES ( 
360, 2, 'BusinessmanAdd', '/icon/businessman_add.png', 'N', 1, 1); 
INSERT INTO IMAGE_TBL ( IMG_ID, IGP_ID, IMG_NAME, IMG_FILENAME, IMG_DELETE_FL, IMG_VERSION_ID,
PTN_ID ) VALUES ( 
361, 2, 'BusinessmanDelete', '/icon/businessman_delete.png', 'N', 1, 1); 
INSERT INTO IMAGE_TBL ( IMG_ID, IGP_ID, IMG_NAME, IMG_FILENAME, IMG_DELETE_FL, IMG_VERSION_ID,
PTN_ID ) VALUES ( 
362, 2, 'BusinessmanFind', '/icon/businessman_find.png', 'N', 1, 1); 
INSERT INTO IMAGE_TBL ( IMG_ID, IGP_ID, IMG_NAME, IMG_FILENAME, IMG_DELETE_FL, IMG_VERSION_ID,
PTN_ID ) VALUES ( 
363, 2, 'BusinessmanPreferences', '/icon/businessman_preferences.png', 'N', 1, 1); 
INSERT INTO IMAGE_TBL ( IMG_ID, IGP_ID, IMG_NAME, IMG_FILENAME, IMG_DELETE_FL, IMG_VERSION_ID,
PTN_ID ) VALUES ( 
364, 2, 'BusinessmanView', '/icon/businessman_view.png', 'N', 1, 1); 
INSERT INTO IMAGE_TBL ( IMG_ID, IGP_ID, IMG_NAME, IMG_FILENAME, IMG_DELETE_FL, IMG_VERSION_ID,
PTN_ID ) VALUES ( 
365, 2, 'Businessmen', '/icon/businessmen.png', 'N', 1, 1); 
INSERT INTO IMAGE_TBL ( IMG_ID, IGP_ID, IMG_NAME, IMG_FILENAME, IMG_DELETE_FL, IMG_VERSION_ID,
PTN_ID ) VALUES ( 
366, 2, 'Cabinet', '/icon/cabinet.png', 'N', 1, 1); 
INSERT INTO IMAGE_TBL ( IMG_ID, IGP_ID, IMG_NAME, IMG_FILENAME, IMG_DELETE_FL, IMG_VERSION_ID,
PTN_ID ) VALUES ( 
367, 2, 'Calendar', '/icon/calendar.png', 'N', 1, 1); 
INSERT INTO IMAGE_TBL ( IMG_ID, IGP_ID, IMG_NAME, IMG_FILENAME, IMG_DELETE_FL, IMG_VERSION_ID,
PTN_ID ) VALUES ( 
368, 2, 'CalendarDown', '/icon/calendar_down.png', 'N', 1, 1); 
INSERT INTO IMAGE_TBL ( IMG_ID, IGP_ID, IMG_NAME, IMG_FILENAME, IMG_DELETE_FL, IMG_VERSION_ID,
PTN_ID ) VALUES ( 
369, 2, 'CalendarPreferences', '/icon/calendar_preferences.png', 'N', 1, 1); 
INSERT INTO IMAGE_TBL ( IMG_ID, IGP_ID, IMG_NAME, IMG_FILENAME, IMG_DELETE_FL, IMG_VERSION_ID,
PTN_ID ) VALUES ( 
370, 2, 'CalendarUp', '/icon/calendar_up.png', 'N', 1, 1); 
INSERT INTO IMAGE_TBL ( IMG_ID, IGP_ID, IMG_NAME, IMG_FILENAME, IMG_DELETE_FL, IMG_VERSION_ID,
PTN_ID ) VALUES ( 
371, 2, 'Cashier', '/icon/cashier.png', 'N', 1, 1); 
INSERT INTO IMAGE_TBL ( IMG_ID, IGP_ID, IMG_NAME, IMG_FILENAME, IMG_DELETE_FL, IMG_VERSION_ID,
PTN_ID ) VALUES ( 
372, 2, 'Chart', '/icon/chart.png', 'N', 1, 1); 
INSERT INTO IMAGE_TBL ( IMG_ID, IGP_ID, IMG_NAME, IMG_FILENAME, IMG_DELETE_FL, IMG_VERSION_ID,
PTN_ID ) VALUES ( 
373, 2, 'Chest', '/icon/chest.png', 'N', 1, 1); 
INSERT INTO IMAGE_TBL ( IMG_ID, IGP_ID, IMG_NAME, IMG_FILENAME, IMG_DELETE_FL, IMG_VERSION_ID,
PTN_ID ) VALUES ( 
374, 2, 'ChestInto', '/icon/chest_into.png', 'N', 1, 1); 
INSERT INTO IMAGE_TBL ( IMG_ID, IGP_ID, IMG_NAME, IMG_FILENAME, IMG_DELETE_FL, IMG_VERSION_ID,
PTN_ID ) VALUES ( 
375, 2, 'ChestOut', '/icon/chest_out.png', 'N', 1, 1); 
INSERT INTO IMAGE_TBL ( IMG_ID, IGP_ID, IMG_NAME, IMG_FILENAME, IMG_DELETE_FL, IMG_VERSION_ID,
PTN_ID ) VALUES ( 
376, 2, 'Column', '/icon/column.png', 'N', 1, 1); 
INSERT INTO IMAGE_TBL ( IMG_ID, IGP_ID, IMG_NAME, IMG_FILENAME, IMG_DELETE_FL, IMG_VERSION_ID,
PTN_ID ) VALUES ( 
377, 2, 'ColumnAdd', '/icon/column_add.png', 'N', 1, 1); 
INSERT INTO IMAGE_TBL ( IMG_ID, IGP_ID, IMG_NAME, IMG_FILENAME, IMG_DELETE_FL, IMG_VERSION_ID,
PTN_ID ) VALUES ( 
378, 2, 'ColumnAddAfter', '/icon/column_add_after.png', 'N', 1, 1); 
INSERT INTO IMAGE_TBL ( IMG_ID, IGP_ID, IMG_NAME, IMG_FILENAME, IMG_DELETE_FL, IMG_VERSION_ID,
PTN_ID ) VALUES ( 
379, 2, 'ColumnAddBefore', '/icon/column_add_before.png', 'N', 1, 1); 
INSERT INTO IMAGE_TBL ( IMG_ID, IGP_ID, IMG_NAME, IMG_FILENAME, IMG_DELETE_FL, IMG_VERSION_ID,
PTN_ID ) VALUES ( 
380, 2, 'Columnchart', '/icon/column-chart.png', 'N', 1, 1); 
INSERT INTO IMAGE_TBL ( IMG_ID, IGP_ID, IMG_NAME, IMG_FILENAME, IMG_DELETE_FL, IMG_VERSION_ID,
PTN_ID ) VALUES ( 
381, 2, 'ColumnDelete', '/icon/column_delete.png', 'N', 1, 1); 
INSERT INTO IMAGE_TBL ( IMG_ID, IGP_ID, IMG_NAME, IMG_FILENAME, IMG_DELETE_FL, IMG_VERSION_ID,
PTN_ID ) VALUES ( 
382, 2, 'ColumnPreferences', '/icon/column_preferences.png', 'N', 1, 1); 
INSERT INTO IMAGE_TBL ( IMG_ID, IGP_ID, IMG_NAME, IMG_FILENAME, IMG_DELETE_FL, IMG_VERSION_ID,
PTN_ID ) VALUES ( 
383, 2, 'Creditcards', '/icon/creditcards.png', 'N', 1, 1); 
INSERT INTO IMAGE_TBL ( IMG_ID, IGP_ID, IMG_NAME, IMG_FILENAME, IMG_DELETE_FL, IMG_VERSION_ID,
PTN_ID ) VALUES ( 
384, 2, 'CurrencyDollar', '/icon/currency_dollar.png', 'N', 1, 1); 
INSERT INTO IMAGE_TBL ( IMG_ID, IGP_ID, IMG_NAME, IMG_FILENAME, IMG_DELETE_FL, IMG_VERSION_ID,
PTN_ID ) VALUES ( 
385, 2, 'CurrencyEuro', '/icon/currency_euro.png', 'N', 1, 1); 
INSERT INTO IMAGE_TBL ( IMG_ID, IGP_ID, IMG_NAME, IMG_FILENAME, IMG_DELETE_FL, IMG_VERSION_ID,
PTN_ID ) VALUES ( 
386, 2, 'CurrencyPound', '/icon/currency_pound.png', 'N', 1, 1); 
INSERT INTO IMAGE_TBL ( IMG_ID, IGP_ID, IMG_NAME, IMG_FILENAME, IMG_DELETE_FL, IMG_VERSION_ID,
PTN_ID ) VALUES ( 
387, 2, 'CurrencyYen', '/icon/currency_yen.png', 'N', 1, 1); 
INSERT INTO IMAGE_TBL ( IMG_ID, IGP_ID, IMG_NAME, IMG_FILENAME, IMG_DELETE_FL, IMG_VERSION_ID,
PTN_ID ) VALUES ( 
388, 2, 'Data', '/icon/data.png', 'N', 1, 1); 
INSERT INTO IMAGE_TBL ( IMG_ID, IGP_ID, IMG_NAME, IMG_FILENAME, IMG_DELETE_FL, IMG_VERSION_ID,
PTN_ID ) VALUES ( 
389, 2, 'DataAdd', '/icon/data_add.png', 'N', 1, 1); 
INSERT INTO IMAGE_TBL ( IMG_ID, IGP_ID, IMG_NAME, IMG_FILENAME, IMG_DELETE_FL, IMG_VERSION_ID,
PTN_ID ) VALUES ( 
390, 2, 'DataCertificate', '/icon/data_certificate.png', 'N', 1, 1); 
INSERT INTO IMAGE_TBL ( IMG_ID, IGP_ID, IMG_NAME, IMG_FILENAME, IMG_DELETE_FL, IMG_VERSION_ID,
PTN_ID ) VALUES ( 
391, 2, 'DataConnection', '/icon/data_connection.png', 'N', 1, 1); 
INSERT INTO IMAGE_TBL ( IMG_ID, IGP_ID, IMG_NAME, IMG_FILENAME, IMG_DELETE_FL, IMG_VERSION_ID,
PTN_ID ) VALUES ( 
392, 2, 'DataCopy', '/icon/data_copy.png', 'N', 1, 1); 
INSERT INTO IMAGE_TBL ( IMG_ID, IGP_ID, IMG_NAME, IMG_FILENAME, IMG_DELETE_FL, IMG_VERSION_ID,
PTN_ID ) VALUES ( 
393, 2, 'DataDelete', '/icon/data_delete.png', 'N', 1, 1); 
INSERT INTO IMAGE_TBL ( IMG_ID, IGP_ID, IMG_NAME, IMG_FILENAME, IMG_DELETE_FL, IMG_VERSION_ID,
PTN_ID ) VALUES ( 
394, 2, 'DataDisk', '/icon/data_disk.png', 'N', 1, 1); 
INSERT INTO IMAGE_TBL ( IMG_ID, IGP_ID, IMG_NAME, IMG_FILENAME, IMG_DELETE_FL, IMG_VERSION_ID,
PTN_ID ) VALUES ( 
395, 2, 'DataDown', '/icon/data_down.png', 'N', 1, 1); 
INSERT INTO IMAGE_TBL ( IMG_ID, IGP_ID, IMG_NAME, IMG_FILENAME, IMG_DELETE_FL, IMG_VERSION_ID,
PTN_ID ) VALUES ( 
396, 2, 'DataEdit', '/icon/data_edit.png', 'N', 1, 1); 
INSERT INTO IMAGE_TBL ( IMG_ID, IGP_ID, IMG_NAME, IMG_FILENAME, IMG_DELETE_FL, IMG_VERSION_ID,
PTN_ID ) VALUES ( 
397, 2, 'DataError', '/icon/data_error.png', 'N', 1, 1); 
INSERT INTO IMAGE_TBL ( IMG_ID, IGP_ID, IMG_NAME, IMG_FILENAME, IMG_DELETE_FL, IMG_VERSION_ID,
PTN_ID ) VALUES ( 
398, 2, 'DataFind', '/icon/data_find.png', 'N', 1, 1); 
INSERT INTO IMAGE_TBL ( IMG_ID, IGP_ID, IMG_NAME, IMG_FILENAME, IMG_DELETE_FL, IMG_VERSION_ID,
PTN_ID ) VALUES ( 
399, 2, 'DataForbidden', '/icon/data_forbidden.png', 'N', 1, 1); 
INSERT INTO IMAGE_TBL ( IMG_ID, IGP_ID, IMG_NAME, IMG_FILENAME, IMG_DELETE_FL, IMG_VERSION_ID,
PTN_ID ) VALUES ( 
400, 2, 'DataGear', '/icon/data_gear.png', 'N', 1, 1); 
INSERT INTO IMAGE_TBL ( IMG_ID, IGP_ID, IMG_NAME, IMG_FILENAME, IMG_DELETE_FL, IMG_VERSION_ID,
PTN_ID ) VALUES ( 
401, 2, 'DataInformation', '/icon/data_information.png', 'N', 1, 1); 
INSERT INTO IMAGE_TBL ( IMG_ID, IGP_ID, IMG_NAME, IMG_FILENAME, IMG_DELETE_FL, IMG_VERSION_ID,
PTN_ID ) VALUES ( 
402, 2, 'DataInto', '/icon/data_into.png', 'N', 1, 1); 
INSERT INTO IMAGE_TBL ( IMG_ID, IGP_ID, IMG_NAME, IMG_FILENAME, IMG_DELETE_FL, IMG_VERSION_ID,
PTN_ID ) VALUES ( 
403, 2, 'DataLock', '/icon/data_lock.png', 'N', 1, 1); 
INSERT INTO IMAGE_TBL ( IMG_ID, IGP_ID, IMG_NAME, IMG_FILENAME, IMG_DELETE_FL, IMG_VERSION_ID,
PTN_ID ) VALUES ( 
404, 2, 'DataNew', '/icon/data_new.png', 'N', 1, 1); 
INSERT INTO IMAGE_TBL ( IMG_ID, IGP_ID, IMG_NAME, IMG_FILENAME, IMG_DELETE_FL, IMG_VERSION_ID,
PTN_ID ) VALUES ( 
405, 2, 'DataNext', '/icon/data_next.png', 'N', 1, 1); 
INSERT INTO IMAGE_TBL ( IMG_ID, IGP_ID, IMG_NAME, IMG_FILENAME, IMG_DELETE_FL, IMG_VERSION_ID,
PTN_ID ) VALUES ( 
406, 2, 'DataOk', '/icon/data_ok.png', 'N', 1, 1); 
INSERT INTO IMAGE_TBL ( IMG_ID, IGP_ID, IMG_NAME, IMG_FILENAME, IMG_DELETE_FL, IMG_VERSION_ID,
PTN_ID ) VALUES ( 
407, 2, 'DataOut', '/icon/data_out.png', 'N', 1, 1); 
INSERT INTO IMAGE_TBL ( IMG_ID, IGP_ID, IMG_NAME, IMG_FILENAME, IMG_DELETE_FL, IMG_VERSION_ID,
PTN_ID ) VALUES ( 
408, 2, 'DataPreferences', '/icon/data_preferences.png', 'N', 1, 1); 
INSERT INTO IMAGE_TBL ( IMG_ID, IGP_ID, IMG_NAME, IMG_FILENAME, IMG_DELETE_FL, IMG_VERSION_ID,
PTN_ID ) VALUES ( 
409, 2, 'DataPrevious', '/icon/data_previous.png', 'N', 1, 1); 
INSERT INTO IMAGE_TBL ( IMG_ID, IGP_ID, IMG_NAME, IMG_FILENAME, IMG_DELETE_FL, IMG_VERSION_ID,
PTN_ID ) VALUES ( 
410, 2, 'DataRefresh', '/icon/data_refresh.png', 'N', 1, 1); 
INSERT INTO IMAGE_TBL ( IMG_ID, IGP_ID, IMG_NAME, IMG_FILENAME, IMG_DELETE_FL, IMG_VERSION_ID,
PTN_ID ) VALUES ( 
411, 2, 'DataReplace', '/icon/data_replace.png', 'N', 1, 1); 
INSERT INTO IMAGE_TBL ( IMG_ID, IGP_ID, IMG_NAME, IMG_FILENAME, IMG_DELETE_FL, IMG_VERSION_ID,
PTN_ID ) VALUES ( 
412, 2, 'DataScroll', '/icon/data_scroll.png', 'N', 1, 1); 
INSERT INTO IMAGE_TBL ( IMG_ID, IGP_ID, IMG_NAME, IMG_FILENAME, IMG_DELETE_FL, IMG_VERSION_ID,
PTN_ID ) VALUES ( 
413, 2, 'DataTable', '/icon/data_table.png', 'N', 1, 1); 
INSERT INTO IMAGE_TBL ( IMG_ID, IGP_ID, IMG_NAME, IMG_FILENAME, IMG_DELETE_FL, IMG_VERSION_ID,
PTN_ID ) VALUES ( 
414, 2, 'DataTime', '/icon/data_time.png', 'N', 1, 1); 
INSERT INTO IMAGE_TBL ( IMG_ID, IGP_ID, IMG_NAME, IMG_FILENAME, IMG_DELETE_FL, IMG_VERSION_ID,
PTN_ID ) VALUES ( 
415, 2, 'DataUnknown', '/icon/data_unknown.png', 'N', 1, 1); 
INSERT INTO IMAGE_TBL ( IMG_ID, IGP_ID, IMG_NAME, IMG_FILENAME, IMG_DELETE_FL, IMG_VERSION_ID,
PTN_ID ) VALUES ( 
416, 2, 'DataUp', '/icon/data_up.png', 'N', 1, 1); 
INSERT INTO IMAGE_TBL ( IMG_ID, IGP_ID, IMG_NAME, IMG_FILENAME, IMG_DELETE_FL, IMG_VERSION_ID,
PTN_ID ) VALUES ( 
417, 2, 'DataView', '/icon/data_view.png', 'N', 1, 1); 
INSERT INTO IMAGE_TBL ( IMG_ID, IGP_ID, IMG_NAME, IMG_FILENAME, IMG_DELETE_FL, IMG_VERSION_ID,
PTN_ID ) VALUES ( 
418, 2, 'DataWarning', '/icon/data_warning.png', 'N', 1, 1); 
INSERT INTO IMAGE_TBL ( IMG_ID, IGP_ID, IMG_NAME, IMG_FILENAME, IMG_DELETE_FL, IMG_VERSION_ID,
PTN_ID ) VALUES ( 
419, 2, 'Datetime', '/icon/date-time.png', 'N', 1, 1); 
INSERT INTO IMAGE_TBL ( IMG_ID, IGP_ID, IMG_NAME, IMG_FILENAME, IMG_DELETE_FL, IMG_VERSION_ID,
PTN_ID ) VALUES ( 
420, 2, 'DatetimePreferences', '/icon/date-time_preferences.png', 'N', 1, 1); 
INSERT INTO IMAGE_TBL ( IMG_ID, IGP_ID, IMG_NAME, IMG_FILENAME, IMG_DELETE_FL, IMG_VERSION_ID,
PTN_ID ) VALUES ( 
421, 2, 'Dotchart', '/icon/dot-chart.png', 'N', 1, 1); 
INSERT INTO IMAGE_TBL ( IMG_ID, IGP_ID, IMG_NAME, IMG_FILENAME, IMG_DELETE_FL, IMG_VERSION_ID,
PTN_ID ) VALUES ( 
422, 2, 'DownMinus', '/icon/down_minus.png', 'N', 1, 1); 
INSERT INTO IMAGE_TBL ( IMG_ID, IGP_ID, IMG_NAME, IMG_FILENAME, IMG_DELETE_FL, IMG_VERSION_ID,
PTN_ID ) VALUES ( 
423, 2, 'DownPlus', '/icon/down_plus.png', 'N', 1, 1); 
INSERT INTO IMAGE_TBL ( IMG_ID, IGP_ID, IMG_NAME, IMG_FILENAME, IMG_DELETE_FL, IMG_VERSION_ID,
PTN_ID ) VALUES ( 
424, 2, 'Fax', '/icon/fax.png', 'N', 1, 1); 
INSERT INTO IMAGE_TBL ( IMG_ID, IGP_ID, IMG_NAME, IMG_FILENAME, IMG_DELETE_FL, IMG_VERSION_ID,
PTN_ID ) VALUES ( 
425, 2, 'Funnel', '/icon/funnel.png', 'N', 1, 1); 
INSERT INTO IMAGE_TBL ( IMG_ID, IGP_ID, IMG_NAME, IMG_FILENAME, IMG_DELETE_FL, IMG_VERSION_ID,
PTN_ID ) VALUES ( 
426, 2, 'FunnelAdd', '/icon/funnel_add.png', 'N', 1, 1); 
INSERT INTO IMAGE_TBL ( IMG_ID, IGP_ID, IMG_NAME, IMG_FILENAME, IMG_DELETE_FL, IMG_VERSION_ID,
PTN_ID ) VALUES ( 
427, 2, 'FunnelDelete', '/icon/funnel_delete.png', 'N', 1, 1); 
INSERT INTO IMAGE_TBL ( IMG_ID, IGP_ID, IMG_NAME, IMG_FILENAME, IMG_DELETE_FL, IMG_VERSION_ID,
PTN_ID ) VALUES ( 
428, 2, 'FunnelDown', '/icon/funnel_down.png', 'N', 1, 1); 
INSERT INTO IMAGE_TBL ( IMG_ID, IGP_ID, IMG_NAME, IMG_FILENAME, IMG_DELETE_FL, IMG_VERSION_ID,
PTN_ID ) VALUES ( 
429, 2, 'FunnelEdit', '/icon/funnel_edit.png', 'N', 1, 1); 
INSERT INTO IMAGE_TBL ( IMG_ID, IGP_ID, IMG_NAME, IMG_FILENAME, IMG_DELETE_FL, IMG_VERSION_ID,
PTN_ID ) VALUES ( 
430, 2, 'FunnelNew', '/icon/funnel_new.png', 'N', 1, 1); 
INSERT INTO IMAGE_TBL ( IMG_ID, IGP_ID, IMG_NAME, IMG_FILENAME, IMG_DELETE_FL, IMG_VERSION_ID,
PTN_ID ) VALUES ( 
431, 2, 'FunnelPreferences', '/icon/funnel_preferences.png', 'N', 1, 1); 
INSERT INTO IMAGE_TBL ( IMG_ID, IGP_ID, IMG_NAME, IMG_FILENAME, IMG_DELETE_FL, IMG_VERSION_ID,
PTN_ID ) VALUES ( 
432, 2, 'FunnelUp', '/icon/funnel_up.png', 'N', 1, 1); 
INSERT INTO IMAGE_TBL ( IMG_ID, IGP_ID, IMG_NAME, IMG_FILENAME, IMG_DELETE_FL, IMG_VERSION_ID,
PTN_ID ) VALUES ( 
433, 2, 'Goldbar', '/icon/goldbar.png', 'N', 1, 1); 
INSERT INTO IMAGE_TBL ( IMG_ID, IGP_ID, IMG_NAME, IMG_FILENAME, IMG_DELETE_FL, IMG_VERSION_ID,
PTN_ID ) VALUES ( 
434, 2, 'GoldbarAdd', '/icon/goldbar_add.png', 'N', 1, 1); 
INSERT INTO IMAGE_TBL ( IMG_ID, IGP_ID, IMG_NAME, IMG_FILENAME, IMG_DELETE_FL, IMG_VERSION_ID,
PTN_ID ) VALUES ( 
435, 2, 'GoldbarDelete', '/icon/goldbar_delete.png', 'N', 1, 1); 
INSERT INTO IMAGE_TBL ( IMG_ID, IGP_ID, IMG_NAME, IMG_FILENAME, IMG_DELETE_FL, IMG_VERSION_ID,
PTN_ID ) VALUES ( 
436, 2, 'Goldbars', '/icon/goldbars.png', 'N', 1, 1); 
INSERT INTO IMAGE_TBL ( IMG_ID, IGP_ID, IMG_NAME, IMG_FILENAME, IMG_DELETE_FL, IMG_VERSION_ID,
PTN_ID ) VALUES ( 
437, 2, 'Graduate', '/icon/graduate.png', 'N', 1, 1); 
INSERT INTO IMAGE_TBL ( IMG_ID, IGP_ID, IMG_NAME, IMG_FILENAME, IMG_DELETE_FL, IMG_VERSION_ID,
PTN_ID ) VALUES ( 
438, 2, 'GraduationHat1', '/icon/graduation_hat1.png', 'N', 1, 1); 
INSERT INTO IMAGE_TBL ( IMG_ID, IGP_ID, IMG_NAME, IMG_FILENAME, IMG_DELETE_FL, IMG_VERSION_ID,
PTN_ID ) VALUES ( 
439, 2, 'GraduationHat2', '/icon/graduation_hat2.png', 'N', 1, 1); 
INSERT INTO IMAGE_TBL ( IMG_ID, IGP_ID, IMG_NAME, IMG_FILENAME, IMG_DELETE_FL, IMG_VERSION_ID,
PTN_ID ) VALUES ( 
440, 2, 'HandMoney', '/icon/hand_money.png', 'N', 1, 1); 
INSERT INTO IMAGE_TBL ( IMG_ID, IGP_ID, IMG_NAME, IMG_FILENAME, IMG_DELETE_FL, IMG_VERSION_ID,
PTN_ID ) VALUES ( 
441, 2, 'HandOffer', '/icon/hand_offer.png', 'N', 1, 1); 
INSERT INTO IMAGE_TBL ( IMG_ID, IGP_ID, IMG_NAME, IMG_FILENAME, IMG_DELETE_FL, IMG_VERSION_ID,
PTN_ID ) VALUES ( 
442, 2, 'HandPaper', '/icon/hand_paper.png', 'N', 1, 1); 
INSERT INTO IMAGE_TBL ( IMG_ID, IGP_ID, IMG_NAME, IMG_FILENAME, IMG_DELETE_FL, IMG_VERSION_ID,
PTN_ID ) VALUES ( 
443, 2, 'HandPoint', '/icon/hand_point.png', 'N', 1, 1); 
INSERT INTO IMAGE_TBL ( IMG_ID, IGP_ID, IMG_NAME, IMG_FILENAME, IMG_DELETE_FL, IMG_VERSION_ID,
PTN_ID ) VALUES ( 
444, 2, 'HandPoint2', '/icon/hand_point2.png', 'N', 1, 1); 
INSERT INTO IMAGE_TBL ( IMG_ID, IGP_ID, IMG_NAME, IMG_FILENAME, IMG_DELETE_FL, IMG_VERSION_ID,
PTN_ID ) VALUES ( 
445, 2, 'HandPointDisk', '/icon/hand_point_disk.png', 'N', 1, 1); 
INSERT INTO IMAGE_TBL ( IMG_ID, IGP_ID, IMG_NAME, IMG_FILENAME, IMG_DELETE_FL, IMG_VERSION_ID,
PTN_ID ) VALUES ( 
446, 2, 'HandPointFind', '/icon/hand_point_find.png', 'N', 1, 1); 
INSERT INTO IMAGE_TBL ( IMG_ID, IGP_ID, IMG_NAME, IMG_FILENAME, IMG_DELETE_FL, IMG_VERSION_ID,
PTN_ID ) VALUES ( 
447, 2, 'HandRedCard', '/icon/hand_red_card.png', 'N', 1, 1); 
INSERT INTO IMAGE_TBL ( IMG_ID, IGP_ID, IMG_NAME, IMG_FILENAME, IMG_DELETE_FL, IMG_VERSION_ID,
PTN_ID ) VALUES ( 
448, 2, 'Handshake', '/icon/handshake.png', 'N', 1, 1); 
INSERT INTO IMAGE_TBL ( IMG_ID, IGP_ID, IMG_NAME, IMG_FILENAME, IMG_DELETE_FL, IMG_VERSION_ID,
PTN_ID ) VALUES ( 
449, 2, 'HandStop', '/icon/hand_stop.png', 'N', 1, 1); 
INSERT INTO IMAGE_TBL ( IMG_ID, IGP_ID, IMG_NAME, IMG_FILENAME, IMG_DELETE_FL, IMG_VERSION_ID,
PTN_ID ) VALUES ( 
450, 2, 'HandYellowCard', '/icon/hand_yellow_card.png', 'N', 1, 1); 
INSERT INTO IMAGE_TBL ( IMG_ID, IGP_ID, IMG_NAME, IMG_FILENAME, IMG_DELETE_FL, IMG_VERSION_ID,
PTN_ID ) VALUES ( 
451, 2, 'Index', '/icon/index.png', 'N', 1, 1); 
INSERT INTO IMAGE_TBL ( IMG_ID, IGP_ID, IMG_NAME, IMG_FILENAME, IMG_DELETE_FL, IMG_VERSION_ID,
PTN_ID ) VALUES ( 
452, 2, 'IndexAdd', '/icon/index_add.png', 'N', 1, 1); 
INSERT INTO IMAGE_TBL ( IMG_ID, IGP_ID, IMG_NAME, IMG_FILENAME, IMG_DELETE_FL, IMG_VERSION_ID,
PTN_ID ) VALUES ( 
453, 2, 'IndexDelete', '/icon/index_delete.png', 'N', 1, 1); 
INSERT INTO IMAGE_TBL ( IMG_ID, IGP_ID, IMG_NAME, IMG_FILENAME, IMG_DELETE_FL, IMG_VERSION_ID,
PTN_ID ) VALUES ( 
454, 2, 'IndexDown', '/icon/index_down.png', 'N', 1, 1); 
INSERT INTO IMAGE_TBL ( IMG_ID, IGP_ID, IMG_NAME, IMG_FILENAME, IMG_DELETE_FL, IMG_VERSION_ID,
PTN_ID ) VALUES ( 
455, 2, 'IndexNew', '/icon/index_new.png', 'N', 1, 1); 
INSERT INTO IMAGE_TBL ( IMG_ID, IGP_ID, IMG_NAME, IMG_FILENAME, IMG_DELETE_FL, IMG_VERSION_ID,
PTN_ID ) VALUES ( 
456, 2, 'IndexPreferences', '/icon/index_preferences.png', 'N', 1, 1); 
INSERT INTO IMAGE_TBL ( IMG_ID, IGP_ID, IMG_NAME, IMG_FILENAME, IMG_DELETE_FL, IMG_VERSION_ID,
PTN_ID ) VALUES ( 
457, 2, 'IndexRefresh', '/icon/index_refresh.png', 'N', 1, 1); 
INSERT INTO IMAGE_TBL ( IMG_ID, IGP_ID, IMG_NAME, IMG_FILENAME, IMG_DELETE_FL, IMG_VERSION_ID,
PTN_ID ) VALUES ( 
458, 2, 'IndexReplace', '/icon/index_replace.png', 'N', 1, 1); 
INSERT INTO IMAGE_TBL ( IMG_ID, IGP_ID, IMG_NAME, IMG_FILENAME, IMG_DELETE_FL, IMG_VERSION_ID,
PTN_ID ) VALUES ( 
459, 2, 'IndexUp', '/icon/index_up.png', 'N', 1, 1); 
INSERT INTO IMAGE_TBL ( IMG_ID, IGP_ID, IMG_NAME, IMG_FILENAME, IMG_DELETE_FL, IMG_VERSION_ID,
PTN_ID ) VALUES ( 
460, 2, 'IndexView', '/icon/index_view.png', 'N', 1, 1); 
INSERT INTO IMAGE_TBL ( IMG_ID, IGP_ID, IMG_NAME, IMG_FILENAME, IMG_DELETE_FL, IMG_VERSION_ID,
PTN_ID ) VALUES ( 
461, 2, 'Laserpointer', '/icon/laserpointer.png', 'N', 1, 1); 
INSERT INTO IMAGE_TBL ( IMG_ID, IGP_ID, IMG_NAME, IMG_FILENAME, IMG_DELETE_FL, IMG_VERSION_ID,
PTN_ID ) VALUES ( 
462, 2, 'Linechart', '/icon/line-chart.png', 'N', 1, 1); 
INSERT INTO IMAGE_TBL ( IMG_ID, IGP_ID, IMG_NAME, IMG_FILENAME, IMG_DELETE_FL, IMG_VERSION_ID,
PTN_ID ) VALUES ( 
463, 2, 'Message', '/icon/message.png', 'N', 1, 1); 
INSERT INTO IMAGE_TBL ( IMG_ID, IGP_ID, IMG_NAME, IMG_FILENAME, IMG_DELETE_FL, IMG_VERSION_ID,
PTN_ID ) VALUES ( 
464, 2, 'MessageAdd', '/icon/message_add.png', 'N', 1, 1); 
INSERT INTO IMAGE_TBL ( IMG_ID, IGP_ID, IMG_NAME, IMG_FILENAME, IMG_DELETE_FL, IMG_VERSION_ID,
PTN_ID ) VALUES ( 
465, 2, 'MessageDelete', '/icon/message_delete.png', 'N', 1, 1); 
INSERT INTO IMAGE_TBL ( IMG_ID, IGP_ID, IMG_NAME, IMG_FILENAME, IMG_DELETE_FL, IMG_VERSION_ID,
PTN_ID ) VALUES ( 
466, 2, 'MessageEdit', '/icon/message_edit.png', 'N', 1, 1); 
INSERT INTO IMAGE_TBL ( IMG_ID, IGP_ID, IMG_NAME, IMG_FILENAME, IMG_DELETE_FL, IMG_VERSION_ID,
PTN_ID ) VALUES ( 
467, 2, 'Messages', '/icon/messages.png', 'N', 1, 1); 
INSERT INTO IMAGE_TBL ( IMG_ID, IGP_ID, IMG_NAME, IMG_FILENAME, IMG_DELETE_FL, IMG_VERSION_ID,
PTN_ID ) VALUES ( 
468, 2, 'Mobilephone1', '/icon/mobilephone1.png', 'N', 1, 1); 
INSERT INTO IMAGE_TBL ( IMG_ID, IGP_ID, IMG_NAME, IMG_FILENAME, IMG_DELETE_FL, IMG_VERSION_ID,
PTN_ID ) VALUES ( 
469, 2, 'Mobilephone2', '/icon/mobilephone2.png', 'N', 1, 1); 
INSERT INTO IMAGE_TBL ( IMG_ID, IGP_ID, IMG_NAME, IMG_FILENAME, IMG_DELETE_FL, IMG_VERSION_ID,
PTN_ID ) VALUES ( 
470, 2, 'Mobilephone3', '/icon/mobilephone3.png', 'N', 1, 1); 
INSERT INTO IMAGE_TBL ( IMG_ID, IGP_ID, IMG_NAME, IMG_FILENAME, IMG_DELETE_FL, IMG_VERSION_ID,
PTN_ID ) VALUES ( 
471, 2, 'Money', '/icon/money.png', 'N', 1, 1); 
INSERT INTO IMAGE_TBL ( IMG_ID, IGP_ID, IMG_NAME, IMG_FILENAME, IMG_DELETE_FL, IMG_VERSION_ID,
PTN_ID ) VALUES ( 
472, 2, 'Money2', '/icon/money2.png', 'N', 1, 1); 
INSERT INTO IMAGE_TBL ( IMG_ID, IGP_ID, IMG_NAME, IMG_FILENAME, IMG_DELETE_FL, IMG_VERSION_ID,
PTN_ID ) VALUES ( 
473, 2, 'Moneybag', '/icon/moneybag.png', 'N', 1, 1); 
INSERT INTO IMAGE_TBL ( IMG_ID, IGP_ID, IMG_NAME, IMG_FILENAME, IMG_DELETE_FL, IMG_VERSION_ID,
PTN_ID ) VALUES ( 
474, 2, 'MoneybagDollar', '/icon/moneybag_dollar.png', 'N', 1, 1); 
INSERT INTO IMAGE_TBL ( IMG_ID, IGP_ID, IMG_NAME, IMG_FILENAME, IMG_DELETE_FL, IMG_VERSION_ID,
PTN_ID ) VALUES ( 
475, 2, 'MoneybagEuro', '/icon/moneybag_euro.png', 'N', 1, 1); 
INSERT INTO IMAGE_TBL ( IMG_ID, IGP_ID, IMG_NAME, IMG_FILENAME, IMG_DELETE_FL, IMG_VERSION_ID,
PTN_ID ) VALUES ( 
476, 2, 'MoneyEnvelope', '/icon/money_envelope.png', 'N', 1, 1); 
INSERT INTO IMAGE_TBL ( IMG_ID, IGP_ID, IMG_NAME, IMG_FILENAME, IMG_DELETE_FL, IMG_VERSION_ID,
PTN_ID ) VALUES ( 
477, 2, 'Note', '/icon/note.png', 'N', 1, 1); 
INSERT INTO IMAGE_TBL ( IMG_ID, IGP_ID, IMG_NAME, IMG_FILENAME, IMG_DELETE_FL, IMG_VERSION_ID,
PTN_ID ) VALUES ( 
478, 2, 'NoteAdd', '/icon/note_add.png', 'N', 1, 1); 
INSERT INTO IMAGE_TBL ( IMG_ID, IGP_ID, IMG_NAME, IMG_FILENAME, IMG_DELETE_FL, IMG_VERSION_ID,
PTN_ID ) VALUES ( 
479, 2, 'NoteDelete', '/icon/note_delete.png', 'N', 1, 1); 
INSERT INTO IMAGE_TBL ( IMG_ID, IGP_ID, IMG_NAME, IMG_FILENAME, IMG_DELETE_FL, IMG_VERSION_ID,
PTN_ID ) VALUES ( 
480, 2, 'NoteEdit', '/icon/note_edit.png', 'N', 1, 1); 
INSERT INTO IMAGE_TBL ( IMG_ID, IGP_ID, IMG_NAME, IMG_FILENAME, IMG_DELETE_FL, IMG_VERSION_ID,
PTN_ID ) VALUES ( 
481, 2, 'NoteFind', '/icon/note_find.png', 'N', 1, 1); 
INSERT INTO IMAGE_TBL ( IMG_ID, IGP_ID, IMG_NAME, IMG_FILENAME, IMG_DELETE_FL, IMG_VERSION_ID,
PTN_ID ) VALUES ( 
482, 2, 'NoteNew', '/icon/note_new.png', 'N', 1, 1); 
INSERT INTO IMAGE_TBL ( IMG_ID, IGP_ID, IMG_NAME, IMG_FILENAME, IMG_DELETE_FL, IMG_VERSION_ID,
PTN_ID ) VALUES ( 
483, 2, 'NotePinned', '/icon/note_pinned.png', 'N', 1, 1); 
INSERT INTO IMAGE_TBL ( IMG_ID, IGP_ID, IMG_NAME, IMG_FILENAME, IMG_DELETE_FL, IMG_VERSION_ID,
PTN_ID ) VALUES ( 
484, 2, 'NoteView', '/icon/note_view.png', 'N', 1, 1); 
INSERT INTO IMAGE_TBL ( IMG_ID, IGP_ID, IMG_NAME, IMG_FILENAME, IMG_DELETE_FL, IMG_VERSION_ID,
PTN_ID ) VALUES ( 
485, 2, 'Paperclip', '/icon/paperclip.png', 'N', 1, 1); 
INSERT INTO IMAGE_TBL ( IMG_ID, IGP_ID, IMG_NAME, IMG_FILENAME, IMG_DELETE_FL, IMG_VERSION_ID,
PTN_ID ) VALUES ( 
486, 2, 'Paragraph', '/icon/paragraph.png', 'N', 1, 1); 
INSERT INTO IMAGE_TBL ( IMG_ID, IGP_ID, IMG_NAME, IMG_FILENAME, IMG_DELETE_FL, IMG_VERSION_ID,
PTN_ID ) VALUES ( 
487, 2, 'Percent', '/icon/percent.png', 'N', 1, 1); 
INSERT INTO IMAGE_TBL ( IMG_ID, IGP_ID, IMG_NAME, IMG_FILENAME, IMG_DELETE_FL, IMG_VERSION_ID,
PTN_ID ) VALUES ( 
488, 2, 'Piechart', '/icon/pie-chart.png', 'N', 1, 1); 
INSERT INTO IMAGE_TBL ( IMG_ID, IGP_ID, IMG_NAME, IMG_FILENAME, IMG_DELETE_FL, IMG_VERSION_ID,
PTN_ID ) VALUES ( 
489, 2, 'PiechartView', '/icon/pie-chart_view.png', 'N', 1, 1); 
INSERT INTO IMAGE_TBL ( IMG_ID, IGP_ID, IMG_NAME, IMG_FILENAME, IMG_DELETE_FL, IMG_VERSION_ID,
PTN_ID ) VALUES ( 
490, 2, 'PinBlue', '/icon/pin_blue.png', 'N', 1, 1); 
INSERT INTO IMAGE_TBL ( IMG_ID, IGP_ID, IMG_NAME, IMG_FILENAME, IMG_DELETE_FL, IMG_VERSION_ID,
PTN_ID ) VALUES ( 
491, 2, 'PinGreen', '/icon/pin_green.png', 'N', 1, 1); 
INSERT INTO IMAGE_TBL ( IMG_ID, IGP_ID, IMG_NAME, IMG_FILENAME, IMG_DELETE_FL, IMG_VERSION_ID,
PTN_ID ) VALUES ( 
492, 2, 'PinGrey', '/icon/pin_grey.png', 'N', 1, 1); 
INSERT INTO IMAGE_TBL ( IMG_ID, IGP_ID, IMG_NAME, IMG_FILENAME, IMG_DELETE_FL, IMG_VERSION_ID,
PTN_ID ) VALUES ( 
493, 2, 'PinRed', '/icon/pin_red.png', 'N', 1, 1); 
INSERT INTO IMAGE_TBL ( IMG_ID, IGP_ID, IMG_NAME, IMG_FILENAME, IMG_DELETE_FL, IMG_VERSION_ID,
PTN_ID ) VALUES ( 
494, 2, 'PinYellow', '/icon/pin_yellow.png', 'N', 1, 1); 
INSERT INTO IMAGE_TBL ( IMG_ID, IGP_ID, IMG_NAME, IMG_FILENAME, IMG_DELETE_FL, IMG_VERSION_ID,
PTN_ID ) VALUES ( 
495, 2, 'Presentation', '/icon/presentation.png', 'N', 1, 1); 
INSERT INTO IMAGE_TBL ( IMG_ID, IGP_ID, IMG_NAME, IMG_FILENAME, IMG_DELETE_FL, IMG_VERSION_ID,
PTN_ID ) VALUES ( 
496, 2, 'PresentationChart', '/icon/presentation_chart.png', 'N', 1, 1); 
INSERT INTO IMAGE_TBL ( IMG_ID, IGP_ID, IMG_NAME, IMG_FILENAME, IMG_DELETE_FL, IMG_VERSION_ID,
PTN_ID ) VALUES ( 
497, 2, 'Row', '/icon/row.png', 'N', 1, 1); 
INSERT INTO IMAGE_TBL ( IMG_ID, IGP_ID, IMG_NAME, IMG_FILENAME, IMG_DELETE_FL, IMG_VERSION_ID,
PTN_ID ) VALUES ( 
498, 2, 'RowAdd', '/icon/row_add.png', 'N', 1, 1); 
INSERT INTO IMAGE_TBL ( IMG_ID, IGP_ID, IMG_NAME, IMG_FILENAME, IMG_DELETE_FL, IMG_VERSION_ID,
PTN_ID ) VALUES ( 
499, 2, 'RowAddAfter', '/icon/row_add_after.png', 'N', 1, 1); 
INSERT INTO IMAGE_TBL ( IMG_ID, IGP_ID, IMG_NAME, IMG_FILENAME, IMG_DELETE_FL, IMG_VERSION_ID,
PTN_ID ) VALUES ( 
500, 2, 'RowAddBefore', '/icon/row_add_before.png', 'N', 1, 1); 
INSERT INTO IMAGE_TBL ( IMG_ID, IGP_ID, IMG_NAME, IMG_FILENAME, IMG_DELETE_FL, IMG_VERSION_ID,
PTN_ID ) VALUES ( 
501, 2, 'RowDelete', '/icon/row_delete.png', 'N', 1, 1); 
INSERT INTO IMAGE_TBL ( IMG_ID, IGP_ID, IMG_NAME, IMG_FILENAME, IMG_DELETE_FL, IMG_VERSION_ID,
PTN_ID ) VALUES ( 
502, 2, 'RowPreferences', '/icon/row_preferences.png', 'N', 1, 1); 
INSERT INTO IMAGE_TBL ( IMG_ID, IGP_ID, IMG_NAME, IMG_FILENAME, IMG_DELETE_FL, IMG_VERSION_ID,
PTN_ID ) VALUES ( 
503, 2, 'Rubberstamp', '/icon/rubberstamp.png', 'N', 1, 1); 
INSERT INTO IMAGE_TBL ( IMG_ID, IGP_ID, IMG_NAME, IMG_FILENAME, IMG_DELETE_FL, IMG_VERSION_ID,
PTN_ID ) VALUES ( 
504, 2, 'Shoppingbasket', '/icon/shoppingbasket.png', 'N', 1, 1); 
INSERT INTO IMAGE_TBL ( IMG_ID, IGP_ID, IMG_NAME, IMG_FILENAME, IMG_DELETE_FL, IMG_VERSION_ID,
PTN_ID ) VALUES ( 
505, 2, 'ShoppingbasketAdd', '/icon/shoppingbasket_add.png', 'N', 1, 1); 
INSERT INTO IMAGE_TBL ( IMG_ID, IGP_ID, IMG_NAME, IMG_FILENAME, IMG_DELETE_FL, IMG_VERSION_ID,
PTN_ID ) VALUES ( 
506, 2, 'ShoppingbasketDelete', '/icon/shoppingbasket_delete.png', 'N', 1, 1); 
INSERT INTO IMAGE_TBL ( IMG_ID, IGP_ID, IMG_NAME, IMG_FILENAME, IMG_DELETE_FL, IMG_VERSION_ID,
PTN_ID ) VALUES ( 
507, 2, 'ShoppingbasketFull', '/icon/shoppingbasket_full.png', 'N', 1, 1); 
INSERT INTO IMAGE_TBL ( IMG_ID, IGP_ID, IMG_NAME, IMG_FILENAME, IMG_DELETE_FL, IMG_VERSION_ID,
PTN_ID ) VALUES ( 
508, 2, 'Shoppingcart', '/icon/shoppingcart.png', 'N', 1, 1); 
INSERT INTO IMAGE_TBL ( IMG_ID, IGP_ID, IMG_NAME, IMG_FILENAME, IMG_DELETE_FL, IMG_VERSION_ID,
PTN_ID ) VALUES ( 
509, 2, 'ShoppingcartFull', '/icon/shoppingcart_full.png', 'N', 1, 1); 
INSERT INTO IMAGE_TBL ( IMG_ID, IGP_ID, IMG_NAME, IMG_FILENAME, IMG_DELETE_FL, IMG_VERSION_ID,
PTN_ID ) VALUES ( 
510, 2, 'SortAscending', '/icon/sort_ascending.png', 'N', 1, 1); 
INSERT INTO IMAGE_TBL ( IMG_ID, IGP_ID, IMG_NAME, IMG_FILENAME, IMG_DELETE_FL, IMG_VERSION_ID,
PTN_ID ) VALUES ( 
511, 2, 'SortAzAscending', '/icon/sort_az_ascending.png', 'N', 1, 1); 
INSERT INTO IMAGE_TBL ( IMG_ID, IGP_ID, IMG_NAME, IMG_FILENAME, IMG_DELETE_FL, IMG_VERSION_ID,
PTN_ID ) VALUES ( 
512, 2, 'SortAzDescending', '/icon/sort_az_descending.png', 'N', 1, 1); 
INSERT INTO IMAGE_TBL ( IMG_ID, IGP_ID, IMG_NAME, IMG_FILENAME, IMG_DELETE_FL, IMG_VERSION_ID,
PTN_ID ) VALUES ( 
513, 2, 'SortDescending', '/icon/sort_descending.png', 'N', 1, 1); 
INSERT INTO IMAGE_TBL ( IMG_ID, IGP_ID, IMG_NAME, IMG_FILENAME, IMG_DELETE_FL, IMG_VERSION_ID,
PTN_ID ) VALUES ( 
514, 2, 'Stapler', '/icon/stapler.png', 'N', 1, 1); 
INSERT INTO IMAGE_TBL ( IMG_ID, IGP_ID, IMG_NAME, IMG_FILENAME, IMG_DELETE_FL, IMG_VERSION_ID,
PTN_ID ) VALUES ( 
515, 2, 'Table', '/icon/table.png', 'N', 1, 1); 
INSERT INTO IMAGE_TBL ( IMG_ID, IGP_ID, IMG_NAME, IMG_FILENAME, IMG_DELETE_FL, IMG_VERSION_ID,
PTN_ID ) VALUES ( 
516, 2, 'TableAdd', '/icon/table_add.png', 'N', 1, 1); 
INSERT INTO IMAGE_TBL ( IMG_ID, IGP_ID, IMG_NAME, IMG_FILENAME, IMG_DELETE_FL, IMG_VERSION_ID,
PTN_ID ) VALUES ( 
517, 2, 'TableConnection', '/icon/table_connection.png', 'N', 1, 1); 
INSERT INTO IMAGE_TBL ( IMG_ID, IGP_ID, IMG_NAME, IMG_FILENAME, IMG_DELETE_FL, IMG_VERSION_ID,
PTN_ID ) VALUES ( 
518, 2, 'TableDelete', '/icon/table_delete.png', 'N', 1, 1); 
INSERT INTO IMAGE_TBL ( IMG_ID, IGP_ID, IMG_NAME, IMG_FILENAME, IMG_DELETE_FL, IMG_VERSION_ID,
PTN_ID ) VALUES ( 
519, 2, 'TableNew', '/icon/table_new.png', 'N', 1, 1); 
INSERT INTO IMAGE_TBL ( IMG_ID, IGP_ID, IMG_NAME, IMG_FILENAME, IMG_DELETE_FL, IMG_VERSION_ID,
PTN_ID ) VALUES ( 
520, 2, 'TablePreferences', '/icon/table_preferences.png', 'N', 1, 1); 
INSERT INTO IMAGE_TBL ( IMG_ID, IGP_ID, IMG_NAME, IMG_FILENAME, IMG_DELETE_FL, IMG_VERSION_ID,
PTN_ID ) VALUES ( 
521, 2, 'TableRefresh', '/icon/table_refresh.png', 'N', 1, 1); 
INSERT INTO IMAGE_TBL ( IMG_ID, IGP_ID, IMG_NAME, IMG_FILENAME, IMG_DELETE_FL, IMG_VERSION_ID,
PTN_ID ) VALUES ( 
522, 2, 'TableReplace', '/icon/table_replace.png', 'N', 1, 1); 
INSERT INTO IMAGE_TBL ( IMG_ID, IGP_ID, IMG_NAME, IMG_FILENAME, IMG_DELETE_FL, IMG_VERSION_ID,
PTN_ID ) VALUES ( 
523, 2, 'Tables', '/icon/tables.png', 'N', 1, 1); 
INSERT INTO IMAGE_TBL ( IMG_ID, IGP_ID, IMG_NAME, IMG_FILENAME, IMG_DELETE_FL, IMG_VERSION_ID,
PTN_ID ) VALUES ( 
524, 2, 'TablesDelete', '/icon/tables_delete.png', 'N', 1, 1); 
INSERT INTO IMAGE_TBL ( IMG_ID, IGP_ID, IMG_NAME, IMG_FILENAME, IMG_DELETE_FL, IMG_VERSION_ID,
PTN_ID ) VALUES ( 
525, 2, 'TableSelectionAll', '/icon/table_selection_all.png', 'N', 1, 1); 
INSERT INTO IMAGE_TBL ( IMG_ID, IGP_ID, IMG_NAME, IMG_FILENAME, IMG_DELETE_FL, IMG_VERSION_ID,
PTN_ID ) VALUES ( 
526, 2, 'TableSelectionBlock', '/icon/table_selection_block.png', 'N', 1, 1); 
INSERT INTO IMAGE_TBL ( IMG_ID, IGP_ID, IMG_NAME, IMG_FILENAME, IMG_DELETE_FL, IMG_VERSION_ID,
PTN_ID ) VALUES ( 
527, 2, 'TableSelectionCell', '/icon/table_selection_cell.png', 'N', 1, 1); 
INSERT INTO IMAGE_TBL ( IMG_ID, IGP_ID, IMG_NAME, IMG_FILENAME, IMG_DELETE_FL, IMG_VERSION_ID,
PTN_ID ) VALUES ( 
528, 2, 'TableSelectionColumn', '/icon/table_selection_column.png', 'N', 1, 1); 
INSERT INTO IMAGE_TBL ( IMG_ID, IGP_ID, IMG_NAME, IMG_FILENAME, IMG_DELETE_FL, IMG_VERSION_ID,
PTN_ID ) VALUES ( 
529, 2, 'TableSelectionRow', '/icon/table_selection_row.png', 'N', 1, 1); 
INSERT INTO IMAGE_TBL ( IMG_ID, IGP_ID, IMG_NAME, IMG_FILENAME, IMG_DELETE_FL, IMG_VERSION_ID,
PTN_ID ) VALUES ( 
530, 2, 'TableSql', '/icon/table_sql.png', 'N', 1, 1); 
INSERT INTO IMAGE_TBL ( IMG_ID, IGP_ID, IMG_NAME, IMG_FILENAME, IMG_DELETE_FL, IMG_VERSION_ID,
PTN_ID ) VALUES ( 
531, 2, 'TableSqlAdd', '/icon/table_sql_add.png', 'N', 1, 1); 
INSERT INTO IMAGE_TBL ( IMG_ID, IGP_ID, IMG_NAME, IMG_FILENAME, IMG_DELETE_FL, IMG_VERSION_ID,
PTN_ID ) VALUES ( 
532, 2, 'TableSqlCheck', '/icon/table_sql_check.png', 'N', 1, 1); 
INSERT INTO IMAGE_TBL ( IMG_ID, IGP_ID, IMG_NAME, IMG_FILENAME, IMG_DELETE_FL, IMG_VERSION_ID,
PTN_ID ) VALUES ( 
533, 2, 'TableSqlCreate', '/icon/table_sql_create.png', 'N', 1, 1); 
INSERT INTO IMAGE_TBL ( IMG_ID, IGP_ID, IMG_NAME, IMG_FILENAME, IMG_DELETE_FL, IMG_VERSION_ID,
PTN_ID ) VALUES ( 
534, 2, 'TableSqlDelete', '/icon/table_sql_delete.png', 'N', 1, 1); 
INSERT INTO IMAGE_TBL ( IMG_ID, IGP_ID, IMG_NAME, IMG_FILENAME, IMG_DELETE_FL, IMG_VERSION_ID,
PTN_ID ) VALUES ( 
535, 2, 'TableSqlRun', '/icon/table_sql_run.png', 'N', 1, 1); 
INSERT INTO IMAGE_TBL ( IMG_ID, IGP_ID, IMG_NAME, IMG_FILENAME, IMG_DELETE_FL, IMG_VERSION_ID,
PTN_ID ) VALUES ( 
536, 2, 'TableSqlSelect', '/icon/table_sql_select.png', 'N', 1, 1); 
INSERT INTO IMAGE_TBL ( IMG_ID, IGP_ID, IMG_NAME, IMG_FILENAME, IMG_DELETE_FL, IMG_VERSION_ID,
PTN_ID ) VALUES ( 
537, 2, 'TableSqlView', '/icon/table_sql_view.png', 'N', 1, 1); 
INSERT INTO IMAGE_TBL ( IMG_ID, IGP_ID, IMG_NAME, IMG_FILENAME, IMG_DELETE_FL, IMG_VERSION_ID,
PTN_ID ) VALUES ( 
538, 2, 'TableView', '/icon/table_view.png', 'N', 1, 1); 
INSERT INTO IMAGE_TBL ( IMG_ID, IGP_ID, IMG_NAME, IMG_FILENAME, IMG_DELETE_FL, IMG_VERSION_ID,
PTN_ID ) VALUES ( 
539, 2, 'Telephone', '/icon/telephone.png', 'N', 1, 1); 
INSERT INTO IMAGE_TBL ( IMG_ID, IGP_ID, IMG_NAME, IMG_FILENAME, IMG_DELETE_FL, IMG_VERSION_ID,
PTN_ID ) VALUES ( 
540, 2, 'UpDown', '/icon/up_down.png', 'N', 1, 1); 
INSERT INTO IMAGE_TBL ( IMG_ID, IGP_ID, IMG_NAME, IMG_FILENAME, IMG_DELETE_FL, IMG_VERSION_ID,
PTN_ID ) VALUES ( 
541, 2, 'UpDownQuestion', '/icon/up_down_question.png', 'N', 1, 1); 
INSERT INTO IMAGE_TBL ( IMG_ID, IGP_ID, IMG_NAME, IMG_FILENAME, IMG_DELETE_FL, IMG_VERSION_ID,
PTN_ID ) VALUES ( 
542, 2, 'UpMinus', '/icon/up_minus.png', 'N', 1, 1); 
INSERT INTO IMAGE_TBL ( IMG_ID, IGP_ID, IMG_NAME, IMG_FILENAME, IMG_DELETE_FL, IMG_VERSION_ID,
PTN_ID ) VALUES ( 
543, 2, 'UpPlus', '/icon/up_plus.png', 'N', 1, 1); 
INSERT INTO IMAGE_TBL ( IMG_ID, IGP_ID, IMG_NAME, IMG_FILENAME, IMG_DELETE_FL, IMG_VERSION_ID,
PTN_ID ) VALUES ( 
544, 2, 'WalletClosed', '/icon/wallet_closed.png', 'N', 1, 1); 
INSERT INTO IMAGE_TBL ( IMG_ID, IGP_ID, IMG_NAME, IMG_FILENAME, IMG_DELETE_FL, IMG_VERSION_ID,
PTN_ID ) VALUES ( 
545, 2, 'WalletOpen', '/icon/wallet_open.png', 'N', 1, 1); 
INSERT INTO IMAGE_TBL ( IMG_ID, IGP_ID, IMG_NAME, IMG_FILENAME, IMG_DELETE_FL, IMG_VERSION_ID,
PTN_ID ) VALUES ( 
546, 3, 'Excel', '/icon/excel.png', 'N', 1, 1); 
INSERT INTO IMAGE_TBL ( IMG_ID, IGP_ID, IMG_NAME, IMG_FILENAME, IMG_DELETE_FL, IMG_VERSION_ID,
PTN_ID ) VALUES ( 
547, 3, 'Pdf', '/icon/pdf.png', 'N', 1, 1); 
INSERT INTO IMAGE_TBL ( IMG_ID, IGP_ID, IMG_NAME, IMG_FILENAME, IMG_DELETE_FL, IMG_VERSION_ID,
PTN_ID ) VALUES ( 
548, 4, 'At', '/icon/at.png', 'N', 1, 1); 
INSERT INTO IMAGE_TBL ( IMG_ID, IGP_ID, IMG_NAME, IMG_FILENAME, IMG_DELETE_FL, IMG_VERSION_ID,
PTN_ID ) VALUES ( 
549, 4, 'BulletBallBlue', '/icon/bullet_ball_blue.png', 'N', 1, 1); 
INSERT INTO IMAGE_TBL ( IMG_ID, IGP_ID, IMG_NAME, IMG_FILENAME, IMG_DELETE_FL, IMG_VERSION_ID,
PTN_ID ) VALUES ( 
550, 4, 'BulletBallGlassBlue', '/icon/bullet_ball_glass_blue.png', 'N', 1, 1); 
INSERT INTO IMAGE_TBL ( IMG_ID, IGP_ID, IMG_NAME, IMG_FILENAME, IMG_DELETE_FL, IMG_VERSION_ID,
PTN_ID ) VALUES ( 
551, 4, 'BulletBallGlassGreen', '/icon/bullet_ball_glass_green.png', 'N', 1, 1); 
INSERT INTO IMAGE_TBL ( IMG_ID, IGP_ID, IMG_NAME, IMG_FILENAME, IMG_DELETE_FL, IMG_VERSION_ID,
PTN_ID ) VALUES ( 
552, 4, 'BulletBallGlassRed', '/icon/bullet_ball_glass_red.png', 'N', 1, 1); 
INSERT INTO IMAGE_TBL ( IMG_ID, IGP_ID, IMG_NAME, IMG_FILENAME, IMG_DELETE_FL, IMG_VERSION_ID,
PTN_ID ) VALUES ( 
553, 4, 'BulletBallGlassYellow', '/icon/bullet_ball_glass_yellow.png', 'N', 1, 1); 
INSERT INTO IMAGE_TBL ( IMG_ID, IGP_ID, IMG_NAME, IMG_FILENAME, IMG_DELETE_FL, IMG_VERSION_ID,
PTN_ID ) VALUES ( 
554, 4, 'BulletBallGreen', '/icon/bullet_ball_green.png', 'N', 1, 1); 
INSERT INTO IMAGE_TBL ( IMG_ID, IGP_ID, IMG_NAME, IMG_FILENAME, IMG_DELETE_FL, IMG_VERSION_ID,
PTN_ID ) VALUES ( 
555, 4, 'BulletBallRed', '/icon/bullet_ball_red.png', 'N', 1, 1); 
INSERT INTO IMAGE_TBL ( IMG_ID, IGP_ID, IMG_NAME, IMG_FILENAME, IMG_DELETE_FL, IMG_VERSION_ID,
PTN_ID ) VALUES ( 
556, 4, 'BulletBallYellow', '/icon/bullet_ball_yellow.png', 'N', 1, 1); 
INSERT INTO IMAGE_TBL ( IMG_ID, IGP_ID, IMG_NAME, IMG_FILENAME, IMG_DELETE_FL, IMG_VERSION_ID,
PTN_ID ) VALUES ( 
557, 4, 'BulletSquareBlue', '/icon/bullet_square_blue.png', 'N', 1, 1); 
INSERT INTO IMAGE_TBL ( IMG_ID, IGP_ID, IMG_NAME, IMG_FILENAME, IMG_DELETE_FL, IMG_VERSION_ID,
PTN_ID ) VALUES ( 
558, 4, 'BulletSquareGreen', '/icon/bullet_square_green.png', 'N', 1, 1); 
INSERT INTO IMAGE_TBL ( IMG_ID, IGP_ID, IMG_NAME, IMG_FILENAME, IMG_DELETE_FL, IMG_VERSION_ID,
PTN_ID ) VALUES ( 
559, 4, 'BulletSquareRed', '/icon/bullet_square_red.png', 'N', 1, 1); 
INSERT INTO IMAGE_TBL ( IMG_ID, IGP_ID, IMG_NAME, IMG_FILENAME, IMG_DELETE_FL, IMG_VERSION_ID,
PTN_ID ) VALUES ( 
560, 4, 'BulletSquareYellow', '/icon/bullet_square_yellow.png', 'N', 1, 1); 
INSERT INTO IMAGE_TBL ( IMG_ID, IGP_ID, IMG_NAME, IMG_FILENAME, IMG_DELETE_FL, IMG_VERSION_ID,
PTN_ID ) VALUES ( 
561, 4, 'BulletTriangleBlue', '/icon/bullet_triangle_blue.png', 'N', 1, 1); 
INSERT INTO IMAGE_TBL ( IMG_ID, IGP_ID, IMG_NAME, IMG_FILENAME, IMG_DELETE_FL, IMG_VERSION_ID,
PTN_ID ) VALUES ( 
562, 4, 'BulletTriangleGreen', '/icon/bullet_triangle_green.png', 'N', 1, 1); 
INSERT INTO IMAGE_TBL ( IMG_ID, IGP_ID, IMG_NAME, IMG_FILENAME, IMG_DELETE_FL, IMG_VERSION_ID,
PTN_ID ) VALUES ( 
563, 4, 'BulletTriangleRed', '/icon/bullet_triangle_red.png', 'N', 1, 1); 
INSERT INTO IMAGE_TBL ( IMG_ID, IGP_ID, IMG_NAME, IMG_FILENAME, IMG_DELETE_FL, IMG_VERSION_ID,
PTN_ID ) VALUES ( 
564, 4, 'BulletTriangleYellow', '/icon/bullet_triangle_yellow.png', 'N', 1, 1); 
INSERT INTO IMAGE_TBL ( IMG_ID, IGP_ID, IMG_NAME, IMG_FILENAME, IMG_DELETE_FL, IMG_VERSION_ID,
PTN_ID ) VALUES ( 
565, 4, 'GobletBronze', '/icon/goblet_bronze.png', 'N', 1, 1); 
INSERT INTO IMAGE_TBL ( IMG_ID, IGP_ID, IMG_NAME, IMG_FILENAME, IMG_DELETE_FL, IMG_VERSION_ID,
PTN_ID ) VALUES ( 
566, 4, 'GobletGold', '/icon/goblet_gold.png', 'N', 1, 1); 
INSERT INTO IMAGE_TBL ( IMG_ID, IGP_ID, IMG_NAME, IMG_FILENAME, IMG_DELETE_FL, IMG_VERSION_ID,
PTN_ID ) VALUES ( 
567, 4, 'GobletGoldAdd', '/icon/goblet_gold_add.png', 'N', 1, 1); 
INSERT INTO IMAGE_TBL ( IMG_ID, IGP_ID, IMG_NAME, IMG_FILENAME, IMG_DELETE_FL, IMG_VERSION_ID,
PTN_ID ) VALUES ( 
568, 4, 'GobletGoldDelete', '/icon/goblet_gold_delete.png', 'N', 1, 1); 
INSERT INTO IMAGE_TBL ( IMG_ID, IGP_ID, IMG_NAME, IMG_FILENAME, IMG_DELETE_FL, IMG_VERSION_ID,
PTN_ID ) VALUES ( 
569, 4, 'GobletGoldNew', '/icon/goblet_gold_new.png', 'N', 1, 1); 
INSERT INTO IMAGE_TBL ( IMG_ID, IGP_ID, IMG_NAME, IMG_FILENAME, IMG_DELETE_FL, IMG_VERSION_ID,
PTN_ID ) VALUES ( 
570, 4, 'GobletGoldPreferences', '/icon/goblet_gold_preferences.png', 'N', 1, 1); 
INSERT INTO IMAGE_TBL ( IMG_ID, IGP_ID, IMG_NAME, IMG_FILENAME, IMG_DELETE_FL, IMG_VERSION_ID,
PTN_ID ) VALUES ( 
571, 4, 'GobletSilver', '/icon/goblet_silver.png', 'N', 1, 1); 
INSERT INTO IMAGE_TBL ( IMG_ID, IGP_ID, IMG_NAME, IMG_FILENAME, IMG_DELETE_FL, IMG_VERSION_ID,
PTN_ID ) VALUES ( 
572, 4, 'Joypad', '/icon/joypad.png', 'N', 1, 1); 
INSERT INTO IMAGE_TBL ( IMG_ID, IGP_ID, IMG_NAME, IMG_FILENAME, IMG_DELETE_FL, IMG_VERSION_ID,
PTN_ID ) VALUES ( 
573, 4, 'Woman1', '/icon/woman1.png', 'N', 1, 1); 
INSERT INTO IMAGE_TBL ( IMG_ID, IGP_ID, IMG_NAME, IMG_FILENAME, IMG_DELETE_FL, IMG_VERSION_ID,
PTN_ID ) VALUES ( 
574, 4, 'Woman2', '/icon/woman2.png', 'N', 1, 1); 
INSERT INTO IMAGE_TBL ( IMG_ID, IGP_ID, IMG_NAME, IMG_FILENAME, IMG_DELETE_FL, IMG_VERSION_ID,
PTN_ID ) VALUES ( 
575, 4, 'Woman3', '/icon/woman3.png', 'N', 1, 1); 
INSERT INTO IMAGE_TBL ( IMG_ID, IGP_ID, IMG_NAME, IMG_FILENAME, IMG_DELETE_FL, IMG_VERSION_ID,
PTN_ID ) VALUES ( 
576, 4, 'Woman4', '/icon/woman4.png', 'N', 1, 1); 
INSERT INTO IMAGE_TBL ( IMG_ID, IGP_ID, IMG_NAME, IMG_FILENAME, IMG_DELETE_FL, IMG_VERSION_ID,
PTN_ID ) VALUES ( 
577, 5, 'Armour', '/icon/armour.png', 'N', 1, 1); 
INSERT INTO IMAGE_TBL ( IMG_ID, IGP_ID, IMG_NAME, IMG_FILENAME, IMG_DELETE_FL, IMG_VERSION_ID,
PTN_ID ) VALUES ( 
578, 5, 'Bomb', '/icon/bomb.png', 'N', 1, 1); 
INSERT INTO IMAGE_TBL ( IMG_ID, IGP_ID, IMG_NAME, IMG_FILENAME, IMG_DELETE_FL, IMG_VERSION_ID,
PTN_ID ) VALUES ( 
579, 5, 'Brickwall', '/icon/brickwall.png', 'N', 1, 1); 
INSERT INTO IMAGE_TBL ( IMG_ID, IGP_ID, IMG_NAME, IMG_FILENAME, IMG_DELETE_FL, IMG_VERSION_ID,
PTN_ID ) VALUES ( 
580, 5, 'Castle', '/icon/castle.png', 'N', 1, 1); 
INSERT INTO IMAGE_TBL ( IMG_ID, IGP_ID, IMG_NAME, IMG_FILENAME, IMG_DELETE_FL, IMG_VERSION_ID,
PTN_ID ) VALUES ( 
581, 5, 'Certificate', '/icon/certificate.png', 'N', 1, 1); 
INSERT INTO IMAGE_TBL ( IMG_ID, IGP_ID, IMG_NAME, IMG_FILENAME, IMG_DELETE_FL, IMG_VERSION_ID,
PTN_ID ) VALUES ( 
582, 5, 'CertificateAdd', '/icon/certificate_add.png', 'N', 1, 1); 
INSERT INTO IMAGE_TBL ( IMG_ID, IGP_ID, IMG_NAME, IMG_FILENAME, IMG_DELETE_FL, IMG_VERSION_ID,
PTN_ID ) VALUES ( 
583, 5, 'CertificateBroken', '/icon/certificate_broken.png', 'N', 1, 1); 
INSERT INTO IMAGE_TBL ( IMG_ID, IGP_ID, IMG_NAME, IMG_FILENAME, IMG_DELETE_FL, IMG_VERSION_ID,
PTN_ID ) VALUES ( 
584, 5, 'CertificateDelete', '/icon/certificate_delete.png', 'N', 1, 1); 
INSERT INTO IMAGE_TBL ( IMG_ID, IGP_ID, IMG_NAME, IMG_FILENAME, IMG_DELETE_FL, IMG_VERSION_ID,
PTN_ID ) VALUES ( 
585, 5, 'CertificateError', '/icon/certificate_error.png', 'N', 1, 1); 
INSERT INTO IMAGE_TBL ( IMG_ID, IGP_ID, IMG_NAME, IMG_FILENAME, IMG_DELETE_FL, IMG_VERSION_ID,
PTN_ID ) VALUES ( 
586, 5, 'CertificateInformation', '/icon/certificate_information.png', 'N', 1, 1); 
INSERT INTO IMAGE_TBL ( IMG_ID, IGP_ID, IMG_NAME, IMG_FILENAME, IMG_DELETE_FL, IMG_VERSION_ID,
PTN_ID ) VALUES ( 
587, 5, 'CertificateNew', '/icon/certificate_new.png', 'N', 1, 1); 
INSERT INTO IMAGE_TBL ( IMG_ID, IGP_ID, IMG_NAME, IMG_FILENAME, IMG_DELETE_FL, IMG_VERSION_ID,
PTN_ID ) VALUES ( 
588, 5, 'CertificateOk', '/icon/certificate_ok.png', 'N', 1, 1); 
INSERT INTO IMAGE_TBL ( IMG_ID, IGP_ID, IMG_NAME, IMG_FILENAME, IMG_DELETE_FL, IMG_VERSION_ID,
PTN_ID ) VALUES ( 
589, 5, 'CertificatePreferences', '/icon/certificate_preferences.png', 'N', 1, 1); 
INSERT INTO IMAGE_TBL ( IMG_ID, IGP_ID, IMG_NAME, IMG_FILENAME, IMG_DELETE_FL, IMG_VERSION_ID,
PTN_ID ) VALUES ( 
590, 5, 'CertificateRefresh', '/icon/certificate_refresh.png', 'N', 1, 1); 
INSERT INTO IMAGE_TBL ( IMG_ID, IGP_ID, IMG_NAME, IMG_FILENAME, IMG_DELETE_FL, IMG_VERSION_ID,
PTN_ID ) VALUES ( 
591, 5, 'CertificateView', '/icon/certificate_view.png', 'N', 1, 1); 
INSERT INTO IMAGE_TBL ( IMG_ID, IGP_ID, IMG_NAME, IMG_FILENAME, IMG_DELETE_FL, IMG_VERSION_ID,
PTN_ID ) VALUES ( 
592, 5, 'CertificateWarning', '/icon/certificate_warning.png', 'N', 1, 1); 
INSERT INTO IMAGE_TBL ( IMG_ID, IGP_ID, IMG_NAME, IMG_FILENAME, IMG_DELETE_FL, IMG_VERSION_ID,
PTN_ID ) VALUES ( 
593, 5, 'ClientNetwork', '/icon/client_network.png', 'N', 1, 1); 
INSERT INTO IMAGE_TBL ( IMG_ID, IGP_ID, IMG_NAME, IMG_FILENAME, IMG_DELETE_FL, IMG_VERSION_ID,
PTN_ID ) VALUES ( 
594, 5, 'Clients', '/icon/clients.png', 'N', 1, 1); 
INSERT INTO IMAGE_TBL ( IMG_ID, IGP_ID, IMG_NAME, IMG_FILENAME, IMG_DELETE_FL, IMG_VERSION_ID,
PTN_ID ) VALUES ( 
595, 5, 'Cookies', '/icon/cookies.png', 'N', 1, 1); 
INSERT INTO IMAGE_TBL ( IMG_ID, IGP_ID, IMG_NAME, IMG_FILENAME, IMG_DELETE_FL, IMG_VERSION_ID,
PTN_ID ) VALUES ( 
596, 5, 'CookiesDelete', '/icon/cookies_delete.png', 'N', 1, 1); 
INSERT INTO IMAGE_TBL ( IMG_ID, IGP_ID, IMG_NAME, IMG_FILENAME, IMG_DELETE_FL, IMG_VERSION_ID,
PTN_ID ) VALUES ( 
597, 5, 'CookiesPreferences', '/icon/cookies_preferences.png', 'N', 1, 1); 
INSERT INTO IMAGE_TBL ( IMG_ID, IGP_ID, IMG_NAME, IMG_FILENAME, IMG_DELETE_FL, IMG_VERSION_ID,
PTN_ID ) VALUES ( 
598, 5, 'CookiesView', '/icon/cookies_view.png', 'N', 1, 1); 
INSERT INTO IMAGE_TBL ( IMG_ID, IGP_ID, IMG_NAME, IMG_FILENAME, IMG_DELETE_FL, IMG_VERSION_ID,
PTN_ID ) VALUES ( 
599, 5, 'Download', '/icon/download.png', 'N', 1, 1); 
INSERT INTO IMAGE_TBL ( IMG_ID, IGP_ID, IMG_NAME, IMG_FILENAME, IMG_DELETE_FL, IMG_VERSION_ID,
PTN_ID ) VALUES ( 
600, 5, 'Earth', '/icon/earth.png', 'N', 1, 1); 
INSERT INTO IMAGE_TBL ( IMG_ID, IGP_ID, IMG_NAME, IMG_FILENAME, IMG_DELETE_FL, IMG_VERSION_ID,
PTN_ID ) VALUES ( 
601, 5, 'Earth2', '/icon/earth2.png', 'N', 1, 1); 
INSERT INTO IMAGE_TBL ( IMG_ID, IGP_ID, IMG_NAME, IMG_FILENAME, IMG_DELETE_FL, IMG_VERSION_ID,
PTN_ID ) VALUES ( 
602, 5, 'EarthAdd', '/icon/earth_add.png', 'N', 1, 1); 
INSERT INTO IMAGE_TBL ( IMG_ID, IGP_ID, IMG_NAME, IMG_FILENAME, IMG_DELETE_FL, IMG_VERSION_ID,
PTN_ID ) VALUES ( 
603, 5, 'EarthConnection', '/icon/earth_connection.png', 'N', 1, 1); 
INSERT INTO IMAGE_TBL ( IMG_ID, IGP_ID, IMG_NAME, IMG_FILENAME, IMG_DELETE_FL, IMG_VERSION_ID,
PTN_ID ) VALUES ( 
604, 5, 'EarthDelete', '/icon/earth_delete.png', 'N', 1, 1); 
INSERT INTO IMAGE_TBL ( IMG_ID, IGP_ID, IMG_NAME, IMG_FILENAME, IMG_DELETE_FL, IMG_VERSION_ID,
PTN_ID ) VALUES ( 
605, 5, 'EarthFind', '/icon/earth_find.png', 'N', 1, 1); 
INSERT INTO IMAGE_TBL ( IMG_ID, IGP_ID, IMG_NAME, IMG_FILENAME, IMG_DELETE_FL, IMG_VERSION_ID,
PTN_ID ) VALUES ( 
606, 5, 'EarthLocation', '/icon/earth_location.png', 'N', 1, 1); 
INSERT INTO IMAGE_TBL ( IMG_ID, IGP_ID, IMG_NAME, IMG_FILENAME, IMG_DELETE_FL, IMG_VERSION_ID,
PTN_ID ) VALUES ( 
607, 5, 'EarthLock', '/icon/earth_lock.png', 'N', 1, 1); 
INSERT INTO IMAGE_TBL ( IMG_ID, IGP_ID, IMG_NAME, IMG_FILENAME, IMG_DELETE_FL, IMG_VERSION_ID,
PTN_ID ) VALUES ( 
608, 5, 'EarthMusic', '/icon/earth_music.png', 'N', 1, 1); 
INSERT INTO IMAGE_TBL ( IMG_ID, IGP_ID, IMG_NAME, IMG_FILENAME, IMG_DELETE_FL, IMG_VERSION_ID,
PTN_ID ) VALUES ( 
609, 5, 'EarthNetwork', '/icon/earth_network.png', 'N', 1, 1); 
INSERT INTO IMAGE_TBL ( IMG_ID, IGP_ID, IMG_NAME, IMG_FILENAME, IMG_DELETE_FL, IMG_VERSION_ID,
PTN_ID ) VALUES ( 
610, 5, 'EarthNew', '/icon/earth_new.png', 'N', 1, 1); 
INSERT INTO IMAGE_TBL ( IMG_ID, IGP_ID, IMG_NAME, IMG_FILENAME, IMG_DELETE_FL, IMG_VERSION_ID,
PTN_ID ) VALUES ( 
611, 5, 'EarthPreferences', '/icon/earth_preferences.png', 'N', 1, 1); 
INSERT INTO IMAGE_TBL ( IMG_ID, IGP_ID, IMG_NAME, IMG_FILENAME, IMG_DELETE_FL, IMG_VERSION_ID,
PTN_ID ) VALUES ( 
612, 5, 'EarthTime', '/icon/earth_time.png', 'N', 1, 1); 
INSERT INTO IMAGE_TBL ( IMG_ID, IGP_ID, IMG_NAME, IMG_FILENAME, IMG_DELETE_FL, IMG_VERSION_ID,
PTN_ID ) VALUES ( 
613, 5, 'EarthView', '/icon/earth_view.png', 'N', 1, 1); 
INSERT INTO IMAGE_TBL ( IMG_ID, IGP_ID, IMG_NAME, IMG_FILENAME, IMG_DELETE_FL, IMG_VERSION_ID,
PTN_ID ) VALUES ( 
614, 5, 'Environment', '/icon/environment.png', 'N', 1, 1); 
INSERT INTO IMAGE_TBL ( IMG_ID, IGP_ID, IMG_NAME, IMG_FILENAME, IMG_DELETE_FL, IMG_VERSION_ID,
PTN_ID ) VALUES ( 
615, 5, 'EnvironmentAdd', '/icon/environment_add.png', 'N', 1, 1); 
INSERT INTO IMAGE_TBL ( IMG_ID, IGP_ID, IMG_NAME, IMG_FILENAME, IMG_DELETE_FL, IMG_VERSION_ID,
PTN_ID ) VALUES ( 
1174, 7, 'BreakpointInto', '/icon/breakpoint_into.png', 'N', 1, 1); 
INSERT INTO IMAGE_TBL ( IMG_ID, IGP_ID, IMG_NAME, IMG_FILENAME, IMG_DELETE_FL, IMG_VERSION_ID,
PTN_ID ) VALUES ( 
669, 5, 'Mail', '/icon/mail.png', 'N', 1, 1); 
INSERT INTO IMAGE_TBL ( IMG_ID, IGP_ID, IMG_NAME, IMG_FILENAME, IMG_DELETE_FL, IMG_VERSION_ID,
PTN_ID ) VALUES ( 
670, 5, 'Mail2', '/icon/mail2.png', 'N', 1, 1); 
INSERT INTO IMAGE_TBL ( IMG_ID, IGP_ID, IMG_NAME, IMG_FILENAME, IMG_DELETE_FL, IMG_VERSION_ID,
PTN_ID ) VALUES ( 
671, 5, 'Mail2View', '/icon/mail2_view.png', 'N', 1, 1); 
INSERT INTO IMAGE_TBL ( IMG_ID, IGP_ID, IMG_NAME, IMG_FILENAME, IMG_DELETE_FL, IMG_VERSION_ID,
PTN_ID ) VALUES ( 
672, 5, 'MailAdd', '/icon/mail_add.png', 'N', 1, 1); 
INSERT INTO IMAGE_TBL ( IMG_ID, IGP_ID, IMG_NAME, IMG_FILENAME, IMG_DELETE_FL, IMG_VERSION_ID,
PTN_ID ) VALUES ( 
673, 5, 'MailAttachment', '/icon/mail_attachment.png', 'N', 1, 1); 
INSERT INTO IMAGE_TBL ( IMG_ID, IGP_ID, IMG_NAME, IMG_FILENAME, IMG_DELETE_FL, IMG_VERSION_ID,
PTN_ID ) VALUES ( 
674, 5, 'MailboxEmpty', '/icon/mailbox_empty.png', 'N', 1, 1); 
INSERT INTO IMAGE_TBL ( IMG_ID, IGP_ID, IMG_NAME, IMG_FILENAME, IMG_DELETE_FL, IMG_VERSION_ID,
PTN_ID ) VALUES ( 
675, 5, 'MailboxFull', '/icon/mailbox_full.png', 'N', 1, 1); 
INSERT INTO IMAGE_TBL ( IMG_ID, IGP_ID, IMG_NAME, IMG_FILENAME, IMG_DELETE_FL, IMG_VERSION_ID,
PTN_ID ) VALUES ( 
676, 5, 'MailDelete', '/icon/mail_delete.png', 'N', 1, 1); 
INSERT INTO IMAGE_TBL ( IMG_ID, IGP_ID, IMG_NAME, IMG_FILENAME, IMG_DELETE_FL, IMG_VERSION_ID,
PTN_ID ) VALUES ( 
677, 5, 'MailEarth', '/icon/mail_earth.png', 'N', 1, 1); 
INSERT INTO IMAGE_TBL ( IMG_ID, IGP_ID, IMG_NAME, IMG_FILENAME, IMG_DELETE_FL, IMG_VERSION_ID,
PTN_ID ) VALUES ( 
678, 5, 'MailExchange', '/icon/mail_exchange.png', 'N', 1, 1); 
INSERT INTO IMAGE_TBL ( IMG_ID, IGP_ID, IMG_NAME, IMG_FILENAME, IMG_DELETE_FL, IMG_VERSION_ID,
PTN_ID ) VALUES ( 
679, 5, 'MailFind', '/icon/mail_find.png', 'N', 1, 1); 
INSERT INTO IMAGE_TBL ( IMG_ID, IGP_ID, IMG_NAME, IMG_FILENAME, IMG_DELETE_FL, IMG_VERSION_ID,
PTN_ID ) VALUES ( 
680, 5, 'MailForward', '/icon/mail_forward.png', 'N', 1, 1); 
INSERT INTO IMAGE_TBL ( IMG_ID, IGP_ID, IMG_NAME, IMG_FILENAME, IMG_DELETE_FL, IMG_VERSION_ID,
PTN_ID ) VALUES ( 
681, 5, 'MailInto', '/icon/mail_into.png', 'N', 1, 1); 
INSERT INTO IMAGE_TBL ( IMG_ID, IGP_ID, IMG_NAME, IMG_FILENAME, IMG_DELETE_FL, IMG_VERSION_ID,
PTN_ID ) VALUES ( 
682, 5, 'MailLock', '/icon/mail_lock.png', 'N', 1, 1); 
INSERT INTO IMAGE_TBL ( IMG_ID, IGP_ID, IMG_NAME, IMG_FILENAME, IMG_DELETE_FL, IMG_VERSION_ID,
PTN_ID ) VALUES ( 
683, 5, 'MailNew', '/icon/mail_new.png', 'N', 1, 1); 
INSERT INTO IMAGE_TBL ( IMG_ID, IGP_ID, IMG_NAME, IMG_FILENAME, IMG_DELETE_FL, IMG_VERSION_ID,
PTN_ID ) VALUES ( 
684, 5, 'MailOut', '/icon/mail_out.png', 'N', 1, 1); 
INSERT INTO IMAGE_TBL ( IMG_ID, IGP_ID, IMG_NAME, IMG_FILENAME, IMG_DELETE_FL, IMG_VERSION_ID,
PTN_ID ) VALUES ( 
685, 5, 'MailPreferences', '/icon/mail_preferences.png', 'N', 1, 1); 
INSERT INTO IMAGE_TBL ( IMG_ID, IGP_ID, IMG_NAME, IMG_FILENAME, IMG_DELETE_FL, IMG_VERSION_ID,
PTN_ID ) VALUES ( 
686, 5, 'MailServer', '/icon/mail_server.png', 'N', 1, 1); 
INSERT INTO IMAGE_TBL ( IMG_ID, IGP_ID, IMG_NAME, IMG_FILENAME, IMG_DELETE_FL, IMG_VERSION_ID,
PTN_ID ) VALUES ( 
687, 5, 'MailView', '/icon/mail_view.png', 'N', 1, 1); 
INSERT INTO IMAGE_TBL ( IMG_ID, IGP_ID, IMG_NAME, IMG_FILENAME, IMG_DELETE_FL, IMG_VERSION_ID,
PTN_ID ) VALUES ( 
688, 5, 'MailWrite', '/icon/mail_write.png', 'N', 1, 1); 
INSERT INTO IMAGE_TBL ( IMG_ID, IGP_ID, IMG_NAME, IMG_FILENAME, IMG_DELETE_FL, IMG_VERSION_ID,
PTN_ID ) VALUES ( 
689, 5, 'News', '/icon/news.png', 'N', 1, 1); 
INSERT INTO IMAGE_TBL ( IMG_ID, IGP_ID, IMG_NAME, IMG_FILENAME, IMG_DELETE_FL, IMG_VERSION_ID,
PTN_ID ) VALUES ( 
690, 5, 'NewsAdd', '/icon/news_add.png', 'N', 1, 1); 
INSERT INTO IMAGE_TBL ( IMG_ID, IGP_ID, IMG_NAME, IMG_FILENAME, IMG_DELETE_FL, IMG_VERSION_ID,
PTN_ID ) VALUES ( 
691, 5, 'NewsDelete', '/icon/news_delete.png', 'N', 1, 1); 
INSERT INTO IMAGE_TBL ( IMG_ID, IGP_ID, IMG_NAME, IMG_FILENAME, IMG_DELETE_FL, IMG_VERSION_ID,
PTN_ID ) VALUES ( 
692, 5, 'NewsNew', '/icon/news_new.png', 'N', 1, 1); 
INSERT INTO IMAGE_TBL ( IMG_ID, IGP_ID, IMG_NAME, IMG_FILENAME, IMG_DELETE_FL, IMG_VERSION_ID,
PTN_ID ) VALUES ( 
693, 5, 'NewsPreferences', '/icon/news_preferences.png', 'N', 1, 1); 
INSERT INTO IMAGE_TBL ( IMG_ID, IGP_ID, IMG_NAME, IMG_FILENAME, IMG_DELETE_FL, IMG_VERSION_ID,
PTN_ID ) VALUES ( 
694, 5, 'NewsView', '/icon/news_view.png', 'N', 1, 1); 
INSERT INTO IMAGE_TBL ( IMG_ID, IGP_ID, IMG_NAME, IMG_FILENAME, IMG_DELETE_FL, IMG_VERSION_ID,
PTN_ID ) VALUES ( 
695, 5, 'Node', '/icon/node.png', 'N', 1, 1); 
INSERT INTO IMAGE_TBL ( IMG_ID, IGP_ID, IMG_NAME, IMG_FILENAME, IMG_DELETE_FL, IMG_VERSION_ID,
PTN_ID ) VALUES ( 
696, 5, 'NodeAdd', '/icon/node_add.png', 'N', 1, 1); 
INSERT INTO IMAGE_TBL ( IMG_ID, IGP_ID, IMG_NAME, IMG_FILENAME, IMG_DELETE_FL, IMG_VERSION_ID,
PTN_ID ) VALUES ( 
697, 5, 'NodeDelete', '/icon/node_delete.png', 'N', 1, 1); 
INSERT INTO IMAGE_TBL ( IMG_ID, IGP_ID, IMG_NAME, IMG_FILENAME, IMG_DELETE_FL, IMG_VERSION_ID,
PTN_ID ) VALUES ( 
698, 5, 'Outbox', '/icon/outbox.png', 'N', 1, 1); 
INSERT INTO IMAGE_TBL ( IMG_ID, IGP_ID, IMG_NAME, IMG_FILENAME, IMG_DELETE_FL, IMG_VERSION_ID,
PTN_ID ) VALUES ( 
699, 5, 'OutboxOut', '/icon/outbox_out.png', 'N', 1, 1); 
INSERT INTO IMAGE_TBL ( IMG_ID, IGP_ID, IMG_NAME, IMG_FILENAME, IMG_DELETE_FL, IMG_VERSION_ID,
PTN_ID ) VALUES ( 
700, 5, 'Plug', '/icon/plug.png', 'N', 1, 1); 
INSERT INTO IMAGE_TBL ( IMG_ID, IGP_ID, IMG_NAME, IMG_FILENAME, IMG_DELETE_FL, IMG_VERSION_ID,
PTN_ID ) VALUES ( 
701, 5, 'PlugAdd', '/icon/plug_add.png', 'N', 1, 1); 
INSERT INTO IMAGE_TBL ( IMG_ID, IGP_ID, IMG_NAME, IMG_FILENAME, IMG_DELETE_FL, IMG_VERSION_ID,
PTN_ID ) VALUES ( 
702, 5, 'PlugDelete', '/icon/plug_delete.png', 'N', 1, 1); 
INSERT INTO IMAGE_TBL ( IMG_ID, IGP_ID, IMG_NAME, IMG_FILENAME, IMG_DELETE_FL, IMG_VERSION_ID,
PTN_ID ) VALUES ( 
703, 5, 'PlugNew', '/icon/plug_new.png', 'N', 1, 1); 
INSERT INTO IMAGE_TBL ( IMG_ID, IGP_ID, IMG_NAME, IMG_FILENAME, IMG_DELETE_FL, IMG_VERSION_ID,
PTN_ID ) VALUES ( 
704, 5, 'Safe', '/icon/safe.png', 'N', 1, 1); 
INSERT INTO IMAGE_TBL ( IMG_ID, IGP_ID, IMG_NAME, IMG_FILENAME, IMG_DELETE_FL, IMG_VERSION_ID,
PTN_ID ) VALUES ( 
705, 5, 'SafeInto', '/icon/safe_into.png', 'N', 1, 1); 
INSERT INTO IMAGE_TBL ( IMG_ID, IGP_ID, IMG_NAME, IMG_FILENAME, IMG_DELETE_FL, IMG_VERSION_ID,
PTN_ID ) VALUES ( 
706, 5, 'SafeOut', '/icon/safe_out.png', 'N', 1, 1); 
INSERT INTO IMAGE_TBL ( IMG_ID, IGP_ID, IMG_NAME, IMG_FILENAME, IMG_DELETE_FL, IMG_VERSION_ID,
PTN_ID ) VALUES ( 
707, 5, 'SatelliteDish', '/icon/satellite_dish.png', 'N', 1, 1); 
INSERT INTO IMAGE_TBL ( IMG_ID, IGP_ID, IMG_NAME, IMG_FILENAME, IMG_DELETE_FL, IMG_VERSION_ID,
PTN_ID ) VALUES ( 
708, 5, 'SecurityAgent', '/icon/security_agent.png', 'N', 1, 1); 
INSERT INTO IMAGE_TBL ( IMG_ID, IGP_ID, IMG_NAME, IMG_FILENAME, IMG_DELETE_FL, IMG_VERSION_ID,
PTN_ID ) VALUES ( 
709, 5, 'Server', '/icon/server.png', 'N', 1, 1); 
INSERT INTO IMAGE_TBL ( IMG_ID, IGP_ID, IMG_NAME, IMG_FILENAME, IMG_DELETE_FL, IMG_VERSION_ID,
PTN_ID ) VALUES ( 
710, 5, 'ServerAdd', '/icon/server_add.png', 'N', 1, 1); 
INSERT INTO IMAGE_TBL ( IMG_ID, IGP_ID, IMG_NAME, IMG_FILENAME, IMG_DELETE_FL, IMG_VERSION_ID,
PTN_ID ) VALUES ( 
711, 5, 'ServerCertificate', '/icon/server_certificate.png', 'N', 1, 1); 
INSERT INTO IMAGE_TBL ( IMG_ID, IGP_ID, IMG_NAME, IMG_FILENAME, IMG_DELETE_FL, IMG_VERSION_ID,
PTN_ID ) VALUES ( 
712, 5, 'ServerClient', '/icon/server_client.png', 'N', 1, 1); 
INSERT INTO IMAGE_TBL ( IMG_ID, IGP_ID, IMG_NAME, IMG_FILENAME, IMG_DELETE_FL, IMG_VERSION_ID,
PTN_ID ) VALUES ( 
713, 5, 'ServerClientExchange', '/icon/server_client_exchange.png', 'N', 1, 1); 
INSERT INTO IMAGE_TBL ( IMG_ID, IGP_ID, IMG_NAME, IMG_FILENAME, IMG_DELETE_FL, IMG_VERSION_ID,
PTN_ID ) VALUES ( 
714, 5, 'ServerConnection', '/icon/server_connection.png', 'N', 1, 1); 
INSERT INTO IMAGE_TBL ( IMG_ID, IGP_ID, IMG_NAME, IMG_FILENAME, IMG_DELETE_FL, IMG_VERSION_ID,
PTN_ID ) VALUES ( 
715, 5, 'ServerDelete', '/icon/server_delete.png', 'N', 1, 1); 
INSERT INTO IMAGE_TBL ( IMG_ID, IGP_ID, IMG_NAME, IMG_FILENAME, IMG_DELETE_FL, IMG_VERSION_ID,
PTN_ID ) VALUES ( 
716, 5, 'ServerDocument', '/icon/server_document.png', 'N', 1, 1); 
INSERT INTO IMAGE_TBL ( IMG_ID, IGP_ID, IMG_NAME, IMG_FILENAME, IMG_DELETE_FL, IMG_VERSION_ID,
PTN_ID ) VALUES ( 
717, 5, 'ServerEarth', '/icon/server_earth.png', 'N', 1, 1); 
INSERT INTO IMAGE_TBL ( IMG_ID, IGP_ID, IMG_NAME, IMG_FILENAME, IMG_DELETE_FL, IMG_VERSION_ID,
PTN_ID ) VALUES ( 
718, 5, 'ServerError', '/icon/server_error.png', 'N', 1, 1); 
INSERT INTO IMAGE_TBL ( IMG_ID, IGP_ID, IMG_NAME, IMG_FILENAME, IMG_DELETE_FL, IMG_VERSION_ID,
PTN_ID ) VALUES ( 
719, 5, 'ServerForbidden', '/icon/server_forbidden.png', 'N', 1, 1); 
INSERT INTO IMAGE_TBL ( IMG_ID, IGP_ID, IMG_NAME, IMG_FILENAME, IMG_DELETE_FL, IMG_VERSION_ID,
PTN_ID ) VALUES ( 
720, 5, 'ServerFromClient', '/icon/server_from_client.png', 'N', 1, 1); 
INSERT INTO IMAGE_TBL ( IMG_ID, IGP_ID, IMG_NAME, IMG_FILENAME, IMG_DELETE_FL, IMG_VERSION_ID,
PTN_ID ) VALUES ( 
721, 5, 'ServerIdCard', '/icon/server_id_card.png', 'N', 1, 1); 
INSERT INTO IMAGE_TBL ( IMG_ID, IGP_ID, IMG_NAME, IMG_FILENAME, IMG_DELETE_FL, IMG_VERSION_ID,
PTN_ID ) VALUES ( 
722, 5, 'ServerInformation', '/icon/server_information.png', 'N', 1, 1); 
INSERT INTO IMAGE_TBL ( IMG_ID, IGP_ID, IMG_NAME, IMG_FILENAME, IMG_DELETE_FL, IMG_VERSION_ID,
PTN_ID ) VALUES ( 
723, 5, 'ServerInto', '/icon/server_into.png', 'N', 1, 1); 
INSERT INTO IMAGE_TBL ( IMG_ID, IGP_ID, IMG_NAME, IMG_FILENAME, IMG_DELETE_FL, IMG_VERSION_ID,
PTN_ID ) VALUES ( 
724, 5, 'ServerLock', '/icon/server_lock.png', 'N', 1, 1); 
INSERT INTO IMAGE_TBL ( IMG_ID, IGP_ID, IMG_NAME, IMG_FILENAME, IMG_DELETE_FL, IMG_VERSION_ID,
PTN_ID ) VALUES ( 
725, 5, 'ServerMail', '/icon/server_mail.png', 'N', 1, 1); 
INSERT INTO IMAGE_TBL ( IMG_ID, IGP_ID, IMG_NAME, IMG_FILENAME, IMG_DELETE_FL, IMG_VERSION_ID,
PTN_ID ) VALUES ( 
726, 5, 'ServerMailDownload', '/icon/server_mail_download.png', 'N', 1, 1); 
INSERT INTO IMAGE_TBL ( IMG_ID, IGP_ID, IMG_NAME, IMG_FILENAME, IMG_DELETE_FL, IMG_VERSION_ID,
PTN_ID ) VALUES ( 
727, 5, 'ServerMailUpload', '/icon/server_mail_upload.png', 'N', 1, 1); 
INSERT INTO IMAGE_TBL ( IMG_ID, IGP_ID, IMG_NAME, IMG_FILENAME, IMG_DELETE_FL, IMG_VERSION_ID,
PTN_ID ) VALUES ( 
728, 5, 'ServerNetwork', '/icon/server_network.png', 'N', 1, 1); 
INSERT INTO IMAGE_TBL ( IMG_ID, IGP_ID, IMG_NAME, IMG_FILENAME, IMG_DELETE_FL, IMG_VERSION_ID,
PTN_ID ) VALUES ( 
729, 5, 'ServerNew', '/icon/server_new.png', 'N', 1, 1); 
INSERT INTO IMAGE_TBL ( IMG_ID, IGP_ID, IMG_NAME, IMG_FILENAME, IMG_DELETE_FL, IMG_VERSION_ID,
PTN_ID ) VALUES ( 
730, 5, 'ServerOk', '/icon/server_ok.png', 'N', 1, 1); 
INSERT INTO IMAGE_TBL ( IMG_ID, IGP_ID, IMG_NAME, IMG_FILENAME, IMG_DELETE_FL, IMG_VERSION_ID,
PTN_ID ) VALUES ( 
731, 5, 'ServerOut', '/icon/server_out.png', 'N', 1, 1); 
INSERT INTO IMAGE_TBL ( IMG_ID, IGP_ID, IMG_NAME, IMG_FILENAME, IMG_DELETE_FL, IMG_VERSION_ID,
PTN_ID ) VALUES ( 
732, 5, 'ServerPreferences', '/icon/server_preferences.png', 'N', 1, 1); 
INSERT INTO IMAGE_TBL ( IMG_ID, IGP_ID, IMG_NAME, IMG_FILENAME, IMG_DELETE_FL, IMG_VERSION_ID,
PTN_ID ) VALUES ( 
733, 5, 'ServerTime', '/icon/server_time.png', 'N', 1, 1); 
INSERT INTO IMAGE_TBL ( IMG_ID, IGP_ID, IMG_NAME, IMG_FILENAME, IMG_DELETE_FL, IMG_VERSION_ID,
PTN_ID ) VALUES ( 
734, 5, 'ServerToClient', '/icon/server_to_client.png', 'N', 1, 1); 
INSERT INTO IMAGE_TBL ( IMG_ID, IGP_ID, IMG_NAME, IMG_FILENAME, IMG_DELETE_FL, IMG_VERSION_ID,
PTN_ID ) VALUES ( 
735, 5, 'ServerUnknown', '/icon/server_unknown.png', 'N', 1, 1); 
INSERT INTO IMAGE_TBL ( IMG_ID, IGP_ID, IMG_NAME, IMG_FILENAME, IMG_DELETE_FL, IMG_VERSION_ID,
PTN_ID ) VALUES ( 
736, 5, 'ServerView', '/icon/server_view.png', 'N', 1, 1); 
INSERT INTO IMAGE_TBL ( IMG_ID, IGP_ID, IMG_NAME, IMG_FILENAME, IMG_DELETE_FL, IMG_VERSION_ID,
PTN_ID ) VALUES ( 
737, 5, 'ServerWarning', '/icon/server_warning.png', 'N', 1, 1); 
INSERT INTO IMAGE_TBL ( IMG_ID, IGP_ID, IMG_NAME, IMG_FILENAME, IMG_DELETE_FL, IMG_VERSION_ID,
PTN_ID ) VALUES ( 
738, 5, 'Shield', '/icon/shield.png', 'N', 1, 1); 
INSERT INTO IMAGE_TBL ( IMG_ID, IGP_ID, IMG_NAME, IMG_FILENAME, IMG_DELETE_FL, IMG_VERSION_ID,
PTN_ID ) VALUES ( 
739, 5, 'Shield1', '/icon/shield1.png', 'N', 1, 1); 
INSERT INTO IMAGE_TBL ( IMG_ID, IGP_ID, IMG_NAME, IMG_FILENAME, IMG_DELETE_FL, IMG_VERSION_ID,
PTN_ID ) VALUES ( 
740, 5, 'Shield2', '/icon/shield2.png', 'N', 1, 1); 
INSERT INTO IMAGE_TBL ( IMG_ID, IGP_ID, IMG_NAME, IMG_FILENAME, IMG_DELETE_FL, IMG_VERSION_ID,
PTN_ID ) VALUES ( 
741, 5, 'ShieldAdd', '/icon/shield_add.png', 'N', 1, 1); 
INSERT INTO IMAGE_TBL ( IMG_ID, IGP_ID, IMG_NAME, IMG_FILENAME, IMG_DELETE_FL, IMG_VERSION_ID,
PTN_ID ) VALUES ( 
742, 5, 'ShieldDelete', '/icon/shield_delete.png', 'N', 1, 1); 
INSERT INTO IMAGE_TBL ( IMG_ID, IGP_ID, IMG_NAME, IMG_FILENAME, IMG_DELETE_FL, IMG_VERSION_ID,
PTN_ID ) VALUES ( 
743, 5, 'ShieldGreen', '/icon/shield_green.png', 'N', 1, 1); 
INSERT INTO IMAGE_TBL ( IMG_ID, IGP_ID, IMG_NAME, IMG_FILENAME, IMG_DELETE_FL, IMG_VERSION_ID,
PTN_ID ) VALUES ( 
744, 5, 'ShieldNew', '/icon/shield_new.png', 'N', 1, 1); 
INSERT INTO IMAGE_TBL ( IMG_ID, IGP_ID, IMG_NAME, IMG_FILENAME, IMG_DELETE_FL, IMG_VERSION_ID,
PTN_ID ) VALUES ( 
745, 5, 'ShieldPreferences', '/icon/shield_preferences.png', 'N', 1, 1); 
INSERT INTO IMAGE_TBL ( IMG_ID, IGP_ID, IMG_NAME, IMG_FILENAME, IMG_DELETE_FL, IMG_VERSION_ID,
PTN_ID ) VALUES ( 
746, 5, 'ShieldRed', '/icon/shield_red.png', 'N', 1, 1); 
INSERT INTO IMAGE_TBL ( IMG_ID, IGP_ID, IMG_NAME, IMG_FILENAME, IMG_DELETE_FL, IMG_VERSION_ID,
PTN_ID ) VALUES ( 
747, 5, 'ShieldYellow', '/icon/shield_yellow.png', 'N', 1, 1); 
INSERT INTO IMAGE_TBL ( IMG_ID, IGP_ID, IMG_NAME, IMG_FILENAME, IMG_DELETE_FL, IMG_VERSION_ID,
PTN_ID ) VALUES ( 
748, 5, 'Spam', '/icon/spam.png', 'N', 1, 1); 
INSERT INTO IMAGE_TBL ( IMG_ID, IGP_ID, IMG_NAME, IMG_FILENAME, IMG_DELETE_FL, IMG_VERSION_ID,
PTN_ID ) VALUES ( 
749, 5, 'Spy', '/icon/spy.png', 'N', 1, 1); 
INSERT INTO IMAGE_TBL ( IMG_ID, IGP_ID, IMG_NAME, IMG_FILENAME, IMG_DELETE_FL, IMG_VERSION_ID,
PTN_ID ) VALUES ( 
750, 6, 'Alarmclock', '/icon/alarmclock.png', 'N', 1, 1); 
INSERT INTO IMAGE_TBL ( IMG_ID, IGP_ID, IMG_NAME, IMG_FILENAME, IMG_DELETE_FL, IMG_VERSION_ID,
PTN_ID ) VALUES ( 
751, 6, 'AlarmclockPause', '/icon/alarmclock_pause.png', 'N', 1, 1); 
INSERT INTO IMAGE_TBL ( IMG_ID, IGP_ID, IMG_NAME, IMG_FILENAME, IMG_DELETE_FL, IMG_VERSION_ID,
PTN_ID ) VALUES ( 
752, 6, 'AlarmclockPreferences', '/icon/alarmclock_preferences.png', 'N', 1, 1); 
INSERT INTO IMAGE_TBL ( IMG_ID, IGP_ID, IMG_NAME, IMG_FILENAME, IMG_DELETE_FL, IMG_VERSION_ID,
PTN_ID ) VALUES ( 
753, 6, 'AlarmclockRun', '/icon/alarmclock_run.png', 'N', 1, 1); 
INSERT INTO IMAGE_TBL ( IMG_ID, IGP_ID, IMG_NAME, IMG_FILENAME, IMG_DELETE_FL, IMG_VERSION_ID,
PTN_ID ) VALUES ( 
754, 6, 'AlarmclockStop', '/icon/alarmclock_stop.png', 'N', 1, 1); 
INSERT INTO IMAGE_TBL ( IMG_ID, IGP_ID, IMG_NAME, IMG_FILENAME, IMG_DELETE_FL, IMG_VERSION_ID,
PTN_ID ) VALUES ( 
755, 6, 'Ambulance', '/icon/ambulance.png', 'N', 1, 1); 
INSERT INTO IMAGE_TBL ( IMG_ID, IGP_ID, IMG_NAME, IMG_FILENAME, IMG_DELETE_FL, IMG_VERSION_ID,
PTN_ID ) VALUES ( 
756, 6, 'Angel', '/icon/angel.png', 'N', 1, 1); 
INSERT INTO IMAGE_TBL ( IMG_ID, IGP_ID, IMG_NAME, IMG_FILENAME, IMG_DELETE_FL, IMG_VERSION_ID,
PTN_ID ) VALUES ( 
757, 6, 'Astrologer', '/icon/astrologer.png', 'N', 1, 1); 
INSERT INTO IMAGE_TBL ( IMG_ID, IGP_ID, IMG_NAME, IMG_FILENAME, IMG_DELETE_FL, IMG_VERSION_ID,
PTN_ID ) VALUES ( 
758, 6, 'Atom', '/icon/atom.png', 'N', 1, 1); 
INSERT INTO IMAGE_TBL ( IMG_ID, IGP_ID, IMG_NAME, IMG_FILENAME, IMG_DELETE_FL, IMG_VERSION_ID,
PTN_ID ) VALUES ( 
759, 6, 'BandAid', '/icon/band_aid.png', 'N', 1, 1); 
INSERT INTO IMAGE_TBL ( IMG_ID, IGP_ID, IMG_NAME, IMG_FILENAME, IMG_DELETE_FL, IMG_VERSION_ID,
PTN_ID ) VALUES ( 
760, 6, 'Battery', '/icon/battery.png', 'N', 1, 1); 
INSERT INTO IMAGE_TBL ( IMG_ID, IGP_ID, IMG_NAME, IMG_FILENAME, IMG_DELETE_FL, IMG_VERSION_ID,
PTN_ID ) VALUES ( 
761, 6, 'BatteryAdd', '/icon/battery_add.png', 'N', 1, 1); 
INSERT INTO IMAGE_TBL ( IMG_ID, IGP_ID, IMG_NAME, IMG_FILENAME, IMG_DELETE_FL, IMG_VERSION_ID,
PTN_ID ) VALUES ( 
762, 6, 'BatteryConnection', '/icon/battery_connection.png', 'N', 1, 1); 
INSERT INTO IMAGE_TBL ( IMG_ID, IGP_ID, IMG_NAME, IMG_FILENAME, IMG_DELETE_FL, IMG_VERSION_ID,
PTN_ID ) VALUES ( 
763, 6, 'BatteryDelete', '/icon/battery_delete.png', 'N', 1, 1); 
INSERT INTO IMAGE_TBL ( IMG_ID, IGP_ID, IMG_NAME, IMG_FILENAME, IMG_DELETE_FL, IMG_VERSION_ID,
PTN_ID ) VALUES ( 
764, 6, 'BatteryOk', '/icon/battery_ok.png', 'N', 1, 1); 
INSERT INTO IMAGE_TBL ( IMG_ID, IGP_ID, IMG_NAME, IMG_FILENAME, IMG_DELETE_FL, IMG_VERSION_ID,
PTN_ID ) VALUES ( 
765, 6, 'BatteryPreferences', '/icon/battery_preferences.png', 'N', 1, 1); 
INSERT INTO IMAGE_TBL ( IMG_ID, IGP_ID, IMG_NAME, IMG_FILENAME, IMG_DELETE_FL, IMG_VERSION_ID,
PTN_ID ) VALUES ( 
766, 6, 'BatteryWarning', '/icon/battery_warning.png', 'N', 1, 1); 
INSERT INTO IMAGE_TBL ( IMG_ID, IGP_ID, IMG_NAME, IMG_FILENAME, IMG_DELETE_FL, IMG_VERSION_ID,
PTN_ID ) VALUES ( 
767, 6, 'Bed', '/icon/bed.png', 'N', 1, 1); 
INSERT INTO IMAGE_TBL ( IMG_ID, IGP_ID, IMG_NAME, IMG_FILENAME, IMG_DELETE_FL, IMG_VERSION_ID,
PTN_ID ) VALUES ( 
768, 6, 'Bell', '/icon/bell.png', 'N', 1, 1); 
INSERT INTO IMAGE_TBL ( IMG_ID, IGP_ID, IMG_NAME, IMG_FILENAME, IMG_DELETE_FL, IMG_VERSION_ID,
PTN_ID ) VALUES ( 
769, 6, 'BookBlue', '/icon/book_blue.png', 'N', 1, 1); 
INSERT INTO IMAGE_TBL ( IMG_ID, IGP_ID, IMG_NAME, IMG_FILENAME, IMG_DELETE_FL, IMG_VERSION_ID,
PTN_ID ) VALUES ( 
770, 6, 'BookBlueAdd', '/icon/book_blue_add.png', 'N', 1, 1); 
INSERT INTO IMAGE_TBL ( IMG_ID, IGP_ID, IMG_NAME, IMG_FILENAME, IMG_DELETE_FL, IMG_VERSION_ID,
PTN_ID ) VALUES ( 
771, 6, 'BookBlueDelete', '/icon/book_blue_delete.png', 'N', 1, 1); 
INSERT INTO IMAGE_TBL ( IMG_ID, IGP_ID, IMG_NAME, IMG_FILENAME, IMG_DELETE_FL, IMG_VERSION_ID,
PTN_ID ) VALUES ( 
772, 6, 'BookBlueFind', '/icon/book_blue_find.png', 'N', 1, 1); 
INSERT INTO IMAGE_TBL ( IMG_ID, IGP_ID, IMG_NAME, IMG_FILENAME, IMG_DELETE_FL, IMG_VERSION_ID,
PTN_ID ) VALUES ( 
773, 6, 'BookBlueNew', '/icon/book_blue_new.png', 'N', 1, 1); 
INSERT INTO IMAGE_TBL ( IMG_ID, IGP_ID, IMG_NAME, IMG_FILENAME, IMG_DELETE_FL, IMG_VERSION_ID,
PTN_ID ) VALUES ( 
774, 6, 'BookBlueNext', '/icon/book_blue_next.png', 'N', 1, 1); 
INSERT INTO IMAGE_TBL ( IMG_ID, IGP_ID, IMG_NAME, IMG_FILENAME, IMG_DELETE_FL, IMG_VERSION_ID,
PTN_ID ) VALUES ( 
775, 6, 'BookBluePreferences', '/icon/book_blue_preferences.png', 'N', 1, 1); 
INSERT INTO IMAGE_TBL ( IMG_ID, IGP_ID, IMG_NAME, IMG_FILENAME, IMG_DELETE_FL, IMG_VERSION_ID,
PTN_ID ) VALUES ( 
776, 6, 'BookBluePrevious', '/icon/book_blue_previous.png', 'N', 1, 1); 
INSERT INTO IMAGE_TBL ( IMG_ID, IGP_ID, IMG_NAME, IMG_FILENAME, IMG_DELETE_FL, IMG_VERSION_ID,
PTN_ID ) VALUES ( 
777, 6, 'BookBlueView', '/icon/book_blue_view.png', 'N', 1, 1); 
INSERT INTO IMAGE_TBL ( IMG_ID, IGP_ID, IMG_NAME, IMG_FILENAME, IMG_DELETE_FL, IMG_VERSION_ID,
PTN_ID ) VALUES ( 
778, 6, 'BookGreen', '/icon/book_green.png', 'N', 1, 1); 
INSERT INTO IMAGE_TBL ( IMG_ID, IGP_ID, IMG_NAME, IMG_FILENAME, IMG_DELETE_FL, IMG_VERSION_ID,
PTN_ID ) VALUES ( 
779, 6, 'BookOpen', '/icon/book_open.png', 'N', 1, 1); 
INSERT INTO IMAGE_TBL ( IMG_ID, IGP_ID, IMG_NAME, IMG_FILENAME, IMG_DELETE_FL, IMG_VERSION_ID,
PTN_ID ) VALUES ( 
780, 6, 'BookOpen2', '/icon/book_open2.png', 'N', 1, 1); 
INSERT INTO IMAGE_TBL ( IMG_ID, IGP_ID, IMG_NAME, IMG_FILENAME, IMG_DELETE_FL, IMG_VERSION_ID,
PTN_ID ) VALUES ( 
781, 6, 'BookRed', '/icon/book_red.png', 'N', 1, 1); 
INSERT INTO IMAGE_TBL ( IMG_ID, IGP_ID, IMG_NAME, IMG_FILENAME, IMG_DELETE_FL, IMG_VERSION_ID,
PTN_ID ) VALUES ( 
782, 6, 'Books', '/icon/books.png', 'N', 1, 1); 
INSERT INTO IMAGE_TBL ( IMG_ID, IGP_ID, IMG_NAME, IMG_FILENAME, IMG_DELETE_FL, IMG_VERSION_ID,
PTN_ID ) VALUES ( 
783, 6, 'BooksPreferences', '/icon/books_preferences.png', 'N', 1, 1); 
INSERT INTO IMAGE_TBL ( IMG_ID, IGP_ID, IMG_NAME, IMG_FILENAME, IMG_DELETE_FL, IMG_VERSION_ID,
PTN_ID ) VALUES ( 
784, 6, 'BookYellow', '/icon/book_yellow.png', 'N', 1, 1); 
INSERT INTO IMAGE_TBL ( IMG_ID, IGP_ID, IMG_NAME, IMG_FILENAME, IMG_DELETE_FL, IMG_VERSION_ID,
PTN_ID ) VALUES ( 
785, 6, 'Bottle', '/icon/bottle.png', 'N', 1, 1); 
INSERT INTO IMAGE_TBL ( IMG_ID, IGP_ID, IMG_NAME, IMG_FILENAME, IMG_DELETE_FL, IMG_VERSION_ID,
PTN_ID ) VALUES ( 
786, 6, 'BottleOfPills', '/icon/bottle_of_pills.png', 'N', 1, 1); 
INSERT INTO IMAGE_TBL ( IMG_ID, IGP_ID, IMG_NAME, IMG_FILENAME, IMG_DELETE_FL, IMG_VERSION_ID,
PTN_ID ) VALUES ( 
787, 6, 'Box', '/icon/box.png', 'N', 1, 1); 
INSERT INTO IMAGE_TBL ( IMG_ID, IGP_ID, IMG_NAME, IMG_FILENAME, IMG_DELETE_FL, IMG_VERSION_ID,
PTN_ID ) VALUES ( 
788, 6, 'BoxAdd', '/icon/box_add.png', 'N', 1, 1); 
INSERT INTO IMAGE_TBL ( IMG_ID, IGP_ID, IMG_NAME, IMG_FILENAME, IMG_DELETE_FL, IMG_VERSION_ID,
PTN_ID ) VALUES ( 
789, 6, 'BoxClosed', '/icon/box_closed.png', 'N', 1, 1); 
INSERT INTO IMAGE_TBL ( IMG_ID, IGP_ID, IMG_NAME, IMG_FILENAME, IMG_DELETE_FL, IMG_VERSION_ID,
PTN_ID ) VALUES ( 
790, 6, 'BoxDelete', '/icon/box_delete.png', 'N', 1, 1); 
INSERT INTO IMAGE_TBL ( IMG_ID, IGP_ID, IMG_NAME, IMG_FILENAME, IMG_DELETE_FL, IMG_VERSION_ID,
PTN_ID ) VALUES ( 
791, 6, 'BoxInto', '/icon/box_into.png', 'N', 1, 1); 
INSERT INTO IMAGE_TBL ( IMG_ID, IGP_ID, IMG_NAME, IMG_FILENAME, IMG_DELETE_FL, IMG_VERSION_ID,
PTN_ID ) VALUES ( 
792, 6, 'BoxNew', '/icon/box_new.png', 'N', 1, 1); 
INSERT INTO IMAGE_TBL ( IMG_ID, IGP_ID, IMG_NAME, IMG_FILENAME, IMG_DELETE_FL, IMG_VERSION_ID,
PTN_ID ) VALUES ( 
793, 6, 'BoxNext', '/icon/box_next.png', 'N', 1, 1); 
INSERT INTO IMAGE_TBL ( IMG_ID, IGP_ID, IMG_NAME, IMG_FILENAME, IMG_DELETE_FL, IMG_VERSION_ID,
PTN_ID ) VALUES ( 
794, 6, 'BoxOut', '/icon/box_out.png', 'N', 1, 1); 
INSERT INTO IMAGE_TBL ( IMG_ID, IGP_ID, IMG_NAME, IMG_FILENAME, IMG_DELETE_FL, IMG_VERSION_ID,
PTN_ID ) VALUES ( 
795, 6, 'BoxPreferences', '/icon/box_preferences.png', 'N', 1, 1); 
INSERT INTO IMAGE_TBL ( IMG_ID, IGP_ID, IMG_NAME, IMG_FILENAME, IMG_DELETE_FL, IMG_VERSION_ID,
PTN_ID ) VALUES ( 
796, 6, 'BoxPrevious', '/icon/box_previous.png', 'N', 1, 1); 
INSERT INTO IMAGE_TBL ( IMG_ID, IGP_ID, IMG_NAME, IMG_FILENAME, IMG_DELETE_FL, IMG_VERSION_ID,
PTN_ID ) VALUES ( 
797, 6, 'BoxSoftware', '/icon/box_software.png', 'N', 1, 1); 
INSERT INTO IMAGE_TBL ( IMG_ID, IGP_ID, IMG_NAME, IMG_FILENAME, IMG_DELETE_FL, IMG_VERSION_ID,
PTN_ID ) VALUES ( 
798, 6, 'BoxTall', '/icon/box_tall.png', 'N', 1, 1); 
INSERT INTO IMAGE_TBL ( IMG_ID, IGP_ID, IMG_NAME, IMG_FILENAME, IMG_DELETE_FL, IMG_VERSION_ID,
PTN_ID ) VALUES ( 
799, 6, 'BoxView', '/icon/box_view.png', 'N', 1, 1); 
INSERT INTO IMAGE_TBL ( IMG_ID, IGP_ID, IMG_NAME, IMG_FILENAME, IMG_DELETE_FL, IMG_VERSION_ID,
PTN_ID ) VALUES ( 
800, 6, 'BoxWhite', '/icon/box_white.png', 'N', 1, 1); 
INSERT INTO IMAGE_TBL ( IMG_ID, IGP_ID, IMG_NAME, IMG_FILENAME, IMG_DELETE_FL, IMG_VERSION_ID,
PTN_ID ) VALUES ( 
801, 6, 'Brush1', '/icon/brush1.png', 'N', 1, 1); 
INSERT INTO IMAGE_TBL ( IMG_ID, IGP_ID, IMG_NAME, IMG_FILENAME, IMG_DELETE_FL, IMG_VERSION_ID,
PTN_ID ) VALUES ( 
802, 6, 'Brush2', '/icon/brush2.png', 'N', 1, 1); 
INSERT INTO IMAGE_TBL ( IMG_ID, IGP_ID, IMG_NAME, IMG_FILENAME, IMG_DELETE_FL, IMG_VERSION_ID,
PTN_ID ) VALUES ( 
803, 6, 'Brush3', '/icon/brush3.png', 'N', 1, 1); 
INSERT INTO IMAGE_TBL ( IMG_ID, IGP_ID, IMG_NAME, IMG_FILENAME, IMG_DELETE_FL, IMG_VERSION_ID,
PTN_ID ) VALUES ( 
804, 6, 'Brush4', '/icon/brush4.png', 'N', 1, 1); 
INSERT INTO IMAGE_TBL ( IMG_ID, IGP_ID, IMG_NAME, IMG_FILENAME, IMG_DELETE_FL, IMG_VERSION_ID,
PTN_ID ) VALUES ( 
805, 6, 'Bullets', '/icon/bullets.png', 'N', 1, 1); 
INSERT INTO IMAGE_TBL ( IMG_ID, IGP_ID, IMG_NAME, IMG_FILENAME, IMG_DELETE_FL, IMG_VERSION_ID,
PTN_ID ) VALUES ( 
806, 6, 'Calculator', '/icon/calculator.png', 'N', 1, 1); 
INSERT INTO IMAGE_TBL ( IMG_ID, IGP_ID, IMG_NAME, IMG_FILENAME, IMG_DELETE_FL, IMG_VERSION_ID,
PTN_ID ) VALUES ( 
807, 6, 'Camera', '/icon/camera.png', 'N', 1, 1); 
INSERT INTO IMAGE_TBL ( IMG_ID, IGP_ID, IMG_NAME, IMG_FILENAME, IMG_DELETE_FL, IMG_VERSION_ID,
PTN_ID ) VALUES ( 
808, 6, 'Camera2', '/icon/camera2.png', 'N', 1, 1); 
INSERT INTO IMAGE_TBL ( IMG_ID, IGP_ID, IMG_NAME, IMG_FILENAME, IMG_DELETE_FL, IMG_VERSION_ID,
PTN_ID ) VALUES ( 
809, 6, 'Candle', '/icon/candle.png', 'N', 1, 1); 
INSERT INTO IMAGE_TBL ( IMG_ID, IGP_ID, IMG_NAME, IMG_FILENAME, IMG_DELETE_FL, IMG_VERSION_ID,
PTN_ID ) VALUES ( 
810, 6, 'Carabiner', '/icon/carabiner.png', 'N', 1, 1); 
INSERT INTO IMAGE_TBL ( IMG_ID, IGP_ID, IMG_NAME, IMG_FILENAME, IMG_DELETE_FL, IMG_VERSION_ID,
PTN_ID ) VALUES ( 
811, 6, 'CarCompactBlue', '/icon/car_compact_blue.png', 'N', 1, 1); 
INSERT INTO IMAGE_TBL ( IMG_ID, IGP_ID, IMG_NAME, IMG_FILENAME, IMG_DELETE_FL, IMG_VERSION_ID,
PTN_ID ) VALUES ( 
812, 6, 'CarCompactGreen', '/icon/car_compact_green.png', 'N', 1, 1); 
INSERT INTO IMAGE_TBL ( IMG_ID, IGP_ID, IMG_NAME, IMG_FILENAME, IMG_DELETE_FL, IMG_VERSION_ID,
PTN_ID ) VALUES ( 
813, 6, 'CarCompactGrey', '/icon/car_compact_grey.png', 'N', 1, 1); 
INSERT INTO IMAGE_TBL ( IMG_ID, IGP_ID, IMG_NAME, IMG_FILENAME, IMG_DELETE_FL, IMG_VERSION_ID,
PTN_ID ) VALUES ( 
814, 6, 'CarCompactOrange', '/icon/car_compact_orange.png', 'N', 1, 1); 
INSERT INTO IMAGE_TBL ( IMG_ID, IGP_ID, IMG_NAME, IMG_FILENAME, IMG_DELETE_FL, IMG_VERSION_ID,
PTN_ID ) VALUES ( 
815, 6, 'CarSedanBlue', '/icon/car_sedan_blue.png', 'N', 1, 1); 
INSERT INTO IMAGE_TBL ( IMG_ID, IGP_ID, IMG_NAME, IMG_FILENAME, IMG_DELETE_FL, IMG_VERSION_ID,
PTN_ID ) VALUES ( 
816, 6, 'CarSedanGreen', '/icon/car_sedan_green.png', 'N', 1, 1); 
INSERT INTO IMAGE_TBL ( IMG_ID, IGP_ID, IMG_NAME, IMG_FILENAME, IMG_DELETE_FL, IMG_VERSION_ID,
PTN_ID ) VALUES ( 
817, 6, 'CarSedanGrey', '/icon/car_sedan_grey.png', 'N', 1, 1); 
INSERT INTO IMAGE_TBL ( IMG_ID, IGP_ID, IMG_NAME, IMG_FILENAME, IMG_DELETE_FL, IMG_VERSION_ID,
PTN_ID ) VALUES ( 
818, 6, 'CarSedanOrange', '/icon/car_sedan_orange.png', 'N', 1, 1); 
INSERT INTO IMAGE_TBL ( IMG_ID, IGP_ID, IMG_NAME, IMG_FILENAME, IMG_DELETE_FL, IMG_VERSION_ID,
PTN_ID ) VALUES ( 
819, 6, 'Cd', '/icon/cd.png', 'N', 1, 1); 
INSERT INTO IMAGE_TBL ( IMG_ID, IGP_ID, IMG_NAME, IMG_FILENAME, IMG_DELETE_FL, IMG_VERSION_ID,
PTN_ID ) VALUES ( 
820, 6, 'CdAdd', '/icon/cd_add.png', 'N', 1, 1); 
INSERT INTO IMAGE_TBL ( IMG_ID, IGP_ID, IMG_NAME, IMG_FILENAME, IMG_DELETE_FL, IMG_VERSION_ID,
PTN_ID ) VALUES ( 
821, 6, 'CdDelete', '/icon/cd_delete.png', 'N', 1, 1); 
INSERT INTO IMAGE_TBL ( IMG_ID, IGP_ID, IMG_NAME, IMG_FILENAME, IMG_DELETE_FL, IMG_VERSION_ID,
PTN_ID ) VALUES ( 
822, 6, 'CdGold', '/icon/cd_gold.png', 'N', 1, 1); 
INSERT INTO IMAGE_TBL ( IMG_ID, IGP_ID, IMG_NAME, IMG_FILENAME, IMG_DELETE_FL, IMG_VERSION_ID,
PTN_ID ) VALUES ( 
823, 6, 'CdInto', '/icon/cd_into.png', 'N', 1, 1); 
INSERT INTO IMAGE_TBL ( IMG_ID, IGP_ID, IMG_NAME, IMG_FILENAME, IMG_DELETE_FL, IMG_VERSION_ID,
PTN_ID ) VALUES ( 
824, 6, 'CdMusic', '/icon/cd_music.png', 'N', 1, 1); 
INSERT INTO IMAGE_TBL ( IMG_ID, IGP_ID, IMG_NAME, IMG_FILENAME, IMG_DELETE_FL, IMG_VERSION_ID,
PTN_ID ) VALUES ( 
825, 6, 'CdNew', '/icon/cd_new.png', 'N', 1, 1); 
INSERT INTO IMAGE_TBL ( IMG_ID, IGP_ID, IMG_NAME, IMG_FILENAME, IMG_DELETE_FL, IMG_VERSION_ID,
PTN_ID ) VALUES ( 
826, 6, 'CdOut', '/icon/cd_out.png', 'N', 1, 1); 
INSERT INTO IMAGE_TBL ( IMG_ID, IGP_ID, IMG_NAME, IMG_FILENAME, IMG_DELETE_FL, IMG_VERSION_ID,
PTN_ID ) VALUES ( 
827, 6, 'CdPause', '/icon/cd_pause.png', 'N', 1, 1); 
INSERT INTO IMAGE_TBL ( IMG_ID, IGP_ID, IMG_NAME, IMG_FILENAME, IMG_DELETE_FL, IMG_VERSION_ID,
PTN_ID ) VALUES ( 
828, 6, 'CdRun', '/icon/cd_run.png', 'N', 1, 1); 
INSERT INTO IMAGE_TBL ( IMG_ID, IGP_ID, IMG_NAME, IMG_FILENAME, IMG_DELETE_FL, IMG_VERSION_ID,
PTN_ID ) VALUES ( 
829, 6, 'CdStop', '/icon/cd_stop.png', 'N', 1, 1); 
INSERT INTO IMAGE_TBL ( IMG_ID, IGP_ID, IMG_NAME, IMG_FILENAME, IMG_DELETE_FL, IMG_VERSION_ID,
PTN_ID ) VALUES ( 
830, 6, 'ChrystalBall', '/icon/chrystal_ball.png', 'N', 1, 1); 
INSERT INTO IMAGE_TBL ( IMG_ID, IGP_ID, IMG_NAME, IMG_FILENAME, IMG_DELETE_FL, IMG_VERSION_ID,
PTN_ID ) VALUES ( 
831, 6, 'Clock', '/icon/clock.png', 'N', 1, 1); 
INSERT INTO IMAGE_TBL ( IMG_ID, IGP_ID, IMG_NAME, IMG_FILENAME, IMG_DELETE_FL, IMG_VERSION_ID,
PTN_ID ) VALUES ( 
832, 6, 'ClockPause', '/icon/clock_pause.png', 'N', 1, 1); 
INSERT INTO IMAGE_TBL ( IMG_ID, IGP_ID, IMG_NAME, IMG_FILENAME, IMG_DELETE_FL, IMG_VERSION_ID,
PTN_ID ) VALUES ( 
833, 6, 'ClockPreferences', '/icon/clock_preferences.png', 'N', 1, 1); 
INSERT INTO IMAGE_TBL ( IMG_ID, IGP_ID, IMG_NAME, IMG_FILENAME, IMG_DELETE_FL, IMG_VERSION_ID,
PTN_ID ) VALUES ( 
834, 6, 'ClockRefresh', '/icon/clock_refresh.png', 'N', 1, 1); 
INSERT INTO IMAGE_TBL ( IMG_ID, IGP_ID, IMG_NAME, IMG_FILENAME, IMG_DELETE_FL, IMG_VERSION_ID,
PTN_ID ) VALUES ( 
835, 6, 'ClockReset', '/icon/clock_reset.png', 'N', 1, 1); 
INSERT INTO IMAGE_TBL ( IMG_ID, IGP_ID, IMG_NAME, IMG_FILENAME, IMG_DELETE_FL, IMG_VERSION_ID,
PTN_ID ) VALUES ( 
836, 6, 'ClockRun', '/icon/clock_run.png', 'N', 1, 1); 
INSERT INTO IMAGE_TBL ( IMG_ID, IGP_ID, IMG_NAME, IMG_FILENAME, IMG_DELETE_FL, IMG_VERSION_ID,
PTN_ID ) VALUES ( 
837, 6, 'ClockStop', '/icon/clock_stop.png', 'N', 1, 1); 
INSERT INTO IMAGE_TBL ( IMG_ID, IGP_ID, IMG_NAME, IMG_FILENAME, IMG_DELETE_FL, IMG_VERSION_ID,
PTN_ID ) VALUES ( 
838, 6, 'Colors', '/icon/colors.png', 'N', 1, 1); 
INSERT INTO IMAGE_TBL ( IMG_ID, IGP_ID, IMG_NAME, IMG_FILENAME, IMG_DELETE_FL, IMG_VERSION_ID,
PTN_ID ) VALUES ( 
839, 6, 'Compass', '/icon/compass.png', 'N', 1, 1); 
INSERT INTO IMAGE_TBL ( IMG_ID, IGP_ID, IMG_NAME, IMG_FILENAME, IMG_DELETE_FL, IMG_VERSION_ID,
PTN_ID ) VALUES ( 
840, 6, 'ConvertibleBlue', '/icon/convertible_blue.png', 'N', 1, 1); 
INSERT INTO IMAGE_TBL ( IMG_ID, IGP_ID, IMG_NAME, IMG_FILENAME, IMG_DELETE_FL, IMG_VERSION_ID,
PTN_ID ) VALUES ( 
841, 6, 'ConvertibleGreen', '/icon/convertible_green.png', 'N', 1, 1); 
INSERT INTO IMAGE_TBL ( IMG_ID, IGP_ID, IMG_NAME, IMG_FILENAME, IMG_DELETE_FL, IMG_VERSION_ID,
PTN_ID ) VALUES ( 
842, 6, 'ConvertibleGrey', '/icon/convertible_grey.png', 'N', 1, 1); 
INSERT INTO IMAGE_TBL ( IMG_ID, IGP_ID, IMG_NAME, IMG_FILENAME, IMG_DELETE_FL, IMG_VERSION_ID,
PTN_ID ) VALUES ( 
286, 1, 'StarRed', '/icon/star_red.png', 'N', 1, 1); 
INSERT INTO IMAGE_TBL ( IMG_ID, IGP_ID, IMG_NAME, IMG_FILENAME, IMG_DELETE_FL, IMG_VERSION_ID,
PTN_ID ) VALUES ( 
287, 1, 'StarYellow', '/icon/star_yellow.png', 'N', 1, 1); 
INSERT INTO IMAGE_TBL ( IMG_ID, IGP_ID, IMG_NAME, IMG_FILENAME, IMG_DELETE_FL, IMG_VERSION_ID,
PTN_ID ) VALUES ( 
1, 1, 'About', '/icon/about.png', 'N', 1, 1); 
INSERT INTO IMAGE_TBL ( IMG_ID, IGP_ID, IMG_NAME, IMG_FILENAME, IMG_DELETE_FL, IMG_VERSION_ID,
PTN_ID ) VALUES ( 
2, 1, 'Add', '/icon/add.png', 'N', 1, 1); 
INSERT INTO IMAGE_TBL ( IMG_ID, IGP_ID, IMG_NAME, IMG_FILENAME, IMG_DELETE_FL, IMG_VERSION_ID,
PTN_ID ) VALUES ( 
3, 1, 'Add2', '/icon/add2.png', 'N', 1, 1); 
INSERT INTO IMAGE_TBL ( IMG_ID, IGP_ID, IMG_NAME, IMG_FILENAME, IMG_DELETE_FL, IMG_VERSION_ID,
PTN_ID ) VALUES ( 
4, 1, 'ArrowDownBlue', '/icon/arrow_down_blue.png', 'N', 1, 1); 
INSERT INTO IMAGE_TBL ( IMG_ID, IGP_ID, IMG_NAME, IMG_FILENAME, IMG_DELETE_FL, IMG_VERSION_ID,
PTN_ID ) VALUES ( 
5, 1, 'ArrowDownGreen', '/icon/arrow_down_green.png', 'N', 1, 1); 
INSERT INTO IMAGE_TBL ( IMG_ID, IGP_ID, IMG_NAME, IMG_FILENAME, IMG_DELETE_FL, IMG_VERSION_ID,
PTN_ID ) VALUES ( 
6, 1, 'ArrowLeftBlue', '/icon/arrow_left_blue.png', 'N', 1, 1); 
INSERT INTO IMAGE_TBL ( IMG_ID, IGP_ID, IMG_NAME, IMG_FILENAME, IMG_DELETE_FL, IMG_VERSION_ID,
PTN_ID ) VALUES ( 
7, 1, 'ArrowLeftGreen', '/icon/arrow_left_green.png', 'N', 1, 1); 
INSERT INTO IMAGE_TBL ( IMG_ID, IGP_ID, IMG_NAME, IMG_FILENAME, IMG_DELETE_FL, IMG_VERSION_ID,
PTN_ID ) VALUES ( 
8, 1, 'ArrowRightBlue', '/icon/arrow_right_blue.png', 'N', 1, 1); 
INSERT INTO IMAGE_TBL ( IMG_ID, IGP_ID, IMG_NAME, IMG_FILENAME, IMG_DELETE_FL, IMG_VERSION_ID,
PTN_ID ) VALUES ( 
9, 1, 'ArrowRightGreen', '/icon/arrow_right_green.png', 'N', 1, 1); 
INSERT INTO IMAGE_TBL ( IMG_ID, IGP_ID, IMG_NAME, IMG_FILENAME, IMG_DELETE_FL, IMG_VERSION_ID,
PTN_ID ) VALUES ( 
10, 1, 'ArrowUpBlue', '/icon/arrow_up_blue.png', 'N', 1, 1); 
INSERT INTO IMAGE_TBL ( IMG_ID, IGP_ID, IMG_NAME, IMG_FILENAME, IMG_DELETE_FL, IMG_VERSION_ID,
PTN_ID ) VALUES ( 
11, 1, 'ArrowUpGreen', '/icon/arrow_up_green.png', 'N', 1, 1); 
INSERT INTO IMAGE_TBL ( IMG_ID, IGP_ID, IMG_NAME, IMG_FILENAME, IMG_DELETE_FL, IMG_VERSION_ID,
PTN_ID ) VALUES ( 
12, 1, 'Bookmark', '/icon/bookmark.png', 'N', 1, 1); 
INSERT INTO IMAGE_TBL ( IMG_ID, IGP_ID, IMG_NAME, IMG_FILENAME, IMG_DELETE_FL, IMG_VERSION_ID,
PTN_ID ) VALUES ( 
13, 1, 'BookmarkAdd', '/icon/bookmark_add.png', 'N', 1, 1); 
INSERT INTO IMAGE_TBL ( IMG_ID, IGP_ID, IMG_NAME, IMG_FILENAME, IMG_DELETE_FL, IMG_VERSION_ID,
PTN_ID ) VALUES ( 
14, 1, 'BookmarkDelete', '/icon/bookmark_delete.png', 'N', 1, 1); 
INSERT INTO IMAGE_TBL ( IMG_ID, IGP_ID, IMG_NAME, IMG_FILENAME, IMG_DELETE_FL, IMG_VERSION_ID,
PTN_ID ) VALUES ( 
15, 1, 'BookmarkDown', '/icon/bookmark_down.png', 'N', 1, 1); 
INSERT INTO IMAGE_TBL ( IMG_ID, IGP_ID, IMG_NAME, IMG_FILENAME, IMG_DELETE_FL, IMG_VERSION_ID,
PTN_ID ) VALUES ( 
16, 1, 'BookmarkNew', '/icon/bookmark_new.png', 'N', 1, 1); 
INSERT INTO IMAGE_TBL ( IMG_ID, IGP_ID, IMG_NAME, IMG_FILENAME, IMG_DELETE_FL, IMG_VERSION_ID,
PTN_ID ) VALUES ( 
17, 1, 'BookmarkPreferences', '/icon/bookmark_preferences.png', 'N', 1, 1); 
INSERT INTO IMAGE_TBL ( IMG_ID, IGP_ID, IMG_NAME, IMG_FILENAME, IMG_DELETE_FL, IMG_VERSION_ID,
PTN_ID ) VALUES ( 
18, 1, 'Bookmarks', '/icon/bookmarks.png', 'N', 1, 1); 
INSERT INTO IMAGE_TBL ( IMG_ID, IGP_ID, IMG_NAME, IMG_FILENAME, IMG_DELETE_FL, IMG_VERSION_ID,
PTN_ID ) VALUES ( 
19, 1, 'BookmarksPreferences', '/icon/bookmarks_preferences.png', 'N', 1, 1); 
INSERT INTO IMAGE_TBL ( IMG_ID, IGP_ID, IMG_NAME, IMG_FILENAME, IMG_DELETE_FL, IMG_VERSION_ID,
PTN_ID ) VALUES ( 
20, 1, 'BookmarkUp', '/icon/bookmark_up.png', 'N', 1, 1); 
INSERT INTO IMAGE_TBL ( IMG_ID, IGP_ID, IMG_NAME, IMG_FILENAME, IMG_DELETE_FL, IMG_VERSION_ID,
PTN_ID ) VALUES ( 
21, 1, 'Check', '/icon/check.png', 'N', 1, 1); 
INSERT INTO IMAGE_TBL ( IMG_ID, IGP_ID, IMG_NAME, IMG_FILENAME, IMG_DELETE_FL, IMG_VERSION_ID,
PTN_ID ) VALUES ( 
22, 1, 'Check2', '/icon/check2.png', 'N', 1, 1); 
INSERT INTO IMAGE_TBL ( IMG_ID, IGP_ID, IMG_NAME, IMG_FILENAME, IMG_DELETE_FL, IMG_VERSION_ID,
PTN_ID ) VALUES ( 
23, 1, 'Checks', '/icon/checks.png', 'N', 1, 1); 
INSERT INTO IMAGE_TBL ( IMG_ID, IGP_ID, IMG_NAME, IMG_FILENAME, IMG_DELETE_FL, IMG_VERSION_ID,
PTN_ID ) VALUES ( 
24, 1, 'Clipboard', '/icon/clipboard.png', 'N', 1, 1); 
INSERT INTO IMAGE_TBL ( IMG_ID, IGP_ID, IMG_NAME, IMG_FILENAME, IMG_DELETE_FL, IMG_VERSION_ID,
PTN_ID ) VALUES ( 
25, 1, 'ClipboardEmpty', '/icon/clipboard_empty.png', 'N', 1, 1); 
INSERT INTO IMAGE_TBL ( IMG_ID, IGP_ID, IMG_NAME, IMG_FILENAME, IMG_DELETE_FL, IMG_VERSION_ID,
PTN_ID ) VALUES ( 
26, 1, 'ClipboardNext', '/icon/clipboard_next.png', 'N', 1, 1); 
INSERT INTO IMAGE_TBL ( IMG_ID, IGP_ID, IMG_NAME, IMG_FILENAME, IMG_DELETE_FL, IMG_VERSION_ID,
PTN_ID ) VALUES ( 
27, 1, 'ClipboardNextDown', '/icon/clipboard_next_down.png', 'N', 1, 1); 
INSERT INTO IMAGE_TBL ( IMG_ID, IGP_ID, IMG_NAME, IMG_FILENAME, IMG_DELETE_FL, IMG_VERSION_ID,
PTN_ID ) VALUES ( 
28, 1, 'Contract', '/icon/contract.png', 'N', 1, 1); 
INSERT INTO IMAGE_TBL ( IMG_ID, IGP_ID, IMG_NAME, IMG_FILENAME, IMG_DELETE_FL, IMG_VERSION_ID,
PTN_ID ) VALUES ( 
29, 1, 'Copy', '/icon/copy.png', 'N', 1, 1); 
INSERT INTO IMAGE_TBL ( IMG_ID, IGP_ID, IMG_NAME, IMG_FILENAME, IMG_DELETE_FL, IMG_VERSION_ID,
PTN_ID ) VALUES ( 
30, 1, 'Cut', '/icon/cut.png', 'N', 1, 1); 
INSERT INTO IMAGE_TBL ( IMG_ID, IGP_ID, IMG_NAME, IMG_FILENAME, IMG_DELETE_FL, IMG_VERSION_ID,
PTN_ID ) VALUES ( 
31, 1, 'Delete', '/icon/delete.png', 'N', 1, 1); 
INSERT INTO IMAGE_TBL ( IMG_ID, IGP_ID, IMG_NAME, IMG_FILENAME, IMG_DELETE_FL, IMG_VERSION_ID,
PTN_ID ) VALUES ( 
32, 1, 'Delete2', '/icon/delete2.png', 'N', 1, 1); 
INSERT INTO IMAGE_TBL ( IMG_ID, IGP_ID, IMG_NAME, IMG_FILENAME, IMG_DELETE_FL, IMG_VERSION_ID,
PTN_ID ) VALUES ( 
33, 1, 'Desktop', '/icon/desktop.png', 'N', 1, 1); 
INSERT INTO IMAGE_TBL ( IMG_ID, IGP_ID, IMG_NAME, IMG_FILENAME, IMG_DELETE_FL, IMG_VERSION_ID,
PTN_ID ) VALUES ( 
34, 1, 'DiskBlue', '/icon/disk_blue.png', 'N', 1, 1); 
INSERT INTO IMAGE_TBL ( IMG_ID, IGP_ID, IMG_NAME, IMG_FILENAME, IMG_DELETE_FL, IMG_VERSION_ID,
PTN_ID ) VALUES ( 
35, 1, 'DiskBlueError', '/icon/disk_blue_error.png', 'N', 1, 1); 
INSERT INTO IMAGE_TBL ( IMG_ID, IGP_ID, IMG_NAME, IMG_FILENAME, IMG_DELETE_FL, IMG_VERSION_ID,
PTN_ID ) VALUES ( 
36, 1, 'DiskBlueInformation', '/icon/disk_blue_information.png', 'N', 1, 1); 
INSERT INTO IMAGE_TBL ( IMG_ID, IGP_ID, IMG_NAME, IMG_FILENAME, IMG_DELETE_FL, IMG_VERSION_ID,
PTN_ID ) VALUES ( 
37, 1, 'DiskBlueOk', '/icon/disk_blue_ok.png', 'N', 1, 1); 
INSERT INTO IMAGE_TBL ( IMG_ID, IGP_ID, IMG_NAME, IMG_FILENAME, IMG_DELETE_FL, IMG_VERSION_ID,
PTN_ID ) VALUES ( 
38, 1, 'DiskBlueWarning', '/icon/disk_blue_warning.png', 'N', 1, 1); 
INSERT INTO IMAGE_TBL ( IMG_ID, IGP_ID, IMG_NAME, IMG_FILENAME, IMG_DELETE_FL, IMG_VERSION_ID,
PTN_ID ) VALUES ( 
39, 1, 'DiskBlueWindow', '/icon/disk_blue_window.png', 'N', 1, 1); 
INSERT INTO IMAGE_TBL ( IMG_ID, IGP_ID, IMG_NAME, IMG_FILENAME, IMG_DELETE_FL, IMG_VERSION_ID,
PTN_ID ) VALUES ( 
40, 1, 'Diskdrive', '/icon/diskdrive.png', 'N', 1, 1); 
INSERT INTO IMAGE_TBL ( IMG_ID, IGP_ID, IMG_NAME, IMG_FILENAME, IMG_DELETE_FL, IMG_VERSION_ID,
PTN_ID ) VALUES ( 
41, 1, 'DiskGreen', '/icon/disk_green.png', 'N', 1, 1); 
INSERT INTO IMAGE_TBL ( IMG_ID, IGP_ID, IMG_NAME, IMG_FILENAME, IMG_DELETE_FL, IMG_VERSION_ID,
PTN_ID ) VALUES ( 
42, 1, 'Disks', '/icon/disks.png', 'N', 1, 1); 
INSERT INTO IMAGE_TBL ( IMG_ID, IGP_ID, IMG_NAME, IMG_FILENAME, IMG_DELETE_FL, IMG_VERSION_ID,
PTN_ID ) VALUES ( 
43, 1, 'DiskYellow', '/icon/disk_yellow.png', 'N', 1, 1); 
INSERT INTO IMAGE_TBL ( IMG_ID, IGP_ID, IMG_NAME, IMG_FILENAME, IMG_DELETE_FL, IMG_VERSION_ID,
PTN_ID ) VALUES ( 
44, 1, 'Document', '/icon/document.png', 'N', 1, 1); 
INSERT INTO IMAGE_TBL ( IMG_ID, IGP_ID, IMG_NAME, IMG_FILENAME, IMG_DELETE_FL, IMG_VERSION_ID,
PTN_ID ) VALUES ( 
45, 1, 'DocumentAdd', '/icon/document_add.png', 'N', 1, 1); 
INSERT INTO IMAGE_TBL ( IMG_ID, IGP_ID, IMG_NAME, IMG_FILENAME, IMG_DELETE_FL, IMG_VERSION_ID,
PTN_ID ) VALUES ( 
46, 1, 'DocumentAttachment', '/icon/document_attachment.png', 'N', 1, 1); 
INSERT INTO IMAGE_TBL ( IMG_ID, IGP_ID, IMG_NAME, IMG_FILENAME, IMG_DELETE_FL, IMG_VERSION_ID,
PTN_ID ) VALUES ( 
47, 1, 'DocumentCertificate', '/icon/document_certificate.png', 'N', 1, 1); 
INSERT INTO IMAGE_TBL ( IMG_ID, IGP_ID, IMG_NAME, IMG_FILENAME, IMG_DELETE_FL, IMG_VERSION_ID,
PTN_ID ) VALUES ( 
48, 1, 'DocumentChart', '/icon/document_chart.png', 'N', 1, 1); 
INSERT INTO IMAGE_TBL ( IMG_ID, IGP_ID, IMG_NAME, IMG_FILENAME, IMG_DELETE_FL, IMG_VERSION_ID,
PTN_ID ) VALUES ( 
49, 1, 'DocumentCheck', '/icon/document_check.png', 'N', 1, 1); 
INSERT INTO IMAGE_TBL ( IMG_ID, IGP_ID, IMG_NAME, IMG_FILENAME, IMG_DELETE_FL, IMG_VERSION_ID,
PTN_ID ) VALUES ( 
50, 1, 'DocumentConnection', '/icon/document_connection.png', 'N', 1, 1); 
INSERT INTO IMAGE_TBL ( IMG_ID, IGP_ID, IMG_NAME, IMG_FILENAME, IMG_DELETE_FL, IMG_VERSION_ID,
PTN_ID ) VALUES ( 
51, 1, 'DocumentCup', '/icon/document_cup.png', 'N', 1, 1); 
INSERT INTO IMAGE_TBL ( IMG_ID, IGP_ID, IMG_NAME, IMG_FILENAME, IMG_DELETE_FL, IMG_VERSION_ID,
PTN_ID ) VALUES ( 
52, 1, 'DocumentDelete', '/icon/document_delete.png', 'N', 1, 1); 
INSERT INTO IMAGE_TBL ( IMG_ID, IGP_ID, IMG_NAME, IMG_FILENAME, IMG_DELETE_FL, IMG_VERSION_ID,
PTN_ID ) VALUES ( 
53, 1, 'DocumentDirty', '/icon/document_dirty.png', 'N', 1, 1); 
INSERT INTO IMAGE_TBL ( IMG_ID, IGP_ID, IMG_NAME, IMG_FILENAME, IMG_DELETE_FL, IMG_VERSION_ID,
PTN_ID ) VALUES ( 
54, 1, 'DocumentDown', '/icon/document_down.png', 'N', 1, 1); 
INSERT INTO IMAGE_TBL ( IMG_ID, IGP_ID, IMG_NAME, IMG_FILENAME, IMG_DELETE_FL, IMG_VERSION_ID,
PTN_ID ) VALUES ( 
55, 1, 'DocumentEdit', '/icon/document_edit.png', 'N', 1, 1); 
INSERT INTO IMAGE_TBL ( IMG_ID, IGP_ID, IMG_NAME, IMG_FILENAME, IMG_DELETE_FL, IMG_VERSION_ID,
PTN_ID ) VALUES ( 
56, 1, 'DocumentError', '/icon/document_error.png', 'N', 1, 1); 
INSERT INTO IMAGE_TBL ( IMG_ID, IGP_ID, IMG_NAME, IMG_FILENAME, IMG_DELETE_FL, IMG_VERSION_ID,
PTN_ID ) VALUES ( 
57, 1, 'DocumentExchange', '/icon/document_exchange.png', 'N', 1, 1); 
INSERT INTO IMAGE_TBL ( IMG_ID, IGP_ID, IMG_NAME, IMG_FILENAME, IMG_DELETE_FL, IMG_VERSION_ID,
PTN_ID ) VALUES ( 
58, 1, 'DocumentFind', '/icon/document_find.png', 'N', 1, 1); 
INSERT INTO IMAGE_TBL ( IMG_ID, IGP_ID, IMG_NAME, IMG_FILENAME, IMG_DELETE_FL, IMG_VERSION_ID,
PTN_ID ) VALUES ( 
59, 1, 'DocumentGear', '/icon/document_gear.png', 'N', 1, 1); 
INSERT INTO IMAGE_TBL ( IMG_ID, IGP_ID, IMG_NAME, IMG_FILENAME, IMG_DELETE_FL, IMG_VERSION_ID,
PTN_ID ) VALUES ( 
60, 1, 'DocumentHeart', '/icon/document_heart.png', 'N', 1, 1); 
INSERT INTO IMAGE_TBL ( IMG_ID, IGP_ID, IMG_NAME, IMG_FILENAME, IMG_DELETE_FL, IMG_VERSION_ID,
PTN_ID ) VALUES ( 
61, 1, 'DocumentInfo', '/icon/document_info.png', 'N', 1, 1); 
INSERT INTO IMAGE_TBL ( IMG_ID, IGP_ID, IMG_NAME, IMG_FILENAME, IMG_DELETE_FL, IMG_VERSION_ID,
PTN_ID ) VALUES ( 
62, 1, 'DocumentInto', '/icon/document_into.png', 'N', 1, 1); 
INSERT INTO IMAGE_TBL ( IMG_ID, IGP_ID, IMG_NAME, IMG_FILENAME, IMG_DELETE_FL, IMG_VERSION_ID,
PTN_ID ) VALUES ( 
63, 1, 'DocumentLock', '/icon/document_lock.png', 'N', 1, 1); 
INSERT INTO IMAGE_TBL ( IMG_ID, IGP_ID, IMG_NAME, IMG_FILENAME, IMG_DELETE_FL, IMG_VERSION_ID,
PTN_ID ) VALUES ( 
64, 1, 'DocumentMusic', '/icon/document_music.png', 'N', 1, 1); 
INSERT INTO IMAGE_TBL ( IMG_ID, IGP_ID, IMG_NAME, IMG_FILENAME, IMG_DELETE_FL, IMG_VERSION_ID,
PTN_ID ) VALUES ( 
65, 1, 'DocumentNew', '/icon/document_new.png', 'N', 1, 1); 
INSERT INTO IMAGE_TBL ( IMG_ID, IGP_ID, IMG_NAME, IMG_FILENAME, IMG_DELETE_FL, IMG_VERSION_ID,
PTN_ID ) VALUES ( 
66, 1, 'DocumentNotebook', '/icon/document_notebook.png', 'N', 1, 1); 
INSERT INTO IMAGE_TBL ( IMG_ID, IGP_ID, IMG_NAME, IMG_FILENAME, IMG_DELETE_FL, IMG_VERSION_ID,
PTN_ID ) VALUES ( 
67, 1, 'DocumentOk', '/icon/document_ok.png', 'N', 1, 1); 
INSERT INTO IMAGE_TBL ( IMG_ID, IGP_ID, IMG_NAME, IMG_FILENAME, IMG_DELETE_FL, IMG_VERSION_ID,
PTN_ID ) VALUES ( 
68, 1, 'DocumentOut', '/icon/document_out.png', 'N', 1, 1); 
INSERT INTO IMAGE_TBL ( IMG_ID, IGP_ID, IMG_NAME, IMG_FILENAME, IMG_DELETE_FL, IMG_VERSION_ID,
PTN_ID ) VALUES ( 
69, 1, 'DocumentPinned', '/icon/document_pinned.png', 'N', 1, 1); 
INSERT INTO IMAGE_TBL ( IMG_ID, IGP_ID, IMG_NAME, IMG_FILENAME, IMG_DELETE_FL, IMG_VERSION_ID,
PTN_ID ) VALUES ( 
70, 1, 'DocumentPlain', '/icon/document_plain.png', 'N', 1, 1); 
INSERT INTO IMAGE_TBL ( IMG_ID, IGP_ID, IMG_NAME, IMG_FILENAME, IMG_DELETE_FL, IMG_VERSION_ID,
PTN_ID ) VALUES ( 
71, 1, 'DocumentPlainNew', '/icon/document_plain_new.png', 'N', 1, 1); 
INSERT INTO IMAGE_TBL ( IMG_ID, IGP_ID, IMG_NAME, IMG_FILENAME, IMG_DELETE_FL, IMG_VERSION_ID,
PTN_ID ) VALUES ( 
72, 1, 'DocumentPreferences', '/icon/document_preferences.png', 'N', 1, 1); 
INSERT INTO IMAGE_TBL ( IMG_ID, IGP_ID, IMG_NAME, IMG_FILENAME, IMG_DELETE_FL, IMG_VERSION_ID,
PTN_ID ) VALUES ( 
73, 1, 'DocumentPulse', '/icon/document_pulse.png', 'N', 1, 1); 
INSERT INTO IMAGE_TBL ( IMG_ID, IGP_ID, IMG_NAME, IMG_FILENAME, IMG_DELETE_FL, IMG_VERSION_ID,
PTN_ID ) VALUES ( 
74, 1, 'DocumentRefresh', '/icon/document_refresh.png', 'N', 1, 1); 
INSERT INTO IMAGE_TBL ( IMG_ID, IGP_ID, IMG_NAME, IMG_FILENAME, IMG_DELETE_FL, IMG_VERSION_ID,
PTN_ID ) VALUES ( 
75, 1, 'Documents', '/icon/documents.png', 'N', 1, 1); 
INSERT INTO IMAGE_TBL ( IMG_ID, IGP_ID, IMG_NAME, IMG_FILENAME, IMG_DELETE_FL, IMG_VERSION_ID,
PTN_ID ) VALUES ( 
76, 1, 'DocumentsGear', '/icon/documents_gear.png', 'N', 1, 1); 
INSERT INTO IMAGE_TBL ( IMG_ID, IGP_ID, IMG_NAME, IMG_FILENAME, IMG_DELETE_FL, IMG_VERSION_ID,
PTN_ID ) VALUES ( 
77, 1, 'DocumentsNew', '/icon/documents_new.png', 'N', 1, 1); 
INSERT INTO IMAGE_TBL ( IMG_ID, IGP_ID, IMG_NAME, IMG_FILENAME, IMG_DELETE_FL, IMG_VERSION_ID,
PTN_ID ) VALUES ( 
78, 1, 'DocumentsPreferences', '/icon/documents_preferences.png', 'N', 1, 1); 
INSERT INTO IMAGE_TBL ( IMG_ID, IGP_ID, IMG_NAME, IMG_FILENAME, IMG_DELETE_FL, IMG_VERSION_ID,
PTN_ID ) VALUES ( 
79, 1, 'DocumentStop', '/icon/document_stop.png', 'N', 1, 1); 
INSERT INTO IMAGE_TBL ( IMG_ID, IGP_ID, IMG_NAME, IMG_FILENAME, IMG_DELETE_FL, IMG_VERSION_ID,
PTN_ID ) VALUES ( 
80, 1, 'DocumentText', '/icon/document_text.png', 'N', 1, 1); 
INSERT INTO IMAGE_TBL ( IMG_ID, IGP_ID, IMG_NAME, IMG_FILENAME, IMG_DELETE_FL, IMG_VERSION_ID,
PTN_ID ) VALUES ( 
81, 1, 'DocumentTime', '/icon/document_time.png', 'N', 1, 1); 
INSERT INTO IMAGE_TBL ( IMG_ID, IGP_ID, IMG_NAME, IMG_FILENAME, IMG_DELETE_FL, IMG_VERSION_ID,
PTN_ID ) VALUES ( 
82, 1, 'DocumentUp', '/icon/document_up.png', 'N', 1, 1); 
INSERT INTO IMAGE_TBL ( IMG_ID, IGP_ID, IMG_NAME, IMG_FILENAME, IMG_DELETE_FL, IMG_VERSION_ID,
PTN_ID ) VALUES ( 
83, 1, 'DocumentView', '/icon/document_view.png', 'N', 1, 1); 
INSERT INTO IMAGE_TBL ( IMG_ID, IGP_ID, IMG_NAME, IMG_FILENAME, IMG_DELETE_FL, IMG_VERSION_ID,
PTN_ID ) VALUES ( 
84, 1, 'DocumentWarning', '/icon/document_warning.png', 'N', 1, 1); 
INSERT INTO IMAGE_TBL ( IMG_ID, IGP_ID, IMG_NAME, IMG_FILENAME, IMG_DELETE_FL, IMG_VERSION_ID,
PTN_ID ) VALUES ( 
85, 1, 'DocumentZoomIn', '/icon/document_zoom_in.png', 'N', 1, 1); 
INSERT INTO IMAGE_TBL ( IMG_ID, IGP_ID, IMG_NAME, IMG_FILENAME, IMG_DELETE_FL, IMG_VERSION_ID,
PTN_ID ) VALUES ( 
86, 1, 'DocumentZoomOut', '/icon/document_zoom_out.png', 'N', 1, 1); 
INSERT INTO IMAGE_TBL ( IMG_ID, IGP_ID, IMG_NAME, IMG_FILENAME, IMG_DELETE_FL, IMG_VERSION_ID,
PTN_ID ) VALUES ( 
87, 1, 'Door', '/icon/door.png', 'N', 1, 1); 
INSERT INTO IMAGE_TBL ( IMG_ID, IGP_ID, IMG_NAME, IMG_FILENAME, IMG_DELETE_FL, IMG_VERSION_ID,
PTN_ID ) VALUES ( 
88, 1, 'Door2', '/icon/door2.png', 'N', 1, 1); 
INSERT INTO IMAGE_TBL ( IMG_ID, IGP_ID, IMG_NAME, IMG_FILENAME, IMG_DELETE_FL, IMG_VERSION_ID,
PTN_ID ) VALUES ( 
89, 1, 'Edit', '/icon/edit.png', 'N', 1, 1); 
INSERT INTO IMAGE_TBL ( IMG_ID, IGP_ID, IMG_NAME, IMG_FILENAME, IMG_DELETE_FL, IMG_VERSION_ID,
PTN_ID ) VALUES ( 
90, 1, 'Error', '/icon/error.png', 'N', 1, 1); 
INSERT INTO IMAGE_TBL ( IMG_ID, IGP_ID, IMG_NAME, IMG_FILENAME, IMG_DELETE_FL, IMG_VERSION_ID,
PTN_ID ) VALUES ( 
91, 1, 'Exchange', '/icon/exchange.png', 'N', 1, 1); 
INSERT INTO IMAGE_TBL ( IMG_ID, IGP_ID, IMG_NAME, IMG_FILENAME, IMG_DELETE_FL, IMG_VERSION_ID,
PTN_ID ) VALUES ( 
92, 1, 'Exit', '/icon/exit.png', 'N', 1, 1); 
INSERT INTO IMAGE_TBL ( IMG_ID, IGP_ID, IMG_NAME, IMG_FILENAME, IMG_DELETE_FL, IMG_VERSION_ID,
PTN_ID ) VALUES ( 
93, 1, 'Export1', '/icon/export1.png', 'N', 1, 1); 
INSERT INTO IMAGE_TBL ( IMG_ID, IGP_ID, IMG_NAME, IMG_FILENAME, IMG_DELETE_FL, IMG_VERSION_ID,
PTN_ID ) VALUES ( 
94, 1, 'Export2', '/icon/export2.png', 'N', 1, 1); 
INSERT INTO IMAGE_TBL ( IMG_ID, IGP_ID, IMG_NAME, IMG_FILENAME, IMG_DELETE_FL, IMG_VERSION_ID,
PTN_ID ) VALUES ( 
95, 1, 'Find', '/icon/find.png', 'N', 1, 1); 
INSERT INTO IMAGE_TBL ( IMG_ID, IGP_ID, IMG_NAME, IMG_FILENAME, IMG_DELETE_FL, IMG_VERSION_ID,
PTN_ID ) VALUES ( 
96, 1, 'FindAgain', '/icon/find_again.png', 'N', 1, 1); 
INSERT INTO IMAGE_TBL ( IMG_ID, IGP_ID, IMG_NAME, IMG_FILENAME, IMG_DELETE_FL, IMG_VERSION_ID,
PTN_ID ) VALUES ( 
97, 1, 'FindNext', '/icon/find_next.png', 'N', 1, 1); 
INSERT INTO IMAGE_TBL ( IMG_ID, IGP_ID, IMG_NAME, IMG_FILENAME, IMG_DELETE_FL, IMG_VERSION_ID,
PTN_ID ) VALUES ( 
98, 1, 'FindPrevious', '/icon/find_previous.png', 'N', 1, 1); 
INSERT INTO IMAGE_TBL ( IMG_ID, IGP_ID, IMG_NAME, IMG_FILENAME, IMG_DELETE_FL, IMG_VERSION_ID,
PTN_ID ) VALUES ( 
99, 1, 'FindSelection', '/icon/find_selection.png', 'N', 1, 1); 
INSERT INTO IMAGE_TBL ( IMG_ID, IGP_ID, IMG_NAME, IMG_FILENAME, IMG_DELETE_FL, IMG_VERSION_ID,
PTN_ID ) VALUES ( 
100, 1, 'FindText', '/icon/find_text.png', 'N', 1, 1); 
INSERT INTO IMAGE_TBL ( IMG_ID, IGP_ID, IMG_NAME, IMG_FILENAME, IMG_DELETE_FL, IMG_VERSION_ID,
PTN_ID ) VALUES ( 
101, 1, 'FirstAid', '/icon/first_aid.png', 'N', 1, 1); 
INSERT INTO IMAGE_TBL ( IMG_ID, IGP_ID, IMG_NAME, IMG_FILENAME, IMG_DELETE_FL, IMG_VERSION_ID,
PTN_ID ) VALUES ( 
102, 1, 'FirstAidBox', '/icon/first_aid_box.png', 'N', 1, 1); 
INSERT INTO IMAGE_TBL ( IMG_ID, IGP_ID, IMG_NAME, IMG_FILENAME, IMG_DELETE_FL, IMG_VERSION_ID,
PTN_ID ) VALUES ( 
103, 1, 'FitToSize', '/icon/fit_to_size.png', 'N', 1, 1); 
INSERT INTO IMAGE_TBL ( IMG_ID, IGP_ID, IMG_NAME, IMG_FILENAME, IMG_DELETE_FL, IMG_VERSION_ID,
PTN_ID ) VALUES ( 
104, 1, 'Flash', '/icon/flash.png', 'N', 1, 1); 
INSERT INTO IMAGE_TBL ( IMG_ID, IGP_ID, IMG_NAME, IMG_FILENAME, IMG_DELETE_FL, IMG_VERSION_ID,
PTN_ID ) VALUES ( 
105, 1, 'Folder', '/icon/folder.png', 'N', 1, 1); 
INSERT INTO IMAGE_TBL ( IMG_ID, IGP_ID, IMG_NAME, IMG_FILENAME, IMG_DELETE_FL, IMG_VERSION_ID,
PTN_ID ) VALUES ( 
106, 1, 'FolderAdd', '/icon/folder_add.png', 'N', 1, 1); 
INSERT INTO IMAGE_TBL ( IMG_ID, IGP_ID, IMG_NAME, IMG_FILENAME, IMG_DELETE_FL, IMG_VERSION_ID,
PTN_ID ) VALUES ( 
107, 1, 'FolderClosed', '/icon/folder_closed.png', 'N', 1, 1); 
INSERT INTO IMAGE_TBL ( IMG_ID, IGP_ID, IMG_NAME, IMG_FILENAME, IMG_DELETE_FL, IMG_VERSION_ID,
PTN_ID ) VALUES ( 
108, 1, 'FolderCubes', '/icon/folder_cubes.png', 'N', 1, 1); 
INSERT INTO IMAGE_TBL ( IMG_ID, IGP_ID, IMG_NAME, IMG_FILENAME, IMG_DELETE_FL, IMG_VERSION_ID,
PTN_ID ) VALUES ( 
109, 1, 'FolderDelete', '/icon/folder_delete.png', 'N', 1, 1); 
INSERT INTO IMAGE_TBL ( IMG_ID, IGP_ID, IMG_NAME, IMG_FILENAME, IMG_DELETE_FL, IMG_VERSION_ID,
PTN_ID ) VALUES ( 
110, 1, 'FolderDocument', '/icon/folder_document.png', 'N', 1, 1); 
INSERT INTO IMAGE_TBL ( IMG_ID, IGP_ID, IMG_NAME, IMG_FILENAME, IMG_DELETE_FL, IMG_VERSION_ID,
PTN_ID ) VALUES ( 
111, 1, 'FolderEdit', '/icon/folder_edit.png', 'N', 1, 1); 
INSERT INTO IMAGE_TBL ( IMG_ID, IGP_ID, IMG_NAME, IMG_FILENAME, IMG_DELETE_FL, IMG_VERSION_ID,
PTN_ID ) VALUES ( 
112, 1, 'FolderForbidden', '/icon/folder_forbidden.png', 'N', 1, 1); 
INSERT INTO IMAGE_TBL ( IMG_ID, IGP_ID, IMG_NAME, IMG_FILENAME, IMG_DELETE_FL, IMG_VERSION_ID,
PTN_ID ) VALUES ( 
113, 1, 'FolderGear', '/icon/folder_gear.png', 'N', 1, 1); 
INSERT INTO IMAGE_TBL ( IMG_ID, IGP_ID, IMG_NAME, IMG_FILENAME, IMG_DELETE_FL, IMG_VERSION_ID,
PTN_ID ) VALUES ( 
114, 1, 'FolderInformation', '/icon/folder_information.png', 'N', 1, 1); 
INSERT INTO IMAGE_TBL ( IMG_ID, IGP_ID, IMG_NAME, IMG_FILENAME, IMG_DELETE_FL, IMG_VERSION_ID,
PTN_ID ) VALUES ( 
115, 1, 'FolderInto', '/icon/folder_into.png', 'N', 1, 1); 
INSERT INTO IMAGE_TBL ( IMG_ID, IGP_ID, IMG_NAME, IMG_FILENAME, IMG_DELETE_FL, IMG_VERSION_ID,
PTN_ID ) VALUES ( 
116, 1, 'FolderLock', '/icon/folder_lock.png', 'N', 1, 1); 
INSERT INTO IMAGE_TBL ( IMG_ID, IGP_ID, IMG_NAME, IMG_FILENAME, IMG_DELETE_FL, IMG_VERSION_ID,
PTN_ID ) VALUES ( 
117, 1, 'FolderMovie', '/icon/folder_movie.png', 'N', 1, 1); 
INSERT INTO IMAGE_TBL ( IMG_ID, IGP_ID, IMG_NAME, IMG_FILENAME, IMG_DELETE_FL, IMG_VERSION_ID,
PTN_ID ) VALUES ( 
118, 1, 'FolderMusic', '/icon/folder_music.png', 'N', 1, 1); 
INSERT INTO IMAGE_TBL ( IMG_ID, IGP_ID, IMG_NAME, IMG_FILENAME, IMG_DELETE_FL, IMG_VERSION_ID,
PTN_ID ) VALUES ( 
119, 1, 'FolderNetwork', '/icon/folder_network.png', 'N', 1, 1); 
INSERT INTO IMAGE_TBL ( IMG_ID, IGP_ID, IMG_NAME, IMG_FILENAME, IMG_DELETE_FL, IMG_VERSION_ID,
PTN_ID ) VALUES ( 
120, 1, 'FolderNew', '/icon/folder_new.png', 'N', 1, 1); 
INSERT INTO IMAGE_TBL ( IMG_ID, IGP_ID, IMG_NAME, IMG_FILENAME, IMG_DELETE_FL, IMG_VERSION_ID,
PTN_ID ) VALUES ( 
121, 1, 'FolderOk', '/icon/folder_ok.png', 'N', 1, 1); 
INSERT INTO IMAGE_TBL ( IMG_ID, IGP_ID, IMG_NAME, IMG_FILENAME, IMG_DELETE_FL, IMG_VERSION_ID,
PTN_ID ) VALUES ( 
122, 1, 'FolderOut', '/icon/folder_out.png', 'N', 1, 1); 
INSERT INTO IMAGE_TBL ( IMG_ID, IGP_ID, IMG_NAME, IMG_FILENAME, IMG_DELETE_FL, IMG_VERSION_ID,
PTN_ID ) VALUES ( 
123, 1, 'FolderPreferences', '/icon/folder_preferences.png', 'N', 1, 1); 
INSERT INTO IMAGE_TBL ( IMG_ID, IGP_ID, IMG_NAME, IMG_FILENAME, IMG_DELETE_FL, IMG_VERSION_ID,
PTN_ID ) VALUES ( 
124, 1, 'FolderRefresh', '/icon/folder_refresh.png', 'N', 1, 1); 
INSERT INTO IMAGE_TBL ( IMG_ID, IGP_ID, IMG_NAME, IMG_FILENAME, IMG_DELETE_FL, IMG_VERSION_ID,
PTN_ID ) VALUES ( 
125, 1, 'Folders', '/icon/folders.png', 'N', 1, 1); 
INSERT INTO IMAGE_TBL ( IMG_ID, IGP_ID, IMG_NAME, IMG_FILENAME, IMG_DELETE_FL, IMG_VERSION_ID,
PTN_ID ) VALUES ( 
126, 1, 'FolderTime', '/icon/folder_time.png', 'N', 1, 1); 
INSERT INTO IMAGE_TBL ( IMG_ID, IGP_ID, IMG_NAME, IMG_FILENAME, IMG_DELETE_FL, IMG_VERSION_ID,
PTN_ID ) VALUES ( 
127, 1, 'FolderUp', '/icon/folder_up.png', 'N', 1, 1); 
INSERT INTO IMAGE_TBL ( IMG_ID, IGP_ID, IMG_NAME, IMG_FILENAME, IMG_DELETE_FL, IMG_VERSION_ID,
PTN_ID ) VALUES ( 
128, 1, 'FolderView', '/icon/folder_view.png', 'N', 1, 1); 
INSERT INTO IMAGE_TBL ( IMG_ID, IGP_ID, IMG_NAME, IMG_FILENAME, IMG_DELETE_FL, IMG_VERSION_ID,
PTN_ID ) VALUES ( 
129, 1, 'FolderWarning', '/icon/folder_warning.png', 'N', 1, 1); 
INSERT INTO IMAGE_TBL ( IMG_ID, IGP_ID, IMG_NAME, IMG_FILENAME, IMG_DELETE_FL, IMG_VERSION_ID,
PTN_ID ) VALUES ( 
130, 1, 'FolderWindow', '/icon/folder_window.png', 'N', 1, 1); 
INSERT INTO IMAGE_TBL ( IMG_ID, IGP_ID, IMG_NAME, IMG_FILENAME, IMG_DELETE_FL, IMG_VERSION_ID,
PTN_ID ) VALUES ( 
131, 1, 'Font', '/icon/font.png', 'N', 1, 1); 
INSERT INTO IMAGE_TBL ( IMG_ID, IGP_ID, IMG_NAME, IMG_FILENAME, IMG_DELETE_FL, IMG_VERSION_ID,
PTN_ID ) VALUES ( 
132, 1, 'Forbidden', '/icon/forbidden.png', 'N', 1, 1); 
INSERT INTO IMAGE_TBL ( IMG_ID, IGP_ID, IMG_NAME, IMG_FILENAME, IMG_DELETE_FL, IMG_VERSION_ID,
PTN_ID ) VALUES ( 
133, 1, 'FormBlue', '/icon/form_blue.png', 'N', 1, 1); 
INSERT INTO IMAGE_TBL ( IMG_ID, IGP_ID, IMG_NAME, IMG_FILENAME, IMG_DELETE_FL, IMG_VERSION_ID,
PTN_ID ) VALUES ( 
134, 1, 'FormGreen', '/icon/form_green.png', 'N', 1, 1); 
INSERT INTO IMAGE_TBL ( IMG_ID, IGP_ID, IMG_NAME, IMG_FILENAME, IMG_DELETE_FL, IMG_VERSION_ID,
PTN_ID ) VALUES ( 
135, 1, 'FormRed', '/icon/form_red.png', 'N', 1, 1); 
INSERT INTO IMAGE_TBL ( IMG_ID, IGP_ID, IMG_NAME, IMG_FILENAME, IMG_DELETE_FL, IMG_VERSION_ID,
PTN_ID ) VALUES ( 
136, 1, 'FormYellow', '/icon/form_yellow.png', 'N', 1, 1); 
INSERT INTO IMAGE_TBL ( IMG_ID, IGP_ID, IMG_NAME, IMG_FILENAME, IMG_DELETE_FL, IMG_VERSION_ID,
PTN_ID ) VALUES ( 
137, 1, 'Garbage', '/icon/garbage.png', 'N', 1, 1); 
INSERT INTO IMAGE_TBL ( IMG_ID, IGP_ID, IMG_NAME, IMG_FILENAME, IMG_DELETE_FL, IMG_VERSION_ID,
PTN_ID ) VALUES ( 
138, 1, 'GarbageEmpty', '/icon/garbage_empty.png', 'N', 1, 1); 
INSERT INTO IMAGE_TBL ( IMG_ID, IGP_ID, IMG_NAME, IMG_FILENAME, IMG_DELETE_FL, IMG_VERSION_ID,
PTN_ID ) VALUES ( 
139, 1, 'GarbageFull', '/icon/garbage_full.png', 'N', 1, 1); 
INSERT INTO IMAGE_TBL ( IMG_ID, IGP_ID, IMG_NAME, IMG_FILENAME, IMG_DELETE_FL, IMG_VERSION_ID,
PTN_ID ) VALUES ( 
140, 1, 'Gear', '/icon/gear.png', 'N', 1, 1); 
INSERT INTO IMAGE_TBL ( IMG_ID, IGP_ID, IMG_NAME, IMG_FILENAME, IMG_DELETE_FL, IMG_VERSION_ID,
PTN_ID ) VALUES ( 
141, 1, 'GearAdd', '/icon/gear_add.png', 'N', 1, 1); 
INSERT INTO IMAGE_TBL ( IMG_ID, IGP_ID, IMG_NAME, IMG_FILENAME, IMG_DELETE_FL, IMG_VERSION_ID,
PTN_ID ) VALUES ( 
142, 1, 'GearConnection', '/icon/gear_connection.png', 'N', 1, 1); 
INSERT INTO IMAGE_TBL ( IMG_ID, IGP_ID, IMG_NAME, IMG_FILENAME, IMG_DELETE_FL, IMG_VERSION_ID,
PTN_ID ) VALUES ( 
143, 1, 'GearDelete', '/icon/gear_delete.png', 'N', 1, 1); 
INSERT INTO IMAGE_TBL ( IMG_ID, IGP_ID, IMG_NAME, IMG_FILENAME, IMG_DELETE_FL, IMG_VERSION_ID,
PTN_ID ) VALUES ( 
144, 1, 'GearError', '/icon/gear_error.png', 'N', 1, 1); 
INSERT INTO IMAGE_TBL ( IMG_ID, IGP_ID, IMG_NAME, IMG_FILENAME, IMG_DELETE_FL, IMG_VERSION_ID,
PTN_ID ) VALUES ( 
145, 1, 'GearFind', '/icon/gear_find.png', 'N', 1, 1); 
INSERT INTO IMAGE_TBL ( IMG_ID, IGP_ID, IMG_NAME, IMG_FILENAME, IMG_DELETE_FL, IMG_VERSION_ID,
PTN_ID ) VALUES ( 
146, 1, 'GearForbidden', '/icon/gear_forbidden.png', 'N', 1, 1); 
INSERT INTO IMAGE_TBL ( IMG_ID, IGP_ID, IMG_NAME, IMG_FILENAME, IMG_DELETE_FL, IMG_VERSION_ID,
PTN_ID ) VALUES ( 
147, 1, 'GearInformation', '/icon/gear_information.png', 'N', 1, 1); 
INSERT INTO IMAGE_TBL ( IMG_ID, IGP_ID, IMG_NAME, IMG_FILENAME, IMG_DELETE_FL, IMG_VERSION_ID,
PTN_ID ) VALUES ( 
148, 1, 'GearNew', '/icon/gear_new.png', 'N', 1, 1); 
INSERT INTO IMAGE_TBL ( IMG_ID, IGP_ID, IMG_NAME, IMG_FILENAME, IMG_DELETE_FL, IMG_VERSION_ID,
PTN_ID ) VALUES ( 
149, 1, 'GearOk', '/icon/gear_ok.png', 'N', 1, 1); 
INSERT INTO IMAGE_TBL ( IMG_ID, IGP_ID, IMG_NAME, IMG_FILENAME, IMG_DELETE_FL, IMG_VERSION_ID,
PTN_ID ) VALUES ( 
150, 1, 'GearPause', '/icon/gear_pause.png', 'N', 1, 1); 
INSERT INTO IMAGE_TBL ( IMG_ID, IGP_ID, IMG_NAME, IMG_FILENAME, IMG_DELETE_FL, IMG_VERSION_ID,
PTN_ID ) VALUES ( 
151, 1, 'GearPreferences', '/icon/gear_preferences.png', 'N', 1, 1); 
INSERT INTO IMAGE_TBL ( IMG_ID, IGP_ID, IMG_NAME, IMG_FILENAME, IMG_DELETE_FL, IMG_VERSION_ID,
PTN_ID ) VALUES ( 
152, 1, 'GearRefresh', '/icon/gear_refresh.png', 'N', 1, 1); 
INSERT INTO IMAGE_TBL ( IMG_ID, IGP_ID, IMG_NAME, IMG_FILENAME, IMG_DELETE_FL, IMG_VERSION_ID,
PTN_ID ) VALUES ( 
153, 1, 'GearReplace', '/icon/gear_replace.png', 'N', 1, 1); 
INSERT INTO IMAGE_TBL ( IMG_ID, IGP_ID, IMG_NAME, IMG_FILENAME, IMG_DELETE_FL, IMG_VERSION_ID,
PTN_ID ) VALUES ( 
154, 1, 'GearRun', '/icon/gear_run.png', 'N', 1, 1); 
INSERT INTO IMAGE_TBL ( IMG_ID, IGP_ID, IMG_NAME, IMG_FILENAME, IMG_DELETE_FL, IMG_VERSION_ID,
PTN_ID ) VALUES ( 
155, 1, 'Gears', '/icon/gears.png', 'N', 1, 1); 
INSERT INTO IMAGE_TBL ( IMG_ID, IGP_ID, IMG_NAME, IMG_FILENAME, IMG_DELETE_FL, IMG_VERSION_ID,
PTN_ID ) VALUES ( 
156, 1, 'GearsPause', '/icon/gears_pause.png', 'N', 1, 1); 
INSERT INTO IMAGE_TBL ( IMG_ID, IGP_ID, IMG_NAME, IMG_FILENAME, IMG_DELETE_FL, IMG_VERSION_ID,
PTN_ID ) VALUES ( 
157, 1, 'GearsPreferences', '/icon/gears_preferences.png', 'N', 1, 1); 
INSERT INTO IMAGE_TBL ( IMG_ID, IGP_ID, IMG_NAME, IMG_FILENAME, IMG_DELETE_FL, IMG_VERSION_ID,
PTN_ID ) VALUES ( 
158, 1, 'GearsRun', '/icon/gears_run.png', 'N', 1, 1); 
INSERT INTO IMAGE_TBL ( IMG_ID, IGP_ID, IMG_NAME, IMG_FILENAME, IMG_DELETE_FL, IMG_VERSION_ID,
PTN_ID ) VALUES ( 
159, 1, 'GearsStop', '/icon/gears_stop.png', 'N', 1, 1); 
INSERT INTO IMAGE_TBL ( IMG_ID, IGP_ID, IMG_NAME, IMG_FILENAME, IMG_DELETE_FL, IMG_VERSION_ID,
PTN_ID ) VALUES ( 
160, 1, 'GearStop', '/icon/gear_stop.png', 'N', 1, 1); 
INSERT INTO IMAGE_TBL ( IMG_ID, IGP_ID, IMG_NAME, IMG_FILENAME, IMG_DELETE_FL, IMG_VERSION_ID,
PTN_ID ) VALUES ( 
161, 1, 'GearsView', '/icon/gears_view.png', 'N', 1, 1); 
INSERT INTO IMAGE_TBL ( IMG_ID, IGP_ID, IMG_NAME, IMG_FILENAME, IMG_DELETE_FL, IMG_VERSION_ID,
PTN_ID ) VALUES ( 
162, 1, 'GearTime', '/icon/gear_time.png', 'N', 1, 1); 
INSERT INTO IMAGE_TBL ( IMG_ID, IGP_ID, IMG_NAME, IMG_FILENAME, IMG_DELETE_FL, IMG_VERSION_ID,
PTN_ID ) VALUES ( 
163, 1, 'GearView', '/icon/gear_view.png', 'N', 1, 1); 
INSERT INTO IMAGE_TBL ( IMG_ID, IGP_ID, IMG_NAME, IMG_FILENAME, IMG_DELETE_FL, IMG_VERSION_ID,
PTN_ID ) VALUES ( 
164, 1, 'GearWarning', '/icon/gear_warning.png', 'N', 1, 1); 
INSERT INTO IMAGE_TBL ( IMG_ID, IGP_ID, IMG_NAME, IMG_FILENAME, IMG_DELETE_FL, IMG_VERSION_ID,
PTN_ID ) VALUES ( 
165, 1, 'Harddisk', '/icon/harddisk.png', 'N', 1, 1); 
INSERT INTO IMAGE_TBL ( IMG_ID, IGP_ID, IMG_NAME, IMG_FILENAME, IMG_DELETE_FL, IMG_VERSION_ID,
PTN_ID ) VALUES ( 
166, 1, 'HarddiskAdd', '/icon/harddisk_add.png', 'N', 1, 1); 
INSERT INTO IMAGE_TBL ( IMG_ID, IGP_ID, IMG_NAME, IMG_FILENAME, IMG_DELETE_FL, IMG_VERSION_ID,
PTN_ID ) VALUES ( 
167, 1, 'HarddiskDelete', '/icon/harddisk_delete.png', 'N', 1, 1); 
INSERT INTO IMAGE_TBL ( IMG_ID, IGP_ID, IMG_NAME, IMG_FILENAME, IMG_DELETE_FL, IMG_VERSION_ID,
PTN_ID ) VALUES ( 
168, 1, 'HarddiskNetwork', '/icon/harddisk_network.png', 'N', 1, 1); 
INSERT INTO IMAGE_TBL ( IMG_ID, IGP_ID, IMG_NAME, IMG_FILENAME, IMG_DELETE_FL, IMG_VERSION_ID,
PTN_ID ) VALUES ( 
169, 1, 'Heart', '/icon/heart.png', 'N', 1, 1); 
INSERT INTO IMAGE_TBL ( IMG_ID, IGP_ID, IMG_NAME, IMG_FILENAME, IMG_DELETE_FL, IMG_VERSION_ID,
PTN_ID ) VALUES ( 
170, 1, 'HeartAdd', '/icon/heart_add.png', 'N', 1, 1); 
INSERT INTO IMAGE_TBL ( IMG_ID, IGP_ID, IMG_NAME, IMG_FILENAME, IMG_DELETE_FL, IMG_VERSION_ID,
PTN_ID ) VALUES ( 
1030, 6, 'Powerdrill', '/icon/power-drill.png', 'N', 1, 1); 
INSERT INTO IMAGE_TBL ( IMG_ID, IGP_ID, IMG_NAME, IMG_FILENAME, IMG_DELETE_FL, IMG_VERSION_ID,
PTN_ID ) VALUES ( 
1031, 6, 'Press', '/icon/press.png', 'N', 1, 1); 
INSERT INTO IMAGE_TBL ( IMG_ID, IGP_ID, IMG_NAME, IMG_FILENAME, IMG_DELETE_FL, IMG_VERSION_ID,
PTN_ID ) VALUES ( 
1032, 6, 'Printer', '/icon/printer.png', 'N', 1, 1); 
INSERT INTO IMAGE_TBL ( IMG_ID, IGP_ID, IMG_NAME, IMG_FILENAME, IMG_DELETE_FL, IMG_VERSION_ID,
PTN_ID ) VALUES ( 
1033, 6, 'Printer2', '/icon/printer2.png', 'N', 1, 1); 
INSERT INTO IMAGE_TBL ( IMG_ID, IGP_ID, IMG_NAME, IMG_FILENAME, IMG_DELETE_FL, IMG_VERSION_ID,
PTN_ID ) VALUES ( 
1034, 6, 'PrinterAdd', '/icon/printer_add.png', 'N', 1, 1); 
INSERT INTO IMAGE_TBL ( IMG_ID, IGP_ID, IMG_NAME, IMG_FILENAME, IMG_DELETE_FL, IMG_VERSION_ID,
PTN_ID ) VALUES ( 
1035, 6, 'PrinterDelete', '/icon/printer_delete.png', 'N', 1, 1); 
INSERT INTO IMAGE_TBL ( IMG_ID, IGP_ID, IMG_NAME, IMG_FILENAME, IMG_DELETE_FL, IMG_VERSION_ID,
PTN_ID ) VALUES ( 
1036, 6, 'PrinterError', '/icon/printer_error.png', 'N', 1, 1); 
INSERT INTO IMAGE_TBL ( IMG_ID, IGP_ID, IMG_NAME, IMG_FILENAME, IMG_DELETE_FL, IMG_VERSION_ID,
PTN_ID ) VALUES ( 
1037, 6, 'PrinterInformation', '/icon/printer_information.png', 'N', 1, 1); 
INSERT INTO IMAGE_TBL ( IMG_ID, IGP_ID, IMG_NAME, IMG_FILENAME, IMG_DELETE_FL, IMG_VERSION_ID,
PTN_ID ) VALUES ( 
1038, 6, 'PrinterNetwork', '/icon/printer_network.png', 'N', 1, 1); 
INSERT INTO IMAGE_TBL ( IMG_ID, IGP_ID, IMG_NAME, IMG_FILENAME, IMG_DELETE_FL, IMG_VERSION_ID,
PTN_ID ) VALUES ( 
1039, 6, 'PrinterNew', '/icon/printer_new.png', 'N', 1, 1); 
INSERT INTO IMAGE_TBL ( IMG_ID, IGP_ID, IMG_NAME, IMG_FILENAME, IMG_DELETE_FL, IMG_VERSION_ID,
PTN_ID ) VALUES ( 
1040, 6, 'PrinterOk', '/icon/printer_ok.png', 'N', 1, 1); 
INSERT INTO IMAGE_TBL ( IMG_ID, IGP_ID, IMG_NAME, IMG_FILENAME, IMG_DELETE_FL, IMG_VERSION_ID,
PTN_ID ) VALUES ( 
1041, 6, 'PrinterPreferences', '/icon/printer_preferences.png', 'N', 1, 1); 
INSERT INTO IMAGE_TBL ( IMG_ID, IGP_ID, IMG_NAME, IMG_FILENAME, IMG_DELETE_FL, IMG_VERSION_ID,
PTN_ID ) VALUES ( 
1042, 6, 'PrinterView', '/icon/printer_view.png', 'N', 1, 1); 
INSERT INTO IMAGE_TBL ( IMG_ID, IGP_ID, IMG_NAME, IMG_FILENAME, IMG_DELETE_FL, IMG_VERSION_ID,
PTN_ID ) VALUES ( 
1043, 6, 'PrinterWarning', '/icon/printer_warning.png', 'N', 1, 1); 
INSERT INTO IMAGE_TBL ( IMG_ID, IGP_ID, IMG_NAME, IMG_FILENAME, IMG_DELETE_FL, IMG_VERSION_ID,
PTN_ID ) VALUES ( 
1044, 6, 'Product', '/icon/product.png', 'N', 1, 1); 
INSERT INTO IMAGE_TBL ( IMG_ID, IGP_ID, IMG_NAME, IMG_FILENAME, IMG_DELETE_FL, IMG_VERSION_ID,
PTN_ID ) VALUES ( 
1045, 6, 'Product2', '/icon/product2.png', 'N', 1, 1); 
INSERT INTO IMAGE_TBL ( IMG_ID, IGP_ID, IMG_NAME, IMG_FILENAME, IMG_DELETE_FL, IMG_VERSION_ID,
PTN_ID ) VALUES ( 
1046, 6, 'Radio', '/icon/radio.png', 'N', 1, 1); 
INSERT INTO IMAGE_TBL ( IMG_ID, IGP_ID, IMG_NAME, IMG_FILENAME, IMG_DELETE_FL, IMG_VERSION_ID,
PTN_ID ) VALUES ( 
1047, 6, 'Record', '/icon/record.png', 'N', 1, 1); 
INSERT INTO IMAGE_TBL ( IMG_ID, IGP_ID, IMG_NAME, IMG_FILENAME, IMG_DELETE_FL, IMG_VERSION_ID,
PTN_ID ) VALUES ( 
1048, 6, 'Remotecontrol', '/icon/remotecontrol.png', 'N', 1, 1); 
INSERT INTO IMAGE_TBL ( IMG_ID, IGP_ID, IMG_NAME, IMG_FILENAME, IMG_DELETE_FL, IMG_VERSION_ID,
PTN_ID ) VALUES ( 
1049, 6, 'Remotecontrol2', '/icon/remotecontrol2.png', 'N', 1, 1); 
INSERT INTO IMAGE_TBL ( IMG_ID, IGP_ID, IMG_NAME, IMG_FILENAME, IMG_DELETE_FL, IMG_VERSION_ID,
PTN_ID ) VALUES ( 
1050, 6, 'Remotecontrol3', '/icon/remotecontrol3.png', 'N', 1, 1); 
INSERT INTO IMAGE_TBL ( IMG_ID, IGP_ID, IMG_NAME, IMG_FILENAME, IMG_DELETE_FL, IMG_VERSION_ID,
PTN_ID ) VALUES ( 
1051, 6, 'RemotecontrolPreferences', '/icon/remotecontrol_preferences.png', 'N', 1
, 1); 
INSERT INTO IMAGE_TBL ( IMG_ID, IGP_ID, IMG_NAME, IMG_FILENAME, IMG_DELETE_FL, IMG_VERSION_ID,
PTN_ID ) VALUES ( 
1052, 6, 'Scanner', '/icon/scanner.png', 'N', 1, 1); 
INSERT INTO IMAGE_TBL ( IMG_ID, IGP_ID, IMG_NAME, IMG_FILENAME, IMG_DELETE_FL, IMG_VERSION_ID,
PTN_ID ) VALUES ( 
1053, 6, 'Screwdriver', '/icon/screwdriver.png', 'N', 1, 1); 
INSERT INTO IMAGE_TBL ( IMG_ID, IGP_ID, IMG_NAME, IMG_FILENAME, IMG_DELETE_FL, IMG_VERSION_ID,
PTN_ID ) VALUES ( 
1054, 6, 'SignalingDiskGreen', '/icon/signaling_disk_green.png', 'N', 1, 1); 
INSERT INTO IMAGE_TBL ( IMG_ID, IGP_ID, IMG_NAME, IMG_FILENAME, IMG_DELETE_FL, IMG_VERSION_ID,
PTN_ID ) VALUES ( 
1055, 6, 'SignalingDiskRed', '/icon/signaling_disk_red.png', 'N', 1, 1); 
INSERT INTO IMAGE_TBL ( IMG_ID, IGP_ID, IMG_NAME, IMG_FILENAME, IMG_DELETE_FL, IMG_VERSION_ID,
PTN_ID ) VALUES ( 
1056, 6, 'Sportscar', '/icon/sportscar.png', 'N', 1, 1); 
INSERT INTO IMAGE_TBL ( IMG_ID, IGP_ID, IMG_NAME, IMG_FILENAME, IMG_DELETE_FL, IMG_VERSION_ID,
PTN_ID ) VALUES ( 
1057, 6, 'Stethoscope', '/icon/stethoscope.png', 'N', 1, 1); 
INSERT INTO IMAGE_TBL ( IMG_ID, IGP_ID, IMG_NAME, IMG_FILENAME, IMG_DELETE_FL, IMG_VERSION_ID,
PTN_ID ) VALUES ( 
1058, 6, 'Stopwatch', '/icon/stopwatch.png', 'N', 1, 1); 
INSERT INTO IMAGE_TBL ( IMG_ID, IGP_ID, IMG_NAME, IMG_FILENAME, IMG_DELETE_FL, IMG_VERSION_ID,
PTN_ID ) VALUES ( 
1059, 6, 'StopwatchPause', '/icon/stopwatch_pause.png', 'N', 1, 1); 
INSERT INTO IMAGE_TBL ( IMG_ID, IGP_ID, IMG_NAME, IMG_FILENAME, IMG_DELETE_FL, IMG_VERSION_ID,
PTN_ID ) VALUES ( 
1060, 6, 'StopwatchReset', '/icon/stopwatch_reset.png', 'N', 1, 1); 
INSERT INTO IMAGE_TBL ( IMG_ID, IGP_ID, IMG_NAME, IMG_FILENAME, IMG_DELETE_FL, IMG_VERSION_ID,
PTN_ID ) VALUES ( 
1061, 6, 'StopwatchRun', '/icon/stopwatch_run.png', 'N', 1, 1); 
INSERT INTO IMAGE_TBL ( IMG_ID, IGP_ID, IMG_NAME, IMG_FILENAME, IMG_DELETE_FL, IMG_VERSION_ID,
PTN_ID ) VALUES ( 
1062, 6, 'StopwatchStop', '/icon/stopwatch_stop.png', 'N', 1, 1); 
INSERT INTO IMAGE_TBL ( IMG_ID, IGP_ID, IMG_NAME, IMG_FILENAME, IMG_DELETE_FL, IMG_VERSION_ID,
PTN_ID ) VALUES ( 
1063, 6, 'Sunglasses', '/icon/sunglasses.png', 'N', 1, 1); 
INSERT INTO IMAGE_TBL ( IMG_ID, IGP_ID, IMG_NAME, IMG_FILENAME, IMG_DELETE_FL, IMG_VERSION_ID,
PTN_ID ) VALUES ( 
1064, 6, 'Surgeon1', '/icon/surgeon1.png', 'N', 1, 1); 
INSERT INTO IMAGE_TBL ( IMG_ID, IGP_ID, IMG_NAME, IMG_FILENAME, IMG_DELETE_FL, IMG_VERSION_ID,
PTN_ID ) VALUES ( 
1065, 6, 'Surgeon2', '/icon/surgeon2.png', 'N', 1, 1); 
INSERT INTO IMAGE_TBL ( IMG_ID, IGP_ID, IMG_NAME, IMG_FILENAME, IMG_DELETE_FL, IMG_VERSION_ID,
PTN_ID ) VALUES ( 
1066, 6, 'Tape', '/icon/tape.png', 'N', 1, 1); 
INSERT INTO IMAGE_TBL ( IMG_ID, IGP_ID, IMG_NAME, IMG_FILENAME, IMG_DELETE_FL, IMG_VERSION_ID,
PTN_ID ) VALUES ( 
1067, 6, 'TapeMeasure1', '/icon/tape_measure1.png', 'N', 1, 1); 
INSERT INTO IMAGE_TBL ( IMG_ID, IGP_ID, IMG_NAME, IMG_FILENAME, IMG_DELETE_FL, IMG_VERSION_ID,
PTN_ID ) VALUES ( 
1068, 6, 'TapeMeasure2', '/icon/tape_measure2.png', 'N', 1, 1); 
INSERT INTO IMAGE_TBL ( IMG_ID, IGP_ID, IMG_NAME, IMG_FILENAME, IMG_DELETE_FL, IMG_VERSION_ID,
PTN_ID ) VALUES ( 
1069, 6, 'Target', '/icon/target.png', 'N', 1, 1); 
INSERT INTO IMAGE_TBL ( IMG_ID, IGP_ID, IMG_NAME, IMG_FILENAME, IMG_DELETE_FL, IMG_VERSION_ID,
PTN_ID ) VALUES ( 
1070, 6, 'Telescope', '/icon/telescope.png', 'N', 1, 1); 
INSERT INTO IMAGE_TBL ( IMG_ID, IGP_ID, IMG_NAME, IMG_FILENAME, IMG_DELETE_FL, IMG_VERSION_ID,
PTN_ID ) VALUES ( 
1071, 6, 'Thermometer', '/icon/thermometer.png', 'N', 1, 1); 
INSERT INTO IMAGE_TBL ( IMG_ID, IGP_ID, IMG_NAME, IMG_FILENAME, IMG_DELETE_FL, IMG_VERSION_ID,
PTN_ID ) VALUES ( 
1072, 6, 'Thermometer2', '/icon/thermometer2.png', 'N', 1, 1); 
INSERT INTO IMAGE_TBL ( IMG_ID, IGP_ID, IMG_NAME, IMG_FILENAME, IMG_DELETE_FL, IMG_VERSION_ID,
PTN_ID ) VALUES ( 
1073, 6, 'Toolbox', '/icon/toolbox.png', 'N', 1, 1); 
INSERT INTO IMAGE_TBL ( IMG_ID, IGP_ID, IMG_NAME, IMG_FILENAME, IMG_DELETE_FL, IMG_VERSION_ID,
PTN_ID ) VALUES ( 
1074, 6, 'TractorGreen', '/icon/tractor_green.png', 'N', 1, 1); 
INSERT INTO IMAGE_TBL ( IMG_ID, IGP_ID, IMG_NAME, IMG_FILENAME, IMG_DELETE_FL, IMG_VERSION_ID,
PTN_ID ) VALUES ( 
1075, 6, 'TractorRed', '/icon/tractor_red.png', 'N', 1, 1); 
INSERT INTO IMAGE_TBL ( IMG_ID, IGP_ID, IMG_NAME, IMG_FILENAME, IMG_DELETE_FL, IMG_VERSION_ID,
PTN_ID ) VALUES ( 
1076, 6, 'TrafficlightGreen', '/icon/trafficlight_green.png', 'N', 1, 1); 
INSERT INTO IMAGE_TBL ( IMG_ID, IGP_ID, IMG_NAME, IMG_FILENAME, IMG_DELETE_FL, IMG_VERSION_ID,
PTN_ID ) VALUES ( 
1077, 6, 'TrafficlightOff', '/icon/trafficlight_off.png', 'N', 1, 1); 
INSERT INTO IMAGE_TBL ( IMG_ID, IGP_ID, IMG_NAME, IMG_FILENAME, IMG_DELETE_FL, IMG_VERSION_ID,
PTN_ID ) VALUES ( 
1078, 6, 'TrafficlightOn', '/icon/trafficlight_on.png', 'N', 1, 1); 
INSERT INTO IMAGE_TBL ( IMG_ID, IGP_ID, IMG_NAME, IMG_FILENAME, IMG_DELETE_FL, IMG_VERSION_ID,
PTN_ID ) VALUES ( 
1079, 6, 'TrafficlightRed', '/icon/trafficlight_red.png', 'N', 1, 1); 
INSERT INTO IMAGE_TBL ( IMG_ID, IGP_ID, IMG_NAME, IMG_FILENAME, IMG_DELETE_FL, IMG_VERSION_ID,
PTN_ID ) VALUES ( 
1080, 6, 'TrafficlightRedYellow', '/icon/trafficlight_red_yellow.png', 'N', 1, 1); 
INSERT INTO IMAGE_TBL ( IMG_ID, IGP_ID, IMG_NAME, IMG_FILENAME, IMG_DELETE_FL, IMG_VERSION_ID,
PTN_ID ) VALUES ( 
1081, 6, 'TrafficlightYellow', '/icon/trafficlight_yellow.png', 'N', 1, 1); 
INSERT INTO IMAGE_TBL ( IMG_ID, IGP_ID, IMG_NAME, IMG_FILENAME, IMG_DELETE_FL, IMG_VERSION_ID,
PTN_ID ) VALUES ( 
1082, 6, 'TruckBlue', '/icon/truck_blue.png', 'N', 1, 1); 
INSERT INTO IMAGE_TBL ( IMG_ID, IGP_ID, IMG_NAME, IMG_FILENAME, IMG_DELETE_FL, IMG_VERSION_ID,
PTN_ID ) VALUES ( 
1083, 6, 'TruckRed', '/icon/truck_red.png', 'N', 1, 1); 
INSERT INTO IMAGE_TBL ( IMG_ID, IGP_ID, IMG_NAME, IMG_FILENAME, IMG_DELETE_FL, IMG_VERSION_ID,
PTN_ID ) VALUES ( 
1084, 6, 'Tube', '/icon/tube.png', 'N', 1, 1); 
INSERT INTO IMAGE_TBL ( IMG_ID, IGP_ID, IMG_NAME, IMG_FILENAME, IMG_DELETE_FL, IMG_VERSION_ID,
PTN_ID ) VALUES ( 
1085, 6, 'Tv', '/icon/tv.png', 'N', 1, 1); 
INSERT INTO IMAGE_TBL ( IMG_ID, IGP_ID, IMG_NAME, IMG_FILENAME, IMG_DELETE_FL, IMG_VERSION_ID,
PTN_ID ) VALUES ( 
1086, 6, 'User1', '/icon/user1.png', 'N', 1, 1); 
INSERT INTO IMAGE_TBL ( IMG_ID, IGP_ID, IMG_NAME, IMG_FILENAME, IMG_DELETE_FL, IMG_VERSION_ID,
PTN_ID ) VALUES ( 
1087, 6, 'User1Add', '/icon/user1_add.png', 'N', 1, 1); 
INSERT INTO IMAGE_TBL ( IMG_ID, IGP_ID, IMG_NAME, IMG_FILENAME, IMG_DELETE_FL, IMG_VERSION_ID,
PTN_ID ) VALUES ( 
1088, 6, 'User1Back', '/icon/user1_back.png', 'N', 1, 1); 
INSERT INTO IMAGE_TBL ( IMG_ID, IGP_ID, IMG_NAME, IMG_FILENAME, IMG_DELETE_FL, IMG_VERSION_ID,
PTN_ID ) VALUES ( 
1089, 6, 'User1Delete', '/icon/user1_delete.png', 'N', 1, 1); 
INSERT INTO IMAGE_TBL ( IMG_ID, IGP_ID, IMG_NAME, IMG_FILENAME, IMG_DELETE_FL, IMG_VERSION_ID,
PTN_ID ) VALUES ( 
1090, 6, 'User1Earth', '/icon/user1_earth.png', 'N', 1, 1); 
INSERT INTO IMAGE_TBL ( IMG_ID, IGP_ID, IMG_NAME, IMG_FILENAME, IMG_DELETE_FL, IMG_VERSION_ID,
PTN_ID ) VALUES ( 
1091, 6, 'User1Find', '/icon/user1_find.png', 'N', 1, 1); 
INSERT INTO IMAGE_TBL ( IMG_ID, IGP_ID, IMG_NAME, IMG_FILENAME, IMG_DELETE_FL, IMG_VERSION_ID,
PTN_ID ) VALUES ( 
1092, 6, 'User1Information', '/icon/user1_information.png', 'N', 1, 1); 
INSERT INTO IMAGE_TBL ( IMG_ID, IGP_ID, IMG_NAME, IMG_FILENAME, IMG_DELETE_FL, IMG_VERSION_ID,
PTN_ID ) VALUES ( 
1093, 6, 'User1Into', '/icon/user1_into.png', 'N', 1, 1); 
INSERT INTO IMAGE_TBL ( IMG_ID, IGP_ID, IMG_NAME, IMG_FILENAME, IMG_DELETE_FL, IMG_VERSION_ID,
PTN_ID ) VALUES ( 
1094, 6, 'User1Lock', '/icon/user1_lock.png', 'N', 1, 1); 
INSERT INTO IMAGE_TBL ( IMG_ID, IGP_ID, IMG_NAME, IMG_FILENAME, IMG_DELETE_FL, IMG_VERSION_ID,
PTN_ID ) VALUES ( 
1095, 6, 'User1Message', '/icon/user1_message.png', 'N', 1, 1); 
INSERT INTO IMAGE_TBL ( IMG_ID, IGP_ID, IMG_NAME, IMG_FILENAME, IMG_DELETE_FL, IMG_VERSION_ID,
PTN_ID ) VALUES ( 
1096, 6, 'User1Mobilephone', '/icon/user1_mobilephone.png', 'N', 1, 1); 
INSERT INTO IMAGE_TBL ( IMG_ID, IGP_ID, IMG_NAME, IMG_FILENAME, IMG_DELETE_FL, IMG_VERSION_ID,
PTN_ID ) VALUES ( 
1097, 6, 'User1Monitor', '/icon/user1_monitor.png', 'N', 1, 1); 
INSERT INTO IMAGE_TBL ( IMG_ID, IGP_ID, IMG_NAME, IMG_FILENAME, IMG_DELETE_FL, IMG_VERSION_ID,
PTN_ID ) VALUES ( 
1098, 6, 'User1New', '/icon/user1_new.png', 'N', 1, 1); 
INSERT INTO IMAGE_TBL ( IMG_ID, IGP_ID, IMG_NAME, IMG_FILENAME, IMG_DELETE_FL, IMG_VERSION_ID,
PTN_ID ) VALUES ( 
1099, 6, 'User1Preferences', '/icon/user1_preferences.png', 'N', 1, 1); 
INSERT INTO IMAGE_TBL ( IMG_ID, IGP_ID, IMG_NAME, IMG_FILENAME, IMG_DELETE_FL, IMG_VERSION_ID,
PTN_ID ) VALUES ( 
1100, 6, 'User1Refresh', '/icon/user1_refresh.png', 'N', 1, 1); 
INSERT INTO IMAGE_TBL ( IMG_ID, IGP_ID, IMG_NAME, IMG_FILENAME, IMG_DELETE_FL, IMG_VERSION_ID,
PTN_ID ) VALUES ( 
1101, 6, 'User1Telephone', '/icon/user1_telephone.png', 'N', 1, 1); 
INSERT INTO IMAGE_TBL ( IMG_ID, IGP_ID, IMG_NAME, IMG_FILENAME, IMG_DELETE_FL, IMG_VERSION_ID,
PTN_ID ) VALUES ( 
1102, 6, 'User1Time', '/icon/user1_time.png', 'N', 1, 1); 
INSERT INTO IMAGE_TBL ( IMG_ID, IGP_ID, IMG_NAME, IMG_FILENAME, IMG_DELETE_FL, IMG_VERSION_ID,
PTN_ID ) VALUES ( 
1103, 6, 'User1View', '/icon/user1_view.png', 'N', 1, 1); 
INSERT INTO IMAGE_TBL ( IMG_ID, IGP_ID, IMG_NAME, IMG_FILENAME, IMG_DELETE_FL, IMG_VERSION_ID,
PTN_ID ) VALUES ( 
1104, 6, 'User2', '/icon/user2.png', 'N', 1, 1); 
INSERT INTO IMAGE_TBL ( IMG_ID, IGP_ID, IMG_NAME, IMG_FILENAME, IMG_DELETE_FL, IMG_VERSION_ID,
PTN_ID ) VALUES ( 
1105, 6, 'User3', '/icon/user3.png', 'N', 1, 1); 
INSERT INTO IMAGE_TBL ( IMG_ID, IGP_ID, IMG_NAME, IMG_FILENAME, IMG_DELETE_FL, IMG_VERSION_ID,
PTN_ID ) VALUES ( 
1106, 6, 'UserHeadphones', '/icon/user_headphones.png', 'N', 1, 1); 
INSERT INTO IMAGE_TBL ( IMG_ID, IGP_ID, IMG_NAME, IMG_FILENAME, IMG_DELETE_FL, IMG_VERSION_ID,
PTN_ID ) VALUES ( 
1107, 6, 'UserHeadset', '/icon/user_headset.png', 'N', 1, 1); 
INSERT INTO IMAGE_TBL ( IMG_ID, IGP_ID, IMG_NAME, IMG_FILENAME, IMG_DELETE_FL, IMG_VERSION_ID,
PTN_ID ) VALUES ( 
1108, 6, 'Users1', '/icon/users1.png', 'N', 1, 1); 
INSERT INTO IMAGE_TBL ( IMG_ID, IGP_ID, IMG_NAME, IMG_FILENAME, IMG_DELETE_FL, IMG_VERSION_ID,
PTN_ID ) VALUES ( 
1109, 6, 'Users2', '/icon/users2.png', 'N', 1, 1); 
INSERT INTO IMAGE_TBL ( IMG_ID, IGP_ID, IMG_NAME, IMG_FILENAME, IMG_DELETE_FL, IMG_VERSION_ID,
PTN_ID ) VALUES ( 
1110, 6, 'Users3', '/icon/users3.png', 'N', 1, 1); 
INSERT INTO IMAGE_TBL ( IMG_ID, IGP_ID, IMG_NAME, IMG_FILENAME, IMG_DELETE_FL, IMG_VERSION_ID,
PTN_ID ) VALUES ( 
1111, 6, 'Users3Preferences', '/icon/users3_preferences.png', 'N', 1, 1); 
INSERT INTO IMAGE_TBL ( IMG_ID, IGP_ID, IMG_NAME, IMG_FILENAME, IMG_DELETE_FL, IMG_VERSION_ID,
PTN_ID ) VALUES ( 
1112, 6, 'Users4', '/icon/users4.png', 'N', 1, 1); 
INSERT INTO IMAGE_TBL ( IMG_ID, IGP_ID, IMG_NAME, IMG_FILENAME, IMG_DELETE_FL, IMG_VERSION_ID,
PTN_ID ) VALUES ( 
1113, 6, 'UsersBack', '/icon/users_back.png', 'N', 1, 1); 
INSERT INTO IMAGE_TBL ( IMG_ID, IGP_ID, IMG_NAME, IMG_FILENAME, IMG_DELETE_FL, IMG_VERSION_ID,
PTN_ID ) VALUES ( 
1114, 6, 'UsersFamily', '/icon/users_family.png', 'N', 1, 1); 
INSERT INTO IMAGE_TBL ( IMG_ID, IGP_ID, IMG_NAME, IMG_FILENAME, IMG_DELETE_FL, IMG_VERSION_ID,
PTN_ID ) VALUES ( 
1115, 6, 'UsersInto', '/icon/users_into.png', 'N', 1, 1); 
INSERT INTO IMAGE_TBL ( IMG_ID, IGP_ID, IMG_NAME, IMG_FILENAME, IMG_DELETE_FL, IMG_VERSION_ID,
PTN_ID ) VALUES ( 
1116, 6, 'Videocamera', '/icon/videocamera.png', 'N', 1, 1); 
INSERT INTO IMAGE_TBL ( IMG_ID, IGP_ID, IMG_NAME, IMG_FILENAME, IMG_DELETE_FL, IMG_VERSION_ID,
PTN_ID ) VALUES ( 
1117, 6, 'VideocameraPause', '/icon/videocamera_pause.png', 'N', 1, 1); 
INSERT INTO IMAGE_TBL ( IMG_ID, IGP_ID, IMG_NAME, IMG_FILENAME, IMG_DELETE_FL, IMG_VERSION_ID,
PTN_ID ) VALUES ( 
1118, 6, 'VideocameraRun', '/icon/videocamera_run.png', 'N', 1, 1); 
INSERT INTO IMAGE_TBL ( IMG_ID, IGP_ID, IMG_NAME, IMG_FILENAME, IMG_DELETE_FL, IMG_VERSION_ID,
PTN_ID ) VALUES ( 
1119, 6, 'VideocameraStop', '/icon/videocamera_stop.png', 'N', 1, 1); 
INSERT INTO IMAGE_TBL ( IMG_ID, IGP_ID, IMG_NAME, IMG_FILENAME, IMG_DELETE_FL, IMG_VERSION_ID,
PTN_ID ) VALUES ( 
1120, 6, 'Weight', '/icon/weight.png', 'N', 1, 1); 
INSERT INTO IMAGE_TBL ( IMG_ID, IGP_ID, IMG_NAME, IMG_FILENAME, IMG_DELETE_FL, IMG_VERSION_ID,
PTN_ID ) VALUES ( 
1121, 6, 'Weight2', '/icon/weight2.png', 'N', 1, 1); 
INSERT INTO IMAGE_TBL ( IMG_ID, IGP_ID, IMG_NAME, IMG_FILENAME, IMG_DELETE_FL, IMG_VERSION_ID,
PTN_ID ) VALUES ( 
1122, 6, 'Wheel', '/icon/wheel.png', 'N', 1, 1); 
INSERT INTO IMAGE_TBL ( IMG_ID, IGP_ID, IMG_NAME, IMG_FILENAME, IMG_DELETE_FL, IMG_VERSION_ID,
PTN_ID ) VALUES ( 
1123, 6, 'Worker', '/icon/worker.png', 'N', 1, 1); 
INSERT INTO IMAGE_TBL ( IMG_ID, IGP_ID, IMG_NAME, IMG_FILENAME, IMG_DELETE_FL, IMG_VERSION_ID,
PTN_ID ) VALUES ( 
1124, 6, 'Workplace', '/icon/workplace.png', 'N', 1, 1); 
INSERT INTO IMAGE_TBL ( IMG_ID, IGP_ID, IMG_NAME, IMG_FILENAME, IMG_DELETE_FL, IMG_VERSION_ID,
PTN_ID ) VALUES ( 
1125, 6, 'Workplace2', '/icon/workplace2.png', 'N', 1, 1); 
INSERT INTO IMAGE_TBL ( IMG_ID, IGP_ID, IMG_NAME, IMG_FILENAME, IMG_DELETE_FL, IMG_VERSION_ID,
PTN_ID ) VALUES ( 
1126, 6, 'Workstation1', '/icon/workstation1.png', 'N', 1, 1); 
INSERT INTO IMAGE_TBL ( IMG_ID, IGP_ID, IMG_NAME, IMG_FILENAME, IMG_DELETE_FL, IMG_VERSION_ID,
PTN_ID ) VALUES ( 
1127, 6, 'Workstation2', '/icon/workstation2.png', 'N', 1, 1); 
INSERT INTO IMAGE_TBL ( IMG_ID, IGP_ID, IMG_NAME, IMG_FILENAME, IMG_DELETE_FL, IMG_VERSION_ID,
PTN_ID ) VALUES ( 
1128, 6, 'WorkstationNetwork', '/icon/workstation_network.png', 'N', 1, 1); 
INSERT INTO IMAGE_TBL ( IMG_ID, IGP_ID, IMG_NAME, IMG_FILENAME, IMG_DELETE_FL, IMG_VERSION_ID,
PTN_ID ) VALUES ( 
1129, 6, 'Wrench', '/icon/wrench.png', 'N', 1, 1); 
INSERT INTO IMAGE_TBL ( IMG_ID, IGP_ID, IMG_NAME, IMG_FILENAME, IMG_DELETE_FL, IMG_VERSION_ID,
PTN_ID ) VALUES ( 
1130, 6, 'Yinyang', '/icon/yinyang.png', 'N', 1, 1); 
INSERT INTO IMAGE_TBL ( IMG_ID, IGP_ID, IMG_NAME, IMG_FILENAME, IMG_DELETE_FL, IMG_VERSION_ID,
PTN_ID ) VALUES ( 
1131, 7, 'Application', '/icon/application.png', 'N', 1, 1); 
INSERT INTO IMAGE_TBL ( IMG_ID, IGP_ID, IMG_NAME, IMG_FILENAME, IMG_DELETE_FL, IMG_VERSION_ID,
PTN_ID ) VALUES ( 
1132, 7, 'ApplicationAdd', '/icon/application_add.png', 'N', 1, 1); 
INSERT INTO IMAGE_TBL ( IMG_ID, IGP_ID, IMG_NAME, IMG_FILENAME, IMG_DELETE_FL, IMG_VERSION_ID,
PTN_ID ) VALUES ( 
1133, 7, 'ApplicationCertificate', '/icon/application_certificate.png', 'N', 1, 1); 
INSERT INTO IMAGE_TBL ( IMG_ID, IGP_ID, IMG_NAME, IMG_FILENAME, IMG_DELETE_FL, IMG_VERSION_ID,
PTN_ID ) VALUES ( 
1134, 7, 'ApplicationConnection', '/icon/application_connection.png', 'N', 1, 1); 
INSERT INTO IMAGE_TBL ( IMG_ID, IGP_ID, IMG_NAME, IMG_FILENAME, IMG_DELETE_FL, IMG_VERSION_ID,
PTN_ID ) VALUES ( 
1135, 7, 'ApplicationDelete', '/icon/application_delete.png', 'N', 1, 1); 
INSERT INTO IMAGE_TBL ( IMG_ID, IGP_ID, IMG_NAME, IMG_FILENAME, IMG_DELETE_FL, IMG_VERSION_ID,
PTN_ID ) VALUES ( 
1136, 7, 'ApplicationEnterprise', '/icon/application_enterprise.png', 'N', 1, 1); 
INSERT INTO IMAGE_TBL ( IMG_ID, IGP_ID, IMG_NAME, IMG_FILENAME, IMG_DELETE_FL, IMG_VERSION_ID,
PTN_ID ) VALUES ( 
1137, 7, 'ApplicationEnterpriseAdd', '/icon/application_enterprise_add.png', 'N', 1
, 1); 
INSERT INTO IMAGE_TBL ( IMG_ID, IGP_ID, IMG_NAME, IMG_FILENAME, IMG_DELETE_FL, IMG_VERSION_ID,
PTN_ID ) VALUES ( 
1138, 7, 'ApplicationEnterpriseCertificate', '/icon/application_enterprise_certificate.png'
, 'N', 1, 1); 
INSERT INTO IMAGE_TBL ( IMG_ID, IGP_ID, IMG_NAME, IMG_FILENAME, IMG_DELETE_FL, IMG_VERSION_ID,
PTN_ID ) VALUES ( 
1139, 7, 'ApplicationEnterpriseDelete', '/icon/application_enterprise_delete.png'
, 'N', 1, 1); 
INSERT INTO IMAGE_TBL ( IMG_ID, IGP_ID, IMG_NAME, IMG_FILENAME, IMG_DELETE_FL, IMG_VERSION_ID,
PTN_ID ) VALUES ( 
1140, 7, 'ApplicationEnterpriseNew', '/icon/application_enterprise_new.png', 'N', 1
, 1); 
INSERT INTO IMAGE_TBL ( IMG_ID, IGP_ID, IMG_NAME, IMG_FILENAME, IMG_DELETE_FL, IMG_VERSION_ID,
PTN_ID ) VALUES ( 
1141, 7, 'ApplicationEnterprisePreferences', '/icon/application_enterprise_preferences.png'
, 'N', 1, 1); 
INSERT INTO IMAGE_TBL ( IMG_ID, IGP_ID, IMG_NAME, IMG_FILENAME, IMG_DELETE_FL, IMG_VERSION_ID,
PTN_ID ) VALUES ( 
1142, 7, 'ApplicationEnterpriseRun', '/icon/application_enterprise_run.png', 'N', 1
, 1); 
INSERT INTO IMAGE_TBL ( IMG_ID, IGP_ID, IMG_NAME, IMG_FILENAME, IMG_DELETE_FL, IMG_VERSION_ID,
PTN_ID ) VALUES ( 
1143, 7, 'ApplicationEnterpriseStop', '/icon/application_enterprise_stop.png', 'N'
, 1, 1); 
INSERT INTO IMAGE_TBL ( IMG_ID, IGP_ID, IMG_NAME, IMG_FILENAME, IMG_DELETE_FL, IMG_VERSION_ID,
PTN_ID ) VALUES ( 
1144, 7, 'ApplicationEnterpriseView', '/icon/application_enterprise_view.png', 'N'
, 1, 1); 
INSERT INTO IMAGE_TBL ( IMG_ID, IGP_ID, IMG_NAME, IMG_FILENAME, IMG_DELETE_FL, IMG_VERSION_ID,
PTN_ID ) VALUES ( 
1145, 7, 'ApplicationError', '/icon/application_error.png', 'N', 1, 1); 
INSERT INTO IMAGE_TBL ( IMG_ID, IGP_ID, IMG_NAME, IMG_FILENAME, IMG_DELETE_FL, IMG_VERSION_ID,
PTN_ID ) VALUES ( 
1146, 7, 'ApplicationInformation', '/icon/application_information.png', 'N', 1, 1); 
INSERT INTO IMAGE_TBL ( IMG_ID, IGP_ID, IMG_NAME, IMG_FILENAME, IMG_DELETE_FL, IMG_VERSION_ID,
PTN_ID ) VALUES ( 
1147, 7, 'ApplicationLock', '/icon/application_lock.png', 'N', 1, 1); 
INSERT INTO IMAGE_TBL ( IMG_ID, IGP_ID, IMG_NAME, IMG_FILENAME, IMG_DELETE_FL, IMG_VERSION_ID,
PTN_ID ) VALUES ( 
1148, 7, 'ApplicationNetwork', '/icon/application_network.png', 'N', 1, 1); 
INSERT INTO IMAGE_TBL ( IMG_ID, IGP_ID, IMG_NAME, IMG_FILENAME, IMG_DELETE_FL, IMG_VERSION_ID,
PTN_ID ) VALUES ( 
1149, 7, 'ApplicationNew', '/icon/application_new.png', 'N', 1, 1); 
INSERT INTO IMAGE_TBL ( IMG_ID, IGP_ID, IMG_NAME, IMG_FILENAME, IMG_DELETE_FL, IMG_VERSION_ID,
PTN_ID ) VALUES ( 
1150, 7, 'ApplicationOk', '/icon/application_ok.png', 'N', 1, 1); 
INSERT INTO IMAGE_TBL ( IMG_ID, IGP_ID, IMG_NAME, IMG_FILENAME, IMG_DELETE_FL, IMG_VERSION_ID,
PTN_ID ) VALUES ( 
1151, 7, 'ApplicationPreferences', '/icon/application_preferences.png', 'N', 1, 1); 
INSERT INTO IMAGE_TBL ( IMG_ID, IGP_ID, IMG_NAME, IMG_FILENAME, IMG_DELETE_FL, IMG_VERSION_ID,
PTN_ID ) VALUES ( 
1152, 7, 'ApplicationRun', '/icon/application_run.png', 'N', 1, 1); 
INSERT INTO IMAGE_TBL ( IMG_ID, IGP_ID, IMG_NAME, IMG_FILENAME, IMG_DELETE_FL, IMG_VERSION_ID,
PTN_ID ) VALUES ( 
1153, 7, 'ApplicationServer', '/icon/application_server.png', 'N', 1, 1); 
INSERT INTO IMAGE_TBL ( IMG_ID, IGP_ID, IMG_NAME, IMG_FILENAME, IMG_DELETE_FL, IMG_VERSION_ID,
PTN_ID ) VALUES ( 
1154, 7, 'ApplicationServerAdd', '/icon/application_server_add.png', 'N', 1, 1); 
INSERT INTO IMAGE_TBL ( IMG_ID, IGP_ID, IMG_NAME, IMG_FILENAME, IMG_DELETE_FL, IMG_VERSION_ID,
PTN_ID ) VALUES ( 
1155, 7, 'ApplicationServerDelete', '/icon/application_server_delete.png', 'N', 1
, 1); 
INSERT INTO IMAGE_TBL ( IMG_ID, IGP_ID, IMG_NAME, IMG_FILENAME, IMG_DELETE_FL, IMG_VERSION_ID,
PTN_ID ) VALUES ( 
1156, 7, 'ApplicationServerNew', '/icon/application_server_new.png', 'N', 1, 1); 
INSERT INTO IMAGE_TBL ( IMG_ID, IGP_ID, IMG_NAME, IMG_FILENAME, IMG_DELETE_FL, IMG_VERSION_ID,
PTN_ID ) VALUES ( 
1157, 7, 'ApplicationServerPreferences', '/icon/application_server_preferences.png'
, 'N', 1, 1); 
INSERT INTO IMAGE_TBL ( IMG_ID, IGP_ID, IMG_NAME, IMG_FILENAME, IMG_DELETE_FL, IMG_VERSION_ID,
PTN_ID ) VALUES ( 
1158, 7, 'ApplicationServerRun', '/icon/application_server_run.png', 'N', 1, 1); 
INSERT INTO IMAGE_TBL ( IMG_ID, IGP_ID, IMG_NAME, IMG_FILENAME, IMG_DELETE_FL, IMG_VERSION_ID,
PTN_ID ) VALUES ( 
1159, 7, 'ApplicationServerStop', '/icon/application_server_stop.png', 'N', 1, 1); 
INSERT INTO IMAGE_TBL ( IMG_ID, IGP_ID, IMG_NAME, IMG_FILENAME, IMG_DELETE_FL, IMG_VERSION_ID,
PTN_ID ) VALUES ( 
1160, 7, 'ApplicationStop', '/icon/application_stop.png', 'N', 1, 1); 
INSERT INTO IMAGE_TBL ( IMG_ID, IGP_ID, IMG_NAME, IMG_FILENAME, IMG_DELETE_FL, IMG_VERSION_ID,
PTN_ID ) VALUES ( 
1161, 7, 'ApplicationView', '/icon/application_view.png', 'N', 1, 1); 
INSERT INTO IMAGE_TBL ( IMG_ID, IGP_ID, IMG_NAME, IMG_FILENAME, IMG_DELETE_FL, IMG_VERSION_ID,
PTN_ID ) VALUES ( 
1162, 7, 'ApplicationWarning', '/icon/application_warning.png', 'N', 1, 1); 
INSERT INTO IMAGE_TBL ( IMG_ID, IGP_ID, IMG_NAME, IMG_FILENAME, IMG_DELETE_FL, IMG_VERSION_ID,
PTN_ID ) VALUES ( 
1163, 7, 'Branch', '/icon/branch.png', 'N', 1, 1); 
INSERT INTO IMAGE_TBL ( IMG_ID, IGP_ID, IMG_NAME, IMG_FILENAME, IMG_DELETE_FL, IMG_VERSION_ID,
PTN_ID ) VALUES ( 
1164, 7, 'BranchDelete', '/icon/branch_delete.png', 'N', 1, 1); 
INSERT INTO IMAGE_TBL ( IMG_ID, IGP_ID, IMG_NAME, IMG_FILENAME, IMG_DELETE_FL, IMG_VERSION_ID,
PTN_ID ) VALUES ( 
1165, 7, 'BranchElement', '/icon/branch_element.png', 'N', 1, 1); 
INSERT INTO IMAGE_TBL ( IMG_ID, IGP_ID, IMG_NAME, IMG_FILENAME, IMG_DELETE_FL, IMG_VERSION_ID,
PTN_ID ) VALUES ( 
1166, 7, 'BranchElementNew', '/icon/branch_element_new.png', 'N', 1, 1); 
INSERT INTO IMAGE_TBL ( IMG_ID, IGP_ID, IMG_NAME, IMG_FILENAME, IMG_DELETE_FL, IMG_VERSION_ID,
PTN_ID ) VALUES ( 
1167, 7, 'BranchFind', '/icon/branch_find.png', 'N', 1, 1); 
INSERT INTO IMAGE_TBL ( IMG_ID, IGP_ID, IMG_NAME, IMG_FILENAME, IMG_DELETE_FL, IMG_VERSION_ID,
PTN_ID ) VALUES ( 
1168, 7, 'BranchView', '/icon/branch_view.png', 'N', 1, 1); 
INSERT INTO IMAGE_TBL ( IMG_ID, IGP_ID, IMG_NAME, IMG_FILENAME, IMG_DELETE_FL, IMG_VERSION_ID,
PTN_ID ) VALUES ( 
1169, 7, 'Breakpoint', '/icon/breakpoint.png', 'N', 1, 1); 
INSERT INTO IMAGE_TBL ( IMG_ID, IGP_ID, IMG_NAME, IMG_FILENAME, IMG_DELETE_FL, IMG_VERSION_ID,
PTN_ID ) VALUES ( 
1170, 7, 'BreakpointAdd', '/icon/breakpoint_add.png', 'N', 1, 1); 
INSERT INTO IMAGE_TBL ( IMG_ID, IGP_ID, IMG_NAME, IMG_FILENAME, IMG_DELETE_FL, IMG_VERSION_ID,
PTN_ID ) VALUES ( 
1171, 7, 'BreakpointDelete', '/icon/breakpoint_delete.png', 'N', 1, 1); 
INSERT INTO IMAGE_TBL ( IMG_ID, IGP_ID, IMG_NAME, IMG_FILENAME, IMG_DELETE_FL, IMG_VERSION_ID,
PTN_ID ) VALUES ( 
1172, 7, 'BreakpointDown', '/icon/breakpoint_down.png', 'N', 1, 1); 
INSERT INTO IMAGE_TBL ( IMG_ID, IGP_ID, IMG_NAME, IMG_FILENAME, IMG_DELETE_FL, IMG_VERSION_ID,
PTN_ID ) VALUES ( 
1173, 7, 'BreakpointFind', '/icon/breakpoint_find.png', 'N', 1, 1); 
INSERT INTO IMAGE_TBL ( IMG_ID, IGP_ID, IMG_NAME, IMG_FILENAME, IMG_DELETE_FL, IMG_VERSION_ID,
PTN_ID ) VALUES ( 
1175, 7, 'BreakpointNew', '/icon/breakpoint_new.png', 'N', 1, 1); 
INSERT INTO IMAGE_TBL ( IMG_ID, IGP_ID, IMG_NAME, IMG_FILENAME, IMG_DELETE_FL, IMG_VERSION_ID,
PTN_ID ) VALUES ( 
1176, 7, 'BreakpointRun', '/icon/breakpoint_run.png', 'N', 1, 1); 
INSERT INTO IMAGE_TBL ( IMG_ID, IGP_ID, IMG_NAME, IMG_FILENAME, IMG_DELETE_FL, IMG_VERSION_ID,
PTN_ID ) VALUES ( 
1177, 7, 'Breakpoints', '/icon/breakpoints.png', 'N', 1, 1); 
INSERT INTO IMAGE_TBL ( IMG_ID, IGP_ID, IMG_NAME, IMG_FILENAME, IMG_DELETE_FL, IMG_VERSION_ID,
PTN_ID ) VALUES ( 
1178, 7, 'BreakpointsDelete', '/icon/breakpoints_delete.png', 'N', 1, 1); 
INSERT INTO IMAGE_TBL ( IMG_ID, IGP_ID, IMG_NAME, IMG_FILENAME, IMG_DELETE_FL, IMG_VERSION_ID,
PTN_ID ) VALUES ( 
1179, 7, 'BreakpointSelection', '/icon/breakpoint_selection.png', 'N', 1, 1); 
INSERT INTO IMAGE_TBL ( IMG_ID, IGP_ID, IMG_NAME, IMG_FILENAME, IMG_DELETE_FL, IMG_VERSION_ID,
PTN_ID ) VALUES ( 
1180, 7, 'BreakpointSelectionDelete', '/icon/breakpoint_selection_delete.png', 'N'
, 1, 1); 
INSERT INTO IMAGE_TBL ( IMG_ID, IGP_ID, IMG_NAME, IMG_FILENAME, IMG_DELETE_FL, IMG_VERSION_ID,
PTN_ID ) VALUES ( 
1181, 7, 'BreakpointUp', '/icon/breakpoint_up.png', 'N', 1, 1); 
INSERT INTO IMAGE_TBL ( IMG_ID, IGP_ID, IMG_NAME, IMG_FILENAME, IMG_DELETE_FL, IMG_VERSION_ID,
PTN_ID ) VALUES ( 
1182, 7, 'BugGreen', '/icon/bug_green.png', 'N', 1, 1); 
INSERT INTO IMAGE_TBL ( IMG_ID, IGP_ID, IMG_NAME, IMG_FILENAME, IMG_DELETE_FL, IMG_VERSION_ID,
PTN_ID ) VALUES ( 
1183, 7, 'Bugmail', '/icon/bug-mail.png', 'N', 1, 1); 
INSERT INTO IMAGE_TBL ( IMG_ID, IGP_ID, IMG_NAME, IMG_FILENAME, IMG_DELETE_FL, IMG_VERSION_ID,
PTN_ID ) VALUES ( 
1184, 7, 'BugRed', '/icon/bug_red.png', 'N', 1, 1); 
INSERT INTO IMAGE_TBL ( IMG_ID, IGP_ID, IMG_NAME, IMG_FILENAME, IMG_DELETE_FL, IMG_VERSION_ID,
PTN_ID ) VALUES ( 
1185, 7, 'BugYellow', '/icon/bug_yellow.png', 'N', 1, 1); 
INSERT INTO IMAGE_TBL ( IMG_ID, IGP_ID, IMG_NAME, IMG_FILENAME, IMG_DELETE_FL, IMG_VERSION_ID,
PTN_ID ) VALUES ( 
1186, 7, 'Coffeebean', '/icon/coffeebean.png', 'N', 1, 1); 
INSERT INTO IMAGE_TBL ( IMG_ID, IGP_ID, IMG_NAME, IMG_FILENAME, IMG_DELETE_FL, IMG_VERSION_ID,
PTN_ID ) VALUES ( 
1187, 7, 'CoffeebeanAdd', '/icon/coffeebean_add.png', 'N', 1, 1); 
COMMIT;
INSERT INTO IMAGE_TBL ( IMG_ID, IGP_ID, IMG_NAME, IMG_FILENAME, IMG_DELETE_FL, IMG_VERSION_ID,
PTN_ID ) VALUES ( 
1188, 7, 'CoffeebeanDelete', '/icon/coffeebean_delete.png', 'N', 1, 1); 
INSERT INTO IMAGE_TBL ( IMG_ID, IGP_ID, IMG_NAME, IMG_FILENAME, IMG_DELETE_FL, IMG_VERSION_ID,
PTN_ID ) VALUES ( 
1189, 7, 'CoffeebeanEnterprise', '/icon/coffeebean_enterprise.png', 'N', 1, 1); 
INSERT INTO IMAGE_TBL ( IMG_ID, IGP_ID, IMG_NAME, IMG_FILENAME, IMG_DELETE_FL, IMG_VERSION_ID,
PTN_ID ) VALUES ( 
1190, 7, 'CoffeebeanEnterpriseAdd', '/icon/coffeebean_enterprise_add.png', 'N', 1
, 1); 
INSERT INTO IMAGE_TBL ( IMG_ID, IGP_ID, IMG_NAME, IMG_FILENAME, IMG_DELETE_FL, IMG_VERSION_ID,
PTN_ID ) VALUES ( 
1191, 7, 'CoffeebeanEnterpriseDelete', '/icon/coffeebean_enterprise_delete.png', 'N'
, 1, 1); 
INSERT INTO IMAGE_TBL ( IMG_ID, IGP_ID, IMG_NAME, IMG_FILENAME, IMG_DELETE_FL, IMG_VERSION_ID,
PTN_ID ) VALUES ( 
1192, 7, 'CoffeebeanEnterpriseNew', '/icon/coffeebean_enterprise_new.png', 'N', 1
, 1); 
INSERT INTO IMAGE_TBL ( IMG_ID, IGP_ID, IMG_NAME, IMG_FILENAME, IMG_DELETE_FL, IMG_VERSION_ID,
PTN_ID ) VALUES ( 
1193, 7, 'CoffeebeanEnterprisePreferences', '/icon/coffeebean_enterprise_preferences.png'
, 'N', 1, 1); 
INSERT INTO IMAGE_TBL ( IMG_ID, IGP_ID, IMG_NAME, IMG_FILENAME, IMG_DELETE_FL, IMG_VERSION_ID,
PTN_ID ) VALUES ( 
1194, 7, 'CoffeebeanEnterpriseView', '/icon/coffeebean_enterprise_view.png', 'N', 1
, 1); 
INSERT INTO IMAGE_TBL ( IMG_ID, IGP_ID, IMG_NAME, IMG_FILENAME, IMG_DELETE_FL, IMG_VERSION_ID,
PTN_ID ) VALUES ( 
1195, 7, 'CoffeebeanNew', '/icon/coffeebean_new.png', 'N', 1, 1); 
INSERT INTO IMAGE_TBL ( IMG_ID, IGP_ID, IMG_NAME, IMG_FILENAME, IMG_DELETE_FL, IMG_VERSION_ID,
PTN_ID ) VALUES ( 
1196, 7, 'CoffeebeanPreferences', '/icon/coffeebean_preferences.png', 'N', 1, 1); 
INSERT INTO IMAGE_TBL ( IMG_ID, IGP_ID, IMG_NAME, IMG_FILENAME, IMG_DELETE_FL, IMG_VERSION_ID,
PTN_ID ) VALUES ( 
1197, 7, 'CoffeebeanView', '/icon/coffeebean_view.png', 'N', 1, 1); 
INSERT INTO IMAGE_TBL ( IMG_ID, IGP_ID, IMG_NAME, IMG_FILENAME, IMG_DELETE_FL, IMG_VERSION_ID,
PTN_ID ) VALUES ( 
1198, 7, 'Component', '/icon/component.png', 'N', 1, 1); 
INSERT INTO IMAGE_TBL ( IMG_ID, IGP_ID, IMG_NAME, IMG_FILENAME, IMG_DELETE_FL, IMG_VERSION_ID,
PTN_ID ) VALUES ( 
1199, 7, 'ComponentAdd', '/icon/component_add.png', 'N', 1, 1); 
INSERT INTO IMAGE_TBL ( IMG_ID, IGP_ID, IMG_NAME, IMG_FILENAME, IMG_DELETE_FL, IMG_VERSION_ID,
PTN_ID ) VALUES ( 
1200, 7, 'ComponentDelete', '/icon/component_delete.png', 'N', 1, 1); 
INSERT INTO IMAGE_TBL ( IMG_ID, IGP_ID, IMG_NAME, IMG_FILENAME, IMG_DELETE_FL, IMG_VERSION_ID,
PTN_ID ) VALUES ( 
1201, 7, 'ComponentEdit', '/icon/component_edit.png', 'N', 1, 1); 
INSERT INTO IMAGE_TBL ( IMG_ID, IGP_ID, IMG_NAME, IMG_FILENAME, IMG_DELETE_FL, IMG_VERSION_ID,
PTN_ID ) VALUES ( 
1202, 7, 'ComponentFind', '/icon/component_find.png', 'N', 1, 1); 
INSERT INTO IMAGE_TBL ( IMG_ID, IGP_ID, IMG_NAME, IMG_FILENAME, IMG_DELETE_FL, IMG_VERSION_ID,
PTN_ID ) VALUES ( 
1203, 7, 'ComponentGreen', '/icon/component_green.png', 'N', 1, 1); 
INSERT INTO IMAGE_TBL ( IMG_ID, IGP_ID, IMG_NAME, IMG_FILENAME, IMG_DELETE_FL, IMG_VERSION_ID,
PTN_ID ) VALUES ( 
1204, 7, 'ComponentNew', '/icon/component_new.png', 'N', 1, 1); 
INSERT INTO IMAGE_TBL ( IMG_ID, IGP_ID, IMG_NAME, IMG_FILENAME, IMG_DELETE_FL, IMG_VERSION_ID,
PTN_ID ) VALUES ( 
1205, 7, 'ComponentPreferences', '/icon/component_preferences.png', 'N', 1, 1); 
INSERT INTO IMAGE_TBL ( IMG_ID, IGP_ID, IMG_NAME, IMG_FILENAME, IMG_DELETE_FL, IMG_VERSION_ID,
PTN_ID ) VALUES ( 
1206, 7, 'ComponentRed', '/icon/component_red.png', 'N', 1, 1); 
INSERT INTO IMAGE_TBL ( IMG_ID, IGP_ID, IMG_NAME, IMG_FILENAME, IMG_DELETE_FL, IMG_VERSION_ID,
PTN_ID ) VALUES ( 
1207, 7, 'ComponentReplace', '/icon/component_replace.png', 'N', 1, 1); 
INSERT INTO IMAGE_TBL ( IMG_ID, IGP_ID, IMG_NAME, IMG_FILENAME, IMG_DELETE_FL, IMG_VERSION_ID,
PTN_ID ) VALUES ( 
1208, 7, 'Components', '/icon/components.png', 'N', 1, 1); 
INSERT INTO IMAGE_TBL ( IMG_ID, IGP_ID, IMG_NAME, IMG_FILENAME, IMG_DELETE_FL, IMG_VERSION_ID,
PTN_ID ) VALUES ( 
1209, 7, 'ComponentView', '/icon/component_view.png', 'N', 1, 1); 
INSERT INTO IMAGE_TBL ( IMG_ID, IGP_ID, IMG_NAME, IMG_FILENAME, IMG_DELETE_FL, IMG_VERSION_ID,
PTN_ID ) VALUES ( 
1210, 7, 'ComponentYellow', '/icon/component_yellow.png', 'N', 1, 1); 
INSERT INTO IMAGE_TBL ( IMG_ID, IGP_ID, IMG_NAME, IMG_FILENAME, IMG_DELETE_FL, IMG_VERSION_ID,
PTN_ID ) VALUES ( 
1211, 7, 'Console', '/icon/console.png', 'N', 1, 1); 
INSERT INTO IMAGE_TBL ( IMG_ID, IGP_ID, IMG_NAME, IMG_FILENAME, IMG_DELETE_FL, IMG_VERSION_ID,
PTN_ID ) VALUES ( 
1212, 7, 'ConsoleNetwork', '/icon/console_network.png', 'N', 1, 1); 
INSERT INTO IMAGE_TBL ( IMG_ID, IGP_ID, IMG_NAME, IMG_FILENAME, IMG_DELETE_FL, IMG_VERSION_ID,
PTN_ID ) VALUES ( 
1213, 7, 'Cup', '/icon/cup.png', 'N', 1, 1); 
INSERT INTO IMAGE_TBL ( IMG_ID, IGP_ID, IMG_NAME, IMG_FILENAME, IMG_DELETE_FL, IMG_VERSION_ID,
PTN_ID ) VALUES ( 
1214, 7, 'Debug', '/icon/debug.png', 'N', 1, 1); 
INSERT INTO IMAGE_TBL ( IMG_ID, IGP_ID, IMG_NAME, IMG_FILENAME, IMG_DELETE_FL, IMG_VERSION_ID,
PTN_ID ) VALUES ( 
1215, 7, 'DebugAdd', '/icon/debug_add.png', 'N', 1, 1); 
INSERT INTO IMAGE_TBL ( IMG_ID, IGP_ID, IMG_NAME, IMG_FILENAME, IMG_DELETE_FL, IMG_VERSION_ID,
PTN_ID ) VALUES ( 
1216, 7, 'DebugDelete', '/icon/debug_delete.png', 'N', 1, 1); 
INSERT INTO IMAGE_TBL ( IMG_ID, IGP_ID, IMG_NAME, IMG_FILENAME, IMG_DELETE_FL, IMG_VERSION_ID,
PTN_ID ) VALUES ( 
1217, 7, 'DebugEdit', '/icon/debug_edit.png', 'N', 1, 1); 
INSERT INTO IMAGE_TBL ( IMG_ID, IGP_ID, IMG_NAME, IMG_FILENAME, IMG_DELETE_FL, IMG_VERSION_ID,
PTN_ID ) VALUES ( 
1218, 7, 'DebugInto', '/icon/debug_into.png', 'N', 1, 1); 
INSERT INTO IMAGE_TBL ( IMG_ID, IGP_ID, IMG_NAME, IMG_FILENAME, IMG_DELETE_FL, IMG_VERSION_ID,
PTN_ID ) VALUES ( 
1219, 7, 'DebugNext', '/icon/debug_next.png', 'N', 1, 1); 
INSERT INTO IMAGE_TBL ( IMG_ID, IGP_ID, IMG_NAME, IMG_FILENAME, IMG_DELETE_FL, IMG_VERSION_ID,
PTN_ID ) VALUES ( 
1220, 7, 'DebugPause', '/icon/debug_pause.png', 'N', 1, 1); 
INSERT INTO IMAGE_TBL ( IMG_ID, IGP_ID, IMG_NAME, IMG_FILENAME, IMG_DELETE_FL, IMG_VERSION_ID,
PTN_ID ) VALUES ( 
1221, 7, 'DebugPreferences', '/icon/debug_preferences.png', 'N', 1, 1); 
INSERT INTO IMAGE_TBL ( IMG_ID, IGP_ID, IMG_NAME, IMG_FILENAME, IMG_DELETE_FL, IMG_VERSION_ID,
PTN_ID ) VALUES ( 
1222, 7, 'DebugPrevious', '/icon/debug_previous.png', 'N', 1, 1); 
INSERT INTO IMAGE_TBL ( IMG_ID, IGP_ID, IMG_NAME, IMG_FILENAME, IMG_DELETE_FL, IMG_VERSION_ID,
PTN_ID ) VALUES ( 
1223, 7, 'DebugReset', '/icon/debug_reset.png', 'N', 1, 1); 
INSERT INTO IMAGE_TBL ( IMG_ID, IGP_ID, IMG_NAME, IMG_FILENAME, IMG_DELETE_FL, IMG_VERSION_ID,
PTN_ID ) VALUES ( 
1224, 7, 'DebugRun', '/icon/debug_run.png', 'N', 1, 1); 
INSERT INTO IMAGE_TBL ( IMG_ID, IGP_ID, IMG_NAME, IMG_FILENAME, IMG_DELETE_FL, IMG_VERSION_ID,
PTN_ID ) VALUES ( 
1225, 7, 'DebugStepForward', '/icon/debug_step_forward.png', 'N', 1, 1); 
INSERT INTO IMAGE_TBL ( IMG_ID, IGP_ID, IMG_NAME, IMG_FILENAME, IMG_DELETE_FL, IMG_VERSION_ID,
PTN_ID ) VALUES ( 
1226, 7, 'DebugStop', '/icon/debug_stop.png', 'N', 1, 1); 
INSERT INTO IMAGE_TBL ( IMG_ID, IGP_ID, IMG_NAME, IMG_FILENAME, IMG_DELETE_FL, IMG_VERSION_ID,
PTN_ID ) VALUES ( 
1227, 7, 'DebugTime', '/icon/debug_time.png', 'N', 1, 1); 
INSERT INTO IMAGE_TBL ( IMG_ID, IGP_ID, IMG_NAME, IMG_FILENAME, IMG_DELETE_FL, IMG_VERSION_ID,
PTN_ID ) VALUES ( 
1228, 7, 'DebugView', '/icon/debug_view.png', 'N', 1, 1); 
INSERT INTO IMAGE_TBL ( IMG_ID, IGP_ID, IMG_NAME, IMG_FILENAME, IMG_DELETE_FL, IMG_VERSION_ID,
PTN_ID ) VALUES ( 
1229, 7, 'Element', '/icon/element.png', 'N', 1, 1); 
INSERT INTO IMAGE_TBL ( IMG_ID, IGP_ID, IMG_NAME, IMG_FILENAME, IMG_DELETE_FL, IMG_VERSION_ID,
PTN_ID ) VALUES ( 
1230, 7, 'ElementAdd', '/icon/element_add.png', 'N', 1, 1); 
INSERT INTO IMAGE_TBL ( IMG_ID, IGP_ID, IMG_NAME, IMG_FILENAME, IMG_DELETE_FL, IMG_VERSION_ID,
PTN_ID ) VALUES ( 
1231, 7, 'ElementCopy', '/icon/element_copy.png', 'N', 1, 1); 
INSERT INTO IMAGE_TBL ( IMG_ID, IGP_ID, IMG_NAME, IMG_FILENAME, IMG_DELETE_FL, IMG_VERSION_ID,
PTN_ID ) VALUES ( 
1232, 7, 'ElementDelete', '/icon/element_delete.png', 'N', 1, 1); 
INSERT INTO IMAGE_TBL ( IMG_ID, IGP_ID, IMG_NAME, IMG_FILENAME, IMG_DELETE_FL, IMG_VERSION_ID,
PTN_ID ) VALUES ( 
1233, 7, 'ElementDown', '/icon/element_down.png', 'N', 1, 1); 
INSERT INTO IMAGE_TBL ( IMG_ID, IGP_ID, IMG_NAME, IMG_FILENAME, IMG_DELETE_FL, IMG_VERSION_ID,
PTN_ID ) VALUES ( 
1234, 7, 'ElementFind', '/icon/element_find.png', 'N', 1, 1); 
INSERT INTO IMAGE_TBL ( IMG_ID, IGP_ID, IMG_NAME, IMG_FILENAME, IMG_DELETE_FL, IMG_VERSION_ID,
PTN_ID ) VALUES ( 
1235, 7, 'ElementInto', '/icon/element_into.png', 'N', 1, 1); 
INSERT INTO IMAGE_TBL ( IMG_ID, IGP_ID, IMG_NAME, IMG_FILENAME, IMG_DELETE_FL, IMG_VERSION_ID,
PTN_ID ) VALUES ( 
1236, 7, 'ElementIntoInput', '/icon/element_into_input.png', 'N', 1, 1); 
INSERT INTO IMAGE_TBL ( IMG_ID, IGP_ID, IMG_NAME, IMG_FILENAME, IMG_DELETE_FL, IMG_VERSION_ID,
PTN_ID ) VALUES ( 
1237, 7, 'ElementNew', '/icon/element_new.png', 'N', 1, 1); 
INSERT INTO IMAGE_TBL ( IMG_ID, IGP_ID, IMG_NAME, IMG_FILENAME, IMG_DELETE_FL, IMG_VERSION_ID,
PTN_ID ) VALUES ( 
1238, 7, 'ElementNewAfter', '/icon/element_new_after.png', 'N', 1, 1); 
INSERT INTO IMAGE_TBL ( IMG_ID, IGP_ID, IMG_NAME, IMG_FILENAME, IMG_DELETE_FL, IMG_VERSION_ID,
PTN_ID ) VALUES ( 
1239, 7, 'ElementNewBefore', '/icon/element_new_before.png', 'N', 1, 1); 
INSERT INTO IMAGE_TBL ( IMG_ID, IGP_ID, IMG_NAME, IMG_FILENAME, IMG_DELETE_FL, IMG_VERSION_ID,
PTN_ID ) VALUES ( 
1240, 7, 'ElementNext', '/icon/element_next.png', 'N', 1, 1); 
INSERT INTO IMAGE_TBL ( IMG_ID, IGP_ID, IMG_NAME, IMG_FILENAME, IMG_DELETE_FL, IMG_VERSION_ID,
PTN_ID ) VALUES ( 
1241, 7, 'ElementOk', '/icon/element_ok.png', 'N', 1, 1); 
INSERT INTO IMAGE_TBL ( IMG_ID, IGP_ID, IMG_NAME, IMG_FILENAME, IMG_DELETE_FL, IMG_VERSION_ID,
PTN_ID ) VALUES ( 
1242, 7, 'ElementPreferences', '/icon/element_preferences.png', 'N', 1, 1); 
INSERT INTO IMAGE_TBL ( IMG_ID, IGP_ID, IMG_NAME, IMG_FILENAME, IMG_DELETE_FL, IMG_VERSION_ID,
PTN_ID ) VALUES ( 
1243, 7, 'ElementPrevious', '/icon/element_previous.png', 'N', 1, 1); 
INSERT INTO IMAGE_TBL ( IMG_ID, IGP_ID, IMG_NAME, IMG_FILENAME, IMG_DELETE_FL, IMG_VERSION_ID,
PTN_ID ) VALUES ( 
1244, 7, 'ElementRefresh', '/icon/element_refresh.png', 'N', 1, 1); 
INSERT INTO IMAGE_TBL ( IMG_ID, IGP_ID, IMG_NAME, IMG_FILENAME, IMG_DELETE_FL, IMG_VERSION_ID,
PTN_ID ) VALUES ( 
1245, 7, 'ElementReplace', '/icon/element_replace.png', 'N', 1, 1); 
INSERT INTO IMAGE_TBL ( IMG_ID, IGP_ID, IMG_NAME, IMG_FILENAME, IMG_DELETE_FL, IMG_VERSION_ID,
PTN_ID ) VALUES ( 
1246, 7, 'ElementRun', '/icon/element_run.png', 'N', 1, 1); 
INSERT INTO IMAGE_TBL ( IMG_ID, IGP_ID, IMG_NAME, IMG_FILENAME, IMG_DELETE_FL, IMG_VERSION_ID,
PTN_ID ) VALUES ( 
1247, 7, 'Elements1', '/icon/elements1.png', 'N', 1, 1); 
INSERT INTO IMAGE_TBL ( IMG_ID, IGP_ID, IMG_NAME, IMG_FILENAME, IMG_DELETE_FL, IMG_VERSION_ID,
PTN_ID ) VALUES ( 
1248, 7, 'Elements2', '/icon/elements2.png', 'N', 1, 1); 
INSERT INTO IMAGE_TBL ( IMG_ID, IGP_ID, IMG_NAME, IMG_FILENAME, IMG_DELETE_FL, IMG_VERSION_ID,
PTN_ID ) VALUES ( 
1249, 7, 'ElementSelection', '/icon/element_selection.png', 'N', 1, 1); 
INSERT INTO IMAGE_TBL ( IMG_ID, IGP_ID, IMG_NAME, IMG_FILENAME, IMG_DELETE_FL, IMG_VERSION_ID,
PTN_ID ) VALUES ( 
1250, 7, 'ElementSelectionDelete', '/icon/element_selection_delete.png', 'N', 1, 1); 
INSERT INTO IMAGE_TBL ( IMG_ID, IGP_ID, IMG_NAME, IMG_FILENAME, IMG_DELETE_FL, IMG_VERSION_ID,
PTN_ID ) VALUES ( 
1251, 7, 'ElementsSelection', '/icon/elements_selection.png', 'N', 1, 1); 
INSERT INTO IMAGE_TBL ( IMG_ID, IGP_ID, IMG_NAME, IMG_FILENAME, IMG_DELETE_FL, IMG_VERSION_ID,
PTN_ID ) VALUES ( 
1252, 7, 'ElementStop', '/icon/element_stop.png', 'N', 1, 1); 
INSERT INTO IMAGE_TBL ( IMG_ID, IGP_ID, IMG_NAME, IMG_FILENAME, IMG_DELETE_FL, IMG_VERSION_ID,
PTN_ID ) VALUES ( 
1253, 7, 'ElementTime', '/icon/element_time.png', 'N', 1, 1); 
INSERT INTO IMAGE_TBL ( IMG_ID, IGP_ID, IMG_NAME, IMG_FILENAME, IMG_DELETE_FL, IMG_VERSION_ID,
PTN_ID ) VALUES ( 
1254, 7, 'ElementUp', '/icon/element_up.png', 'N', 1, 1); 
INSERT INTO IMAGE_TBL ( IMG_ID, IGP_ID, IMG_NAME, IMG_FILENAME, IMG_DELETE_FL, IMG_VERSION_ID,
PTN_ID ) VALUES ( 
1255, 7, 'ElementView', '/icon/element_view.png', 'N', 1, 1); 
INSERT INTO IMAGE_TBL ( IMG_ID, IGP_ID, IMG_NAME, IMG_FILENAME, IMG_DELETE_FL, IMG_VERSION_ID,
PTN_ID ) VALUES ( 
1256, 7, 'Jar', '/icon/jar.png', 'N', 1, 1); 
INSERT INTO IMAGE_TBL ( IMG_ID, IGP_ID, IMG_NAME, IMG_FILENAME, IMG_DELETE_FL, IMG_VERSION_ID,
PTN_ID ) VALUES ( 
1257, 7, 'JarAdd', '/icon/jar_add.png', 'N', 1, 1); 
INSERT INTO IMAGE_TBL ( IMG_ID, IGP_ID, IMG_NAME, IMG_FILENAME, IMG_DELETE_FL, IMG_VERSION_ID,
PTN_ID ) VALUES ( 
1258, 7, 'JarBean', '/icon/jar_bean.png', 'N', 1, 1); 
INSERT INTO IMAGE_TBL ( IMG_ID, IGP_ID, IMG_NAME, IMG_FILENAME, IMG_DELETE_FL, IMG_VERSION_ID,
PTN_ID ) VALUES ( 
1259, 7, 'JarBeanAdd', '/icon/jar_bean_add.png', 'N', 1, 1); 
INSERT INTO IMAGE_TBL ( IMG_ID, IGP_ID, IMG_NAME, IMG_FILENAME, IMG_DELETE_FL, IMG_VERSION_ID,
PTN_ID ) VALUES ( 
1260, 7, 'JarBeanDelete', '/icon/jar_bean_delete.png', 'N', 1, 1); 
INSERT INTO IMAGE_TBL ( IMG_ID, IGP_ID, IMG_NAME, IMG_FILENAME, IMG_DELETE_FL, IMG_VERSION_ID,
PTN_ID ) VALUES ( 
1261, 7, 'JarBeanEnterprise', '/icon/jar_bean_enterprise.png', 'N', 1, 1); 
INSERT INTO IMAGE_TBL ( IMG_ID, IGP_ID, IMG_NAME, IMG_FILENAME, IMG_DELETE_FL, IMG_VERSION_ID,
PTN_ID ) VALUES ( 
1262, 7, 'JarBeanEnterpriseAdd', '/icon/jar_bean_enterprise_add.png', 'N', 1, 1); 
INSERT INTO IMAGE_TBL ( IMG_ID, IGP_ID, IMG_NAME, IMG_FILENAME, IMG_DELETE_FL, IMG_VERSION_ID,
PTN_ID ) VALUES ( 
1263, 7, 'JarBeanEnterpriseDelete', '/icon/jar_bean_enterprise_delete.png', 'N', 1
, 1); 
INSERT INTO IMAGE_TBL ( IMG_ID, IGP_ID, IMG_NAME, IMG_FILENAME, IMG_DELETE_FL, IMG_VERSION_ID,
PTN_ID ) VALUES ( 
1264, 7, 'JarBeanEnterprisePreferences', '/icon/jar_bean_enterprise_preferences.png'
, 'N', 1, 1); 
INSERT INTO IMAGE_TBL ( IMG_ID, IGP_ID, IMG_NAME, IMG_FILENAME, IMG_DELETE_FL, IMG_VERSION_ID,
PTN_ID ) VALUES ( 
1265, 7, 'JarBeanEnterpriseView', '/icon/jar_bean_enterprise_view.png', 'N', 1, 1); 
INSERT INTO IMAGE_TBL ( IMG_ID, IGP_ID, IMG_NAME, IMG_FILENAME, IMG_DELETE_FL, IMG_VERSION_ID,
PTN_ID ) VALUES ( 
1266, 7, 'JarBeanInto', '/icon/jar_bean_into.png', 'N', 1, 1); 
INSERT INTO IMAGE_TBL ( IMG_ID, IGP_ID, IMG_NAME, IMG_FILENAME, IMG_DELETE_FL, IMG_VERSION_ID,
PTN_ID ) VALUES ( 
1267, 7, 'JarBeanNew', '/icon/jar_bean_new.png', 'N', 1, 1); 
INSERT INTO IMAGE_TBL ( IMG_ID, IGP_ID, IMG_NAME, IMG_FILENAME, IMG_DELETE_FL, IMG_VERSION_ID,
PTN_ID ) VALUES ( 
1268, 7, 'JarBeanOut', '/icon/jar_bean_out.png', 'N', 1, 1); 
INSERT INTO IMAGE_TBL ( IMG_ID, IGP_ID, IMG_NAME, IMG_FILENAME, IMG_DELETE_FL, IMG_VERSION_ID,
PTN_ID ) VALUES ( 
1269, 7, 'JarBeanPreferences', '/icon/jar_bean_preferences.png', 'N', 1, 1); 
INSERT INTO IMAGE_TBL ( IMG_ID, IGP_ID, IMG_NAME, IMG_FILENAME, IMG_DELETE_FL, IMG_VERSION_ID,
PTN_ID ) VALUES ( 
1270, 7, 'JarBeanView', '/icon/jar_bean_view.png', 'N', 1, 1); 
INSERT INTO IMAGE_TBL ( IMG_ID, IGP_ID, IMG_NAME, IMG_FILENAME, IMG_DELETE_FL, IMG_VERSION_ID,
PTN_ID ) VALUES ( 
1271, 7, 'JarDelete', '/icon/jar_delete.png', 'N', 1, 1); 
INSERT INTO IMAGE_TBL ( IMG_ID, IGP_ID, IMG_NAME, IMG_FILENAME, IMG_DELETE_FL, IMG_VERSION_ID,
PTN_ID ) VALUES ( 
1272, 7, 'JarInto', '/icon/jar_into.png', 'N', 1, 1); 
INSERT INTO IMAGE_TBL ( IMG_ID, IGP_ID, IMG_NAME, IMG_FILENAME, IMG_DELETE_FL, IMG_VERSION_ID,
PTN_ID ) VALUES ( 
1273, 7, 'JarNew', '/icon/jar_new.png', 'N', 1, 1); 
INSERT INTO IMAGE_TBL ( IMG_ID, IGP_ID, IMG_NAME, IMG_FILENAME, IMG_DELETE_FL, IMG_VERSION_ID,
PTN_ID ) VALUES ( 
1274, 7, 'JarOut', '/icon/jar_out.png', 'N', 1, 1); 
INSERT INTO IMAGE_TBL ( IMG_ID, IGP_ID, IMG_NAME, IMG_FILENAME, IMG_DELETE_FL, IMG_VERSION_ID,
PTN_ID ) VALUES ( 
1275, 7, 'JarPreferences', '/icon/jar_preferences.png', 'N', 1, 1); 
INSERT INTO IMAGE_TBL ( IMG_ID, IGP_ID, IMG_NAME, IMG_FILENAME, IMG_DELETE_FL, IMG_VERSION_ID,
PTN_ID ) VALUES ( 
1276, 7, 'JarView', '/icon/jar_view.png', 'N', 1, 1); 
INSERT INTO IMAGE_TBL ( IMG_ID, IGP_ID, IMG_NAME, IMG_FILENAME, IMG_DELETE_FL, IMG_VERSION_ID,
PTN_ID ) VALUES ( 
1277, 7, 'LayoutCenter', '/icon/layout_center.png', 'N', 1, 1); 
INSERT INTO IMAGE_TBL ( IMG_ID, IGP_ID, IMG_NAME, IMG_FILENAME, IMG_DELETE_FL, IMG_VERSION_ID,
PTN_ID ) VALUES ( 
1278, 7, 'LayoutEast', '/icon/layout_east.png', 'N', 1, 1); 
INSERT INTO IMAGE_TBL ( IMG_ID, IGP_ID, IMG_NAME, IMG_FILENAME, IMG_DELETE_FL, IMG_VERSION_ID,
PTN_ID ) VALUES ( 
1279, 7, 'LayoutHorizontal', '/icon/layout_horizontal.png', 'N', 1, 1); 
INSERT INTO IMAGE_TBL ( IMG_ID, IGP_ID, IMG_NAME, IMG_FILENAME, IMG_DELETE_FL, IMG_VERSION_ID,
PTN_ID ) VALUES ( 
1280, 7, 'LayoutNorth', '/icon/layout_north.png', 'N', 1, 1); 
INSERT INTO IMAGE_TBL ( IMG_ID, IGP_ID, IMG_NAME, IMG_FILENAME, IMG_DELETE_FL, IMG_VERSION_ID,
PTN_ID ) VALUES ( 
1281, 7, 'LayoutNortheast', '/icon/layout_northeast.png', 'N', 1, 1); 
INSERT INTO IMAGE_TBL ( IMG_ID, IGP_ID, IMG_NAME, IMG_FILENAME, IMG_DELETE_FL, IMG_VERSION_ID,
PTN_ID ) VALUES ( 
1282, 7, 'LayoutNorthwest', '/icon/layout_northwest.png', 'N', 1, 1); 
INSERT INTO IMAGE_TBL ( IMG_ID, IGP_ID, IMG_NAME, IMG_FILENAME, IMG_DELETE_FL, IMG_VERSION_ID,
PTN_ID ) VALUES ( 
1283, 7, 'LayoutSouth', '/icon/layout_south.png', 'N', 1, 1); 
INSERT INTO IMAGE_TBL ( IMG_ID, IGP_ID, IMG_NAME, IMG_FILENAME, IMG_DELETE_FL, IMG_VERSION_ID,
PTN_ID ) VALUES ( 
1284, 7, 'LayoutSoutheast', '/icon/layout_southeast.png', 'N', 1, 1); 
INSERT INTO IMAGE_TBL ( IMG_ID, IGP_ID, IMG_NAME, IMG_FILENAME, IMG_DELETE_FL, IMG_VERSION_ID,
PTN_ID ) VALUES ( 
1285, 7, 'LayoutSouthwest', '/icon/layout_southwest.png', 'N', 1, 1); 
INSERT INTO IMAGE_TBL ( IMG_ID, IGP_ID, IMG_NAME, IMG_FILENAME, IMG_DELETE_FL, IMG_VERSION_ID,
PTN_ID ) VALUES ( 
1286, 7, 'LayoutVertical', '/icon/layout_vertical.png', 'N', 1, 1); 
INSERT INTO IMAGE_TBL ( IMG_ID, IGP_ID, IMG_NAME, IMG_FILENAME, IMG_DELETE_FL, IMG_VERSION_ID,
PTN_ID ) VALUES ( 
1287, 7, 'LayoutWest', '/icon/layout_west.png', 'N', 1, 1); 
INSERT INTO IMAGE_TBL ( IMG_ID, IGP_ID, IMG_NAME, IMG_FILENAME, IMG_DELETE_FL, IMG_VERSION_ID,
PTN_ID ) VALUES ( 
1288, 7, 'LogicAnd', '/icon/logic_and.png', 'N', 1, 1); 
INSERT INTO IMAGE_TBL ( IMG_ID, IGP_ID, IMG_NAME, IMG_FILENAME, IMG_DELETE_FL, IMG_VERSION_ID,
PTN_ID ) VALUES ( 
1289, 7, 'LogicNot', '/icon/logic_not.png', 'N', 1, 1); 
INSERT INTO IMAGE_TBL ( IMG_ID, IGP_ID, IMG_NAME, IMG_FILENAME, IMG_DELETE_FL, IMG_VERSION_ID,
PTN_ID ) VALUES ( 
1290, 7, 'LogicOr', '/icon/logic_or.png', 'N', 1, 1); 
INSERT INTO IMAGE_TBL ( IMG_ID, IGP_ID, IMG_NAME, IMG_FILENAME, IMG_DELETE_FL, IMG_VERSION_ID,
PTN_ID ) VALUES ( 
1291, 7, 'Oszillograph', '/icon/oszillograph.png', 'N', 1, 1); 
INSERT INTO IMAGE_TBL ( IMG_ID, IGP_ID, IMG_NAME, IMG_FILENAME, IMG_DELETE_FL, IMG_VERSION_ID,
PTN_ID ) VALUES ( 
1292, 7, 'Registry', '/icon/registry.png', 'N', 1, 1); 
INSERT INTO IMAGE_TBL ( IMG_ID, IGP_ID, IMG_NAME, IMG_FILENAME, IMG_DELETE_FL, IMG_VERSION_ID,
PTN_ID ) VALUES ( 
1293, 7, 'Step', '/icon/step.png', 'N', 1, 1); 
INSERT INTO IMAGE_TBL ( IMG_ID, IGP_ID, IMG_NAME, IMG_FILENAME, IMG_DELETE_FL, IMG_VERSION_ID,
PTN_ID ) VALUES ( 
1294, 7, 'StepAdd', '/icon/step_add.png', 'N', 1, 1); 
INSERT INTO IMAGE_TBL ( IMG_ID, IGP_ID, IMG_NAME, IMG_FILENAME, IMG_DELETE_FL, IMG_VERSION_ID,
PTN_ID ) VALUES ( 
1295, 7, 'StepDelete', '/icon/step_delete.png', 'N', 1, 1); 
INSERT INTO IMAGE_TBL ( IMG_ID, IGP_ID, IMG_NAME, IMG_FILENAME, IMG_DELETE_FL, IMG_VERSION_ID,
PTN_ID ) VALUES ( 
1296, 7, 'StepNew', '/icon/step_new.png', 'N', 1, 1); 
INSERT INTO IMAGE_TBL ( IMG_ID, IGP_ID, IMG_NAME, IMG_FILENAME, IMG_DELETE_FL, IMG_VERSION_ID,
PTN_ID ) VALUES ( 
1297, 7, 'TextCode', '/icon/text_code.png', 'N', 1, 1); 
INSERT INTO IMAGE_TBL ( IMG_ID, IGP_ID, IMG_NAME, IMG_FILENAME, IMG_DELETE_FL, IMG_VERSION_ID,
PTN_ID ) VALUES ( 
1298, 7, 'TextCodeC', '/icon/text_code_c.png', 'N', 1, 1); 
INSERT INTO IMAGE_TBL ( IMG_ID, IGP_ID, IMG_NAME, IMG_FILENAME, IMG_DELETE_FL, IMG_VERSION_ID,
PTN_ID ) VALUES ( 
1299, 7, 'TextCodeColored', '/icon/text_code_colored.png', 'N', 1, 1); 
INSERT INTO IMAGE_TBL ( IMG_ID, IGP_ID, IMG_NAME, IMG_FILENAME, IMG_DELETE_FL, IMG_VERSION_ID,
PTN_ID ) VALUES ( 
1300, 7, 'TextCodeCplusplus', '/icon/text_code_cplusplus.png', 'N', 1, 1); 
INSERT INTO IMAGE_TBL ( IMG_ID, IGP_ID, IMG_NAME, IMG_FILENAME, IMG_DELETE_FL, IMG_VERSION_ID,
PTN_ID ) VALUES ( 
1301, 7, 'TextCodeCsharp', '/icon/text_code_csharp.png', 'N', 1, 1); 
INSERT INTO IMAGE_TBL ( IMG_ID, IGP_ID, IMG_NAME, IMG_FILENAME, IMG_DELETE_FL, IMG_VERSION_ID,
PTN_ID ) VALUES ( 
1302, 7, 'TextCodeJava', '/icon/text_code_java.png', 'N', 1, 1); 
INSERT INTO IMAGE_TBL ( IMG_ID, IGP_ID, IMG_NAME, IMG_FILENAME, IMG_DELETE_FL, IMG_VERSION_ID,
PTN_ID ) VALUES ( 
1303, 7, 'TextCodeJavascript', '/icon/text_code_javascript.png', 'N', 1, 1); 
INSERT INTO IMAGE_TBL ( IMG_ID, IGP_ID, IMG_NAME, IMG_FILENAME, IMG_DELETE_FL, IMG_VERSION_ID,
PTN_ID ) VALUES ( 
1304, 7, 'Thread', '/icon/thread.png', 'N', 1, 1); 
INSERT INTO IMAGE_TBL ( IMG_ID, IGP_ID, IMG_NAME, IMG_FILENAME, IMG_DELETE_FL, IMG_VERSION_ID,
PTN_ID ) VALUES ( 
1305, 7, 'War', '/icon/war.png', 'N', 1, 1); 
INSERT INTO IMAGE_TBL ( IMG_ID, IGP_ID, IMG_NAME, IMG_FILENAME, IMG_DELETE_FL, IMG_VERSION_ID,
PTN_ID ) VALUES ( 
1306, 7, 'WarAdd', '/icon/war_add.png', 'N', 1, 1); 
INSERT INTO IMAGE_TBL ( IMG_ID, IGP_ID, IMG_NAME, IMG_FILENAME, IMG_DELETE_FL, IMG_VERSION_ID,
PTN_ID ) VALUES ( 
1307, 7, 'WarDelete', '/icon/war_delete.png', 'N', 1, 1); 
INSERT INTO IMAGE_TBL ( IMG_ID, IGP_ID, IMG_NAME, IMG_FILENAME, IMG_DELETE_FL, IMG_VERSION_ID,
PTN_ID ) VALUES ( 
1308, 7, 'WarInto', '/icon/war_into.png', 'N', 1, 1); 
INSERT INTO IMAGE_TBL ( IMG_ID, IGP_ID, IMG_NAME, IMG_FILENAME, IMG_DELETE_FL, IMG_VERSION_ID,
PTN_ID ) VALUES ( 
1309, 7, 'WarOut', '/icon/war_out.png', 'N', 1, 1); 
INSERT INTO IMAGE_TBL ( IMG_ID, IGP_ID, IMG_NAME, IMG_FILENAME, IMG_DELETE_FL, IMG_VERSION_ID,
PTN_ID ) VALUES ( 
1310, 7, 'WarPreferences', '/icon/war_preferences.png', 'N', 1, 1); 
INSERT INTO IMAGE_TBL ( IMG_ID, IGP_ID, IMG_NAME, IMG_FILENAME, IMG_DELETE_FL, IMG_VERSION_ID,
PTN_ID ) VALUES ( 
1311, 7, 'WarView', '/icon/war_view.png', 'N', 1, 1); 
INSERT INTO IMAGE_TBL ( IMG_ID, IGP_ID, IMG_NAME, IMG_FILENAME, IMG_DELETE_FL, IMG_VERSION_ID,
PTN_ID ) VALUES ( 
1312, 7, 'WindowApplication', '/icon/window_application.png', 'N', 1, 1); 
INSERT INTO IMAGE_TBL ( IMG_ID, IGP_ID, IMG_NAME, IMG_FILENAME, IMG_DELETE_FL, IMG_VERSION_ID,
PTN_ID ) VALUES ( 
1313, 7, 'WindowApplicationAdd', '/icon/window_application_add.png', 'N', 1, 1); 
INSERT INTO IMAGE_TBL ( IMG_ID, IGP_ID, IMG_NAME, IMG_FILENAME, IMG_DELETE_FL, IMG_VERSION_ID,
PTN_ID ) VALUES ( 
1314, 7, 'WindowApplicationDelete', '/icon/window_application_delete.png', 'N', 1
, 1); 
INSERT INTO IMAGE_TBL ( IMG_ID, IGP_ID, IMG_NAME, IMG_FILENAME, IMG_DELETE_FL, IMG_VERSION_ID,
PTN_ID ) VALUES ( 
1315, 7, 'WindowApplicationEnterprise', '/icon/window_application_enterprise.png'
, 'N', 1, 1); 
INSERT INTO IMAGE_TBL ( IMG_ID, IGP_ID, IMG_NAME, IMG_FILENAME, IMG_DELETE_FL, IMG_VERSION_ID,
PTN_ID ) VALUES ( 
1316, 7, 'WindowApplicationEnterpriseAdd', '/icon/window_application_enterprise_add.png'
, 'N', 1, 1); 
INSERT INTO IMAGE_TBL ( IMG_ID, IGP_ID, IMG_NAME, IMG_FILENAME, IMG_DELETE_FL, IMG_VERSION_ID,
PTN_ID ) VALUES ( 
1317, 7, 'WindowApplicationEnterpriseDelete', '/icon/window_application_enterprise_delete.png'
, 'N', 1, 1); 
INSERT INTO IMAGE_TBL ( IMG_ID, IGP_ID, IMG_NAME, IMG_FILENAME, IMG_DELETE_FL, IMG_VERSION_ID,
PTN_ID ) VALUES ( 
843, 6, 'ConvertibleOrange', '/icon/convertible_orange.png', 'N', 1, 1); 
INSERT INTO IMAGE_TBL ( IMG_ID, IGP_ID, IMG_NAME, IMG_FILENAME, IMG_DELETE_FL, IMG_VERSION_ID,
PTN_ID ) VALUES ( 
844, 6, 'Cpu', '/icon/cpu.png', 'N', 1, 1); 
INSERT INTO IMAGE_TBL ( IMG_ID, IGP_ID, IMG_NAME, IMG_FILENAME, IMG_DELETE_FL, IMG_VERSION_ID,
PTN_ID ) VALUES ( 
845, 6, 'CpuConnection', '/icon/cpu_connection.png', 'N', 1, 1); 
INSERT INTO IMAGE_TBL ( IMG_ID, IGP_ID, IMG_NAME, IMG_FILENAME, IMG_DELETE_FL, IMG_VERSION_ID,
PTN_ID ) VALUES ( 
846, 6, 'CpuPreferences', '/icon/cpu_preferences.png', 'N', 1, 1); 
INSERT INTO IMAGE_TBL ( IMG_ID, IGP_ID, IMG_NAME, IMG_FILENAME, IMG_DELETE_FL, IMG_VERSION_ID,
PTN_ID ) VALUES ( 
847, 6, 'CpuRun', '/icon/cpu_run.png', 'N', 1, 1); 
INSERT INTO IMAGE_TBL ( IMG_ID, IGP_ID, IMG_NAME, IMG_FILENAME, IMG_DELETE_FL, IMG_VERSION_ID,
PTN_ID ) VALUES ( 
848, 6, 'CpuStop', '/icon/cpu_stop.png', 'N', 1, 1); 
INSERT INTO IMAGE_TBL ( IMG_ID, IGP_ID, IMG_NAME, IMG_FILENAME, IMG_DELETE_FL, IMG_VERSION_ID,
PTN_ID ) VALUES ( 
849, 6, 'CpuTime', '/icon/cpu_time.png', 'N', 1, 1); 
INSERT INTO IMAGE_TBL ( IMG_ID, IGP_ID, IMG_NAME, IMG_FILENAME, IMG_DELETE_FL, IMG_VERSION_ID,
PTN_ID ) VALUES ( 
850, 6, 'CpuView', '/icon/cpu_view.png', 'N', 1, 1); 
INSERT INTO IMAGE_TBL ( IMG_ID, IGP_ID, IMG_NAME, IMG_FILENAME, IMG_DELETE_FL, IMG_VERSION_ID,
PTN_ID ) VALUES ( 
851, 6, 'Crutch', '/icon/crutch.png', 'N', 1, 1); 
INSERT INTO IMAGE_TBL ( IMG_ID, IGP_ID, IMG_NAME, IMG_FILENAME, IMG_DELETE_FL, IMG_VERSION_ID,
PTN_ID ) VALUES ( 
852, 6, 'CubeBlue', '/icon/cube_blue.png', 'N', 1, 1); 
INSERT INTO IMAGE_TBL ( IMG_ID, IGP_ID, IMG_NAME, IMG_FILENAME, IMG_DELETE_FL, IMG_VERSION_ID,
PTN_ID ) VALUES ( 
853, 6, 'CubeBlueAdd', '/icon/cube_blue_add.png', 'N', 1, 1); 
INSERT INTO IMAGE_TBL ( IMG_ID, IGP_ID, IMG_NAME, IMG_FILENAME, IMG_DELETE_FL, IMG_VERSION_ID,
PTN_ID ) VALUES ( 
854, 6, 'CubeBlueDelete', '/icon/cube_blue_delete.png', 'N', 1, 1); 
INSERT INTO IMAGE_TBL ( IMG_ID, IGP_ID, IMG_NAME, IMG_FILENAME, IMG_DELETE_FL, IMG_VERSION_ID,
PTN_ID ) VALUES ( 
855, 6, 'CubeBlueNew', '/icon/cube_blue_new.png', 'N', 1, 1); 
INSERT INTO IMAGE_TBL ( IMG_ID, IGP_ID, IMG_NAME, IMG_FILENAME, IMG_DELETE_FL, IMG_VERSION_ID,
PTN_ID ) VALUES ( 
856, 6, 'CubeBluePreferences', '/icon/cube_blue_preferences.png', 'N', 1, 1); 
INSERT INTO IMAGE_TBL ( IMG_ID, IGP_ID, IMG_NAME, IMG_FILENAME, IMG_DELETE_FL, IMG_VERSION_ID,
PTN_ID ) VALUES ( 
857, 6, 'CubeGreen', '/icon/cube_green.png', 'N', 1, 1); 
INSERT INTO IMAGE_TBL ( IMG_ID, IGP_ID, IMG_NAME, IMG_FILENAME, IMG_DELETE_FL, IMG_VERSION_ID,
PTN_ID ) VALUES ( 
858, 6, 'CubeGreenAdd', '/icon/cube_green_add.png', 'N', 1, 1); 
INSERT INTO IMAGE_TBL ( IMG_ID, IGP_ID, IMG_NAME, IMG_FILENAME, IMG_DELETE_FL, IMG_VERSION_ID,
PTN_ID ) VALUES ( 
859, 6, 'CubeGreenDelete', '/icon/cube_green_delete.png', 'N', 1, 1); 
INSERT INTO IMAGE_TBL ( IMG_ID, IGP_ID, IMG_NAME, IMG_FILENAME, IMG_DELETE_FL, IMG_VERSION_ID,
PTN_ID ) VALUES ( 
860, 6, 'CubeGreenNew', '/icon/cube_green_new.png', 'N', 1, 1); 
INSERT INTO IMAGE_TBL ( IMG_ID, IGP_ID, IMG_NAME, IMG_FILENAME, IMG_DELETE_FL, IMG_VERSION_ID,
PTN_ID ) VALUES ( 
861, 6, 'CubeGreenPreferences', '/icon/cube_green_preferences.png', 'N', 1, 1); 
INSERT INTO IMAGE_TBL ( IMG_ID, IGP_ID, IMG_NAME, IMG_FILENAME, IMG_DELETE_FL, IMG_VERSION_ID,
PTN_ID ) VALUES ( 
862, 6, 'CubeMolecule', '/icon/cube_molecule.png', 'N', 1, 1); 
INSERT INTO IMAGE_TBL ( IMG_ID, IGP_ID, IMG_NAME, IMG_FILENAME, IMG_DELETE_FL, IMG_VERSION_ID,
PTN_ID ) VALUES ( 
863, 6, 'CubeMoleculeAdd', '/icon/cube_molecule_add.png', 'N', 1, 1); 
INSERT INTO IMAGE_TBL ( IMG_ID, IGP_ID, IMG_NAME, IMG_FILENAME, IMG_DELETE_FL, IMG_VERSION_ID,
PTN_ID ) VALUES ( 
864, 6, 'CubeMoleculeDelete', '/icon/cube_molecule_delete.png', 'N', 1, 1); 
INSERT INTO IMAGE_TBL ( IMG_ID, IGP_ID, IMG_NAME, IMG_FILENAME, IMG_DELETE_FL, IMG_VERSION_ID,
PTN_ID ) VALUES ( 
865, 6, 'CubeMoleculeNew', '/icon/cube_molecule_new.png', 'N', 1, 1); 
INSERT INTO IMAGE_TBL ( IMG_ID, IGP_ID, IMG_NAME, IMG_FILENAME, IMG_DELETE_FL, IMG_VERSION_ID,
PTN_ID ) VALUES ( 
866, 6, 'CubeMoleculePreferences', '/icon/cube_molecule_preferences.png', 'N', 1, 1); 
INSERT INTO IMAGE_TBL ( IMG_ID, IGP_ID, IMG_NAME, IMG_FILENAME, IMG_DELETE_FL, IMG_VERSION_ID,
PTN_ID ) VALUES ( 
867, 6, 'CubeMoleculeView', '/icon/cube_molecule_view.png', 'N', 1, 1); 
INSERT INTO IMAGE_TBL ( IMG_ID, IGP_ID, IMG_NAME, IMG_FILENAME, IMG_DELETE_FL, IMG_VERSION_ID,
PTN_ID ) VALUES ( 
868, 6, 'Cubes', '/icon/cubes.png', 'N', 1, 1); 
INSERT INTO IMAGE_TBL ( IMG_ID, IGP_ID, IMG_NAME, IMG_FILENAME, IMG_DELETE_FL, IMG_VERSION_ID,
PTN_ID ) VALUES ( 
869, 6, 'CubesBlue', '/icon/cubes_blue.png', 'N', 1, 1); 
INSERT INTO IMAGE_TBL ( IMG_ID, IGP_ID, IMG_NAME, IMG_FILENAME, IMG_DELETE_FL, IMG_VERSION_ID,
PTN_ID ) VALUES ( 
870, 6, 'CubesGreen', '/icon/cubes_green.png', 'N', 1, 1); 
INSERT INTO IMAGE_TBL ( IMG_ID, IGP_ID, IMG_NAME, IMG_FILENAME, IMG_DELETE_FL, IMG_VERSION_ID,
PTN_ID ) VALUES ( 
871, 6, 'CubesYellow', '/icon/cubes_yellow.png', 'N', 1, 1); 
INSERT INTO IMAGE_TBL ( IMG_ID, IGP_ID, IMG_NAME, IMG_FILENAME, IMG_DELETE_FL, IMG_VERSION_ID,
PTN_ID ) VALUES ( 
872, 6, 'CubeYellow', '/icon/cube_yellow.png', 'N', 1, 1); 
INSERT INTO IMAGE_TBL ( IMG_ID, IGP_ID, IMG_NAME, IMG_FILENAME, IMG_DELETE_FL, IMG_VERSION_ID,
PTN_ID ) VALUES ( 
873, 6, 'CubeYellowAdd', '/icon/cube_yellow_add.png', 'N', 1, 1); 
INSERT INTO IMAGE_TBL ( IMG_ID, IGP_ID, IMG_NAME, IMG_FILENAME, IMG_DELETE_FL, IMG_VERSION_ID,
PTN_ID ) VALUES ( 
874, 6, 'CubeYellowDelete', '/icon/cube_yellow_delete.png', 'N', 1, 1); 
INSERT INTO IMAGE_TBL ( IMG_ID, IGP_ID, IMG_NAME, IMG_FILENAME, IMG_DELETE_FL, IMG_VERSION_ID,
PTN_ID ) VALUES ( 
875, 6, 'CubeYellowNew', '/icon/cube_yellow_new.png', 'N', 1, 1); 
INSERT INTO IMAGE_TBL ( IMG_ID, IGP_ID, IMG_NAME, IMG_FILENAME, IMG_DELETE_FL, IMG_VERSION_ID,
PTN_ID ) VALUES ( 
876, 6, 'CubeYellowPreferences', '/icon/cube_yellow_preferences.png', 'N', 1, 1); 
INSERT INTO IMAGE_TBL ( IMG_ID, IGP_ID, IMG_NAME, IMG_FILENAME, IMG_DELETE_FL, IMG_VERSION_ID,
PTN_ID ) VALUES ( 
877, 6, 'Devil', '/icon/devil.png', 'N', 1, 1); 
INSERT INTO IMAGE_TBL ( IMG_ID, IGP_ID, IMG_NAME, IMG_FILENAME, IMG_DELETE_FL, IMG_VERSION_ID,
PTN_ID ) VALUES ( 
878, 6, 'Die', '/icon/die.png', 'N', 1, 1); 
INSERT INTO IMAGE_TBL ( IMG_ID, IGP_ID, IMG_NAME, IMG_FILENAME, IMG_DELETE_FL, IMG_VERSION_ID,
PTN_ID ) VALUES ( 
879, 6, 'DieGold', '/icon/die_gold.png', 'N', 1, 1); 
INSERT INTO IMAGE_TBL ( IMG_ID, IGP_ID, IMG_NAME, IMG_FILENAME, IMG_DELETE_FL, IMG_VERSION_ID,
PTN_ID ) VALUES ( 
880, 6, 'Doctor', '/icon/doctor.png', 'N', 1, 1); 
INSERT INTO IMAGE_TBL ( IMG_ID, IGP_ID, IMG_NAME, IMG_FILENAME, IMG_DELETE_FL, IMG_VERSION_ID,
PTN_ID ) VALUES ( 
881, 6, 'DrinkBlue', '/icon/drink_blue.png', 'N', 1, 1); 
INSERT INTO IMAGE_TBL ( IMG_ID, IGP_ID, IMG_NAME, IMG_FILENAME, IMG_DELETE_FL, IMG_VERSION_ID,
PTN_ID ) VALUES ( 
882, 6, 'DrinkGreen', '/icon/drink_green.png', 'N', 1, 1); 
INSERT INTO IMAGE_TBL ( IMG_ID, IGP_ID, IMG_NAME, IMG_FILENAME, IMG_DELETE_FL, IMG_VERSION_ID,
PTN_ID ) VALUES ( 
883, 6, 'DrinkRed', '/icon/drink_red.png', 'N', 1, 1); 
INSERT INTO IMAGE_TBL ( IMG_ID, IGP_ID, IMG_NAME, IMG_FILENAME, IMG_DELETE_FL, IMG_VERSION_ID,
PTN_ID ) VALUES ( 
884, 6, 'DrinkYellow', '/icon/drink_yellow.png', 'N', 1, 1); 
INSERT INTO IMAGE_TBL ( IMG_ID, IGP_ID, IMG_NAME, IMG_FILENAME, IMG_DELETE_FL, IMG_VERSION_ID,
PTN_ID ) VALUES ( 
885, 6, 'Dude1', '/icon/dude1.png', 'N', 1, 1); 
INSERT INTO IMAGE_TBL ( IMG_ID, IGP_ID, IMG_NAME, IMG_FILENAME, IMG_DELETE_FL, IMG_VERSION_ID,
PTN_ID ) VALUES ( 
886, 6, 'Dude2', '/icon/dude2.png', 'N', 1, 1); 
INSERT INTO IMAGE_TBL ( IMG_ID, IGP_ID, IMG_NAME, IMG_FILENAME, IMG_DELETE_FL, IMG_VERSION_ID,
PTN_ID ) VALUES ( 
887, 6, 'Dude3', '/icon/dude3.png', 'N', 1, 1); 
INSERT INTO IMAGE_TBL ( IMG_ID, IGP_ID, IMG_NAME, IMG_FILENAME, IMG_DELETE_FL, IMG_VERSION_ID,
PTN_ID ) VALUES ( 
888, 6, 'Dude4', '/icon/dude4.png', 'N', 1, 1); 
INSERT INTO IMAGE_TBL ( IMG_ID, IGP_ID, IMG_NAME, IMG_FILENAME, IMG_DELETE_FL, IMG_VERSION_ID,
PTN_ID ) VALUES ( 
889, 6, 'Dude5', '/icon/dude5.png', 'N', 1, 1); 
INSERT INTO IMAGE_TBL ( IMG_ID, IGP_ID, IMG_NAME, IMG_FILENAME, IMG_DELETE_FL, IMG_VERSION_ID,
PTN_ID ) VALUES ( 
890, 6, 'Eyeglasses', '/icon/eyeglasses.png', 'N', 1, 1); 
INSERT INTO IMAGE_TBL ( IMG_ID, IGP_ID, IMG_NAME, IMG_FILENAME, IMG_DELETE_FL, IMG_VERSION_ID,
PTN_ID ) VALUES ( 
891, 6, 'Factory', '/icon/factory.png', 'N', 1, 1); 
INSERT INTO IMAGE_TBL ( IMG_ID, IGP_ID, IMG_NAME, IMG_FILENAME, IMG_DELETE_FL, IMG_VERSION_ID,
PTN_ID ) VALUES ( 
892, 6, 'Film', '/icon/film.png', 'N', 1, 1); 
INSERT INTO IMAGE_TBL ( IMG_ID, IGP_ID, IMG_NAME, IMG_FILENAME, IMG_DELETE_FL, IMG_VERSION_ID,
PTN_ID ) VALUES ( 
893, 6, 'FlagBlue', '/icon/flag_blue.png', 'N', 1, 1); 
INSERT INTO IMAGE_TBL ( IMG_ID, IGP_ID, IMG_NAME, IMG_FILENAME, IMG_DELETE_FL, IMG_VERSION_ID,
PTN_ID ) VALUES ( 
894, 6, 'FlagGreen', '/icon/flag_green.png', 'N', 1, 1); 
INSERT INTO IMAGE_TBL ( IMG_ID, IGP_ID, IMG_NAME, IMG_FILENAME, IMG_DELETE_FL, IMG_VERSION_ID,
PTN_ID ) VALUES ( 
895, 6, 'FlagRed', '/icon/flag_red.png', 'N', 1, 1); 
INSERT INTO IMAGE_TBL ( IMG_ID, IGP_ID, IMG_NAME, IMG_FILENAME, IMG_DELETE_FL, IMG_VERSION_ID,
PTN_ID ) VALUES ( 
896, 6, 'FlagYellow', '/icon/flag_yellow.png', 'N', 1, 1); 
INSERT INTO IMAGE_TBL ( IMG_ID, IGP_ID, IMG_NAME, IMG_FILENAME, IMG_DELETE_FL, IMG_VERSION_ID,
PTN_ID ) VALUES ( 
897, 6, 'Flashlight', '/icon/flashlight.png', 'N', 1, 1); 
INSERT INTO IMAGE_TBL ( IMG_ID, IGP_ID, IMG_NAME, IMG_FILENAME, IMG_DELETE_FL, IMG_VERSION_ID,
PTN_ID ) VALUES ( 
898, 6, 'FlowerBlue', '/icon/flower_blue.png', 'N', 1, 1); 
INSERT INTO IMAGE_TBL ( IMG_ID, IGP_ID, IMG_NAME, IMG_FILENAME, IMG_DELETE_FL, IMG_VERSION_ID,
PTN_ID ) VALUES ( 
899, 6, 'FlowerRed', '/icon/flower_red.png', 'N', 1, 1); 
INSERT INTO IMAGE_TBL ( IMG_ID, IGP_ID, IMG_NAME, IMG_FILENAME, IMG_DELETE_FL, IMG_VERSION_ID,
PTN_ID ) VALUES ( 
900, 6, 'FlowerWhite', '/icon/flower_white.png', 'N', 1, 1); 
INSERT INTO IMAGE_TBL ( IMG_ID, IGP_ID, IMG_NAME, IMG_FILENAME, IMG_DELETE_FL, IMG_VERSION_ID,
PTN_ID ) VALUES ( 
901, 6, 'FlowerYellow', '/icon/flower_yellow.png', 'N', 1, 1); 
INSERT INTO IMAGE_TBL ( IMG_ID, IGP_ID, IMG_NAME, IMG_FILENAME, IMG_DELETE_FL, IMG_VERSION_ID,
PTN_ID ) VALUES ( 
902, 6, 'Forklifter', '/icon/forklifter.png', 'N', 1, 1); 
INSERT INTO IMAGE_TBL ( IMG_ID, IGP_ID, IMG_NAME, IMG_FILENAME, IMG_DELETE_FL, IMG_VERSION_ID,
PTN_ID ) VALUES ( 
903, 6, 'Gauge', '/icon/gauge.png', 'N', 1, 1); 
INSERT INTO IMAGE_TBL ( IMG_ID, IGP_ID, IMG_NAME, IMG_FILENAME, IMG_DELETE_FL, IMG_VERSION_ID,
PTN_ID ) VALUES ( 
904, 6, 'GauzeBandage', '/icon/gauze_bandage.png', 'N', 1, 1); 
INSERT INTO IMAGE_TBL ( IMG_ID, IGP_ID, IMG_NAME, IMG_FILENAME, IMG_DELETE_FL, IMG_VERSION_ID,
PTN_ID ) VALUES ( 
905, 6, 'Ghost', '/icon/ghost.png', 'N', 1, 1); 
INSERT INTO IMAGE_TBL ( IMG_ID, IGP_ID, IMG_NAME, IMG_FILENAME, IMG_DELETE_FL, IMG_VERSION_ID,
PTN_ID ) VALUES ( 
906, 6, 'Graphicstablet', '/icon/graphics-tablet.png', 'N', 1, 1); 
INSERT INTO IMAGE_TBL ( IMG_ID, IGP_ID, IMG_NAME, IMG_FILENAME, IMG_DELETE_FL, IMG_VERSION_ID,
PTN_ID ) VALUES ( 
907, 6, 'Guard', '/icon/guard.png', 'N', 1, 1); 
INSERT INTO IMAGE_TBL ( IMG_ID, IGP_ID, IMG_NAME, IMG_FILENAME, IMG_DELETE_FL, IMG_VERSION_ID,
PTN_ID ) VALUES ( 
908, 6, 'Gun', '/icon/gun.png', 'N', 1, 1); 
INSERT INTO IMAGE_TBL ( IMG_ID, IGP_ID, IMG_NAME, IMG_FILENAME, IMG_DELETE_FL, IMG_VERSION_ID,
PTN_ID ) VALUES ( 
909, 6, 'Hammer', '/icon/hammer.png', 'N', 1, 1); 
INSERT INTO IMAGE_TBL ( IMG_ID, IGP_ID, IMG_NAME, IMG_FILENAME, IMG_DELETE_FL, IMG_VERSION_ID,
PTN_ID ) VALUES ( 
910, 6, 'Hammer2', '/icon/hammer2.png', 'N', 1, 1); 
INSERT INTO IMAGE_TBL ( IMG_ID, IGP_ID, IMG_NAME, IMG_FILENAME, IMG_DELETE_FL, IMG_VERSION_ID,
PTN_ID ) VALUES ( 
911, 6, 'HandheldDevice', '/icon/handheld_device.png', 'N', 1, 1); 
INSERT INTO IMAGE_TBL ( IMG_ID, IGP_ID, IMG_NAME, IMG_FILENAME, IMG_DELETE_FL, IMG_VERSION_ID,
PTN_ID ) VALUES ( 
912, 6, 'HatGray', '/icon/hat_gray.png', 'N', 1, 1); 
INSERT INTO IMAGE_TBL ( IMG_ID, IGP_ID, IMG_NAME, IMG_FILENAME, IMG_DELETE_FL, IMG_VERSION_ID,
PTN_ID ) VALUES ( 
913, 6, 'HatGreen', '/icon/hat_green.png', 'N', 1, 1); 
INSERT INTO IMAGE_TBL ( IMG_ID, IGP_ID, IMG_NAME, IMG_FILENAME, IMG_DELETE_FL, IMG_VERSION_ID,
PTN_ID ) VALUES ( 
914, 6, 'HatRed', '/icon/hat_red.png', 'N', 1, 1); 
INSERT INTO IMAGE_TBL ( IMG_ID, IGP_ID, IMG_NAME, IMG_FILENAME, IMG_DELETE_FL, IMG_VERSION_ID,
PTN_ID ) VALUES ( 
915, 6, 'HatWhite', '/icon/hat_white.png', 'N', 1, 1); 
INSERT INTO IMAGE_TBL ( IMG_ID, IGP_ID, IMG_NAME, IMG_FILENAME, IMG_DELETE_FL, IMG_VERSION_ID,
PTN_ID ) VALUES ( 
916, 6, 'Headphones', '/icon/headphones.png', 'N', 1, 1); 
INSERT INTO IMAGE_TBL ( IMG_ID, IGP_ID, IMG_NAME, IMG_FILENAME, IMG_DELETE_FL, IMG_VERSION_ID,
PTN_ID ) VALUES ( 
917, 6, 'Headset', '/icon/headset.png', 'N', 1, 1); 
INSERT INTO IMAGE_TBL ( IMG_ID, IGP_ID, IMG_NAME, IMG_FILENAME, IMG_DELETE_FL, IMG_VERSION_ID,
PTN_ID ) VALUES ( 
918, 6, 'Helicopter', '/icon/helicopter.png', 'N', 1, 1); 
INSERT INTO IMAGE_TBL ( IMG_ID, IGP_ID, IMG_NAME, IMG_FILENAME, IMG_DELETE_FL, IMG_VERSION_ID,
PTN_ID ) VALUES ( 
919, 6, 'Hourglass', '/icon/hourglass.png', 'N', 1, 1); 
INSERT INTO IMAGE_TBL ( IMG_ID, IGP_ID, IMG_NAME, IMG_FILENAME, IMG_DELETE_FL, IMG_VERSION_ID,
PTN_ID ) VALUES ( 
920, 6, 'House', '/icon/house.png', 'N', 1, 1); 
INSERT INTO IMAGE_TBL ( IMG_ID, IGP_ID, IMG_NAME, IMG_FILENAME, IMG_DELETE_FL, IMG_VERSION_ID,
PTN_ID ) VALUES ( 
921, 6, 'Houses', '/icon/houses.png', 'N', 1, 1); 
INSERT INTO IMAGE_TBL ( IMG_ID, IGP_ID, IMG_NAME, IMG_FILENAME, IMG_DELETE_FL, IMG_VERSION_ID,
PTN_ID ) VALUES ( 
922, 6, 'Icecube', '/icon/icecube.png', 'N', 1, 1); 
INSERT INTO IMAGE_TBL ( IMG_ID, IGP_ID, IMG_NAME, IMG_FILENAME, IMG_DELETE_FL, IMG_VERSION_ID,
PTN_ID ) VALUES ( 
923, 6, 'Injection', '/icon/injection.png', 'N', 1, 1); 
INSERT INTO IMAGE_TBL ( IMG_ID, IGP_ID, IMG_NAME, IMG_FILENAME, IMG_DELETE_FL, IMG_VERSION_ID,
PTN_ID ) VALUES ( 
924, 6, 'Joystick', '/icon/joystick.png', 'N', 1, 1); 
INSERT INTO IMAGE_TBL ( IMG_ID, IGP_ID, IMG_NAME, IMG_FILENAME, IMG_DELETE_FL, IMG_VERSION_ID,
PTN_ID ) VALUES ( 
925, 6, 'Keyboard', '/icon/keyboard.png', 'N', 1, 1); 
INSERT INTO IMAGE_TBL ( IMG_ID, IGP_ID, IMG_NAME, IMG_FILENAME, IMG_DELETE_FL, IMG_VERSION_ID,
PTN_ID ) VALUES ( 
926, 6, 'Keyboard2', '/icon/keyboard2.png', 'N', 1, 1); 
INSERT INTO IMAGE_TBL ( IMG_ID, IGP_ID, IMG_NAME, IMG_FILENAME, IMG_DELETE_FL, IMG_VERSION_ID,
PTN_ID ) VALUES ( 
927, 6, 'Keyboard2Cordless', '/icon/keyboard2_cordless.png', 'N', 1, 1); 
INSERT INTO IMAGE_TBL ( IMG_ID, IGP_ID, IMG_NAME, IMG_FILENAME, IMG_DELETE_FL, IMG_VERSION_ID,
PTN_ID ) VALUES ( 
928, 6, 'KeyboardCordless', '/icon/keyboard_cordless.png', 'N', 1, 1); 
INSERT INTO IMAGE_TBL ( IMG_ID, IGP_ID, IMG_NAME, IMG_FILENAME, IMG_DELETE_FL, IMG_VERSION_ID,
PTN_ID ) VALUES ( 
929, 6, 'KeyboardKey', '/icon/keyboard_key.png', 'N', 1, 1); 
INSERT INTO IMAGE_TBL ( IMG_ID, IGP_ID, IMG_NAME, IMG_FILENAME, IMG_DELETE_FL, IMG_VERSION_ID,
PTN_ID ) VALUES ( 
930, 6, 'Knife', '/icon/knife.png', 'N', 1, 1); 
INSERT INTO IMAGE_TBL ( IMG_ID, IGP_ID, IMG_NAME, IMG_FILENAME, IMG_DELETE_FL, IMG_VERSION_ID,
PTN_ID ) VALUES ( 
931, 6, 'Laptop', '/icon/laptop.png', 'N', 1, 1); 
INSERT INTO IMAGE_TBL ( IMG_ID, IGP_ID, IMG_NAME, IMG_FILENAME, IMG_DELETE_FL, IMG_VERSION_ID,
PTN_ID ) VALUES ( 
932, 6, 'Laptop2', '/icon/laptop2.png', 'N', 1, 1); 
INSERT INTO IMAGE_TBL ( IMG_ID, IGP_ID, IMG_NAME, IMG_FILENAME, IMG_DELETE_FL, IMG_VERSION_ID,
PTN_ID ) VALUES ( 
933, 6, 'Loudspeaker', '/icon/loudspeaker.png', 'N', 1, 1); 
INSERT INTO IMAGE_TBL ( IMG_ID, IGP_ID, IMG_NAME, IMG_FILENAME, IMG_DELETE_FL, IMG_VERSION_ID,
PTN_ID ) VALUES ( 
934, 6, 'Loudspeaker2', '/icon/loudspeaker2.png', 'N', 1, 1); 
INSERT INTO IMAGE_TBL ( IMG_ID, IGP_ID, IMG_NAME, IMG_FILENAME, IMG_DELETE_FL, IMG_VERSION_ID,
PTN_ID ) VALUES ( 
935, 6, 'LoudspeakerNetwork', '/icon/loudspeaker_network.png', 'N', 1, 1); 
INSERT INTO IMAGE_TBL ( IMG_ID, IGP_ID, IMG_NAME, IMG_FILENAME, IMG_DELETE_FL, IMG_VERSION_ID,
PTN_ID ) VALUES ( 
936, 6, 'LoudspeakerPreferences', '/icon/loudspeaker_preferences.png', 'N', 1, 1); 
INSERT INTO IMAGE_TBL ( IMG_ID, IGP_ID, IMG_NAME, IMG_FILENAME, IMG_DELETE_FL, IMG_VERSION_ID,
PTN_ID ) VALUES ( 
937, 6, 'Magician', '/icon/magician.png', 'N', 1, 1); 
INSERT INTO IMAGE_TBL ( IMG_ID, IGP_ID, IMG_NAME, IMG_FILENAME, IMG_DELETE_FL, IMG_VERSION_ID,
PTN_ID ) VALUES ( 
938, 6, 'Masks', '/icon/masks.png', 'N', 1, 1); 
INSERT INTO IMAGE_TBL ( IMG_ID, IGP_ID, IMG_NAME, IMG_FILENAME, IMG_DELETE_FL, IMG_VERSION_ID,
PTN_ID ) VALUES ( 
939, 6, 'Mda', '/icon/mda.png', 'N', 1, 1); 
INSERT INTO IMAGE_TBL ( IMG_ID, IGP_ID, IMG_NAME, IMG_FILENAME, IMG_DELETE_FL, IMG_VERSION_ID,
PTN_ID ) VALUES ( 
940, 6, 'Medal', '/icon/medal.png', 'N', 1, 1); 
INSERT INTO IMAGE_TBL ( IMG_ID, IGP_ID, IMG_NAME, IMG_FILENAME, IMG_DELETE_FL, IMG_VERSION_ID,
PTN_ID ) VALUES ( 
941, 6, 'MedicalBag', '/icon/medical_bag.png', 'N', 1, 1); 
INSERT INTO IMAGE_TBL ( IMG_ID, IGP_ID, IMG_NAME, IMG_FILENAME, IMG_DELETE_FL, IMG_VERSION_ID,
PTN_ID ) VALUES ( 
942, 6, 'Megaphone', '/icon/megaphone.png', 'N', 1, 1); 
INSERT INTO IMAGE_TBL ( IMG_ID, IGP_ID, IMG_NAME, IMG_FILENAME, IMG_DELETE_FL, IMG_VERSION_ID,
PTN_ID ) VALUES ( 
943, 6, 'Memorystick', '/icon/memorystick.png', 'N', 1, 1); 
INSERT INTO IMAGE_TBL ( IMG_ID, IGP_ID, IMG_NAME, IMG_FILENAME, IMG_DELETE_FL, IMG_VERSION_ID,
PTN_ID ) VALUES ( 
944, 6, 'Microphone1', '/icon/microphone1.png', 'N', 1, 1); 
INSERT INTO IMAGE_TBL ( IMG_ID, IGP_ID, IMG_NAME, IMG_FILENAME, IMG_DELETE_FL, IMG_VERSION_ID,
PTN_ID ) VALUES ( 
945, 6, 'Microphone2', '/icon/microphone2.png', 'N', 1, 1); 
INSERT INTO IMAGE_TBL ( IMG_ID, IGP_ID, IMG_NAME, IMG_FILENAME, IMG_DELETE_FL, IMG_VERSION_ID,
PTN_ID ) VALUES ( 
946, 6, 'MinibusBlue', '/icon/minibus_blue.png', 'N', 1, 1); 
INSERT INTO IMAGE_TBL ( IMG_ID, IGP_ID, IMG_NAME, IMG_FILENAME, IMG_DELETE_FL, IMG_VERSION_ID,
PTN_ID ) VALUES ( 
947, 6, 'MinibusGreen', '/icon/minibus_green.png', 'N', 1, 1); 
INSERT INTO IMAGE_TBL ( IMG_ID, IGP_ID, IMG_NAME, IMG_FILENAME, IMG_DELETE_FL, IMG_VERSION_ID,
PTN_ID ) VALUES ( 
948, 6, 'MinibusGrey', '/icon/minibus_grey.png', 'N', 1, 1); 
INSERT INTO IMAGE_TBL ( IMG_ID, IGP_ID, IMG_NAME, IMG_FILENAME, IMG_DELETE_FL, IMG_VERSION_ID,
PTN_ID ) VALUES ( 
949, 6, 'MinibusOrange', '/icon/minibus_orange.png', 'N', 1, 1); 
INSERT INTO IMAGE_TBL ( IMG_ID, IGP_ID, IMG_NAME, IMG_FILENAME, IMG_DELETE_FL, IMG_VERSION_ID,
PTN_ID ) VALUES ( 
950, 6, 'MinibusWhite', '/icon/minibus_white.png', 'N', 1, 1); 
INSERT INTO IMAGE_TBL ( IMG_ID, IGP_ID, IMG_NAME, IMG_FILENAME, IMG_DELETE_FL, IMG_VERSION_ID,
PTN_ID ) VALUES ( 
951, 6, 'Mobilehome', '/icon/mobilehome.png', 'N', 1, 1); 
INSERT INTO IMAGE_TBL ( IMG_ID, IGP_ID, IMG_NAME, IMG_FILENAME, IMG_DELETE_FL, IMG_VERSION_ID,
PTN_ID ) VALUES ( 
952, 6, 'Modem', '/icon/modem.png', 'N', 1, 1); 
INSERT INTO IMAGE_TBL ( IMG_ID, IGP_ID, IMG_NAME, IMG_FILENAME, IMG_DELETE_FL, IMG_VERSION_ID,
PTN_ID ) VALUES ( 
953, 6, 'ModemEarth', '/icon/modem_earth.png', 'N', 1, 1); 
INSERT INTO IMAGE_TBL ( IMG_ID, IGP_ID, IMG_NAME, IMG_FILENAME, IMG_DELETE_FL, IMG_VERSION_ID,
PTN_ID ) VALUES ( 
954, 6, 'Monitor', '/icon/monitor.png', 'N', 1, 1); 
INSERT INTO IMAGE_TBL ( IMG_ID, IGP_ID, IMG_NAME, IMG_FILENAME, IMG_DELETE_FL, IMG_VERSION_ID,
PTN_ID ) VALUES ( 
955, 6, 'Monitor2', '/icon/monitor2.png', 'N', 1, 1); 
INSERT INTO IMAGE_TBL ( IMG_ID, IGP_ID, IMG_NAME, IMG_FILENAME, IMG_DELETE_FL, IMG_VERSION_ID,
PTN_ID ) VALUES ( 
956, 6, 'MonitorBrush', '/icon/monitor_brush.png', 'N', 1, 1); 
INSERT INTO IMAGE_TBL ( IMG_ID, IGP_ID, IMG_NAME, IMG_FILENAME, IMG_DELETE_FL, IMG_VERSION_ID,
PTN_ID ) VALUES ( 
957, 6, 'MonitorPreferences', '/icon/monitor_preferences.png', 'N', 1, 1); 
INSERT INTO IMAGE_TBL ( IMG_ID, IGP_ID, IMG_NAME, IMG_FILENAME, IMG_DELETE_FL, IMG_VERSION_ID,
PTN_ID ) VALUES ( 
958, 6, 'MonitorRgb', '/icon/monitor_rgb.png', 'N', 1, 1); 
INSERT INTO IMAGE_TBL ( IMG_ID, IGP_ID, IMG_NAME, IMG_FILENAME, IMG_DELETE_FL, IMG_VERSION_ID,
PTN_ID ) VALUES ( 
959, 6, 'MonitorSleep', '/icon/monitor_sleep.png', 'N', 1, 1); 
INSERT INTO IMAGE_TBL ( IMG_ID, IGP_ID, IMG_NAME, IMG_FILENAME, IMG_DELETE_FL, IMG_VERSION_ID,
PTN_ID ) VALUES ( 
960, 6, 'Mouse', '/icon/mouse.png', 'N', 1, 1); 
INSERT INTO IMAGE_TBL ( IMG_ID, IGP_ID, IMG_NAME, IMG_FILENAME, IMG_DELETE_FL, IMG_VERSION_ID,
PTN_ID ) VALUES ( 
961, 6, 'Mouse2', '/icon/mouse2.png', 'N', 1, 1); 
INSERT INTO IMAGE_TBL ( IMG_ID, IGP_ID, IMG_NAME, IMG_FILENAME, IMG_DELETE_FL, IMG_VERSION_ID,
PTN_ID ) VALUES ( 
962, 6, 'Movie', '/icon/movie.png', 'N', 1, 1); 
INSERT INTO IMAGE_TBL ( IMG_ID, IGP_ID, IMG_NAME, IMG_FILENAME, IMG_DELETE_FL, IMG_VERSION_ID,
PTN_ID ) VALUES ( 
963, 6, 'MoviePause', '/icon/movie_pause.png', 'N', 1, 1); 
INSERT INTO IMAGE_TBL ( IMG_ID, IGP_ID, IMG_NAME, IMG_FILENAME, IMG_DELETE_FL, IMG_VERSION_ID,
PTN_ID ) VALUES ( 
964, 6, 'MovieRun', '/icon/movie_run.png', 'N', 1, 1); 
INSERT INTO IMAGE_TBL ( IMG_ID, IGP_ID, IMG_NAME, IMG_FILENAME, IMG_DELETE_FL, IMG_VERSION_ID,
PTN_ID ) VALUES ( 
965, 6, 'MovieStop', '/icon/movie_stop.png', 'N', 1, 1); 
INSERT INTO IMAGE_TBL ( IMG_ID, IGP_ID, IMG_NAME, IMG_FILENAME, IMG_DELETE_FL, IMG_VERSION_ID,
PTN_ID ) VALUES ( 
966, 6, 'MovieView', '/icon/movie_view.png', 'N', 1, 1); 
INSERT INTO IMAGE_TBL ( IMG_ID, IGP_ID, IMG_NAME, IMG_FILENAME, IMG_DELETE_FL, IMG_VERSION_ID,
PTN_ID ) VALUES ( 
967, 6, 'Nail', '/icon/nail.png', 'N', 1, 1); 
INSERT INTO IMAGE_TBL ( IMG_ID, IGP_ID, IMG_NAME, IMG_FILENAME, IMG_DELETE_FL, IMG_VERSION_ID,
PTN_ID ) VALUES ( 
968, 6, 'Nurse1', '/icon/nurse1.png', 'N', 1, 1); 
INSERT INTO IMAGE_TBL ( IMG_ID, IGP_ID, IMG_NAME, IMG_FILENAME, IMG_DELETE_FL, IMG_VERSION_ID,
PTN_ID ) VALUES ( 
969, 6, 'Nurse2', '/icon/nurse2.png', 'N', 1, 1); 
INSERT INTO IMAGE_TBL ( IMG_ID, IGP_ID, IMG_NAME, IMG_FILENAME, IMG_DELETE_FL, IMG_VERSION_ID,
PTN_ID ) VALUES ( 
970, 6, 'NutAndBolt', '/icon/nut_and_bolt.png', 'N', 1, 1); 
INSERT INTO IMAGE_TBL ( IMG_ID, IGP_ID, IMG_NAME, IMG_FILENAME, IMG_DELETE_FL, IMG_VERSION_ID,
PTN_ID ) VALUES ( 
971, 6, 'Officebuilding', '/icon/office-building.png', 'N', 1, 1); 
INSERT INTO IMAGE_TBL ( IMG_ID, IGP_ID, IMG_NAME, IMG_FILENAME, IMG_DELETE_FL, IMG_VERSION_ID,
PTN_ID ) VALUES ( 
972, 6, 'Oldtimer', '/icon/oldtimer.png', 'N', 1, 1); 
INSERT INTO IMAGE_TBL ( IMG_ID, IGP_ID, IMG_NAME, IMG_FILENAME, IMG_DELETE_FL, IMG_VERSION_ID,
PTN_ID ) VALUES ( 
973, 6, 'Package', '/icon/package.png', 'N', 1, 1); 
INSERT INTO IMAGE_TBL ( IMG_ID, IGP_ID, IMG_NAME, IMG_FILENAME, IMG_DELETE_FL, IMG_VERSION_ID,
PTN_ID ) VALUES ( 
974, 6, 'PackageAdd', '/icon/package_add.png', 'N', 1, 1); 
INSERT INTO IMAGE_TBL ( IMG_ID, IGP_ID, IMG_NAME, IMG_FILENAME, IMG_DELETE_FL, IMG_VERSION_ID,
PTN_ID ) VALUES ( 
975, 6, 'PackageDelete', '/icon/package_delete.png', 'N', 1, 1); 
INSERT INTO IMAGE_TBL ( IMG_ID, IGP_ID, IMG_NAME, IMG_FILENAME, IMG_DELETE_FL, IMG_VERSION_ID,
PTN_ID ) VALUES ( 
976, 6, 'PackageError', '/icon/package_error.png', 'N', 1, 1); 
INSERT INTO IMAGE_TBL ( IMG_ID, IGP_ID, IMG_NAME, IMG_FILENAME, IMG_DELETE_FL, IMG_VERSION_ID,
PTN_ID ) VALUES ( 
977, 6, 'PackageFind', '/icon/package_find.png', 'N', 1, 1); 
INSERT INTO IMAGE_TBL ( IMG_ID, IGP_ID, IMG_NAME, IMG_FILENAME, IMG_DELETE_FL, IMG_VERSION_ID,
PTN_ID ) VALUES ( 
978, 6, 'PackageNew', '/icon/package_new.png', 'N', 1, 1); 
INSERT INTO IMAGE_TBL ( IMG_ID, IGP_ID, IMG_NAME, IMG_FILENAME, IMG_DELETE_FL, IMG_VERSION_ID,
PTN_ID ) VALUES ( 
979, 6, 'PackageOk', '/icon/package_ok.png', 'N', 1, 1); 
INSERT INTO IMAGE_TBL ( IMG_ID, IGP_ID, IMG_NAME, IMG_FILENAME, IMG_DELETE_FL, IMG_VERSION_ID,
PTN_ID ) VALUES ( 
980, 6, 'PackagePreferences', '/icon/package_preferences.png', 'N', 1, 1); 
INSERT INTO IMAGE_TBL ( IMG_ID, IGP_ID, IMG_NAME, IMG_FILENAME, IMG_DELETE_FL, IMG_VERSION_ID,
PTN_ID ) VALUES ( 
981, 6, 'PackageView', '/icon/package_view.png', 'N', 1, 1); 
INSERT INTO IMAGE_TBL ( IMG_ID, IGP_ID, IMG_NAME, IMG_FILENAME, IMG_DELETE_FL, IMG_VERSION_ID,
PTN_ID ) VALUES ( 
982, 6, 'Palette', '/icon/palette.png', 'N', 1, 1); 
INSERT INTO IMAGE_TBL ( IMG_ID, IGP_ID, IMG_NAME, IMG_FILENAME, IMG_DELETE_FL, IMG_VERSION_ID,
PTN_ID ) VALUES ( 
983, 6, 'Palette2', '/icon/palette2.png', 'N', 1, 1); 
INSERT INTO IMAGE_TBL ( IMG_ID, IGP_ID, IMG_NAME, IMG_FILENAME, IMG_DELETE_FL, IMG_VERSION_ID,
PTN_ID ) VALUES ( 
984, 6, 'PalettePreferences', '/icon/palette_preferences.png', 'N', 1, 1); 
INSERT INTO IMAGE_TBL ( IMG_ID, IGP_ID, IMG_NAME, IMG_FILENAME, IMG_DELETE_FL, IMG_VERSION_ID,
PTN_ID ) VALUES ( 
985, 6, 'PaletteText', '/icon/palette_text.png', 'N', 1, 1); 
INSERT INTO IMAGE_TBL ( IMG_ID, IGP_ID, IMG_NAME, IMG_FILENAME, IMG_DELETE_FL, IMG_VERSION_ID,
PTN_ID ) VALUES ( 
986, 6, 'Pawn', '/icon/pawn.png', 'N', 1, 1); 
INSERT INTO IMAGE_TBL ( IMG_ID, IGP_ID, IMG_NAME, IMG_FILENAME, IMG_DELETE_FL, IMG_VERSION_ID,
PTN_ID ) VALUES ( 
987, 6, 'PawnAdd', '/icon/pawn_add.png', 'N', 1, 1); 
INSERT INTO IMAGE_TBL ( IMG_ID, IGP_ID, IMG_NAME, IMG_FILENAME, IMG_DELETE_FL, IMG_VERSION_ID,
PTN_ID ) VALUES ( 
988, 6, 'PawnDelete', '/icon/pawn_delete.png', 'N', 1, 1); 
INSERT INTO IMAGE_TBL ( IMG_ID, IGP_ID, IMG_NAME, IMG_FILENAME, IMG_DELETE_FL, IMG_VERSION_ID,
PTN_ID ) VALUES ( 
989, 6, 'PawnFind', '/icon/pawn_find.png', 'N', 1, 1); 
INSERT INTO IMAGE_TBL ( IMG_ID, IGP_ID, IMG_NAME, IMG_FILENAME, IMG_DELETE_FL, IMG_VERSION_ID,
PTN_ID ) VALUES ( 
990, 6, 'PawnGlassBlue', '/icon/pawn_glass_blue.png', 'N', 1, 1); 
INSERT INTO IMAGE_TBL ( IMG_ID, IGP_ID, IMG_NAME, IMG_FILENAME, IMG_DELETE_FL, IMG_VERSION_ID,
PTN_ID ) VALUES ( 
991, 6, 'PawnGlassGreen', '/icon/pawn_glass_green.png', 'N', 1, 1); 
INSERT INTO IMAGE_TBL ( IMG_ID, IGP_ID, IMG_NAME, IMG_FILENAME, IMG_DELETE_FL, IMG_VERSION_ID,
PTN_ID ) VALUES ( 
992, 6, 'PawnGlassRed', '/icon/pawn_glass_red.png', 'N', 1, 1); 
INSERT INTO IMAGE_TBL ( IMG_ID, IGP_ID, IMG_NAME, IMG_FILENAME, IMG_DELETE_FL, IMG_VERSION_ID,
PTN_ID ) VALUES ( 
993, 6, 'PawnGlassWhite', '/icon/pawn_glass_white.png', 'N', 1, 1); 
INSERT INTO IMAGE_TBL ( IMG_ID, IGP_ID, IMG_NAME, IMG_FILENAME, IMG_DELETE_FL, IMG_VERSION_ID,
PTN_ID ) VALUES ( 
994, 6, 'PawnGlassYellow', '/icon/pawn_glass_yellow.png', 'N', 1, 1); 
INSERT INTO IMAGE_TBL ( IMG_ID, IGP_ID, IMG_NAME, IMG_FILENAME, IMG_DELETE_FL, IMG_VERSION_ID,
PTN_ID ) VALUES ( 
995, 6, 'PawnNew', '/icon/pawn_new.png', 'N', 1, 1); 
INSERT INTO IMAGE_TBL ( IMG_ID, IGP_ID, IMG_NAME, IMG_FILENAME, IMG_DELETE_FL, IMG_VERSION_ID,
PTN_ID ) VALUES ( 
996, 6, 'PawnPreferences', '/icon/pawn_preferences.png', 'N', 1, 1); 
INSERT INTO IMAGE_TBL ( IMG_ID, IGP_ID, IMG_NAME, IMG_FILENAME, IMG_DELETE_FL, IMG_VERSION_ID,
PTN_ID ) VALUES ( 
997, 6, 'PawnView', '/icon/pawn_view.png', 'N', 1, 1); 
INSERT INTO IMAGE_TBL ( IMG_ID, IGP_ID, IMG_NAME, IMG_FILENAME, IMG_DELETE_FL, IMG_VERSION_ID,
PTN_ID ) VALUES ( 
998, 6, 'PCIcard', '/icon/PCI-card.png', 'N', 1, 1); 
INSERT INTO IMAGE_TBL ( IMG_ID, IGP_ID, IMG_NAME, IMG_FILENAME, IMG_DELETE_FL, IMG_VERSION_ID,
PTN_ID ) VALUES ( 
999, 6, 'PCIcardAdd', '/icon/PCI-card_add.png', 'N', 1, 1); 
INSERT INTO IMAGE_TBL ( IMG_ID, IGP_ID, IMG_NAME, IMG_FILENAME, IMG_DELETE_FL, IMG_VERSION_ID,
PTN_ID ) VALUES ( 
1000, 6, 'PCIcardDelete', '/icon/PCI-card_delete.png', 'N', 1, 1); 
INSERT INTO IMAGE_TBL ( IMG_ID, IGP_ID, IMG_NAME, IMG_FILENAME, IMG_DELETE_FL, IMG_VERSION_ID,
PTN_ID ) VALUES ( 
1001, 6, 'PCIcardNetwork', '/icon/PCI-card_network.png', 'N', 1, 1); 
INSERT INTO IMAGE_TBL ( IMG_ID, IGP_ID, IMG_NAME, IMG_FILENAME, IMG_DELETE_FL, IMG_VERSION_ID,
PTN_ID ) VALUES ( 
1002, 6, 'PCIcardPreferences', '/icon/PCI-card_preferences.png', 'N', 1, 1); 
INSERT INTO IMAGE_TBL ( IMG_ID, IGP_ID, IMG_NAME, IMG_FILENAME, IMG_DELETE_FL, IMG_VERSION_ID,
PTN_ID ) VALUES ( 
1003, 6, 'PCIcardView', '/icon/PCI-card_view.png', 'N', 1, 1); 
INSERT INTO IMAGE_TBL ( IMG_ID, IGP_ID, IMG_NAME, IMG_FILENAME, IMG_DELETE_FL, IMG_VERSION_ID,
PTN_ID ) VALUES ( 
1004, 6, 'Pda', '/icon/pda.png', 'N', 1, 1); 
INSERT INTO IMAGE_TBL ( IMG_ID, IGP_ID, IMG_NAME, IMG_FILENAME, IMG_DELETE_FL, IMG_VERSION_ID,
PTN_ID ) VALUES ( 
1005, 6, 'Pda2', '/icon/pda2.png', 'N', 1, 1); 
INSERT INTO IMAGE_TBL ( IMG_ID, IGP_ID, IMG_NAME, IMG_FILENAME, IMG_DELETE_FL, IMG_VERSION_ID,
PTN_ID ) VALUES ( 
1006, 6, 'Pda2Into', '/icon/pda2_into.png', 'N', 1, 1); 
INSERT INTO IMAGE_TBL ( IMG_ID, IGP_ID, IMG_NAME, IMG_FILENAME, IMG_DELETE_FL, IMG_VERSION_ID,
PTN_ID ) VALUES ( 
1007, 6, 'Pda2Out', '/icon/pda2_out.png', 'N', 1, 1); 
INSERT INTO IMAGE_TBL ( IMG_ID, IGP_ID, IMG_NAME, IMG_FILENAME, IMG_DELETE_FL, IMG_VERSION_ID,
PTN_ID ) VALUES ( 
1008, 6, 'Pda2Preferences', '/icon/pda2_preferences.png', 'N', 1, 1); 
INSERT INTO IMAGE_TBL ( IMG_ID, IGP_ID, IMG_NAME, IMG_FILENAME, IMG_DELETE_FL, IMG_VERSION_ID,
PTN_ID ) VALUES ( 
1009, 6, 'PdaWrite', '/icon/pda_write.png', 'N', 1, 1); 
INSERT INTO IMAGE_TBL ( IMG_ID, IGP_ID, IMG_NAME, IMG_FILENAME, IMG_DELETE_FL, IMG_VERSION_ID,
PTN_ID ) VALUES ( 
1010, 6, 'PenBlue', '/icon/pen_blue.png', 'N', 1, 1); 
INSERT INTO IMAGE_TBL ( IMG_ID, IGP_ID, IMG_NAME, IMG_FILENAME, IMG_DELETE_FL, IMG_VERSION_ID,
PTN_ID ) VALUES ( 
1011, 6, 'Pencil', '/icon/pencil.png', 'N', 1, 1); 
INSERT INTO IMAGE_TBL ( IMG_ID, IGP_ID, IMG_NAME, IMG_FILENAME, IMG_DELETE_FL, IMG_VERSION_ID,
PTN_ID ) VALUES ( 
1012, 6, 'PenRed', '/icon/pen_red.png', 'N', 1, 1); 
INSERT INTO IMAGE_TBL ( IMG_ID, IGP_ID, IMG_NAME, IMG_FILENAME, IMG_DELETE_FL, IMG_VERSION_ID,
PTN_ID ) VALUES ( 
1013, 6, 'Pens', '/icon/pens.png', 'N', 1, 1); 
INSERT INTO IMAGE_TBL ( IMG_ID, IGP_ID, IMG_NAME, IMG_FILENAME, IMG_DELETE_FL, IMG_VERSION_ID,
PTN_ID ) VALUES ( 
1014, 6, 'PillBlue', '/icon/pill_blue.png', 'N', 1, 1); 
INSERT INTO IMAGE_TBL ( IMG_ID, IGP_ID, IMG_NAME, IMG_FILENAME, IMG_DELETE_FL, IMG_VERSION_ID,
PTN_ID ) VALUES ( 
1015, 6, 'PillGreen', '/icon/pill_green.png', 'N', 1, 1); 
INSERT INTO IMAGE_TBL ( IMG_ID, IGP_ID, IMG_NAME, IMG_FILENAME, IMG_DELETE_FL, IMG_VERSION_ID,
PTN_ID ) VALUES ( 
1016, 6, 'PillRed', '/icon/pill_red.png', 'N', 1, 1); 
INSERT INTO IMAGE_TBL ( IMG_ID, IGP_ID, IMG_NAME, IMG_FILENAME, IMG_DELETE_FL, IMG_VERSION_ID,
PTN_ID ) VALUES ( 
1017, 6, 'PillYellow', '/icon/pill_yellow.png', 'N', 1, 1); 
INSERT INTO IMAGE_TBL ( IMG_ID, IGP_ID, IMG_NAME, IMG_FILENAME, IMG_DELETE_FL, IMG_VERSION_ID,
PTN_ID ) VALUES ( 
1018, 6, 'Pilot1', '/icon/pilot1.png', 'N', 1, 1); 
INSERT INTO IMAGE_TBL ( IMG_ID, IGP_ID, IMG_NAME, IMG_FILENAME, IMG_DELETE_FL, IMG_VERSION_ID,
PTN_ID ) VALUES ( 
1019, 6, 'Pilot2', '/icon/pilot2.png', 'N', 1, 1); 
INSERT INTO IMAGE_TBL ( IMG_ID, IGP_ID, IMG_NAME, IMG_FILENAME, IMG_DELETE_FL, IMG_VERSION_ID,
PTN_ID ) VALUES ( 
1020, 6, 'Planet', '/icon/planet.png', 'N', 1, 1); 
INSERT INTO IMAGE_TBL ( IMG_ID, IGP_ID, IMG_NAME, IMG_FILENAME, IMG_DELETE_FL, IMG_VERSION_ID,
PTN_ID ) VALUES ( 
1021, 6, 'Plasmatv', '/icon/plasma-tv.png', 'N', 1, 1); 
INSERT INTO IMAGE_TBL ( IMG_ID, IGP_ID, IMG_NAME, IMG_FILENAME, IMG_DELETE_FL, IMG_VERSION_ID,
PTN_ID ) VALUES ( 
1022, 6, 'Playingcard', '/icon/playingcard.png', 'N', 1, 1); 
INSERT INTO IMAGE_TBL ( IMG_ID, IGP_ID, IMG_NAME, IMG_FILENAME, IMG_DELETE_FL, IMG_VERSION_ID,
PTN_ID ) VALUES ( 
1023, 6, 'PolicemanBobby', '/icon/policeman_bobby.png', 'N', 1, 1); 
INSERT INTO IMAGE_TBL ( IMG_ID, IGP_ID, IMG_NAME, IMG_FILENAME, IMG_DELETE_FL, IMG_VERSION_ID,
PTN_ID ) VALUES ( 
1024, 6, 'PolicemanGerman', '/icon/policeman_german.png', 'N', 1, 1); 
INSERT INTO IMAGE_TBL ( IMG_ID, IGP_ID, IMG_NAME, IMG_FILENAME, IMG_DELETE_FL, IMG_VERSION_ID,
PTN_ID ) VALUES ( 
1025, 6, 'PolicemanUsa', '/icon/policeman_usa.png', 'N', 1, 1); 
INSERT INTO IMAGE_TBL ( IMG_ID, IGP_ID, IMG_NAME, IMG_FILENAME, IMG_DELETE_FL, IMG_VERSION_ID,
PTN_ID ) VALUES ( 
1026, 6, 'PotionBlue', '/icon/potion_blue.png', 'N', 1, 1); 
INSERT INTO IMAGE_TBL ( IMG_ID, IGP_ID, IMG_NAME, IMG_FILENAME, IMG_DELETE_FL, IMG_VERSION_ID,
PTN_ID ) VALUES ( 
1027, 6, 'PotionGreen', '/icon/potion_green.png', 'N', 1, 1); 
INSERT INTO IMAGE_TBL ( IMG_ID, IGP_ID, IMG_NAME, IMG_FILENAME, IMG_DELETE_FL, IMG_VERSION_ID,
PTN_ID ) VALUES ( 
1028, 6, 'PotionRed', '/icon/potion_red.png', 'N', 1, 1); 
INSERT INTO IMAGE_TBL ( IMG_ID, IGP_ID, IMG_NAME, IMG_FILENAME, IMG_DELETE_FL, IMG_VERSION_ID,
PTN_ID ) VALUES ( 
1029, 6, 'PotionYellow', '/icon/potion_yellow.png', 'N', 1, 1); 
commit;
 
INSERT INTO INSTALL_VERSION ( IVN_ID, IVN_PARENT_IVN_ID, IVN_NAME, IVN_MAJOR_VER, IVN_MINOR_VER,
IVN_REVISION_VER, IVN_DELETE_FL, IVN_VERSION_ID, PTN_ID ) VALUES ( 
4, NULL, 'Spark', 2, 0, 433, 'N', 1, 0); 
INSERT INTO INSTALL_VERSION ( IVN_ID, IVN_PARENT_IVN_ID, IVN_NAME, IVN_MAJOR_VER, IVN_MINOR_VER,
IVN_REVISION_VER, IVN_DELETE_FL, IVN_VERSION_ID, PTN_ID ) VALUES ( 
5, 4, 'Dashboard', 1, 0, 433, 'N', 1, 0); 
INSERT INTO INSTALL_VERSION ( IVN_ID, IVN_PARENT_IVN_ID, IVN_NAME, IVN_MAJOR_VER, IVN_MINOR_VER,
IVN_REVISION_VER, IVN_DELETE_FL, IVN_VERSION_ID, PTN_ID ) VALUES ( 
6, 4, 'Reporting', 1, 0, 433, 'N', 1, 0); 
commit;
 
INSERT INTO LAYOUT ( LYT_ID, LYT_NAME, LYT_IMAGE_URL, LYT_URL, LYT_DELETE_FL, LYT_VERSION_ID,
PTN_ID ) VALUES ( 
1, 'Layout_1', '/image/icon_1.gif', '/layout_templates/template_1.xhtml', 'N', 2, 1); 
INSERT INTO LAYOUT ( LYT_ID, LYT_NAME, LYT_IMAGE_URL, LYT_URL, LYT_DELETE_FL, LYT_VERSION_ID,
PTN_ID ) VALUES ( 
2, 'Layout_2', '/image/icon_2.gif', '/layout_templates/template_2.xhtml', 'N', 1, 1); 
INSERT INTO LAYOUT ( LYT_ID, LYT_NAME, LYT_IMAGE_URL, LYT_URL, LYT_DELETE_FL, LYT_VERSION_ID,
PTN_ID ) VALUES ( 
3, 'Layout_9', '/image/icon_3.gif', '/layout_templates/template_9.xhtml', 'N', 1, 1); 
INSERT INTO LAYOUT ( LYT_ID, LYT_NAME, LYT_IMAGE_URL, LYT_URL, LYT_DELETE_FL, LYT_VERSION_ID,
PTN_ID ) VALUES ( 
4, 'Layout_11', '/image/icon_4.gif', '/layout_templates/template_11.xhtml', 'N', 2
, 1); 
commit;
 
INSERT INTO LONG_STRING ( LST_ID, LST_DELETE_FL, LST_VERSION_ID,
PTN_ID ) VALUES ( 
26, 'N', 1, 3); 
INSERT INTO LONG_STRING ( LST_ID, LST_DELETE_FL, LST_VERSION_ID,
PTN_ID ) VALUES ( 
24, 'N', 1, 3); 
INSERT INTO LONG_STRING ( LST_ID, LST_DELETE_FL, LST_VERSION_ID,
PTN_ID ) VALUES ( 
27, 'N', 1, 3); 
INSERT INTO LONG_STRING ( LST_ID, LST_DELETE_FL, LST_VERSION_ID,
PTN_ID ) VALUES ( 
29, 'N', 1, 3); 
INSERT INTO LONG_STRING ( LST_ID, LST_DELETE_FL, LST_VERSION_ID,
PTN_ID ) VALUES ( 
30, 'N', 1, 3); 
INSERT INTO LONG_STRING ( LST_ID, LST_DELETE_FL, LST_VERSION_ID,
PTN_ID ) VALUES ( 
25, 'N', 1, 3); 
INSERT INTO LONG_STRING ( LST_ID, LST_DELETE_FL, LST_VERSION_ID,
PTN_ID ) VALUES ( 
31, 'N', 1, 3); 
INSERT INTO LONG_STRING ( LST_ID, LST_DELETE_FL, LST_VERSION_ID,
PTN_ID ) VALUES ( 
32, 'N', 1, 3); 
INSERT INTO LONG_STRING ( LST_ID, LST_DELETE_FL, LST_VERSION_ID,
PTN_ID ) VALUES ( 
1, 'N', 1, 4); 
INSERT INTO LONG_STRING ( LST_ID, LST_DELETE_FL, LST_VERSION_ID,
PTN_ID ) VALUES ( 
2, 'N', 1, 4); 
INSERT INTO LONG_STRING ( LST_ID, LST_DELETE_FL, LST_VERSION_ID,
PTN_ID ) VALUES ( 
3, 'N', 1, 4); 
INSERT INTO LONG_STRING ( LST_ID, LST_DELETE_FL, LST_VERSION_ID,
PTN_ID ) VALUES ( 
4, 'N', 1, 4); 
INSERT INTO LONG_STRING ( LST_ID, LST_DELETE_FL, LST_VERSION_ID,
PTN_ID ) VALUES ( 
5, 'N', 1, 4); 
INSERT INTO LONG_STRING ( LST_ID, LST_DELETE_FL, LST_VERSION_ID,
PTN_ID ) VALUES ( 
6, 'N', 1, 4); 
INSERT INTO LONG_STRING ( LST_ID, LST_DELETE_FL, LST_VERSION_ID,
PTN_ID ) VALUES ( 
7, 'N', 1, 2); 
INSERT INTO LONG_STRING ( LST_ID, LST_DELETE_FL, LST_VERSION_ID,
PTN_ID ) VALUES ( 
8, 'N', 2, 2); 
INSERT INTO LONG_STRING ( LST_ID, LST_DELETE_FL, LST_VERSION_ID,
PTN_ID ) VALUES ( 
9, 'N', 1, 2); 
INSERT INTO LONG_STRING ( LST_ID, LST_DELETE_FL, LST_VERSION_ID,
PTN_ID ) VALUES ( 
10, 'N', 1, 2); 
INSERT INTO LONG_STRING ( LST_ID, LST_DELETE_FL, LST_VERSION_ID,
PTN_ID ) VALUES ( 
11, 'N', 1, 2); 
INSERT INTO LONG_STRING ( LST_ID, LST_DELETE_FL, LST_VERSION_ID,
PTN_ID ) VALUES ( 
12, 'N', 1, 2); 
INSERT INTO LONG_STRING ( LST_ID, LST_DELETE_FL, LST_VERSION_ID,
PTN_ID ) VALUES ( 
13, 'N', 1, 1); 
INSERT INTO LONG_STRING ( LST_ID, LST_DELETE_FL, LST_VERSION_ID,
PTN_ID ) VALUES ( 
14, 'N', 1, 2); 
INSERT INTO LONG_STRING ( LST_ID, LST_DELETE_FL, LST_VERSION_ID,
PTN_ID ) VALUES ( 
15, 'N', 1, 2); 
INSERT INTO LONG_STRING ( LST_ID, LST_DELETE_FL, LST_VERSION_ID,
PTN_ID ) VALUES ( 
16, 'N', 1, 2); 
INSERT INTO LONG_STRING ( LST_ID, LST_DELETE_FL, LST_VERSION_ID,
PTN_ID ) VALUES ( 
17, 'N', 1, 2); 
INSERT INTO LONG_STRING ( LST_ID, LST_DELETE_FL, LST_VERSION_ID,
PTN_ID ) VALUES ( 
18, 'N', 1, 2); 
INSERT INTO LONG_STRING ( LST_ID, LST_DELETE_FL, LST_VERSION_ID,
PTN_ID ) VALUES ( 
19, 'N', 1, 2); 
INSERT INTO LONG_STRING ( LST_ID, LST_DELETE_FL, LST_VERSION_ID,
PTN_ID ) VALUES ( 
20, 'N', 1, 2); 
INSERT INTO LONG_STRING ( LST_ID, LST_DELETE_FL, LST_VERSION_ID,
PTN_ID ) VALUES ( 
21, 'N', 1, 2); 
INSERT INTO LONG_STRING ( LST_ID, LST_DELETE_FL, LST_VERSION_ID,
PTN_ID ) VALUES ( 
22, 'N', 1, 2); 
INSERT INTO LONG_STRING ( LST_ID, LST_DELETE_FL, LST_VERSION_ID,
PTN_ID ) VALUES ( 
23, 'N', 1, 3); 
INSERT INTO LONG_STRING ( LST_ID, LST_DELETE_FL, LST_VERSION_ID,
PTN_ID ) VALUES ( 
28, 'N', 1, 3); 
commit;
 
INSERT INTO LONG_STRING_ITEM ( LSI_ID, LST_ID, LSI_ORDER_NO, LSI_STRING, LSI_DELETE_FL,
LSI_VERSION_ID, PTN_ID ) VALUES ( 
37, 17, 1, 'ATE, ''WW''), USER_ID   UNION  SELECT AVG(VALUE), TO_CHAR(MODIFIED_DATE, ''WW'') WEEKDAY, USER_ID  FROM ARCHIVED_ALARMS   WHERE STATUS IN (2, 4) AND TRUNC(MODIFIED_DATE) >= TRUNC(SYSDATE - (7 * 12))  GROUP BY TO_CHAR(MODIFIED_DATE, ''WW''), USER_ID )  GROUP BY '
, 'N', 1, 2); 
INSERT INTO LONG_STRING_ITEM ( LSI_ID, LST_ID, LSI_ORDER_NO, LSI_STRING, LSI_DELETE_FL,
LSI_VERSION_ID, PTN_ID ) VALUES ( 
38, 18, 0, 'select AVG(AVERAGE) AVERAGE, MAX(MAXIMUM) MAXIMUM, WEEKDAY, ANALYST from   (SELECT AVG(MODIFIED_DATE - CREATED_DATE) AVERAGE,   MAX(MODIFIED_DATE - CREATED_DATE) MAXIMUM,   TO_CHAR(MODIFIED_DATE, ''WW'') WEEKDAY, USER_ID ANALYST  FROM ALARMS   WHERE STATUS '
, 'N', 1, 2); 
INSERT INTO LONG_STRING_ITEM ( LSI_ID, LST_ID, LSI_ORDER_NO, LSI_STRING, LSI_DELETE_FL,
LSI_VERSION_ID, PTN_ID ) VALUES ( 
39, 18, 1, 'IN (2,4) AND MODIFIED_DATE > SYSDATE - (7 * 12)  GROUP BY TO_CHAR(MODIFIED_DATE, ''WW''), USER_ID   UNION  SELECT AVG(MODIFIED_DATE - CREATED_DATE) AVERAGE,   MAX(MODIFIED_DATE - CREATED_DATE) MAXIMUM,   TO_CHAR(MODIFIED_DATE, ''WW'') WEEKDAY, USER_ID ANALYST'
, 'N', 1, 2); 
INSERT INTO LONG_STRING_ITEM ( LSI_ID, LST_ID, LSI_ORDER_NO, LSI_STRING, LSI_DELETE_FL,
LSI_VERSION_ID, PTN_ID ) VALUES ( 
40, 18, 2, '  FROM ARCHIVED_ALARMS   WHERE STATUS IN (2,4) AND MODIFIED_DATE > SYSDATE - (7 * 12)  GROUP BY TO_CHAR(MODIFIED_DATE, ''WW''), USER_ID ) GROUP BY WEEKDAY,ANALYST ORDER BY WEEKDAY'
, 'N', 1, 2); 
INSERT INTO LONG_STRING_ITEM ( LSI_ID, LST_ID, LSI_ORDER_NO, LSI_STRING, LSI_DELETE_FL,
LSI_VERSION_ID, PTN_ID ) VALUES ( 
41, 19, 0, 'SELECT CNT, NAME fROM  (  SELECT COUNT(*) CNT, F.NAME, row_number() over (order by COUNT(*) desc) RN   FROM ALARMS A, FRAUD_TYPES F  WHERE A.status = 2 and  TRUNC(A.MODIFIED_DATE) >= TRUNC(SYSDATE - 30)   AND F.NAME = A.DISPLAY_VALUE  GROUP BY '
, 'N', 1, 2); 
INSERT INTO LONG_STRING_ITEM ( LSI_ID, LST_ID, LSI_ORDER_NO, LSI_STRING, LSI_DELETE_FL,
LSI_VERSION_ID, PTN_ID ) VALUES ( 
42, 19, 1, 'NAME   ) WHERE RN < 6   UNION  SELECT sum(CNT), ''OTHERS'' NAME fROM  (  SELECT COUNT(*) CNT, F.NAME, row_number() over (order by COUNT(*) desc) RN   FROM ALARMS A, FRAUD_TYPES F  WHERE A.status = 2 and  TRUNC(A.MODIFIED_DATE) >= TRUNC(SYSDATE - 30)   AND '
, 'N', 1, 2); 
INSERT INTO LONG_STRING_ITEM ( LSI_ID, LST_ID, LSI_ORDER_NO, LSI_STRING, LSI_DELETE_FL,
LSI_VERSION_ID, PTN_ID ) VALUES ( 
43, 19, 2, 'F.NAME = A.DISPLAY_VALUE  GROUP BY NAME   ) WHERE RN > 5', 'N'
, 1, 2); 
INSERT INTO LONG_STRING_ITEM ( LSI_ID, LST_ID, LSI_ORDER_NO, LSI_STRING, LSI_DELETE_FL,
LSI_VERSION_ID, PTN_ID ) VALUES ( 
44, 20, 0, 'SELECT LOSS, NAME fROM  (  SELECT SUM(VALUE) LOSS, F.NAME, row_number() over (order by COUNT(*) desc) RN   FROM ALARMS A, FRAUD_TYPES F  WHERE A.status = 2 and  TRUNC(A.MODIFIED_DATE) >= TRUNC(SYSDATE - 30)   AND F.NAME = A.DISPLAY_VALUE  GROUP'
, 'N', 1, 2); 
INSERT INTO LONG_STRING_ITEM ( LSI_ID, LST_ID, LSI_ORDER_NO, LSI_STRING, LSI_DELETE_FL,
LSI_VERSION_ID, PTN_ID ) VALUES ( 
45, 20, 1, ' BY NAME   ) WHERE RN < 6   UNION  SELECT sum(LOSS) LOSS, ''OTHERS'' NAME fROM  (  SELECT SUM(VALUE) LOSS, F.NAME, row_number() over (order by COUNT(*) desc) RN   FROM ALARMS A, FRAUD_TYPES F  WHERE A.status = 2 and  TRUNC(A.MODIFIED_DATE) >= TRUNC(SYSDATE '
, 'N', 1, 2); 
INSERT INTO LONG_STRING_ITEM ( LSI_ID, LST_ID, LSI_ORDER_NO, LSI_STRING, LSI_DELETE_FL,
LSI_VERSION_ID, PTN_ID ) VALUES ( 
46, 20, 2, '- 30)   AND F.NAME = A.DISPLAY_VALUE  GROUP BY NAME   ) WHERE RN > 5'
, 'N', 1, 2); 
INSERT INTO LONG_STRING_ITEM ( LSI_ID, LST_ID, LSI_ORDER_NO, LSI_STRING, LSI_DELETE_FL,
LSI_VERSION_ID, PTN_ID ) VALUES ( 
47, 21, 0, 'SELECT RULE, RATIO, FR, NFR FROM (  SELECT NAME RULE,   (FR / (SELECT DECODE(SUM(FR),0,1) FROM RULE_BASED_SUMMARY )) /  DECODE(( (FR / (SELECT DECODE(SUM(FR),0,1) FROM RULE_BASED_SUMMARY)) +   (NFR / (SELECT DECODE(SUM(NFR),0,1) FROM RULE_BASED_SUMMARY)) '
, 'N', 1, 2); 
INSERT INTO LONG_STRING_ITEM ( LSI_ID, LST_ID, LSI_ORDER_NO, LSI_STRING, LSI_DELETE_FL,
LSI_VERSION_ID, PTN_ID ) VALUES ( 
48, 21, 1, ' ), 0, 1) RATIO, FR, NFR  FROM RULE_BASED_SUMMARY, RULES  WHERE RULE_ID = RULES.ID   ORDER BY RATIO DESC, RULE_ID) WHERE ROWNUM < 6'
, 'N', 1, 2); 
INSERT INTO LONG_STRING_ITEM ( LSI_ID, LST_ID, LSI_ORDER_NO, LSI_STRING, LSI_DELETE_FL,
LSI_VERSION_ID, PTN_ID ) VALUES ( 
49, 22, 0, 'SELECT NUMBER_OF_ALERTS, HOUR, RULE_NAME FROM (  SELECT CNT NUMBER_OF_ALERTS, RULES.NAME RULE_NAME, HOUR FROM (  SELECT COUNT(*) CNT, EVENT_INSTANCE_ID RULE_ID, TO_CHAR(A.CREATED_DATE, ''HH24'') HOUR  FROM ALERTS A, ALARMS B  WHERE A.ALARM_ID=B.ID   AND A.C'
, 'N', 1, 2); 
INSERT INTO LONG_STRING_ITEM ( LSI_ID, LST_ID, LSI_ORDER_NO, LSI_STRING, LSI_DELETE_FL,
LSI_VERSION_ID, PTN_ID ) VALUES ( 
50, 22, 1, 'REATED_DATE > TRUNC(SYSDATE) - 0.5  GROUP BY EVENT_INSTANCE_ID, TO_CHAR(A.CREATED_DATE, ''HH24'')  ), RULES  WHERE RULE_ID = RULES.ID AND (RULES.CATEGORY IN (''CalledToCalledBy'', ''FINGERPRINT_RULE'', '
, 'N', 1, 2); 
INSERT INTO LONG_STRING_ITEM ( LSI_ID, LST_ID, LSI_ORDER_NO, LSI_STRING, LSI_DELETE_FL,
LSI_VERSION_ID, PTN_ID ) VALUES ( 
64, 22, 2, '''MANUAL_ALARM_RULES'', ''STATISTICAL_RULE'', ''INLINE_RULES'', ''MANUAL.PRECHECK'', ''SMART_PATTERN'') OR RULES.CATEGORY IS NULL ) ORDER BY CNT DESC) WHERE ROWNUM < 6'
, 'N', 1, 2); 
INSERT INTO LONG_STRING_ITEM ( LSI_ID, LST_ID, LSI_ORDER_NO, LSI_STRING, LSI_DELETE_FL,
LSI_VERSION_ID, PTN_ID ) VALUES ( 
51, 23, 0, 'SELECT SUM(TOTAL) TOTAL, SUM(USED) USED, SUM(FREE) FREE, MACHINE_NAME FROM (
 SELECT AVG(TOTAL) TOTAL, AVG(USED) USED, AVG(FREE) FREE, MACHINE_NAME, FILE_SYSTEM
 FROM DISK_LOG WHERE TIME > SYSDATE - (30/(24*60)) 
 GROUP BY MACHINE_NAME, FILE_SYSTEM
 ORDER'
, 'N', 1, 3); 
INSERT INTO LONG_STRING_ITEM ( LSI_ID, LST_ID, LSI_ORDER_NO, LSI_STRING, LSI_DELETE_FL,
LSI_VERSION_ID, PTN_ID ) VALUES ( 
52, 23, 1, ' BY MACHINE_NAME)
 GROUP BY MACHINE_NAME', 'N', 1, 3); 
INSERT INTO LONG_STRING_ITEM ( LSI_ID, LST_ID, LSI_ORDER_NO, LSI_STRING, LSI_DELETE_FL,
LSI_VERSION_ID, PTN_ID ) VALUES ( 
55, 26, 0, 'SELECT AVG(TOTAL) TOTAL, AVG(Free) Free, MACHINE_NAME 
 FROM RAM_LOG WHERE TIME > SYSDATE - (30/(24*60)) 
 GROUP BY MACHINE_NAME
 ORDER BY MACHINE_NAME'
, 'N', 1, 3); 
INSERT INTO LONG_STRING_ITEM ( LSI_ID, LST_ID, LSI_ORDER_NO, LSI_STRING, LSI_DELETE_FL,
LSI_VERSION_ID, PTN_ID ) VALUES ( 
57, 28, 0, 'SELECT usr, sys, wio, idle, to_char(time, ''mi:ss'') time, machine_name from CPU_LOG where time > sysdate - (30/(24*60)) order by machine_name, time'
, 'N', 1, 3); 
INSERT INTO LONG_STRING_ITEM ( LSI_ID, LST_ID, LSI_ORDER_NO, LSI_STRING, LSI_DELETE_FL,
LSI_VERSION_ID, PTN_ID ) VALUES ( 
53, 24, 0, 'select avg(total) total, avg(used) used, avg(free) free, machine_name, file_system 
 from disk_log where time > sysdate - (30/(24*60)) 
 group by machine_name, file_system
 order by machine_name, file_system'
, 'N', 1, 3); 
INSERT INTO LONG_STRING_ITEM ( LSI_ID, LST_ID, LSI_ORDER_NO, LSI_STRING, LSI_DELETE_FL,
LSI_VERSION_ID, PTN_ID ) VALUES ( 
56, 27, 0, 'SELECT TOTAL, Free, to_char(time, ''mi:ss'') time, machine_name from ram_log where time > sysdate - (30/(24*60)) order by machine_name, time'
, 'N', 1, 3); 
INSERT INTO LONG_STRING_ITEM ( LSI_ID, LST_ID, LSI_ORDER_NO, LSI_STRING, LSI_DELETE_FL,
LSI_VERSION_ID, PTN_ID ) VALUES ( 
58, 29, 0, 'SELECT AVG(usr) avg_user, AVG(sys) avg_system, AVG(wio) avg_io_wait, AVG(idle) avg_idle, MACHINE_NAME 
 FROM CPU_LOG WHERE TIME > SYSDATE - (30/(24*60)) 
 GROUP BY MACHINE_NAME
 ORDER BY MACHINE_NAME'
, 'N', 1, 3); 
INSERT INTO LONG_STRING_ITEM ( LSI_ID, LST_ID, LSI_ORDER_NO, LSI_STRING, LSI_DELETE_FL,
LSI_VERSION_ID, PTN_ID ) VALUES ( 
59, 30, 0, 'SELECT SUM(ACCEPTED) Loaded, to_char(START_TIME, ''dd/mm/yyyy'') PROCESSED_ON FROM AUDIT_FILES_PROCESSED where trunc (START_TIME) >= trunc (sysdate - 7)
 GROUP BY to_char(START_TIME, ''dd/mm/yyyy'') ORDER BY PROCESSED_ON'
, 'N', 2, 3); 
INSERT INTO LONG_STRING_ITEM ( LSI_ID, LST_ID, LSI_ORDER_NO, LSI_STRING, LSI_DELETE_FL,
LSI_VERSION_ID, PTN_ID ) VALUES ( 
54, 25, 0, 'select file_system, used,free, total, to_char(time, ''mi:ss'') time, machine_name from disk_log where time > sysdate - (30/(24*60)) order by machine_name, time,file_system'
, 'N', 1, 3); 
INSERT INTO LONG_STRING_ITEM ( LSI_ID, LST_ID, LSI_ORDER_NO, LSI_STRING, LSI_DELETE_FL,
LSI_VERSION_ID, PTN_ID ) VALUES ( 
60, 31, 0, 'SELECT RECORD_NAME, to_char(Max(START_TIME), ''dd/mm/yyyy hh24:mi:ss'') recent_time, Status FROM AUDIT_FILES_PROCESSED 
 GROUP BY RECORD_NAME, status ORDER BY RECORD_NAME'
, 'N', 1, 3); 
INSERT INTO LONG_STRING_ITEM ( LSI_ID, LST_ID, LSI_ORDER_NO, LSI_STRING, LSI_DELETE_FL,
LSI_VERSION_ID, PTN_ID ) VALUES ( 
61, 32, 0, 'SELECT SUM(ACCEPTED) Loaded, to_char(START_TIME, ''dd/mm/yyyy hh24'') PROCESSED_HOUR, to_char(START_TIME, ''dd/mm/yyyy'') PROCESSED_ON 
 FROM AUDIT_FILES_PROCESSED where trunc (START_TIME) >= trunc (sysdate - 7)
 GROUP BY to_char(START_TIME, ''dd/mm/yyyy hh24'''
, 'N', 1, 3); 
INSERT INTO LONG_STRING_ITEM ( LSI_ID, LST_ID, LSI_ORDER_NO, LSI_STRING, LSI_DELETE_FL,
LSI_VERSION_ID, PTN_ID ) VALUES ( 
62, 32, 1, '), to_char(START_TIME, ''dd/mm/yyyy'') ORDER BY PROCESSED_HOUR, PROCESSED_ON'
, 'N', 1, 3); 
INSERT INTO LONG_STRING_ITEM ( LSI_ID, LST_ID, LSI_ORDER_NO, LSI_STRING, LSI_DELETE_FL,
LSI_VERSION_ID, PTN_ID ) VALUES ( 
1, 1, 0, 'SELECT /*+ parallel(SUBSCRIBER,5)*/ COUNT(*) CNT, TO_CHAR(SUBSCRIBER_DOA, ''WW'') WEEKDAY FROM SUBSCRIBER WHERE SUBSCRIBER_TYPE=0 AND STATUS IN (1,2) AND TRUNC(SUBSCRIBER_DOA) >= trunc(NEXT_DAY(SYSDATE-(53*7), ''SUN'')) GROUP BY TO_CHAR(SUBSCRIBER_DOA, ''WW'')'
, 'N', 2, 4); 
INSERT INTO LONG_STRING_ITEM ( LSI_ID, LST_ID, LSI_ORDER_NO, LSI_STRING, LSI_DELETE_FL,
LSI_VERSION_ID, PTN_ID ) VALUES ( 
2, 2, 0, 'SELECT SUM(CNT) CNT, WEEKDAY  FROM   (  SELECT COUNT(*) CNT, TO_CHAR(MODIFIED_DATE, ''WW'') WEEKDAY   FROM ALARMS WHERE STATUS = 2   GROUP BY TO_CHAR(MODIFIED_DATE, ''WW'')   UNION   SELECT COUNT(*) CNT, TO_CHAR(MODIFIED_DATE, ''WW'') WEEKDAY   FROM ARCHIVED_AL'
, 'N', 1, 4); 
INSERT INTO LONG_STRING_ITEM ( LSI_ID, LST_ID, LSI_ORDER_NO, LSI_STRING, LSI_DELETE_FL,
LSI_VERSION_ID, PTN_ID ) VALUES ( 
3, 2, 1, 'ARMS WHERE STATUS = 2   AND TRUNC(MODIFIED_DATE) >= trunc(NEXT_DAY(SYSDATE-(52*7), ''SUN''))   GROUP BY TO_CHAR(MODIFIED_DATE, ''WW'')   ) GROUP BY WEEKDAY order by WEEKDAY'
, 'N', 1, 4); 
INSERT INTO LONG_STRING_ITEM ( LSI_ID, LST_ID, LSI_ORDER_NO, LSI_STRING, LSI_DELETE_FL,
LSI_VERSION_ID, PTN_ID ) VALUES ( 
4, 3, 0, 'SELECT AVG(VALUE) AVG_LOSS, 100 TARGET, WEEKDAY FROM   (   SELECT AVG(VALUE) VALUE, TO_CHAR(CREATED_DATE, ''WW'') WEEKDAY FROM ALARMS   WHERE STATUS=2   GROUP BY TO_CHAR(CREATED_DATE, ''WW'')   UNION  SELECT AVG(VALUE) VALUE, TO_CHAR(CREATED_DATE, ''WW'') WEEKD'
, 'N', 1, 4); 
INSERT INTO LONG_STRING_ITEM ( LSI_ID, LST_ID, LSI_ORDER_NO, LSI_STRING, LSI_DELETE_FL,
LSI_VERSION_ID, PTN_ID ) VALUES ( 
5, 3, 1, 'AY FROM ARCHIVED_ALARMS   WHERE TRUNC(CREATED_DATE) >= trunc(NEXT_DAY(SYSDATE-(52*7), ''SUN''))   AND STATUS=2 GROUP BY TO_CHAR(CREATED_DATE, ''WW'')   )  GROUP BY WEEKDAY order by WEEKDAY'
, 'N', 1, 4); 
INSERT INTO LONG_STRING_ITEM ( LSI_ID, LST_ID, LSI_ORDER_NO, LSI_STRING, LSI_DELETE_FL,
LSI_VERSION_ID, PTN_ID ) VALUES ( 
6, 4, 0, 'SELECT SUM(TOTAL) * TO_NUMBER(TO_CHAR(SYSDATE, ''DD'')) LOSS FROM (  SELECT SUM(VALUE) / ((TO_NUMBER(TO_CHAR(LAST_DAY(ADD_MONTHS(SYSDATE, -1)), ''DD''))) ) TOTAL, REFERENCE_VALUE   FROM ALARMS WHERE STATUS = 2   AND to_char(created_date, ''mm/yyyy'') = to_char('
, 'N', 1, 4); 
INSERT INTO LONG_STRING_ITEM ( LSI_ID, LST_ID, LSI_ORDER_NO, LSI_STRING, LSI_DELETE_FL,
LSI_VERSION_ID, PTN_ID ) VALUES ( 
7, 4, 1, 'ADD_MONTHS(SYSDATE, -1), ''mm/yyyy'')  GROUP BY REFERENCE_VALUE)', 'N', 1
, 4); 
INSERT INTO LONG_STRING_ITEM ( LSI_ID, LST_ID, LSI_ORDER_NO, LSI_STRING, LSI_DELETE_FL,
LSI_VERSION_ID, PTN_ID ) VALUES ( 
8, 5, 0, 'SELECT COUNT(*) TOTAL FROM SUBSCRIBER   WHERE SUBSCRIBER_TYPE=1 AND TO_CHAR(MODIFIED_DATE, ''YYYY'') = TO_CHAR(SYSDATE, ''YYYY'')'
, 'N', 1, 4); 
INSERT INTO LONG_STRING_ITEM ( LSI_ID, LST_ID, LSI_ORDER_NO, LSI_STRING, LSI_DELETE_FL,
LSI_VERSION_ID, PTN_ID ) VALUES ( 
9, 6, 0, 'SELECT SUM(VALUE) FROM ALARMS WHERE STATUS = 2 and to_char(modified_date, ''mm/yyyy'') = to_char(sysdate, ''mm/yyyy'')'
, 'N', 1, 4); 
INSERT INTO LONG_STRING_ITEM ( LSI_ID, LST_ID, LSI_ORDER_NO, LSI_STRING, LSI_DELETE_FL,
LSI_VERSION_ID, PTN_ID ) VALUES ( 
10, 7, 0, 'SELECT SUM(VALUE) LOSS FROM ALARMS WHERE STATUS = 2 and trunc(modified_date) >= trunc(NEXT_DAY(SYSDATE-7, ''SUN''))'
, 'N', 1, 2); 
INSERT INTO LONG_STRING_ITEM ( LSI_ID, LST_ID, LSI_ORDER_NO, LSI_STRING, LSI_DELETE_FL,
LSI_VERSION_ID, PTN_ID ) VALUES ( 
11, 8, 0, 'select sum(value * (trunc(sysdate) - trunc(modified_date))) loss from alarms 
 where trunc(modified_date) >= NEXT_DAY(trunc(SYSDATE-7), ''SUN'')'
, 'N', 2, 2); 
INSERT INTO LONG_STRING_ITEM ( LSI_ID, LST_ID, LSI_ORDER_NO, LSI_STRING, LSI_DELETE_FL,
LSI_VERSION_ID, PTN_ID ) VALUES ( 
13, 9, 0, 'select * from (SELECT COUNT(CASE STATUS WHEN 2 THEN 1 END) AS "Fraudulent",  COUNT(CASE STATUS WHEN 4 THEN 1 END) AS "Non-Fraudulent",  TO_CHAR(MODIFIED_DATE, ''WW'') WEEKDAY   FROM ALARMS   WHERE STATUS IN (2,4) AND MODIFIED_DATE > SYSDATE - (7 * 20)  GROU'
, 'N', 1, 2); 
INSERT INTO LONG_STRING_ITEM ( LSI_ID, LST_ID, LSI_ORDER_NO, LSI_STRING, LSI_DELETE_FL,
LSI_VERSION_ID, PTN_ID ) VALUES ( 
14, 9, 1, 'P BY TO_CHAR(MODIFIED_DATE, ''WW'')   UNION  SELECT COUNT(CASE STATUS WHEN 2 THEN 1 END) AS "Fraudulent",  COUNT(CASE STATUS WHEN 4 THEN 1 END) AS "Non-Fraudulent",  TO_CHAR(MODIFIED_DATE, ''WW'') WEEKDAY   FROM ARCHIVED_ALARMS   WHERE STATUS IN (2,4) AND MOD'
, 'N', 1, 2); 
INSERT INTO LONG_STRING_ITEM ( LSI_ID, LST_ID, LSI_ORDER_NO, LSI_STRING, LSI_DELETE_FL,
LSI_VERSION_ID, PTN_ID ) VALUES ( 
15, 9, 2, 'IFIED_DATE > SYSDATE - (7 * 20)  GROUP BY TO_CHAR(MODIFIED_DATE, ''WW'')) order by WEEKDAY'
, 'N', 1, 2); 
INSERT INTO LONG_STRING_ITEM ( LSI_ID, LST_ID, LSI_ORDER_NO, LSI_STRING, LSI_DELETE_FL,
LSI_VERSION_ID, PTN_ID ) VALUES ( 
16, 10, 0, 'select * from (SELECT AVG(VALUE) LOSS, TO_CHAR(MODIFIED_DATE, ''WW'') WEEKDAY   FROM ALARMS   WHERE STATUS IN (2,4)   GROUP BY STATUS, TO_CHAR(MODIFIED_DATE, ''WW'')   UNION  SELECT AVG(VALUE), TO_CHAR(MODIFIED_DATE, ''WW'') WEEKDAY   FROM ARCHIVED_ALARMS   WHE'
, 'N', 1, 2); 
INSERT INTO LONG_STRING_ITEM ( LSI_ID, LST_ID, LSI_ORDER_NO, LSI_STRING, LSI_DELETE_FL,
LSI_VERSION_ID, PTN_ID ) VALUES ( 
17, 10, 1, 'RE STATUS IN (2,4) AND MODIFIED_DATE > SYSDATE - (7 * 20)  GROUP BY TO_CHAR(MODIFIED_DATE, ''WW'')) order by weekday'
, 'N', 1, 2); 
INSERT INTO LONG_STRING_ITEM ( LSI_ID, LST_ID, LSI_ORDER_NO, LSI_STRING, LSI_DELETE_FL,
LSI_VERSION_ID, PTN_ID ) VALUES ( 
18, 11, 0, 'SELECT SUM(VALUE) LOSS, WEEKDAY FROM (  SELECT SUM(VALUE) VALUE, TO_CHAR(CREATED_DATE, ''WW'') WEEKDAY   FROM ALARMS   WHERE STATUS = 2   GROUP BY TO_CHAR(CREATED_DATE, ''WW'')  UNION  SELECT SUM(VALUE) VALUE, TO_CHAR(CREATED_DATE, ''WW'') WEEKDAY   FROM ARCHIV'
, 'N', 1, 2); 
INSERT INTO LONG_STRING_ITEM ( LSI_ID, LST_ID, LSI_ORDER_NO, LSI_STRING, LSI_DELETE_FL,
LSI_VERSION_ID, PTN_ID ) VALUES ( 
19, 11, 1, 'ED_ALARMS   WHERE STATUS = 2   AND TRUNC(CREATED_DATE) >= trunc(NEXT_DAY(SYSDATE-(52*7), ''SUN''))   GROUP BY TO_CHAR(CREATED_DATE, ''WW'')) GROUP BY WEEKDAY'
, 'N', 1, 2); 
INSERT INTO LONG_STRING_ITEM ( LSI_ID, LST_ID, LSI_ORDER_NO, LSI_STRING, LSI_DELETE_FL,
LSI_VERSION_ID, PTN_ID ) VALUES ( 
20, 12, 0, 'SELECT SUM(TOTAL) TOTAL, WEEKDAY from (  SELECT SUM(VALUE) / 7 TOTAL, REFERENCE_VALUE, TO_CHAR(CREATED_DATE + 7, ''WW'') WEEKDAY   FROM ALARMS WHERE STATUS = 2  AND TRUNC(CREATED_DATE) >= trunc(NEXT_DAY(SYSDATE-(52*7), ''SUN''))   GROUP BY REFERENCE_VALUE, TO'
, 'N', 1, 2); 
INSERT INTO LONG_STRING_ITEM ( LSI_ID, LST_ID, LSI_ORDER_NO, LSI_STRING, LSI_DELETE_FL,
LSI_VERSION_ID, PTN_ID ) VALUES ( 
21, 12, 1, '_CHAR(CREATED_DATE + 7, ''WW'')   UNION  SELECT SUM(VALUE) / 7 TOTAL, REFERENCE_VALUE, TO_CHAR(CREATED_DATE + 7, ''WW'') WEEKDAY   FROM ARCHIVED_ALARMS WHERE STATUS = 2  AND TRUNC(CREATED_DATE) >= trunc(NEXT_DAY(SYSDATE-(52*7), ''SUN''))   GROUP BY REFERENCE_VA'
, 'N', 1, 2); 
INSERT INTO LONG_STRING_ITEM ( LSI_ID, LST_ID, LSI_ORDER_NO, LSI_STRING, LSI_DELETE_FL,
LSI_VERSION_ID, PTN_ID ) VALUES ( 
22, 12, 2, 'LUE, TO_CHAR(CREATED_DATE + 7, ''WW'') ) GROUP BY WEEKDAY', 'N', 1, 2); 
INSERT INTO LONG_STRING_ITEM ( LSI_ID, LST_ID, LSI_ORDER_NO, LSI_STRING, LSI_DELETE_FL,
LSI_VERSION_ID, PTN_ID ) VALUES ( 
23, 13, 0, 'select sum(value) LOSS, name, week from (  SELECT VALUE, NAME, WEEK fROM  (SELECT SUM(VALUE) VALUE, NAME, WEEK FROM  (  SELECT SUM(VALUE) VALUE, F.NAME, TO_CHAR(A.MODIFIED_DATE, ''WW'') WEEK FROM ALARMS A, FRAUD_TYPES F   WHERE   A.STATUS=2  AND '
, 'N', 1, 1); 
INSERT INTO LONG_STRING_ITEM ( LSI_ID, LST_ID, LSI_ORDER_NO, LSI_STRING, LSI_DELETE_FL,
LSI_VERSION_ID, PTN_ID ) VALUES ( 
24, 13, 1, 'F.NAME = A.DISPLAY_VALUE  GROUP BY F.NAME, TO_CHAR(A.MODIFIED_DATE, ''WW'')   UNION  SELECT SUM(VALUE) VALUE, F.NAME, TO_CHAR(A.MODIFIED_DATE, ''WW'') WEEK FROM ARCHIVED_ALARMS A, FRAUD_TYPES F   WHERE   TRUNC(A.MODIFIED_DATE) > TRUNC(SYSDATE - (7 * 20))   AN'
, 'N', 1, 1); 
INSERT INTO LONG_STRING_ITEM ( LSI_ID, LST_ID, LSI_ORDER_NO, LSI_STRING, LSI_DELETE_FL,
LSI_VERSION_ID, PTN_ID ) VALUES ( 
25, 13, 2, 'D A.STATUS=2  AND F.NAME = A.DISPLAY_VALUE   GROUP BY F.NAME, TO_CHAR(A.MODIFIED_DATE, ''WW'')  ) GROUP BY NAME, WEEK ORDER BY VALUE DESC  ) WHERE ROWNUM < 6   UNION  SELECT SUM(VALUE), ''OTHERS'', WEEK fROM (  SELECT VALUE, NAME, WEEK FROM(  SELECT'
, 'N', 1, 1); 
INSERT INTO LONG_STRING_ITEM ( LSI_ID, LST_ID, LSI_ORDER_NO, LSI_STRING, LSI_DELETE_FL,
LSI_VERSION_ID, PTN_ID ) VALUES ( 
26, 13, 3, ' VALUE, NAME, WEEK, ROWNUM SLNO FROM   (SELECT SUM(VALUE) VALUE, ''OTHERS'' NAME, WEEK FROM  (  SELECT SUM(VALUE) VALUE, F.NAME, TO_CHAR(A.MODIFIED_DATE, ''WW'') WEEK FROM ALARMS A, FRAUD_TYPES F  WHERE A.STATUS=2  AND F.NAME = A.DISPLAY_VALUE  GRO'
, 'N', 1, 1); 
INSERT INTO LONG_STRING_ITEM ( LSI_ID, LST_ID, LSI_ORDER_NO, LSI_STRING, LSI_DELETE_FL,
LSI_VERSION_ID, PTN_ID ) VALUES ( 
27, 13, 4, 'UP BY F.NAME, TO_CHAR(A.MODIFIED_DATE, ''WW'')  UNION  SELECT SUM(VALUE) VALUE, F.NAME, TO_CHAR(A.MODIFIED_DATE, ''WW'') WEEK FROM ARCHIVED_ALARMS A, FRAUD_TYPES F  WHERE  TRUNC(A.MODIFIED_DATE) > TRUNC(SYSDATE - (7 * 20))  AND A.STATUS=2  AND F.NAME'
, 'N', 1, 1); 
INSERT INTO LONG_STRING_ITEM ( LSI_ID, LST_ID, LSI_ORDER_NO, LSI_STRING, LSI_DELETE_FL,
LSI_VERSION_ID, PTN_ID ) VALUES ( 
28, 13, 5, '= A.DISPLAY_VALUE GROUP BY F.NAME, TO_CHAR(A.MODIFIED_DATE, ''WW'')  ) GROUP BY NAME, WEEK ORDER BY VALUE DESC   ) ) WHERE SLNO > 5  ) GROUP BY WEEK)  group by name, week'
, 'N', 1, 1); 
INSERT INTO LONG_STRING_ITEM ( LSI_ID, LST_ID, LSI_ORDER_NO, LSI_STRING, LSI_DELETE_FL,
LSI_VERSION_ID, PTN_ID ) VALUES ( 
29, 14, 0, 'SELECT A.ACCOUNT_NAME, S.ACTIVE/decode(S.SUSPENDED, 0,1,S.SUSPENDED) RATIO FROM (  SELECT ACCOUNT_ID,   COUNT(*) TOTAL,  COUNT(DECODE(SUBSCRIBER_TYPE,1,1,NULL)) AS ACTIVE,  COUNT(DECODE(SUBSCRIBER_TYPE,2,1,NULL)) AS SUSPENDED  FROM SUBSCRIBER   WHERE SUBS'
, 'N', 1, 2); 
INSERT INTO LONG_STRING_ITEM ( LSI_ID, LST_ID, LSI_ORDER_NO, LSI_STRING, LSI_DELETE_FL,
LSI_VERSION_ID, PTN_ID ) VALUES ( 
30, 14, 1, 'CRIBER_DOA >= (TO_DATE(''01/''||TO_CHAR(ADD_MONTHS(SYSDATE,-1), ''MON/YYYY'')))   AND SUBSCRIBER_DOA < (TO_DATE(''01/''||TO_CHAR(SYSDATE, ''MON/YYYY'')))   HAVING COUNT(*) > 20  GROUP BY ACCOUNT_ID   ORDER BY COUNT(*) DESC  ) S, ACCOUNT A  WHERE   S.ACCOUNT_ID = '
, 'N', 1, 2); 
INSERT INTO LONG_STRING_ITEM ( LSI_ID, LST_ID, LSI_ORDER_NO, LSI_STRING, LSI_DELETE_FL,
LSI_VERSION_ID, PTN_ID ) VALUES ( 
31, 14, 2, 'A.ID  AND   ROWNUM < 11', 'N', 1, 2); 
INSERT INTO LONG_STRING_ITEM ( LSI_ID, LST_ID, LSI_ORDER_NO, LSI_STRING, LSI_DELETE_FL,
LSI_VERSION_ID, PTN_ID ) VALUES ( 
32, 15, 0, 'SELECT DECODE(STATUS, 0, ''Altered'', 1, ''Available'', 2, ''Fraudulent'', 3, ''Under Investigation'',  4, ''Non-Fraudulent'', 5, ''Pending'', 6, ''New'', 7, ''Hold'', 8, ''Deleted'') AS STATUS,  COUNT(STATUS) ALARM_COUNT, USER_ID ANALYST   FROM ALARMS '
, 'N', 1, 2); 
INSERT INTO LONG_STRING_ITEM ( LSI_ID, LST_ID, LSI_ORDER_NO, LSI_STRING, LSI_DELETE_FL,
LSI_VERSION_ID, PTN_ID ) VALUES ( 
33, 15, 1, 'WHERE OWNER_TYPE != 2 GROUP BY USER_ID, STATUS ORDER BY STATUS', 'N', 1, 2); 
INSERT INTO LONG_STRING_ITEM ( LSI_ID, LST_ID, LSI_ORDER_NO, LSI_STRING, LSI_DELETE_FL,
LSI_VERSION_ID, PTN_ID ) VALUES ( 
34, 16, 0, 'SELECT COUNT(*) CNT, USER_ID ANALYST  FROM ALARMS   WHERE OWNER_TYPE != 2 AND STATUS NOT IN (2, 4)   GROUP BY USER_ID'
, 'N', 1, 2); 
INSERT INTO LONG_STRING_ITEM ( LSI_ID, LST_ID, LSI_ORDER_NO, LSI_STRING, LSI_DELETE_FL,
LSI_VERSION_ID, PTN_ID ) VALUES ( 
35, 17, 2, 'WEEKDAY,ANALYST ORDER BY WEEKDAY', 'N', 1, 2); 
INSERT INTO LONG_STRING_ITEM ( LSI_ID, LST_ID, LSI_ORDER_NO, LSI_STRING, LSI_DELETE_FL,
LSI_VERSION_ID, PTN_ID ) VALUES ( 
36, 17, 0, 'select AVG(AVERAGE) AVERAGE, WEEKDAY, ANALYST   from (SELECT AVG(VALUE) AVERAGE, TO_CHAR(MODIFIED_DATE, ''WW'') WEEKDAY, USER_ID ANALYST  FROM ALARMS   WHERE STATUS IN (2, 4) AND TRUNC(MODIFIED_DATE) >= TRUNC(SYSDATE - (7 * 12))  GROUP BY TO_CHAR(MODIFIED_D'
, 'N', 1, 2); 
commit;
 
INSERT INTO MACHINE_ADDRESS ( MAD_ID, MAC_ID, MAD_HOST_ADDRESS, MAD_ORDER_NO, MAD_DELETE_FL,
MAD_VERSION_ID, PTN_ID ) VALUES ( 
1, 1, '10.113.52.126', 0, 'N', 1, 1); 
commit;
 
INSERT INTO MACHINE_TBL ( MAC_ID, MAC_NAME, MAC_DELETE_FL, MAC_VERSION_ID,
PTN_ID ) VALUES ( 
1, 'Server', 'N', 2, 1); 
commit;
 
INSERT INTO NEXT_OBJECT_ID ( NOI_OBJECT_NAME, NOI_CURRENT_NO ) VALUES ( 
'Action', 0); 
INSERT INTO NEXT_OBJECT_ID ( NOI_OBJECT_NAME, NOI_CURRENT_NO ) VALUES ( 
'ActionPin', 0); 
INSERT INTO NEXT_OBJECT_ID ( NOI_OBJECT_NAME, NOI_CURRENT_NO ) VALUES ( 
'ActionPinConnection', 0); 
INSERT INTO NEXT_OBJECT_ID ( NOI_OBJECT_NAME, NOI_CURRENT_NO ) VALUES ( 
'ActionType', 0); 
INSERT INTO NEXT_OBJECT_ID ( NOI_OBJECT_NAME, NOI_CURRENT_NO ) VALUES ( 
'AlertDfn', 2); 
INSERT INTO NEXT_OBJECT_ID ( NOI_OBJECT_NAME, NOI_CURRENT_NO ) VALUES ( 
'AlertDfnNotifyTeam', 0); 
INSERT INTO NEXT_OBJECT_ID ( NOI_OBJECT_NAME, NOI_CURRENT_NO ) VALUES ( 
'AlertDfnNotifyUser', 0); 
INSERT INTO NEXT_OBJECT_ID ( NOI_OBJECT_NAME, NOI_CURRENT_NO ) VALUES ( 
'AlertGroup', 1); 
INSERT INTO NEXT_OBJECT_ID ( NOI_OBJECT_NAME, NOI_CURRENT_NO ) VALUES ( 
'AlertGroupNotifyTeam', 0); 
INSERT INTO NEXT_OBJECT_ID ( NOI_OBJECT_NAME, NOI_CURRENT_NO ) VALUES ( 
'AlertGroupNotifyUser', 0); 
INSERT INTO NEXT_OBJECT_ID ( NOI_OBJECT_NAME, NOI_CURRENT_NO ) VALUES ( 
'AlertInst', 0); 
INSERT INTO NEXT_OBJECT_ID ( NOI_OBJECT_NAME, NOI_CURRENT_NO ) VALUES ( 
'AlertSeverity', 4); 
INSERT INTO NEXT_OBJECT_ID ( NOI_OBJECT_NAME, NOI_CURRENT_NO ) VALUES ( 
'ApplicationTbl', 1); 
INSERT INTO NEXT_OBJECT_ID ( NOI_OBJECT_NAME, NOI_CURRENT_NO ) VALUES ( 
'ApplicationUser', 4); 
INSERT INTO NEXT_OBJECT_ID ( NOI_OBJECT_NAME, NOI_CURRENT_NO ) VALUES ( 
'AuditLevel', 0); 
INSERT INTO NEXT_OBJECT_ID ( NOI_OBJECT_NAME, NOI_CURRENT_NO ) VALUES ( 
'Band', 0); 
INSERT INTO NEXT_OBJECT_ID ( NOI_OBJECT_NAME, NOI_CURRENT_NO ) VALUES ( 
'BandType', 0); 
INSERT INTO NEXT_OBJECT_ID ( NOI_OBJECT_NAME, NOI_CURRENT_NO ) VALUES ( 
'BusinessObjectsGroup', 0); 
INSERT INTO NEXT_OBJECT_ID ( NOI_OBJECT_NAME, NOI_CURRENT_NO ) VALUES ( 
'BusinessObjectsReport', 0); 
INSERT INTO NEXT_OBJECT_ID ( NOI_OBJECT_NAME, NOI_CURRENT_NO ) VALUES ( 
'BusinessObjectsServer', 0); 
INSERT INTO NEXT_OBJECT_ID ( NOI_OBJECT_NAME, NOI_CURRENT_NO ) VALUES ( 
'BusinessObjectsUniverse', 0); 
INSERT INTO NEXT_OBJECT_ID ( NOI_OBJECT_NAME, NOI_CURRENT_NO ) VALUES ( 
'CacheStrategy', 0); 
INSERT INTO NEXT_OBJECT_ID ( NOI_OBJECT_NAME, NOI_CURRENT_NO ) VALUES ( 
'CaseDfn', 0); 
INSERT INTO NEXT_OBJECT_ID ( NOI_OBJECT_NAME, NOI_CURRENT_NO ) VALUES ( 
'CaseDfnItem', 0); 
INSERT INTO NEXT_OBJECT_ID ( NOI_OBJECT_NAME, NOI_CURRENT_NO ) VALUES ( 
'CaseDfnItemAlert', 0); 
INSERT INTO NEXT_OBJECT_ID ( NOI_OBJECT_NAME, NOI_CURRENT_NO ) VALUES ( 
'CaseDfnItemStep', 0); 
INSERT INTO NEXT_OBJECT_ID ( NOI_OBJECT_NAME, NOI_CURRENT_NO ) VALUES ( 
'CaseDfnItemStepTeam', 0); 
INSERT INTO NEXT_OBJECT_ID ( NOI_OBJECT_NAME, NOI_CURRENT_NO ) VALUES ( 
'CaseDfnItemTeam', 0); 
INSERT INTO NEXT_OBJECT_ID ( NOI_OBJECT_NAME, NOI_CURRENT_NO ) VALUES ( 
'CaseDfnItemTransition', 0); 
INSERT INTO NEXT_OBJECT_ID ( NOI_OBJECT_NAME, NOI_CURRENT_NO ) VALUES ( 
'CaseDfnNotifyTeam', 0); 
INSERT INTO NEXT_OBJECT_ID ( NOI_OBJECT_NAME, NOI_CURRENT_NO ) VALUES ( 
'CaseDfnNotifyUser', 0); 
INSERT INTO NEXT_OBJECT_ID ( NOI_OBJECT_NAME, NOI_CURRENT_NO ) VALUES ( 
'CaseDfnTeam', 0); 
INSERT INTO NEXT_OBJECT_ID ( NOI_OBJECT_NAME, NOI_CURRENT_NO ) VALUES ( 
'CaseEscNotifyTeam', 0); 
INSERT INTO NEXT_OBJECT_ID ( NOI_OBJECT_NAME, NOI_CURRENT_NO ) VALUES ( 
'CaseEscNotifyUser', 0); 
INSERT INTO NEXT_OBJECT_ID ( NOI_OBJECT_NAME, NOI_CURRENT_NO ) VALUES ( 
'CaseEscalation', 0); 
INSERT INTO NEXT_OBJECT_ID ( NOI_OBJECT_NAME, NOI_CURRENT_NO ) VALUES ( 
'CaseInst', 0); 
INSERT INTO NEXT_OBJECT_ID ( NOI_OBJECT_NAME, NOI_CURRENT_NO ) VALUES ( 
'CaseInstHistory', 0); 
INSERT INTO NEXT_OBJECT_ID ( NOI_OBJECT_NAME, NOI_CURRENT_NO ) VALUES ( 
'CaseInstItem', 0); 
INSERT INTO NEXT_OBJECT_ID ( NOI_OBJECT_NAME, NOI_CURRENT_NO ) VALUES ( 
'CaseInstItemHistory', 0); 
INSERT INTO NEXT_OBJECT_ID ( NOI_OBJECT_NAME, NOI_CURRENT_NO ) VALUES ( 
'CaseInstItemNote', 0); 
INSERT INTO NEXT_OBJECT_ID ( NOI_OBJECT_NAME, NOI_CURRENT_NO ) VALUES ( 
'CaseInstItemStep', 0); 
INSERT INTO NEXT_OBJECT_ID ( NOI_OBJECT_NAME, NOI_CURRENT_NO ) VALUES ( 
'CaseInstNote', 0); 
INSERT INTO NEXT_OBJECT_ID ( NOI_OBJECT_NAME, NOI_CURRENT_NO ) VALUES ( 
'CaseItemPriority', 0); 
INSERT INTO NEXT_OBJECT_ID ( NOI_OBJECT_NAME, NOI_CURRENT_NO ) VALUES ( 
'ChangedClass', 71); 
INSERT INTO NEXT_OBJECT_ID ( NOI_OBJECT_NAME, NOI_CURRENT_NO ) VALUES ( 
'CollectedFile', 0); 
INSERT INTO NEXT_OBJECT_ID ( NOI_OBJECT_NAME, NOI_CURRENT_NO ) VALUES ( 
'Component', 224); 
INSERT INTO NEXT_OBJECT_ID ( NOI_OBJECT_NAME, NOI_CURRENT_NO ) VALUES ( 
'ComponentType', 32); 
INSERT INTO NEXT_OBJECT_ID ( NOI_OBJECT_NAME, NOI_CURRENT_NO ) VALUES ( 
'Context', 0); 
INSERT INTO NEXT_OBJECT_ID ( NOI_OBJECT_NAME, NOI_CURRENT_NO ) VALUES ( 
'Country', 0); 
INSERT INTO NEXT_OBJECT_ID ( NOI_OBJECT_NAME, NOI_CURRENT_NO ) VALUES ( 
'Currency', 0); 
INSERT INTO NEXT_OBJECT_ID ( NOI_OBJECT_NAME, NOI_CURRENT_NO ) VALUES ( 
'DataIntegrityCheck', 0); 
INSERT INTO NEXT_OBJECT_ID ( NOI_OBJECT_NAME, NOI_CURRENT_NO ) VALUES ( 
'DataSourceConnection', 0); 
INSERT INTO NEXT_OBJECT_ID ( NOI_OBJECT_NAME, NOI_CURRENT_NO ) VALUES ( 
'DataSourceLocation', 0); 
INSERT INTO NEXT_OBJECT_ID ( NOI_OBJECT_NAME, NOI_CURRENT_NO ) VALUES ( 
'DataSourceType', 2); 
INSERT INTO NEXT_OBJECT_ID ( NOI_OBJECT_NAME, NOI_CURRENT_NO ) VALUES ( 
'DateAllocatedNumber', 0); 
INSERT INTO NEXT_OBJECT_ID ( NOI_OBJECT_NAME, NOI_CURRENT_NO ) VALUES ( 
'DayGroup', 0); 
INSERT INTO NEXT_OBJECT_ID ( NOI_OBJECT_NAME, NOI_CURRENT_NO ) VALUES ( 
'DayGroupDate', 0); 
INSERT INTO NEXT_OBJECT_ID ( NOI_OBJECT_NAME, NOI_CURRENT_NO ) VALUES ( 
'DayGroupList', 0); 
INSERT INTO NEXT_OBJECT_ID ( NOI_OBJECT_NAME, NOI_CURRENT_NO ) VALUES ( 
'DayGroupListMember', 0); 
INSERT INTO NEXT_OBJECT_ID ( NOI_OBJECT_NAME, NOI_CURRENT_NO ) VALUES ( 
'DefaultGrid', 13); 
INSERT INTO NEXT_OBJECT_ID ( NOI_OBJECT_NAME, NOI_CURRENT_NO ) VALUES ( 
'DefaultGridColumn', 36); 
INSERT INTO NEXT_OBJECT_ID ( NOI_OBJECT_NAME, NOI_CURRENT_NO ) VALUES ( 
'DefaultTableFilter', 0); 
INSERT INTO NEXT_OBJECT_ID ( NOI_OBJECT_NAME, NOI_CURRENT_NO ) VALUES ( 
'DefaultTableFilterCol', 0); 
INSERT INTO NEXT_OBJECT_ID ( NOI_OBJECT_NAME, NOI_CURRENT_NO ) VALUES ( 
'DefaultTableGrid', 0); 
INSERT INTO NEXT_OBJECT_ID ( NOI_OBJECT_NAME, NOI_CURRENT_NO ) VALUES ( 
'DefaultTableGridColumn', 0); 
INSERT INTO NEXT_OBJECT_ID ( NOI_OBJECT_NAME, NOI_CURRENT_NO ) VALUES ( 
'DuplicateConfig', 0); 
INSERT INTO NEXT_OBJECT_ID ( NOI_OBJECT_NAME, NOI_CURRENT_NO ) VALUES ( 
'DuplicateField', 0); 
INSERT INTO NEXT_OBJECT_ID ( NOI_OBJECT_NAME, NOI_CURRENT_NO ) VALUES ( 
'DuplicateTable', 0); 
INSERT INTO NEXT_OBJECT_ID ( NOI_OBJECT_NAME, NOI_CURRENT_NO ) VALUES ( 
'Element', 0); 
INSERT INTO NEXT_OBJECT_ID ( NOI_OBJECT_NAME, NOI_CURRENT_NO ) VALUES ( 
'ElementConnection', 0); 
INSERT INTO NEXT_OBJECT_ID ( NOI_OBJECT_NAME, NOI_CURRENT_NO ) VALUES ( 
'ElementReportGroup', 0); 
INSERT INTO NEXT_OBJECT_ID ( NOI_OBJECT_NAME, NOI_CURRENT_NO ) VALUES ( 
'ElementSet', 0); 
INSERT INTO NEXT_OBJECT_ID ( NOI_OBJECT_NAME, NOI_CURRENT_NO ) VALUES ( 
'EntityActionGroup', 9); 
INSERT INTO NEXT_OBJECT_ID ( NOI_OBJECT_NAME, NOI_CURRENT_NO ) VALUES ( 
'EntityExport', 4); 
INSERT INTO NEXT_OBJECT_ID ( NOI_OBJECT_NAME, NOI_CURRENT_NO ) VALUES ( 
'EntityExportGroup', 4); 
INSERT INTO NEXT_OBJECT_ID ( NOI_OBJECT_NAME, NOI_CURRENT_NO ) VALUES ( 
'EntityExportItem', 51); 
INSERT INTO NEXT_OBJECT_ID ( NOI_OBJECT_NAME, NOI_CURRENT_NO ) VALUES ( 
'EntityGuid', 0); 
INSERT INTO NEXT_OBJECT_ID ( NOI_OBJECT_NAME, NOI_CURRENT_NO ) VALUES ( 
'EntityNumberGroup', 0); 
INSERT INTO NEXT_OBJECT_ID ( NOI_OBJECT_NAME, NOI_CURRENT_NO ) VALUES ( 
'EntityTbl', 242); 
INSERT INTO NEXT_OBJECT_ID ( NOI_OBJECT_NAME, NOI_CURRENT_NO ) VALUES ( 
'EventErrorMessage', 0); 
INSERT INTO NEXT_OBJECT_ID ( NOI_OBJECT_NAME, NOI_CURRENT_NO ) VALUES ( 
'EventErrorMessageGroup', 0); 
INSERT INTO NEXT_OBJECT_ID ( NOI_OBJECT_NAME, NOI_CURRENT_NO ) VALUES ( 
'EventStatistics', 0); 
INSERT INTO NEXT_OBJECT_ID ( NOI_OBJECT_NAME, NOI_CURRENT_NO ) VALUES ( 
'EventStatisticsStage', 0); 
INSERT INTO NEXT_OBJECT_ID ( NOI_OBJECT_NAME, NOI_CURRENT_NO ) VALUES ( 
'EventStatisticsType', 0); 
INSERT INTO NEXT_OBJECT_ID ( NOI_OBJECT_NAME, NOI_CURRENT_NO ) VALUES ( 
'ExternalAlert', 0); 
INSERT INTO NEXT_OBJECT_ID ( NOI_OBJECT_NAME, NOI_CURRENT_NO ) VALUES ( 
'ExtraArgsDfn', 0); 
INSERT INTO NEXT_OBJECT_ID ( NOI_OBJECT_NAME, NOI_CURRENT_NO ) VALUES ( 
'ExtraArgsInst', 0); 
INSERT INTO NEXT_OBJECT_ID ( NOI_OBJECT_NAME, NOI_CURRENT_NO ) VALUES ( 
'ExtraControl', 0); 
INSERT INTO NEXT_OBJECT_ID ( NOI_OBJECT_NAME, NOI_CURRENT_NO ) VALUES ( 
'FileCollection', 0); 
INSERT INTO NEXT_OBJECT_ID ( NOI_OBJECT_NAME, NOI_CURRENT_NO ) VALUES ( 
'FileFirstLastSequence', 0); 
INSERT INTO NEXT_OBJECT_ID ( NOI_OBJECT_NAME, NOI_CURRENT_NO ) VALUES ( 
'FileParseStatType', 0); 
INSERT INTO NEXT_OBJECT_ID ( NOI_OBJECT_NAME, NOI_CURRENT_NO ) VALUES ( 
'FileParseStatistic', 0); 
INSERT INTO NEXT_OBJECT_ID ( NOI_OBJECT_NAME, NOI_CURRENT_NO ) VALUES ( 
'FileSource', 0); 
INSERT INTO NEXT_OBJECT_ID ( NOI_OBJECT_NAME, NOI_CURRENT_NO ) VALUES ( 
'FileTbl', 2); 
INSERT INTO NEXT_OBJECT_ID ( NOI_OBJECT_NAME, NOI_CURRENT_NO ) VALUES ( 
'FrequencyGroup', 0); 
INSERT INTO NEXT_OBJECT_ID ( NOI_OBJECT_NAME, NOI_CURRENT_NO ) VALUES ( 
'FrequencyGroupComponent', 0); 
INSERT INTO NEXT_OBJECT_ID ( NOI_OBJECT_NAME, NOI_CURRENT_NO ) VALUES ( 
'Grid', 0); 
INSERT INTO NEXT_OBJECT_ID ( NOI_OBJECT_NAME, NOI_CURRENT_NO ) VALUES ( 
'GridColumn', 0); 
INSERT INTO NEXT_OBJECT_ID ( NOI_OBJECT_NAME, NOI_CURRENT_NO ) VALUES ( 
'ImageGroup', 7); 
INSERT INTO NEXT_OBJECT_ID ( NOI_OBJECT_NAME, NOI_CURRENT_NO ) VALUES ( 
'ImageTbl', 1317); 
INSERT INTO NEXT_OBJECT_ID ( NOI_OBJECT_NAME, NOI_CURRENT_NO ) VALUES ( 
'ImageViewer', 0); 
INSERT INTO NEXT_OBJECT_ID ( NOI_OBJECT_NAME, NOI_CURRENT_NO ) VALUES ( 
'InstallVersion', 6); 
INSERT INTO NEXT_OBJECT_ID ( NOI_OBJECT_NAME, NOI_CURRENT_NO ) VALUES ( 
'InterfaceGroup', 0); 
INSERT INTO NEXT_OBJECT_ID ( NOI_OBJECT_NAME, NOI_CURRENT_NO ) VALUES ( 
'InterfaceTbl', 0); 
INSERT INTO NEXT_OBJECT_ID ( NOI_OBJECT_NAME, NOI_CURRENT_NO ) VALUES ( 
'InterfaceType', 0); 
INSERT INTO NEXT_OBJECT_ID ( NOI_OBJECT_NAME, NOI_CURRENT_NO ) VALUES ( 
'LongString', 32); 
INSERT INTO NEXT_OBJECT_ID ( NOI_OBJECT_NAME, NOI_CURRENT_NO ) VALUES ( 
'LongStringItem', 62); 
INSERT INTO NEXT_OBJECT_ID ( NOI_OBJECT_NAME, NOI_CURRENT_NO ) VALUES ( 
'MachineAddress', 1); 
INSERT INTO NEXT_OBJECT_ID ( NOI_OBJECT_NAME, NOI_CURRENT_NO ) VALUES ( 
'MachineTbl', 1); 
INSERT INTO NEXT_OBJECT_ID ( NOI_OBJECT_NAME, NOI_CURRENT_NO ) VALUES ( 
'MissingFile', 0); 
INSERT INTO NEXT_OBJECT_ID ( NOI_OBJECT_NAME, NOI_CURRENT_NO ) VALUES ( 
'Note', 0); 
INSERT INTO NEXT_OBJECT_ID ( NOI_OBJECT_NAME, NOI_CURRENT_NO ) VALUES ( 
'NoteAttachment', 0); 
INSERT INTO NEXT_OBJECT_ID ( NOI_OBJECT_NAME, NOI_CURRENT_NO ) VALUES ( 
'NoteHistory', 0); 
INSERT INTO NEXT_OBJECT_ID ( NOI_OBJECT_NAME, NOI_CURRENT_NO ) VALUES ( 
'ParameterDfn', 0); 
INSERT INTO NEXT_OBJECT_ID ( NOI_OBJECT_NAME, NOI_CURRENT_NO ) VALUES ( 
'ParseOutputMap', 0); 
INSERT INTO NEXT_OBJECT_ID ( NOI_OBJECT_NAME, NOI_CURRENT_NO ) VALUES ( 
'PartitionTbl', 4); 
INSERT INTO NEXT_OBJECT_ID ( NOI_OBJECT_NAME, NOI_CURRENT_NO ) VALUES ( 
'PendingCollectedFile', 0); 
INSERT INTO NEXT_OBJECT_ID ( NOI_OBJECT_NAME, NOI_CURRENT_NO ) VALUES ( 
'PendingTask', 0); 
INSERT INTO NEXT_OBJECT_ID ( NOI_OBJECT_NAME, NOI_CURRENT_NO ) VALUES ( 
'ProcessedFileInfo', 0); 
INSERT INTO NEXT_OBJECT_ID ( NOI_OBJECT_NAME, NOI_CURRENT_NO ) VALUES ( 
'PropertyDfn', 303); 
INSERT INTO NEXT_OBJECT_ID ( NOI_OBJECT_NAME, NOI_CURRENT_NO ) VALUES ( 
'PropertyDfnGroup', 167); 
INSERT INTO NEXT_OBJECT_ID ( NOI_OBJECT_NAME, NOI_CURRENT_NO ) VALUES ( 
'PropertyInst', 1149); 
INSERT INTO NEXT_OBJECT_ID ( NOI_OBJECT_NAME, NOI_CURRENT_NO ) VALUES ( 
'PropertyInstGroup', 302); 
INSERT INTO NEXT_OBJECT_ID ( NOI_OBJECT_NAME, NOI_CURRENT_NO ) VALUES ( 
'QueryFilter', 0); 
INSERT INTO NEXT_OBJECT_ID ( NOI_OBJECT_NAME, NOI_CURRENT_NO ) VALUES ( 
'QueryBuilder', 0); 
INSERT INTO NEXT_OBJECT_ID ( NOI_OBJECT_NAME, NOI_CURRENT_NO ) VALUES ( 
'RecurringSchedule', 0); 
INSERT INTO NEXT_OBJECT_ID ( NOI_OBJECT_NAME, NOI_CURRENT_NO ) VALUES ( 
'RefTable', 3); 
INSERT INTO NEXT_OBJECT_ID ( NOI_OBJECT_NAME, NOI_CURRENT_NO ) VALUES ( 
'RefTableColumn', 8); 
INSERT INTO NEXT_OBJECT_ID ( NOI_OBJECT_NAME, NOI_CURRENT_NO ) VALUES ( 
'RefreshConfig', 0); 
INSERT INTO NEXT_OBJECT_ID ( NOI_OBJECT_NAME, NOI_CURRENT_NO ) VALUES ( 
'RoleBusObjectsGroup', 0); 
INSERT INTO NEXT_OBJECT_ID ( NOI_OBJECT_NAME, NOI_CURRENT_NO ) VALUES ( 
'RoleRefTable', 18); 
INSERT INTO NEXT_OBJECT_ID ( NOI_OBJECT_NAME, NOI_CURRENT_NO ) VALUES ( 
'RoleSecurityLabel', 52); 
INSERT INTO NEXT_OBJECT_ID ( NOI_OBJECT_NAME, NOI_CURRENT_NO ) VALUES ( 
'RoleTbl', 4); 
INSERT INTO NEXT_OBJECT_ID ( NOI_OBJECT_NAME, NOI_CURRENT_NO ) VALUES ( 
'RoleUiActionItem', 304); 
INSERT INTO NEXT_OBJECT_ID ( NOI_OBJECT_NAME, NOI_CURRENT_NO ) VALUES ( 
'Route', 0); 
INSERT INTO NEXT_OBJECT_ID ( NOI_OBJECT_NAME, NOI_CURRENT_NO ) VALUES ( 
'RouteClass', 0); 
INSERT INTO NEXT_OBJECT_ID ( NOI_OBJECT_NAME, NOI_CURRENT_NO ) VALUES ( 
'RouteType', 0); 
INSERT INTO NEXT_OBJECT_ID ( NOI_OBJECT_NAME, NOI_CURRENT_NO ) VALUES ( 
'SchemaTbl', 2); 
INSERT INTO NEXT_OBJECT_ID ( NOI_OBJECT_NAME, NOI_CURRENT_NO ) VALUES ( 
'SchemaType', 2); 
INSERT INTO NEXT_OBJECT_ID ( NOI_OBJECT_NAME, NOI_CURRENT_NO ) VALUES ( 
'SecurityLabel', 13); 
INSERT INTO NEXT_OBJECT_ID ( NOI_OBJECT_NAME, NOI_CURRENT_NO ) VALUES ( 
'SequentialNumberGroup', 1); 
INSERT INTO NEXT_OBJECT_ID ( NOI_OBJECT_NAME, NOI_CURRENT_NO ) VALUES ( 
'ServerException', 0); 
INSERT INTO NEXT_OBJECT_ID ( NOI_OBJECT_NAME, NOI_CURRENT_NO ) VALUES ( 
'ServerExceptionGroup', 0); 
INSERT INTO NEXT_OBJECT_ID ( NOI_OBJECT_NAME, NOI_CURRENT_NO ) VALUES ( 
'SqlQuery', 0); 
INSERT INTO NEXT_OBJECT_ID ( NOI_OBJECT_NAME, NOI_CURRENT_NO ) VALUES ( 
'SqlQueryFrom', 0); 
INSERT INTO NEXT_OBJECT_ID ( NOI_OBJECT_NAME, NOI_CURRENT_NO ) VALUES ( 
'SqlQueryOrderBy', 0); 
INSERT INTO NEXT_OBJECT_ID ( NOI_OBJECT_NAME, NOI_CURRENT_NO ) VALUES ( 
'SqlQuerySelect', 0); 
INSERT INTO NEXT_OBJECT_ID ( NOI_OBJECT_NAME, NOI_CURRENT_NO ) VALUES ( 
'SqlQueryWhere', 0); 
INSERT INTO NEXT_OBJECT_ID ( NOI_OBJECT_NAME, NOI_CURRENT_NO ) VALUES ( 
'Stream', 0); 
INSERT INTO NEXT_OBJECT_ID ( NOI_OBJECT_NAME, NOI_CURRENT_NO ) VALUES ( 
'StreamController', 0); 
INSERT INTO NEXT_OBJECT_ID ( NOI_OBJECT_NAME, NOI_CURRENT_NO ) VALUES ( 
'StreamFile', 0); 
INSERT INTO NEXT_OBJECT_ID ( NOI_OBJECT_NAME, NOI_CURRENT_NO ) VALUES ( 
'StreamStage', 0); 
INSERT INTO NEXT_OBJECT_ID ( NOI_OBJECT_NAME, NOI_CURRENT_NO ) VALUES ( 
'StreamStageRecurTask', 0); 
INSERT INTO NEXT_OBJECT_ID ( NOI_OBJECT_NAME, NOI_CURRENT_NO ) VALUES ( 
'StreamStageType', 1); 
INSERT INTO NEXT_OBJECT_ID ( NOI_OBJECT_NAME, NOI_CURRENT_NO ) VALUES ( 
'StringRule', 0); 
INSERT INTO NEXT_OBJECT_ID ( NOI_OBJECT_NAME, NOI_CURRENT_NO ) VALUES ( 
'StringRuleMatch', 0); 
INSERT INTO NEXT_OBJECT_ID ( NOI_OBJECT_NAME, NOI_CURRENT_NO ) VALUES ( 
'StringRuleSet', 0); 
INSERT INTO NEXT_OBJECT_ID ( NOI_OBJECT_NAME, NOI_CURRENT_NO ) VALUES ( 
'StringRuleStep', 0); 
INSERT INTO NEXT_OBJECT_ID ( NOI_OBJECT_NAME, NOI_CURRENT_NO ) VALUES ( 
'SwitchTbl', 0); 
INSERT INTO NEXT_OBJECT_ID ( NOI_OBJECT_NAME, NOI_CURRENT_NO ) VALUES ( 
'TableColumn', 2175); 
INSERT INTO NEXT_OBJECT_ID ( NOI_OBJECT_NAME, NOI_CURRENT_NO ) VALUES ( 
'TableDfn', 242); 
INSERT INTO NEXT_OBJECT_ID ( NOI_OBJECT_NAME, NOI_CURRENT_NO ) VALUES ( 
'TableFilter', 0); 
INSERT INTO NEXT_OBJECT_ID ( NOI_OBJECT_NAME, NOI_CURRENT_NO ) VALUES ( 
'TableFilterCol', 0); 
INSERT INTO NEXT_OBJECT_ID ( NOI_OBJECT_NAME, NOI_CURRENT_NO ) VALUES ( 
'TableGrid', 0); 
INSERT INTO NEXT_OBJECT_ID ( NOI_OBJECT_NAME, NOI_CURRENT_NO ) VALUES ( 
'TableGridColumn', 0); 
INSERT INTO NEXT_OBJECT_ID ( NOI_OBJECT_NAME, NOI_CURRENT_NO ) VALUES ( 
'TableIndex', 0); 
INSERT INTO NEXT_OBJECT_ID ( NOI_OBJECT_NAME, NOI_CURRENT_NO ) VALUES ( 
'TableIndexColumn', 0); 
INSERT INTO NEXT_OBJECT_ID ( NOI_OBJECT_NAME, NOI_CURRENT_NO ) VALUES ( 
'TableInst', 242); 
INSERT INTO NEXT_OBJECT_ID ( NOI_OBJECT_NAME, NOI_CURRENT_NO ) VALUES ( 
'TableMapping', 0); 
INSERT INTO NEXT_OBJECT_ID ( NOI_OBJECT_NAME, NOI_CURRENT_NO ) VALUES ( 
'TableMappingColumn', 0); 
INSERT INTO NEXT_OBJECT_ID ( NOI_OBJECT_NAME, NOI_CURRENT_NO ) VALUES ( 
'Tariff', 0); 
INSERT INTO NEXT_OBJECT_ID ( NOI_OBJECT_NAME, NOI_CURRENT_NO ) VALUES ( 
'TariffBand', 0); 
INSERT INTO NEXT_OBJECT_ID ( NOI_OBJECT_NAME, NOI_CURRENT_NO ) VALUES ( 
'TariffBandHistory', 0); 
INSERT INTO NEXT_OBJECT_ID ( NOI_OBJECT_NAME, NOI_CURRENT_NO ) VALUES ( 
'TariffBandRate', 0); 
INSERT INTO NEXT_OBJECT_ID ( NOI_OBJECT_NAME, NOI_CURRENT_NO ) VALUES ( 
'TariffBandRateDetail', 0); 
INSERT INTO NEXT_OBJECT_ID ( NOI_OBJECT_NAME, NOI_CURRENT_NO ) VALUES ( 
'TariffBandRateHistory', 0); 
INSERT INTO NEXT_OBJECT_ID ( NOI_OBJECT_NAME, NOI_CURRENT_NO ) VALUES ( 
'TariffBandRateThreshold', 0); 
INSERT INTO NEXT_OBJECT_ID ( NOI_OBJECT_NAME, NOI_CURRENT_NO ) VALUES ( 
'TariffBandTimeString', 0); 
INSERT INTO NEXT_OBJECT_ID ( NOI_OBJECT_NAME, NOI_CURRENT_NO ) VALUES ( 
'TariffClass', 0); 
INSERT INTO NEXT_OBJECT_ID ( NOI_OBJECT_NAME, NOI_CURRENT_NO ) VALUES ( 
'TariffClassBand', 0); 
INSERT INTO NEXT_OBJECT_ID ( NOI_OBJECT_NAME, NOI_CURRENT_NO ) VALUES ( 
'TariffClassDayGroup', 0); 
INSERT INTO NEXT_OBJECT_ID ( NOI_OBJECT_NAME, NOI_CURRENT_NO ) VALUES ( 
'TariffElementSet', 0); 
INSERT INTO NEXT_OBJECT_ID ( NOI_OBJECT_NAME, NOI_CURRENT_NO ) VALUES ( 
'TariffMetricType', 0); 
INSERT INTO NEXT_OBJECT_ID ( NOI_OBJECT_NAME, NOI_CURRENT_NO ) VALUES ( 
'TariffPeriod', 0); 
INSERT INTO NEXT_OBJECT_ID ( NOI_OBJECT_NAME, NOI_CURRENT_NO ) VALUES ( 
'TariffRateName', 0); 
INSERT INTO NEXT_OBJECT_ID ( NOI_OBJECT_NAME, NOI_CURRENT_NO ) VALUES ( 
'TariffTrn', 0); 
INSERT INTO NEXT_OBJECT_ID ( NOI_OBJECT_NAME, NOI_CURRENT_NO ) VALUES ( 
'TariffType', 0); 
INSERT INTO NEXT_OBJECT_ID ( NOI_OBJECT_NAME, NOI_CURRENT_NO ) VALUES ( 
'Task', 0); 
INSERT INTO NEXT_OBJECT_ID ( NOI_OBJECT_NAME, NOI_CURRENT_NO ) VALUES ( 
'TaskArchive', 0); 
INSERT INTO NEXT_OBJECT_ID ( NOI_OBJECT_NAME, NOI_CURRENT_NO ) VALUES ( 
'TaskController', 0); 
INSERT INTO NEXT_OBJECT_ID ( NOI_OBJECT_NAME, NOI_CURRENT_NO ) VALUES ( 
'TaskControllerCapability', 0); 
INSERT INTO NEXT_OBJECT_ID ( NOI_OBJECT_NAME, NOI_CURRENT_NO ) VALUES ( 
'TaskOutputFile', 0); 
INSERT INTO NEXT_OBJECT_ID ( NOI_OBJECT_NAME, NOI_CURRENT_NO ) VALUES ( 
'Team', 0); 
INSERT INTO NEXT_OBJECT_ID ( NOI_OBJECT_NAME, NOI_CURRENT_NO ) VALUES ( 
'TeamUser', 0); 
INSERT INTO NEXT_OBJECT_ID ( NOI_OBJECT_NAME, NOI_CURRENT_NO ) VALUES ( 
'TimeString', 0); 
INSERT INTO NEXT_OBJECT_ID ( NOI_OBJECT_NAME, NOI_CURRENT_NO ) VALUES ( 
'TokenMapping', 1); 
INSERT INTO NEXT_OBJECT_ID ( NOI_OBJECT_NAME, NOI_CURRENT_NO ) VALUES ( 
'TokenTbl', 1); 
INSERT INTO NEXT_OBJECT_ID ( NOI_OBJECT_NAME, NOI_CURRENT_NO ) VALUES ( 
'Toolbar', 6); 
INSERT INTO NEXT_OBJECT_ID ( NOI_OBJECT_NAME, NOI_CURRENT_NO ) VALUES ( 
'TreeDfn', 3); 
INSERT INTO NEXT_OBJECT_ID ( NOI_OBJECT_NAME, NOI_CURRENT_NO ) VALUES ( 
'TreeEntity', 6); 
INSERT INTO NEXT_OBJECT_ID ( NOI_OBJECT_NAME, NOI_CURRENT_NO ) VALUES ( 
'TreeFolder', 3); 
INSERT INTO NEXT_OBJECT_ID ( NOI_OBJECT_NAME, NOI_CURRENT_NO ) VALUES ( 
'TreeLeaf', 38); 
INSERT INTO NEXT_OBJECT_ID ( NOI_OBJECT_NAME, NOI_CURRENT_NO ) VALUES ( 
'TriggerPin', 0); 
INSERT INTO NEXT_OBJECT_ID ( NOI_OBJECT_NAME, NOI_CURRENT_NO ) VALUES ( 
'TriggerTbl', 0); 
INSERT INTO NEXT_OBJECT_ID ( NOI_OBJECT_NAME, NOI_CURRENT_NO ) VALUES ( 
'TriggerType', 0); 
INSERT INTO NEXT_OBJECT_ID ( NOI_OBJECT_NAME, NOI_CURRENT_NO ) VALUES ( 
'UiActionItem', 60); 
INSERT INTO NEXT_OBJECT_ID ( NOI_OBJECT_NAME, NOI_CURRENT_NO ) VALUES ( 
'UsageGroup', 0); 
INSERT INTO NEXT_OBJECT_ID ( NOI_OBJECT_NAME, NOI_CURRENT_NO ) VALUES ( 
'UsageGroupServer', 0); 
INSERT INTO NEXT_OBJECT_ID ( NOI_OBJECT_NAME, NOI_CURRENT_NO ) VALUES ( 
'UsagePartition', 0); 
INSERT INTO NEXT_OBJECT_ID ( NOI_OBJECT_NAME, NOI_CURRENT_NO ) VALUES ( 
'UsageServer', 0); 
INSERT INTO NEXT_OBJECT_ID ( NOI_OBJECT_NAME, NOI_CURRENT_NO ) VALUES ( 
'UsageServerPartition', 0); 
INSERT INTO NEXT_OBJECT_ID ( NOI_OBJECT_NAME, NOI_CURRENT_NO ) VALUES ( 
'UserDefaultDetail', 0); 
INSERT INTO NEXT_OBJECT_ID ( NOI_OBJECT_NAME, NOI_CURRENT_NO ) VALUES ( 
'UserDefaultSearch', 0); 
INSERT INTO NEXT_OBJECT_ID ( NOI_OBJECT_NAME, NOI_CURRENT_NO ) VALUES ( 
'UserLogin', 30); 
INSERT INTO NEXT_OBJECT_ID ( NOI_OBJECT_NAME, NOI_CURRENT_NO ) VALUES ( 
'UserNameValidation', 1); 
INSERT INTO NEXT_OBJECT_ID ( NOI_OBJECT_NAME, NOI_CURRENT_NO ) VALUES ( 
'UserPassword', 3); 
INSERT INTO NEXT_OBJECT_ID ( NOI_OBJECT_NAME, NOI_CURRENT_NO ) VALUES ( 
'UserPasswordValidation', 1); 
INSERT INTO NEXT_OBJECT_ID ( NOI_OBJECT_NAME, NOI_CURRENT_NO ) VALUES ( 
'UserRolePartition', 11); 
INSERT INTO NEXT_OBJECT_ID ( NOI_OBJECT_NAME, NOI_CURRENT_NO ) VALUES ( 
'UserTbl', 3); 
INSERT INTO NEXT_OBJECT_ID ( NOI_OBJECT_NAME, NOI_CURRENT_NO ) VALUES ( 
'AutoSql', 0); 
INSERT INTO NEXT_OBJECT_ID ( NOI_OBJECT_NAME, NOI_CURRENT_NO ) VALUES ( 
'AutoSqlFrom', 0); 
INSERT INTO NEXT_OBJECT_ID ( NOI_OBJECT_NAME, NOI_CURRENT_NO ) VALUES ( 
'AutoSqlOrderBy', 0); 
INSERT INTO NEXT_OBJECT_ID ( NOI_OBJECT_NAME, NOI_CURRENT_NO ) VALUES ( 
'AutoSqlSelect', 0); 
INSERT INTO NEXT_OBJECT_ID ( NOI_OBJECT_NAME, NOI_CURRENT_NO ) VALUES ( 
'AutoSqlWhere', 0); 
INSERT INTO NEXT_OBJECT_ID ( NOI_OBJECT_NAME, NOI_CURRENT_NO ) VALUES ( 
'Chart', 101); 
INSERT INTO NEXT_OBJECT_ID ( NOI_OBJECT_NAME, NOI_CURRENT_NO ) VALUES ( 
'ChartRange', 80); 
INSERT INTO NEXT_OBJECT_ID ( NOI_OBJECT_NAME, NOI_CURRENT_NO ) VALUES ( 
'ChartPropertyGroup', 379); 
INSERT INTO NEXT_OBJECT_ID ( NOI_OBJECT_NAME, NOI_CURRENT_NO ) VALUES ( 
'ChartSeriesType', 6); 
INSERT INTO NEXT_OBJECT_ID ( NOI_OBJECT_NAME, NOI_CURRENT_NO ) VALUES ( 
'ChartSeries', 86); 
INSERT INTO NEXT_OBJECT_ID ( NOI_OBJECT_NAME, NOI_CURRENT_NO ) VALUES ( 
'ChartType', 8); 
INSERT INTO NEXT_OBJECT_ID ( NOI_OBJECT_NAME, NOI_CURRENT_NO ) VALUES ( 
'ChartSubType', 26); 
INSERT INTO NEXT_OBJECT_ID ( NOI_OBJECT_NAME, NOI_CURRENT_NO ) VALUES ( 
'ChartSubTypeProp', 111); 
INSERT INTO NEXT_OBJECT_ID ( NOI_OBJECT_NAME, NOI_CURRENT_NO ) VALUES ( 
'Dashboard', 11); 
INSERT INTO NEXT_OBJECT_ID ( NOI_OBJECT_NAME, NOI_CURRENT_NO ) VALUES ( 
'DashboardSection', 138); 
INSERT INTO NEXT_OBJECT_ID ( NOI_OBJECT_NAME, NOI_CURRENT_NO ) VALUES ( 
'DashboardServer', 3); 
INSERT INTO NEXT_OBJECT_ID ( NOI_OBJECT_NAME, NOI_CURRENT_NO ) VALUES ( 
'CustomObjectGroup', 4); 
INSERT INTO NEXT_OBJECT_ID ( NOI_OBJECT_NAME, NOI_CURRENT_NO ) VALUES ( 
'CustomObject', 6); 
INSERT INTO NEXT_OBJECT_ID ( NOI_OBJECT_NAME, NOI_CURRENT_NO ) VALUES ( 
'Layout', 4); 
INSERT INTO NEXT_OBJECT_ID ( NOI_OBJECT_NAME, NOI_CURRENT_NO ) VALUES ( 
'DataSourcePerspective', 2); 
INSERT INTO NEXT_OBJECT_ID ( NOI_OBJECT_NAME, NOI_CURRENT_NO ) VALUES ( 
'Report', 0); 
INSERT INTO NEXT_OBJECT_ID ( NOI_OBJECT_NAME, NOI_CURRENT_NO ) VALUES ( 
'GeneratedReport', 0); 
commit;
 
INSERT INTO PARTITION_TBL ( PTN_ID, PTN_NAME, PTN_DELETE_FL,
PTN_VERSION_ID ) VALUES ( 
0, 'System', 'N', 2); 
INSERT INTO PARTITION_TBL ( PTN_ID, PTN_NAME, PTN_DELETE_FL,
PTN_VERSION_ID ) VALUES ( 
1, 'Common', 'N', 2); 
INSERT INTO PARTITION_TBL ( PTN_ID, PTN_NAME, PTN_DELETE_FL,
PTN_VERSION_ID ) VALUES ( 
2, 'Business', 'N', 2); 
INSERT INTO PARTITION_TBL ( PTN_ID, PTN_NAME, PTN_DELETE_FL,
PTN_VERSION_ID ) VALUES ( 
3, 'IT', 'N', 2); 
INSERT INTO PARTITION_TBL ( PTN_ID, PTN_NAME, PTN_DELETE_FL,
PTN_VERSION_ID ) VALUES ( 
4, 'Executive', 'N', 2); 
commit;
 
INSERT INTO PROPERTY_DFN ( PRD_ID, PDG_ID, CMP_ID, PRD_KEY, PRD_NAME, PRD_DEFAULT, PRD_READ_ONLY_FL,
PRD_MANDATORY_FL, PRD_RENDERED_FL, PRD_EXTRA1, PRD_EXTRA2, PRD_EXTRA3, PRD_EXTRA4, PRD_EXTRA5,
PRD_DELETE_FL, PRD_VERSION_ID, PTN_ID ) VALUES ( 
113, 34, 12, 'numberSuffix', 'Number Suffix', NULL, 'N', 'N', NULL, NULL, NULL, NULL
, NULL, NULL, 'N', 2, 1); 
INSERT INTO PROPERTY_DFN ( PRD_ID, PDG_ID, CMP_ID, PRD_KEY, PRD_NAME, PRD_DEFAULT, PRD_READ_ONLY_FL,
PRD_MANDATORY_FL, PRD_RENDERED_FL, PRD_EXTRA1, PRD_EXTRA2, PRD_EXTRA3, PRD_EXTRA4, PRD_EXTRA5,
PRD_DELETE_FL, PRD_VERSION_ID, PTN_ID ) VALUES ( 
114, 34, 7, 'numDivLines', 'Number of Divisional Lines', NULL, 'N', 'N', NULL, NULL
, NULL, NULL, NULL, NULL, 'N', 2, 1); 
INSERT INTO PROPERTY_DFN ( PRD_ID, PDG_ID, CMP_ID, PRD_KEY, PRD_NAME, PRD_DEFAULT, PRD_READ_ONLY_FL,
PRD_MANDATORY_FL, PRD_RENDERED_FL, PRD_EXTRA1, PRD_EXTRA2, PRD_EXTRA3, PRD_EXTRA4, PRD_EXTRA5,
PRD_DELETE_FL, PRD_VERSION_ID, PTN_ID ) VALUES ( 
115, 34, 7, 'divLineThickness', 'Divisional Line Thickness', NULL, 'N', 'N', NULL
, NULL, NULL, NULL, NULL, NULL, 'N', 2, 1); 
INSERT INTO PROPERTY_DFN ( PRD_ID, PDG_ID, CMP_ID, PRD_KEY, PRD_NAME, PRD_DEFAULT, PRD_READ_ONLY_FL,
PRD_MANDATORY_FL, PRD_RENDERED_FL, PRD_EXTRA1, PRD_EXTRA2, PRD_EXTRA3, PRD_EXTRA4, PRD_EXTRA5,
PRD_DELETE_FL, PRD_VERSION_ID, PTN_ID ) VALUES ( 
116, 34, 15, 'divLineColor', 'Divisional Line Colour', 'C0C0C0', 'N', 'N', NULL, NULL
, NULL, NULL, NULL, NULL, 'N', 2, 1); 
INSERT INTO PROPERTY_DFN ( PRD_ID, PDG_ID, CMP_ID, PRD_KEY, PRD_NAME, PRD_DEFAULT, PRD_READ_ONLY_FL,
PRD_MANDATORY_FL, PRD_RENDERED_FL, PRD_EXTRA1, PRD_EXTRA2, PRD_EXTRA3, PRD_EXTRA4, PRD_EXTRA5,
PRD_DELETE_FL, PRD_VERSION_ID, PTN_ID ) VALUES ( 
117, 34, 7, 'decimals', 'Decimal Precision', '0', 'N', 'N', NULL, NULL, NULL, NULL
, NULL, NULL, 'N', 2, 1); 
INSERT INTO PROPERTY_DFN ( PRD_ID, PDG_ID, CMP_ID, PRD_KEY, PRD_NAME, PRD_DEFAULT, PRD_READ_ONLY_FL,
PRD_MANDATORY_FL, PRD_RENDERED_FL, PRD_EXTRA1, PRD_EXTRA2, PRD_EXTRA3, PRD_EXTRA4, PRD_EXTRA5,
PRD_DELETE_FL, PRD_VERSION_ID, PTN_ID ) VALUES ( 
118, 34, 4, 'formatNumberScale', 'Format Y Axis Scale', 'Y', 'N', 'N', NULL, NULL
, NULL, NULL, NULL, NULL, 'N', 2, 1); 
INSERT INTO PROPERTY_DFN ( PRD_ID, PDG_ID, CMP_ID, PRD_KEY, PRD_NAME, PRD_DEFAULT, PRD_READ_ONLY_FL,
PRD_MANDATORY_FL, PRD_RENDERED_FL, PRD_EXTRA1, PRD_EXTRA2, PRD_EXTRA3, PRD_EXTRA4, PRD_EXTRA5,
PRD_DELETE_FL, PRD_VERSION_ID, PTN_ID ) VALUES ( 
119, 35, 5, 'baseFont', 'Font', 'Tahoma', 'N', 'N', NULL, 'Arial;Courier;Georgia;Tahoma;Verdana'
, 'Arial;Courier;Georgia;Tahoma;Verdana', NULL, NULL, NULL, 'N', 2, 1); 
INSERT INTO PROPERTY_DFN ( PRD_ID, PDG_ID, CMP_ID, PRD_KEY, PRD_NAME, PRD_DEFAULT, PRD_READ_ONLY_FL,
PRD_MANDATORY_FL, PRD_RENDERED_FL, PRD_EXTRA1, PRD_EXTRA2, PRD_EXTRA3, PRD_EXTRA4, PRD_EXTRA5,
PRD_DELETE_FL, PRD_VERSION_ID, PTN_ID ) VALUES ( 
120, 35, 12, 'baseFontSize', 'Font Size', NULL, 'N', 'N', NULL, NULL, NULL, NULL, NULL
, NULL, 'N', 2, 1); 
INSERT INTO PROPERTY_DFN ( PRD_ID, PDG_ID, CMP_ID, PRD_KEY, PRD_NAME, PRD_DEFAULT, PRD_READ_ONLY_FL,
PRD_MANDATORY_FL, PRD_RENDERED_FL, PRD_EXTRA1, PRD_EXTRA2, PRD_EXTRA3, PRD_EXTRA4, PRD_EXTRA5,
PRD_DELETE_FL, PRD_VERSION_ID, PTN_ID ) VALUES ( 
121, 35, 15, 'baseFontColor', 'Font Colour', '000000', 'N', 'N', NULL, NULL, NULL
, NULL, NULL, NULL, 'N', 2, 1); 
INSERT INTO PROPERTY_DFN ( PRD_ID, PDG_ID, CMP_ID, PRD_KEY, PRD_NAME, PRD_DEFAULT, PRD_READ_ONLY_FL,
PRD_MANDATORY_FL, PRD_RENDERED_FL, PRD_EXTRA1, PRD_EXTRA2, PRD_EXTRA3, PRD_EXTRA4, PRD_EXTRA5,
PRD_DELETE_FL, PRD_VERSION_ID, PTN_ID ) VALUES ( 
122, 35, 4, 'showBorder', 'Show Border', 'Y', 'N', 'N', NULL, NULL, NULL, NULL, NULL
, NULL, 'N', 2, 1); 
INSERT INTO PROPERTY_DFN ( PRD_ID, PDG_ID, CMP_ID, PRD_KEY, PRD_NAME, PRD_DEFAULT, PRD_READ_ONLY_FL,
PRD_MANDATORY_FL, PRD_RENDERED_FL, PRD_EXTRA1, PRD_EXTRA2, PRD_EXTRA3, PRD_EXTRA4, PRD_EXTRA5,
PRD_DELETE_FL, PRD_VERSION_ID, PTN_ID ) VALUES ( 
123, 35, 15, 'borderColor', 'Border Colour', 'C0C0C0', 'N', 'N', NULL, NULL, NULL
, NULL, NULL, NULL, 'N', 2, 1); 
INSERT INTO PROPERTY_DFN ( PRD_ID, PDG_ID, CMP_ID, PRD_KEY, PRD_NAME, PRD_DEFAULT, PRD_READ_ONLY_FL,
PRD_MANDATORY_FL, PRD_RENDERED_FL, PRD_EXTRA1, PRD_EXTRA2, PRD_EXTRA3, PRD_EXTRA4, PRD_EXTRA5,
PRD_DELETE_FL, PRD_VERSION_ID, PTN_ID ) VALUES ( 
124, 35, 7, 'borderThickness', 'Border Thickness', NULL, 'N', 'N', NULL, NULL, NULL
, NULL, NULL, NULL, 'N', 2, 1); 
INSERT INTO PROPERTY_DFN ( PRD_ID, PDG_ID, CMP_ID, PRD_KEY, PRD_NAME, PRD_DEFAULT, PRD_READ_ONLY_FL,
PRD_MANDATORY_FL, PRD_RENDERED_FL, PRD_EXTRA1, PRD_EXTRA2, PRD_EXTRA3, PRD_EXTRA4, PRD_EXTRA5,
PRD_DELETE_FL, PRD_VERSION_ID, PTN_ID ) VALUES ( 
125, 35, 4, 'showShadow', 'Show Shadow', 'Y', 'N', 'N', NULL, NULL, NULL, NULL, NULL
, NULL, 'N', 2, 1); 
INSERT INTO PROPERTY_DFN ( PRD_ID, PDG_ID, CMP_ID, PRD_KEY, PRD_NAME, PRD_DEFAULT, PRD_READ_ONLY_FL,
PRD_MANDATORY_FL, PRD_RENDERED_FL, PRD_EXTRA1, PRD_EXTRA2, PRD_EXTRA3, PRD_EXTRA4, PRD_EXTRA5,
PRD_DELETE_FL, PRD_VERSION_ID, PTN_ID ) VALUES ( 
126, 35, 4, 'animation', 'Animate Chart', 'Y', 'N', 'N', NULL, NULL, NULL, NULL, NULL
, NULL, 'N', 2, 1); 
INSERT INTO PROPERTY_DFN ( PRD_ID, PDG_ID, CMP_ID, PRD_KEY, PRD_NAME, PRD_DEFAULT, PRD_READ_ONLY_FL,
PRD_MANDATORY_FL, PRD_RENDERED_FL, PRD_EXTRA1, PRD_EXTRA2, PRD_EXTRA3, PRD_EXTRA4, PRD_EXTRA5,
PRD_DELETE_FL, PRD_VERSION_ID, PTN_ID ) VALUES ( 
127, 35, 15, 'bgColor', 'Background Colour', 'FFFFFF', 'N', 'N', NULL, NULL, NULL
, NULL, NULL, NULL, 'N', 2, 1); 
INSERT INTO PROPERTY_DFN ( PRD_ID, PDG_ID, CMP_ID, PRD_KEY, PRD_NAME, PRD_DEFAULT, PRD_READ_ONLY_FL,
PRD_MANDATORY_FL, PRD_RENDERED_FL, PRD_EXTRA1, PRD_EXTRA2, PRD_EXTRA3, PRD_EXTRA4, PRD_EXTRA5,
PRD_DELETE_FL, PRD_VERSION_ID, PTN_ID ) VALUES ( 
128, 36, 4, 'showValue', 'Show Data Value', 'N', 'N', 'N', NULL, NULL, NULL, NULL
, NULL, NULL, 'N', 2, 1); 
INSERT INTO PROPERTY_DFN ( PRD_ID, PDG_ID, CMP_ID, PRD_KEY, PRD_NAME, PRD_DEFAULT, PRD_READ_ONLY_FL,
PRD_MANDATORY_FL, PRD_RENDERED_FL, PRD_EXTRA1, PRD_EXTRA2, PRD_EXTRA3, PRD_EXTRA4, PRD_EXTRA5,
PRD_DELETE_FL, PRD_VERSION_ID, PTN_ID ) VALUES ( 
129, 36, 7, 'alpha', 'Alpha', '100', 'N', 'N', NULL, NULL, NULL, NULL, NULL, NULL
, 'N', 2, 1); 
INSERT INTO PROPERTY_DFN ( PRD_ID, PDG_ID, CMP_ID, PRD_KEY, PRD_NAME, PRD_DEFAULT, PRD_READ_ONLY_FL,
PRD_MANDATORY_FL, PRD_RENDERED_FL, PRD_EXTRA1, PRD_EXTRA2, PRD_EXTRA3, PRD_EXTRA4, PRD_EXTRA5,
PRD_DELETE_FL, PRD_VERSION_ID, PTN_ID ) VALUES ( 
130, 37, 5, 'font', 'Font', 'Tahoma', 'N', 'N', NULL, 'Arial;Courier;Georgia;Tahoma;Verdana'
, 'Arial;Courier;Georgia;Tahoma;Verdana', NULL, NULL, NULL, 'N', 2, 1); 
INSERT INTO PROPERTY_DFN ( PRD_ID, PDG_ID, CMP_ID, PRD_KEY, PRD_NAME, PRD_DEFAULT, PRD_READ_ONLY_FL,
PRD_MANDATORY_FL, PRD_RENDERED_FL, PRD_EXTRA1, PRD_EXTRA2, PRD_EXTRA3, PRD_EXTRA4, PRD_EXTRA5,
PRD_DELETE_FL, PRD_VERSION_ID, PTN_ID ) VALUES ( 
131, 37, 12, 'fontSize', 'Font Size', NULL, 'N', 'N', NULL, NULL, NULL, NULL, NULL
, NULL, 'N', 2, 1); 
INSERT INTO PROPERTY_DFN ( PRD_ID, PDG_ID, CMP_ID, PRD_KEY, PRD_NAME, PRD_DEFAULT, PRD_READ_ONLY_FL,
PRD_MANDATORY_FL, PRD_RENDERED_FL, PRD_EXTRA1, PRD_EXTRA2, PRD_EXTRA3, PRD_EXTRA4, PRD_EXTRA5,
PRD_DELETE_FL, PRD_VERSION_ID, PTN_ID ) VALUES ( 
132, 37, 15, 'fontColor', 'Font Colour', '000000', 'N', 'N', NULL, NULL, NULL, NULL
, NULL, NULL, 'N', 2, 1); 
INSERT INTO PROPERTY_DFN ( PRD_ID, PDG_ID, CMP_ID, PRD_KEY, PRD_NAME, PRD_DEFAULT, PRD_READ_ONLY_FL,
PRD_MANDATORY_FL, PRD_RENDERED_FL, PRD_EXTRA1, PRD_EXTRA2, PRD_EXTRA3, PRD_EXTRA4, PRD_EXTRA5,
PRD_DELETE_FL, PRD_VERSION_ID, PTN_ID ) VALUES ( 
133, 38, 12, 'displayValue', 'Label', NULL, 'N', 'N', NULL, NULL, NULL, NULL, NULL
, NULL, 'N', 2, 1); 
INSERT INTO PROPERTY_DFN ( PRD_ID, PDG_ID, CMP_ID, PRD_KEY, PRD_NAME, PRD_DEFAULT, PRD_READ_ONLY_FL,
PRD_MANDATORY_FL, PRD_RENDERED_FL, PRD_EXTRA1, PRD_EXTRA2, PRD_EXTRA3, PRD_EXTRA4, PRD_EXTRA5,
PRD_DELETE_FL, PRD_VERSION_ID, PTN_ID ) VALUES ( 
134, 38, 12, 'startValue', 'Start Value', NULL, 'N', 'N', NULL, NULL, NULL, NULL, NULL
, NULL, 'N', 2, 1); 
INSERT INTO PROPERTY_DFN ( PRD_ID, PDG_ID, CMP_ID, PRD_KEY, PRD_NAME, PRD_DEFAULT, PRD_READ_ONLY_FL,
PRD_MANDATORY_FL, PRD_RENDERED_FL, PRD_EXTRA1, PRD_EXTRA2, PRD_EXTRA3, PRD_EXTRA4, PRD_EXTRA5,
PRD_DELETE_FL, PRD_VERSION_ID, PTN_ID ) VALUES ( 
135, 38, 12, 'endValue', 'End Value', NULL, 'N', 'N', NULL, NULL, NULL, NULL, NULL
, NULL, 'N', 2, 1); 
INSERT INTO PROPERTY_DFN ( PRD_ID, PDG_ID, CMP_ID, PRD_KEY, PRD_NAME, PRD_DEFAULT, PRD_READ_ONLY_FL,
PRD_MANDATORY_FL, PRD_RENDERED_FL, PRD_EXTRA1, PRD_EXTRA2, PRD_EXTRA3, PRD_EXTRA4, PRD_EXTRA5,
PRD_DELETE_FL, PRD_VERSION_ID, PTN_ID ) VALUES ( 
136, 38, 15, 'color', 'Colour', '808080', 'N', 'N', NULL, NULL, NULL, NULL, NULL, NULL
, 'N', 2, 1); 
INSERT INTO PROPERTY_DFN ( PRD_ID, PDG_ID, CMP_ID, PRD_KEY, PRD_NAME, PRD_DEFAULT, PRD_READ_ONLY_FL,
PRD_MANDATORY_FL, PRD_RENDERED_FL, PRD_EXTRA1, PRD_EXTRA2, PRD_EXTRA3, PRD_EXTRA4, PRD_EXTRA5,
PRD_DELETE_FL, PRD_VERSION_ID, PTN_ID ) VALUES ( 
137, 38, 7, 'thickness', 'Thickness of line', '1', 'N', 'N', NULL, NULL, NULL, NULL
, NULL, NULL, 'N', 2, 1); 
INSERT INTO PROPERTY_DFN ( PRD_ID, PDG_ID, CMP_ID, PRD_KEY, PRD_NAME, PRD_DEFAULT, PRD_READ_ONLY_FL,
PRD_MANDATORY_FL, PRD_RENDERED_FL, PRD_EXTRA1, PRD_EXTRA2, PRD_EXTRA3, PRD_EXTRA4, PRD_EXTRA5,
PRD_DELETE_FL, PRD_VERSION_ID, PTN_ID ) VALUES ( 
138, 38, 4, 'dashed', 'Show dashed line', 'N', 'N', 'N', NULL, NULL, NULL, NULL, NULL
, NULL, 'N', 2, 1); 
INSERT INTO PROPERTY_DFN ( PRD_ID, PDG_ID, CMP_ID, PRD_KEY, PRD_NAME, PRD_DEFAULT, PRD_READ_ONLY_FL,
PRD_MANDATORY_FL, PRD_RENDERED_FL, PRD_EXTRA1, PRD_EXTRA2, PRD_EXTRA3, PRD_EXTRA4, PRD_EXTRA5,
PRD_DELETE_FL, PRD_VERSION_ID, PTN_ID ) VALUES ( 
139, 39, 5, 'labelDisplay', 'X Axis Label Display Format', 'WRAP', 'N', 'N', NULL
, 'WRAP;STAGGER;ROTATE;NONE', 'Wrap;Stagger;Rotate;None', NULL, NULL, NULL, 'N', 1
, 1); 
INSERT INTO PROPERTY_DFN ( PRD_ID, PDG_ID, CMP_ID, PRD_KEY, PRD_NAME, PRD_DEFAULT, PRD_READ_ONLY_FL,
PRD_MANDATORY_FL, PRD_RENDERED_FL, PRD_EXTRA1, PRD_EXTRA2, PRD_EXTRA3, PRD_EXTRA4, PRD_EXTRA5,
PRD_DELETE_FL, PRD_VERSION_ID, PTN_ID ) VALUES ( 
140, 39, 7, 'limitXAxis', 'Limit For X Axis', '25', 'N', 'N', NULL, NULL, NULL, NULL
, NULL, NULL, 'N', 1, 1); 
INSERT INTO PROPERTY_DFN ( PRD_ID, PDG_ID, CMP_ID, PRD_KEY, PRD_NAME, PRD_DEFAULT, PRD_READ_ONLY_FL,
PRD_MANDATORY_FL, PRD_RENDERED_FL, PRD_EXTRA1, PRD_EXTRA2, PRD_EXTRA3, PRD_EXTRA4, PRD_EXTRA5,
PRD_DELETE_FL, PRD_VERSION_ID, PTN_ID ) VALUES ( 
141, 39, 3, 'yAxisMinValue', 'Y Axis Minimum Value', '0', 'N', 'N', NULL, NULL, NULL
, NULL, NULL, NULL, 'N', 1, 1); 
INSERT INTO PROPERTY_DFN ( PRD_ID, PDG_ID, CMP_ID, PRD_KEY, PRD_NAME, PRD_DEFAULT, PRD_READ_ONLY_FL,
PRD_MANDATORY_FL, PRD_RENDERED_FL, PRD_EXTRA1, PRD_EXTRA2, PRD_EXTRA3, PRD_EXTRA4, PRD_EXTRA5,
PRD_DELETE_FL, PRD_VERSION_ID, PTN_ID ) VALUES ( 
142, 39, 3, 'yAxisMaxValue', 'Y Axis Maximum Value', NULL, 'N', 'N', NULL, NULL, NULL
, NULL, NULL, NULL, 'N', 1, 1); 
INSERT INTO PROPERTY_DFN ( PRD_ID, PDG_ID, CMP_ID, PRD_KEY, PRD_NAME, PRD_DEFAULT, PRD_READ_ONLY_FL,
PRD_MANDATORY_FL, PRD_RENDERED_FL, PRD_EXTRA1, PRD_EXTRA2, PRD_EXTRA3, PRD_EXTRA4, PRD_EXTRA5,
PRD_DELETE_FL, PRD_VERSION_ID, PTN_ID ) VALUES ( 
143, 41, 4, 'showLabel', 'Show label', 'Y', 'N', 'N', NULL, NULL, NULL, NULL, NULL
, NULL, 'N', 1, 1); 
INSERT INTO PROPERTY_DFN ( PRD_ID, PDG_ID, CMP_ID, PRD_KEY, PRD_NAME, PRD_DEFAULT, PRD_READ_ONLY_FL,
PRD_MANDATORY_FL, PRD_RENDERED_FL, PRD_EXTRA1, PRD_EXTRA2, PRD_EXTRA3, PRD_EXTRA4, PRD_EXTRA5,
PRD_DELETE_FL, PRD_VERSION_ID, PTN_ID ) VALUES ( 
144, 41, 4, 'dashed', 'Use dashed borders', NULL, 'N', 'N', NULL, NULL, NULL, NULL
, NULL, NULL, 'N', 1, 1); 
INSERT INTO PROPERTY_DFN ( PRD_ID, PDG_ID, CMP_ID, PRD_KEY, PRD_NAME, PRD_DEFAULT, PRD_READ_ONLY_FL,
PRD_MANDATORY_FL, PRD_RENDERED_FL, PRD_EXTRA1, PRD_EXTRA2, PRD_EXTRA3, PRD_EXTRA4, PRD_EXTRA5,
PRD_DELETE_FL, PRD_VERSION_ID, PTN_ID ) VALUES ( 
145, 43, 5, 'labelDisplay', 'X Axis Label Display Format', 'WRAP', 'N', 'N', NULL
, 'WRAP;STAGGER;ROTATE;NONE', 'Wrap;Stagger;Rotate;None', NULL, NULL, NULL, 'N', 1
, 1); 
INSERT INTO PROPERTY_DFN ( PRD_ID, PDG_ID, CMP_ID, PRD_KEY, PRD_NAME, PRD_DEFAULT, PRD_READ_ONLY_FL,
PRD_MANDATORY_FL, PRD_RENDERED_FL, PRD_EXTRA1, PRD_EXTRA2, PRD_EXTRA3, PRD_EXTRA4, PRD_EXTRA5,
PRD_DELETE_FL, PRD_VERSION_ID, PTN_ID ) VALUES ( 
146, 43, 7, 'limitXAxis', 'Limit For X Axis', '25', 'N', 'N', NULL, NULL, NULL, NULL
, NULL, NULL, 'N', 1, 1); 
INSERT INTO PROPERTY_DFN ( PRD_ID, PDG_ID, CMP_ID, PRD_KEY, PRD_NAME, PRD_DEFAULT, PRD_READ_ONLY_FL,
PRD_MANDATORY_FL, PRD_RENDERED_FL, PRD_EXTRA1, PRD_EXTRA2, PRD_EXTRA3, PRD_EXTRA4, PRD_EXTRA5,
PRD_DELETE_FL, PRD_VERSION_ID, PTN_ID ) VALUES ( 
147, 43, 3, 'yAxisMinValue', 'Y Axis Minimum Value', '0', 'N', 'N', NULL, NULL, NULL
, NULL, NULL, NULL, 'N', 1, 1); 
INSERT INTO PROPERTY_DFN ( PRD_ID, PDG_ID, CMP_ID, PRD_KEY, PRD_NAME, PRD_DEFAULT, PRD_READ_ONLY_FL,
PRD_MANDATORY_FL, PRD_RENDERED_FL, PRD_EXTRA1, PRD_EXTRA2, PRD_EXTRA3, PRD_EXTRA4, PRD_EXTRA5,
PRD_DELETE_FL, PRD_VERSION_ID, PTN_ID ) VALUES ( 
148, 43, 3, 'yAxisMaxValue', 'Y Axis Maximum Value', NULL, 'N', 'N', NULL, NULL, NULL
, NULL, NULL, NULL, 'N', 1, 1); 
INSERT INTO PROPERTY_DFN ( PRD_ID, PDG_ID, CMP_ID, PRD_KEY, PRD_NAME, PRD_DEFAULT, PRD_READ_ONLY_FL,
PRD_MANDATORY_FL, PRD_RENDERED_FL, PRD_EXTRA1, PRD_EXTRA2, PRD_EXTRA3, PRD_EXTRA4, PRD_EXTRA5,
PRD_DELETE_FL, PRD_VERSION_ID, PTN_ID ) VALUES ( 
149, 44, 4, 'legendAllowDrag', 'Draggable legend', 'Y', 'N', 'N', NULL, NULL, NULL
, NULL, NULL, NULL, 'N', 1, 1); 
INSERT INTO PROPERTY_DFN ( PRD_ID, PDG_ID, CMP_ID, PRD_KEY, PRD_NAME, PRD_DEFAULT, PRD_READ_ONLY_FL,
PRD_MANDATORY_FL, PRD_RENDERED_FL, PRD_EXTRA1, PRD_EXTRA2, PRD_EXTRA3, PRD_EXTRA4, PRD_EXTRA5,
PRD_DELETE_FL, PRD_VERSION_ID, PTN_ID ) VALUES ( 
150, 44, 4, 'showLegend', 'Show Legend', 'Y', 'N', 'N', NULL, NULL, NULL, NULL, NULL
, NULL, 'N', 1, 1); 
INSERT INTO PROPERTY_DFN ( PRD_ID, PDG_ID, CMP_ID, PRD_KEY, PRD_NAME, PRD_DEFAULT, PRD_READ_ONLY_FL,
PRD_MANDATORY_FL, PRD_RENDERED_FL, PRD_EXTRA1, PRD_EXTRA2, PRD_EXTRA3, PRD_EXTRA4, PRD_EXTRA5,
PRD_DELETE_FL, PRD_VERSION_ID, PTN_ID ) VALUES ( 
151, 45, 4, 'showLabel', 'Show label', 'Y', 'N', 'N', NULL, NULL, NULL, NULL, NULL
, NULL, 'N', 1, 1); 
INSERT INTO PROPERTY_DFN ( PRD_ID, PDG_ID, CMP_ID, PRD_KEY, PRD_NAME, PRD_DEFAULT, PRD_READ_ONLY_FL,
PRD_MANDATORY_FL, PRD_RENDERED_FL, PRD_EXTRA1, PRD_EXTRA2, PRD_EXTRA3, PRD_EXTRA4, PRD_EXTRA5,
PRD_DELETE_FL, PRD_VERSION_ID, PTN_ID ) VALUES ( 
152, 50, 7, 'limitXAxis', 'Limit For X Axis', '25', 'N', 'N', NULL, NULL, NULL, NULL
, NULL, NULL, 'N', 2, 1); 
INSERT INTO PROPERTY_DFN ( PRD_ID, PDG_ID, CMP_ID, PRD_KEY, PRD_NAME, PRD_DEFAULT, PRD_READ_ONLY_FL,
PRD_MANDATORY_FL, PRD_RENDERED_FL, PRD_EXTRA1, PRD_EXTRA2, PRD_EXTRA3, PRD_EXTRA4, PRD_EXTRA5,
PRD_DELETE_FL, PRD_VERSION_ID, PTN_ID ) VALUES ( 
153, 50, 3, 'yAxisMinValue', 'Y Axis Minimum Value', '0', 'N', 'N', NULL, NULL, NULL
, NULL, NULL, NULL, 'N', 2, 1); 
INSERT INTO PROPERTY_DFN ( PRD_ID, PDG_ID, CMP_ID, PRD_KEY, PRD_NAME, PRD_DEFAULT, PRD_READ_ONLY_FL,
PRD_MANDATORY_FL, PRD_RENDERED_FL, PRD_EXTRA1, PRD_EXTRA2, PRD_EXTRA3, PRD_EXTRA4, PRD_EXTRA5,
PRD_DELETE_FL, PRD_VERSION_ID, PTN_ID ) VALUES ( 
154, 50, 3, 'yAxisMaxValue', 'Y Axis Maximum Value', NULL, 'N', 'N', NULL, NULL, NULL
, NULL, NULL, NULL, 'N', 2, 1); 
INSERT INTO PROPERTY_DFN ( PRD_ID, PDG_ID, CMP_ID, PRD_KEY, PRD_NAME, PRD_DEFAULT, PRD_READ_ONLY_FL,
PRD_MANDATORY_FL, PRD_RENDERED_FL, PRD_EXTRA1, PRD_EXTRA2, PRD_EXTRA3, PRD_EXTRA4, PRD_EXTRA5,
PRD_DELETE_FL, PRD_VERSION_ID, PTN_ID ) VALUES ( 
155, 52, 4, 'dashed', 'Use dashed borders', NULL, 'N', 'N', NULL, NULL, NULL, NULL
, NULL, NULL, 'N', 2, 1); 
INSERT INTO PROPERTY_DFN ( PRD_ID, PDG_ID, CMP_ID, PRD_KEY, PRD_NAME, PRD_DEFAULT, PRD_READ_ONLY_FL,
PRD_MANDATORY_FL, PRD_RENDERED_FL, PRD_EXTRA1, PRD_EXTRA2, PRD_EXTRA3, PRD_EXTRA4, PRD_EXTRA5,
PRD_DELETE_FL, PRD_VERSION_ID, PTN_ID ) VALUES ( 
156, 52, 4, 'showLabel', 'Show label', 'Y', 'N', 'N', NULL, NULL, NULL, NULL, NULL
, NULL, 'N', 2, 1); 
INSERT INTO PROPERTY_DFN ( PRD_ID, PDG_ID, CMP_ID, PRD_KEY, PRD_NAME, PRD_DEFAULT, PRD_READ_ONLY_FL,
PRD_MANDATORY_FL, PRD_RENDERED_FL, PRD_EXTRA1, PRD_EXTRA2, PRD_EXTRA3, PRD_EXTRA4, PRD_EXTRA5,
PRD_DELETE_FL, PRD_VERSION_ID, PTN_ID ) VALUES ( 
157, 54, 7, 'limitXAxis', 'Limit For X Axis', '25', 'N', 'N', NULL, NULL, NULL, NULL
, NULL, NULL, 'N', 1, 1); 
INSERT INTO PROPERTY_DFN ( PRD_ID, PDG_ID, CMP_ID, PRD_KEY, PRD_NAME, PRD_DEFAULT, PRD_READ_ONLY_FL,
PRD_MANDATORY_FL, PRD_RENDERED_FL, PRD_EXTRA1, PRD_EXTRA2, PRD_EXTRA3, PRD_EXTRA4, PRD_EXTRA5,
PRD_DELETE_FL, PRD_VERSION_ID, PTN_ID ) VALUES ( 
158, 54, 3, 'yAxisMinValue', 'Y Axis Minimum Value', '0', 'N', 'N', NULL, NULL, NULL
, NULL, NULL, NULL, 'N', 1, 1); 
INSERT INTO PROPERTY_DFN ( PRD_ID, PDG_ID, CMP_ID, PRD_KEY, PRD_NAME, PRD_DEFAULT, PRD_READ_ONLY_FL,
PRD_MANDATORY_FL, PRD_RENDERED_FL, PRD_EXTRA1, PRD_EXTRA2, PRD_EXTRA3, PRD_EXTRA4, PRD_EXTRA5,
PRD_DELETE_FL, PRD_VERSION_ID, PTN_ID ) VALUES ( 
159, 54, 3, 'yAxisMaxValue', 'Y Axis Maximum Value', NULL, 'N', 'N', NULL, NULL, NULL
, NULL, NULL, NULL, 'N', 1, 1); 
INSERT INTO PROPERTY_DFN ( PRD_ID, PDG_ID, CMP_ID, PRD_KEY, PRD_NAME, PRD_DEFAULT, PRD_READ_ONLY_FL,
PRD_MANDATORY_FL, PRD_RENDERED_FL, PRD_EXTRA1, PRD_EXTRA2, PRD_EXTRA3, PRD_EXTRA4, PRD_EXTRA5,
PRD_DELETE_FL, PRD_VERSION_ID, PTN_ID ) VALUES ( 
160, 55, 4, 'legendAllowDrag', 'Draggable legend', 'Y', 'N', 'N', NULL, NULL, NULL
, NULL, NULL, NULL, 'N', 1, 1); 
INSERT INTO PROPERTY_DFN ( PRD_ID, PDG_ID, CMP_ID, PRD_KEY, PRD_NAME, PRD_DEFAULT, PRD_READ_ONLY_FL,
PRD_MANDATORY_FL, PRD_RENDERED_FL, PRD_EXTRA1, PRD_EXTRA2, PRD_EXTRA3, PRD_EXTRA4, PRD_EXTRA5,
PRD_DELETE_FL, PRD_VERSION_ID, PTN_ID ) VALUES ( 
161, 55, 4, 'showLegend', 'Show Legend', 'Y', 'N', 'N', NULL, NULL, NULL, NULL, NULL
, NULL, 'N', 1, 1); 
INSERT INTO PROPERTY_DFN ( PRD_ID, PDG_ID, CMP_ID, PRD_KEY, PRD_NAME, PRD_DEFAULT, PRD_READ_ONLY_FL,
PRD_MANDATORY_FL, PRD_RENDERED_FL, PRD_EXTRA1, PRD_EXTRA2, PRD_EXTRA3, PRD_EXTRA4, PRD_EXTRA5,
PRD_DELETE_FL, PRD_VERSION_ID, PTN_ID ) VALUES ( 
162, 56, 4, 'dashed', 'Use dashed borders', NULL, 'N', 'N', NULL, NULL, NULL, NULL
, NULL, NULL, 'N', 1, 1); 
INSERT INTO PROPERTY_DFN ( PRD_ID, PDG_ID, CMP_ID, PRD_KEY, PRD_NAME, PRD_DEFAULT, PRD_READ_ONLY_FL,
PRD_MANDATORY_FL, PRD_RENDERED_FL, PRD_EXTRA1, PRD_EXTRA2, PRD_EXTRA3, PRD_EXTRA4, PRD_EXTRA5,
PRD_DELETE_FL, PRD_VERSION_ID, PTN_ID ) VALUES ( 
163, 61, 5, 'labelDisplay', 'X Axis Label Display Format', 'WRAP', 'N', 'N', NULL
, 'WRAP;STAGGER;ROTATE;NONE', 'Wrap;Stagger;Rotate;None', NULL, NULL, NULL, 'N', 2
, 1); 
INSERT INTO PROPERTY_DFN ( PRD_ID, PDG_ID, CMP_ID, PRD_KEY, PRD_NAME, PRD_DEFAULT, PRD_READ_ONLY_FL,
PRD_MANDATORY_FL, PRD_RENDERED_FL, PRD_EXTRA1, PRD_EXTRA2, PRD_EXTRA3, PRD_EXTRA4, PRD_EXTRA5,
PRD_DELETE_FL, PRD_VERSION_ID, PTN_ID ) VALUES ( 
164, 61, 7, 'limitXAxis', 'Limit For X Axis', '25', 'N', 'N', NULL, NULL, NULL, NULL
, NULL, NULL, 'N', 2, 1); 
INSERT INTO PROPERTY_DFN ( PRD_ID, PDG_ID, CMP_ID, PRD_KEY, PRD_NAME, PRD_DEFAULT, PRD_READ_ONLY_FL,
PRD_MANDATORY_FL, PRD_RENDERED_FL, PRD_EXTRA1, PRD_EXTRA2, PRD_EXTRA3, PRD_EXTRA4, PRD_EXTRA5,
PRD_DELETE_FL, PRD_VERSION_ID, PTN_ID ) VALUES ( 
165, 61, 3, 'yAxisMinValue', 'Y Axis Minimum Value', '0', 'N', 'N', NULL, NULL, NULL
, NULL, NULL, NULL, 'N', 2, 1); 
INSERT INTO PROPERTY_DFN ( PRD_ID, PDG_ID, CMP_ID, PRD_KEY, PRD_NAME, PRD_DEFAULT, PRD_READ_ONLY_FL,
PRD_MANDATORY_FL, PRD_RENDERED_FL, PRD_EXTRA1, PRD_EXTRA2, PRD_EXTRA3, PRD_EXTRA4, PRD_EXTRA5,
PRD_DELETE_FL, PRD_VERSION_ID, PTN_ID ) VALUES ( 
166, 61, 3, 'yAxisMaxValue', 'Y Axis Maximum Value', NULL, 'N', 'N', NULL, NULL, NULL
, NULL, NULL, NULL, 'N', 2, 1); 
INSERT INTO PROPERTY_DFN ( PRD_ID, PDG_ID, CMP_ID, PRD_KEY, PRD_NAME, PRD_DEFAULT, PRD_READ_ONLY_FL,
PRD_MANDATORY_FL, PRD_RENDERED_FL, PRD_EXTRA1, PRD_EXTRA2, PRD_EXTRA3, PRD_EXTRA4, PRD_EXTRA5,
PRD_DELETE_FL, PRD_VERSION_ID, PTN_ID ) VALUES ( 
167, 63, 4, 'dashed', 'Use dashed borders', NULL, 'N', 'N', NULL, NULL, NULL, NULL
, NULL, NULL, 'N', 2, 1); 
INSERT INTO PROPERTY_DFN ( PRD_ID, PDG_ID, CMP_ID, PRD_KEY, PRD_NAME, PRD_DEFAULT, PRD_READ_ONLY_FL,
PRD_MANDATORY_FL, PRD_RENDERED_FL, PRD_EXTRA1, PRD_EXTRA2, PRD_EXTRA3, PRD_EXTRA4, PRD_EXTRA5,
PRD_DELETE_FL, PRD_VERSION_ID, PTN_ID ) VALUES ( 
168, 63, 4, 'showLabel', 'Show label', 'Y', 'N', 'N', NULL, NULL, NULL, NULL, NULL
, NULL, 'N', 2, 1); 
INSERT INTO PROPERTY_DFN ( PRD_ID, PDG_ID, CMP_ID, PRD_KEY, PRD_NAME, PRD_DEFAULT, PRD_READ_ONLY_FL,
PRD_MANDATORY_FL, PRD_RENDERED_FL, PRD_EXTRA1, PRD_EXTRA2, PRD_EXTRA3, PRD_EXTRA4, PRD_EXTRA5,
PRD_DELETE_FL, PRD_VERSION_ID, PTN_ID ) VALUES ( 
169, 65, 5, 'labelDisplay', 'X Axis Label Display Format', 'WRAP', 'N', 'N', NULL
, 'WRAP;STAGGER;ROTATE;NONE', 'Wrap;Stagger;Rotate;None', NULL, NULL, NULL, 'N', 2
, 1); 
INSERT INTO PROPERTY_DFN ( PRD_ID, PDG_ID, CMP_ID, PRD_KEY, PRD_NAME, PRD_DEFAULT, PRD_READ_ONLY_FL,
PRD_MANDATORY_FL, PRD_RENDERED_FL, PRD_EXTRA1, PRD_EXTRA2, PRD_EXTRA3, PRD_EXTRA4, PRD_EXTRA5,
PRD_DELETE_FL, PRD_VERSION_ID, PTN_ID ) VALUES ( 
170, 65, 7, 'limitXAxis', 'Limit For X Axis', '25', 'N', 'N', NULL, NULL, NULL, NULL
, NULL, NULL, 'N', 2, 1); 
INSERT INTO PROPERTY_DFN ( PRD_ID, PDG_ID, CMP_ID, PRD_KEY, PRD_NAME, PRD_DEFAULT, PRD_READ_ONLY_FL,
PRD_MANDATORY_FL, PRD_RENDERED_FL, PRD_EXTRA1, PRD_EXTRA2, PRD_EXTRA3, PRD_EXTRA4, PRD_EXTRA5,
PRD_DELETE_FL, PRD_VERSION_ID, PTN_ID ) VALUES ( 
171, 65, 3, 'yAxisMinValue', 'Y Axis Minimum Value', '0', 'N', 'N', NULL, NULL, NULL
, NULL, NULL, NULL, 'N', 2, 1); 
INSERT INTO PROPERTY_DFN ( PRD_ID, PDG_ID, CMP_ID, PRD_KEY, PRD_NAME, PRD_DEFAULT, PRD_READ_ONLY_FL,
PRD_MANDATORY_FL, PRD_RENDERED_FL, PRD_EXTRA1, PRD_EXTRA2, PRD_EXTRA3, PRD_EXTRA4, PRD_EXTRA5,
PRD_DELETE_FL, PRD_VERSION_ID, PTN_ID ) VALUES ( 
172, 65, 3, 'yAxisMaxValue', 'Y Axis Maximum Value', NULL, 'N', 'N', NULL, NULL, NULL
, NULL, NULL, NULL, 'N', 2, 1); 
INSERT INTO PROPERTY_DFN ( PRD_ID, PDG_ID, CMP_ID, PRD_KEY, PRD_NAME, PRD_DEFAULT, PRD_READ_ONLY_FL,
PRD_MANDATORY_FL, PRD_RENDERED_FL, PRD_EXTRA1, PRD_EXTRA2, PRD_EXTRA3, PRD_EXTRA4, PRD_EXTRA5,
PRD_DELETE_FL, PRD_VERSION_ID, PTN_ID ) VALUES ( 
173, 66, 4, 'legendAllowDrag', 'Draggable legend', 'Y', 'N', 'N', NULL, NULL, NULL
, NULL, NULL, NULL, 'N', 2, 1); 
INSERT INTO PROPERTY_DFN ( PRD_ID, PDG_ID, CMP_ID, PRD_KEY, PRD_NAME, PRD_DEFAULT, PRD_READ_ONLY_FL,
PRD_MANDATORY_FL, PRD_RENDERED_FL, PRD_EXTRA1, PRD_EXTRA2, PRD_EXTRA3, PRD_EXTRA4, PRD_EXTRA5,
PRD_DELETE_FL, PRD_VERSION_ID, PTN_ID ) VALUES ( 
174, 66, 4, 'showLegend', 'Show Legend', 'Y', 'N', 'N', NULL, NULL, NULL, NULL, NULL
, NULL, 'N', 2, 1); 
INSERT INTO PROPERTY_DFN ( PRD_ID, PDG_ID, CMP_ID, PRD_KEY, PRD_NAME, PRD_DEFAULT, PRD_READ_ONLY_FL,
PRD_MANDATORY_FL, PRD_RENDERED_FL, PRD_EXTRA1, PRD_EXTRA2, PRD_EXTRA3, PRD_EXTRA4, PRD_EXTRA5,
PRD_DELETE_FL, PRD_VERSION_ID, PTN_ID ) VALUES ( 
175, 67, 4, 'dashed', 'Use dashed borders', NULL, 'N', 'N', NULL, NULL, NULL, NULL
, NULL, NULL, 'N', 2, 1); 
INSERT INTO PROPERTY_DFN ( PRD_ID, PDG_ID, CMP_ID, PRD_KEY, PRD_NAME, PRD_DEFAULT, PRD_READ_ONLY_FL,
PRD_MANDATORY_FL, PRD_RENDERED_FL, PRD_EXTRA1, PRD_EXTRA2, PRD_EXTRA3, PRD_EXTRA4, PRD_EXTRA5,
PRD_DELETE_FL, PRD_VERSION_ID, PTN_ID ) VALUES ( 
176, 72, 5, 'labelDisplay', 'X Axis Label Display Format', 'WRAP', 'N', 'N', NULL
, 'WRAP;STAGGER;ROTATE;NONE', 'Wrap;Stagger;Rotate;None', NULL, NULL, NULL, 'N', 1
, 1); 
INSERT INTO PROPERTY_DFN ( PRD_ID, PDG_ID, CMP_ID, PRD_KEY, PRD_NAME, PRD_DEFAULT, PRD_READ_ONLY_FL,
PRD_MANDATORY_FL, PRD_RENDERED_FL, PRD_EXTRA1, PRD_EXTRA2, PRD_EXTRA3, PRD_EXTRA4, PRD_EXTRA5,
PRD_DELETE_FL, PRD_VERSION_ID, PTN_ID ) VALUES ( 
177, 72, 7, 'limitXAxis', 'Limit For X Axis', '25', 'N', 'N', NULL, NULL, NULL, NULL
, NULL, NULL, 'N', 1, 1); 
INSERT INTO PROPERTY_DFN ( PRD_ID, PDG_ID, CMP_ID, PRD_KEY, PRD_NAME, PRD_DEFAULT, PRD_READ_ONLY_FL,
PRD_MANDATORY_FL, PRD_RENDERED_FL, PRD_EXTRA1, PRD_EXTRA2, PRD_EXTRA3, PRD_EXTRA4, PRD_EXTRA5,
PRD_DELETE_FL, PRD_VERSION_ID, PTN_ID ) VALUES ( 
178, 72, 3, 'yAxisMinValue', 'Y Axis Minimum Value', '0', 'N', 'N', NULL, NULL, NULL
, NULL, NULL, NULL, 'N', 1, 1); 
INSERT INTO PROPERTY_DFN ( PRD_ID, PDG_ID, CMP_ID, PRD_KEY, PRD_NAME, PRD_DEFAULT, PRD_READ_ONLY_FL,
PRD_MANDATORY_FL, PRD_RENDERED_FL, PRD_EXTRA1, PRD_EXTRA2, PRD_EXTRA3, PRD_EXTRA4, PRD_EXTRA5,
PRD_DELETE_FL, PRD_VERSION_ID, PTN_ID ) VALUES ( 
179, 72, 3, 'yAxisMaxValue', 'Y Axis Maximum Value', NULL, 'N', 'N', NULL, NULL, NULL
, NULL, NULL, NULL, 'N', 1, 1); 
INSERT INTO PROPERTY_DFN ( PRD_ID, PDG_ID, CMP_ID, PRD_KEY, PRD_NAME, PRD_DEFAULT, PRD_READ_ONLY_FL,
PRD_MANDATORY_FL, PRD_RENDERED_FL, PRD_EXTRA1, PRD_EXTRA2, PRD_EXTRA3, PRD_EXTRA4, PRD_EXTRA5,
PRD_DELETE_FL, PRD_VERSION_ID, PTN_ID ) VALUES ( 
180, 74, 4, 'showLabel', 'Show label', 'Y', 'N', 'N', NULL, NULL, NULL, NULL, NULL
, NULL, 'N', 1, 1); 
INSERT INTO PROPERTY_DFN ( PRD_ID, PDG_ID, CMP_ID, PRD_KEY, PRD_NAME, PRD_DEFAULT, PRD_READ_ONLY_FL,
PRD_MANDATORY_FL, PRD_RENDERED_FL, PRD_EXTRA1, PRD_EXTRA2, PRD_EXTRA3, PRD_EXTRA4, PRD_EXTRA5,
PRD_DELETE_FL, PRD_VERSION_ID, PTN_ID ) VALUES ( 
181, 76, 5, 'labelDisplay', 'X Axis Label Display Format', 'WRAP', 'N', 'N', NULL
, 'WRAP;STAGGER;ROTATE;NONE', 'Wrap;Stagger;Rotate;None', NULL, NULL, NULL, 'N', 1
, 1); 
INSERT INTO PROPERTY_DFN ( PRD_ID, PDG_ID, CMP_ID, PRD_KEY, PRD_NAME, PRD_DEFAULT, PRD_READ_ONLY_FL,
PRD_MANDATORY_FL, PRD_RENDERED_FL, PRD_EXTRA1, PRD_EXTRA2, PRD_EXTRA3, PRD_EXTRA4, PRD_EXTRA5,
PRD_DELETE_FL, PRD_VERSION_ID, PTN_ID ) VALUES ( 
182, 76, 7, 'limitXAxis', 'Limit For X Axis', '25', 'N', 'N', NULL, NULL, NULL, NULL
, NULL, NULL, 'N', 1, 1); 
INSERT INTO PROPERTY_DFN ( PRD_ID, PDG_ID, CMP_ID, PRD_KEY, PRD_NAME, PRD_DEFAULT, PRD_READ_ONLY_FL,
PRD_MANDATORY_FL, PRD_RENDERED_FL, PRD_EXTRA1, PRD_EXTRA2, PRD_EXTRA3, PRD_EXTRA4, PRD_EXTRA5,
PRD_DELETE_FL, PRD_VERSION_ID, PTN_ID ) VALUES ( 
183, 76, 3, 'yAxisMinValue', 'Y Axis Minimum Value', '0', 'N', 'N', NULL, NULL, NULL
, NULL, NULL, NULL, 'N', 1, 1); 
INSERT INTO PROPERTY_DFN ( PRD_ID, PDG_ID, CMP_ID, PRD_KEY, PRD_NAME, PRD_DEFAULT, PRD_READ_ONLY_FL,
PRD_MANDATORY_FL, PRD_RENDERED_FL, PRD_EXTRA1, PRD_EXTRA2, PRD_EXTRA3, PRD_EXTRA4, PRD_EXTRA5,
PRD_DELETE_FL, PRD_VERSION_ID, PTN_ID ) VALUES ( 
184, 76, 3, 'yAxisMaxValue', 'Y Axis Maximum Value', NULL, 'N', 'N', NULL, NULL, NULL
, NULL, NULL, NULL, 'N', 1, 1); 
INSERT INTO PROPERTY_DFN ( PRD_ID, PDG_ID, CMP_ID, PRD_KEY, PRD_NAME, PRD_DEFAULT, PRD_READ_ONLY_FL,
PRD_MANDATORY_FL, PRD_RENDERED_FL, PRD_EXTRA1, PRD_EXTRA2, PRD_EXTRA3, PRD_EXTRA4, PRD_EXTRA5,
PRD_DELETE_FL, PRD_VERSION_ID, PTN_ID ) VALUES ( 
185, 77, 4, 'legendAllowDrag', 'Draggable legend', 'Y', 'N', 'N', NULL, NULL, NULL
, NULL, NULL, NULL, 'N', 1, 1); 
INSERT INTO PROPERTY_DFN ( PRD_ID, PDG_ID, CMP_ID, PRD_KEY, PRD_NAME, PRD_DEFAULT, PRD_READ_ONLY_FL,
PRD_MANDATORY_FL, PRD_RENDERED_FL, PRD_EXTRA1, PRD_EXTRA2, PRD_EXTRA3, PRD_EXTRA4, PRD_EXTRA5,
PRD_DELETE_FL, PRD_VERSION_ID, PTN_ID ) VALUES ( 
186, 77, 4, 'showLegend', 'Show Legend', 'Y', 'N', 'N', NULL, NULL, NULL, NULL, NULL
, NULL, 'N', 1, 1); 
INSERT INTO PROPERTY_DFN ( PRD_ID, PDG_ID, CMP_ID, PRD_KEY, PRD_NAME, PRD_DEFAULT, PRD_READ_ONLY_FL,
PRD_MANDATORY_FL, PRD_RENDERED_FL, PRD_EXTRA1, PRD_EXTRA2, PRD_EXTRA3, PRD_EXTRA4, PRD_EXTRA5,
PRD_DELETE_FL, PRD_VERSION_ID, PTN_ID ) VALUES ( 
187, 83, 5, 'palette', 'Colour Scheme', 'Tahoma', 'N', 'N', NULL, '1;2;3;4;5', 'Silver;Beige;Alice blue;Apricot;Pink'
, NULL, NULL, NULL, 'N', 1, 1); 
INSERT INTO PROPERTY_DFN ( PRD_ID, PDG_ID, CMP_ID, PRD_KEY, PRD_NAME, PRD_DEFAULT, PRD_READ_ONLY_FL,
PRD_MANDATORY_FL, PRD_RENDERED_FL, PRD_EXTRA1, PRD_EXTRA2, PRD_EXTRA3, PRD_EXTRA4, PRD_EXTRA5,
PRD_DELETE_FL, PRD_VERSION_ID, PTN_ID ) VALUES ( 
188, 83, 4, 'animation', 'Animate Chart', 'Y', 'N', 'N', NULL, NULL, NULL, NULL, NULL
, NULL, 'N', 1, 1); 
INSERT INTO PROPERTY_DFN ( PRD_ID, PDG_ID, CMP_ID, PRD_KEY, PRD_NAME, PRD_DEFAULT, PRD_READ_ONLY_FL,
PRD_MANDATORY_FL, PRD_RENDERED_FL, PRD_EXTRA1, PRD_EXTRA2, PRD_EXTRA3, PRD_EXTRA4, PRD_EXTRA5,
PRD_DELETE_FL, PRD_VERSION_ID, PTN_ID ) VALUES ( 
189, 83, 4, 'showLabels', 'Show Labels', 'Y', 'N', 'N', NULL, NULL, NULL, NULL, NULL
, NULL, 'N', 1, 1); 
INSERT INTO PROPERTY_DFN ( PRD_ID, PDG_ID, CMP_ID, PRD_KEY, PRD_NAME, PRD_DEFAULT, PRD_READ_ONLY_FL,
PRD_MANDATORY_FL, PRD_RENDERED_FL, PRD_EXTRA1, PRD_EXTRA2, PRD_EXTRA3, PRD_EXTRA4, PRD_EXTRA5,
PRD_DELETE_FL, PRD_VERSION_ID, PTN_ID ) VALUES ( 
190, 83, 4, 'showZeroPies', 'Show Zero Pies', 'Y', 'N', 'N', NULL, NULL, NULL, NULL
, NULL, NULL, 'N', 1, 1); 
INSERT INTO PROPERTY_DFN ( PRD_ID, PDG_ID, CMP_ID, PRD_KEY, PRD_NAME, PRD_DEFAULT, PRD_READ_ONLY_FL,
PRD_MANDATORY_FL, PRD_RENDERED_FL, PRD_EXTRA1, PRD_EXTRA2, PRD_EXTRA3, PRD_EXTRA4, PRD_EXTRA5,
PRD_DELETE_FL, PRD_VERSION_ID, PTN_ID ) VALUES ( 
191, 83, 4, 'showPercentValues', 'Show Percent Values', 'Y', 'N', 'N', NULL, NULL
, NULL, NULL, NULL, NULL, 'N', 1, 1); 
INSERT INTO PROPERTY_DFN ( PRD_ID, PDG_ID, CMP_ID, PRD_KEY, PRD_NAME, PRD_DEFAULT, PRD_READ_ONLY_FL,
PRD_MANDATORY_FL, PRD_RENDERED_FL, PRD_EXTRA1, PRD_EXTRA2, PRD_EXTRA3, PRD_EXTRA4, PRD_EXTRA5,
PRD_DELETE_FL, PRD_VERSION_ID, PTN_ID ) VALUES ( 
192, 83, 4, 'showValues', 'Show Values', 'Y', 'N', 'N', NULL, NULL, NULL, NULL, NULL
, NULL, 'N', 1, 1); 
INSERT INTO PROPERTY_DFN ( PRD_ID, PDG_ID, CMP_ID, PRD_KEY, PRD_NAME, PRD_DEFAULT, PRD_READ_ONLY_FL,
PRD_MANDATORY_FL, PRD_RENDERED_FL, PRD_EXTRA1, PRD_EXTRA2, PRD_EXTRA3, PRD_EXTRA4, PRD_EXTRA5,
PRD_DELETE_FL, PRD_VERSION_ID, PTN_ID ) VALUES ( 
193, 83, 4, 'showBorder', 'Show Border', 'Y', 'N', 'N', NULL, NULL, NULL, NULL, NULL
, NULL, 'N', 1, 1); 
INSERT INTO PROPERTY_DFN ( PRD_ID, PDG_ID, CMP_ID, PRD_KEY, PRD_NAME, PRD_DEFAULT, PRD_READ_ONLY_FL,
PRD_MANDATORY_FL, PRD_RENDERED_FL, PRD_EXTRA1, PRD_EXTRA2, PRD_EXTRA3, PRD_EXTRA4, PRD_EXTRA5,
PRD_DELETE_FL, PRD_VERSION_ID, PTN_ID ) VALUES ( 
194, 83, 15, 'borderColor', 'Border Colour', 'C0C0C0', 'N', 'N', NULL, NULL, NULL
, NULL, NULL, NULL, 'N', 1, 1); 
INSERT INTO PROPERTY_DFN ( PRD_ID, PDG_ID, CMP_ID, PRD_KEY, PRD_NAME, PRD_DEFAULT, PRD_READ_ONLY_FL,
PRD_MANDATORY_FL, PRD_RENDERED_FL, PRD_EXTRA1, PRD_EXTRA2, PRD_EXTRA3, PRD_EXTRA4, PRD_EXTRA5,
PRD_DELETE_FL, PRD_VERSION_ID, PTN_ID ) VALUES ( 
195, 83, 7, 'borderThickness', 'Border Thickness', NULL, 'N', 'N', NULL, NULL, NULL
, NULL, NULL, NULL, 'N', 1, 1); 
INSERT INTO PROPERTY_DFN ( PRD_ID, PDG_ID, CMP_ID, PRD_KEY, PRD_NAME, PRD_DEFAULT, PRD_READ_ONLY_FL,
PRD_MANDATORY_FL, PRD_RENDERED_FL, PRD_EXTRA1, PRD_EXTRA2, PRD_EXTRA3, PRD_EXTRA4, PRD_EXTRA5,
PRD_DELETE_FL, PRD_VERSION_ID, PTN_ID ) VALUES ( 
196, 84, 4, 'dashed', 'Use dashed borders', NULL, 'N', 'N', NULL, NULL, NULL, NULL
, NULL, NULL, 'N', 1, 1); 
INSERT INTO PROPERTY_DFN ( PRD_ID, PDG_ID, CMP_ID, PRD_KEY, PRD_NAME, PRD_DEFAULT, PRD_READ_ONLY_FL,
PRD_MANDATORY_FL, PRD_RENDERED_FL, PRD_EXTRA1, PRD_EXTRA2, PRD_EXTRA3, PRD_EXTRA4, PRD_EXTRA5,
PRD_DELETE_FL, PRD_VERSION_ID, PTN_ID ) VALUES ( 
197, 84, 15, 'borderColor', 'Border Colour', 'C0C0C0', 'N', 'N', NULL, NULL, NULL
, NULL, NULL, NULL, 'N', 1, 1); 
INSERT INTO PROPERTY_DFN ( PRD_ID, PDG_ID, CMP_ID, PRD_KEY, PRD_NAME, PRD_DEFAULT, PRD_READ_ONLY_FL,
PRD_MANDATORY_FL, PRD_RENDERED_FL, PRD_EXTRA1, PRD_EXTRA2, PRD_EXTRA3, PRD_EXTRA4, PRD_EXTRA5,
PRD_DELETE_FL, PRD_VERSION_ID, PTN_ID ) VALUES ( 
198, 84, 12, 'borderAlpha', 'Border Alpha', NULL, 'N', 'N', NULL, NULL, NULL, NULL
, NULL, NULL, 'N', 1, 1); 
INSERT INTO PROPERTY_DFN ( PRD_ID, PDG_ID, CMP_ID, PRD_KEY, PRD_NAME, PRD_DEFAULT, PRD_READ_ONLY_FL,
PRD_MANDATORY_FL, PRD_RENDERED_FL, PRD_EXTRA1, PRD_EXTRA2, PRD_EXTRA3, PRD_EXTRA4, PRD_EXTRA5,
PRD_DELETE_FL, PRD_VERSION_ID, PTN_ID ) VALUES ( 
199, 84, 7, 'alpha', 'Alpha', '100', 'N', 'N', NULL, NULL, NULL, NULL, NULL, NULL
, 'N', 1, 1); 
INSERT INTO PROPERTY_DFN ( PRD_ID, PDG_ID, CMP_ID, PRD_KEY, PRD_NAME, PRD_DEFAULT, PRD_READ_ONLY_FL,
PRD_MANDATORY_FL, PRD_RENDERED_FL, PRD_EXTRA1, PRD_EXTRA2, PRD_EXTRA3, PRD_EXTRA4, PRD_EXTRA5,
PRD_DELETE_FL, PRD_VERSION_ID, PTN_ID ) VALUES ( 
200, 85, 5, 'palette', 'Colour Scheme', 'Tahoma', 'N', 'N', NULL, '1;2;3;4;5', 'Silver;Beige;Alice blue;Apricot;Pink'
, NULL, NULL, NULL, 'N', 1, 1); 
INSERT INTO PROPERTY_DFN ( PRD_ID, PDG_ID, CMP_ID, PRD_KEY, PRD_NAME, PRD_DEFAULT, PRD_READ_ONLY_FL,
PRD_MANDATORY_FL, PRD_RENDERED_FL, PRD_EXTRA1, PRD_EXTRA2, PRD_EXTRA3, PRD_EXTRA4, PRD_EXTRA5,
PRD_DELETE_FL, PRD_VERSION_ID, PTN_ID ) VALUES ( 
201, 85, 4, 'animation', 'Animate Chart', 'Y', 'N', 'N', NULL, NULL, NULL, NULL, NULL
, NULL, 'N', 1, 1); 
INSERT INTO PROPERTY_DFN ( PRD_ID, PDG_ID, CMP_ID, PRD_KEY, PRD_NAME, PRD_DEFAULT, PRD_READ_ONLY_FL,
PRD_MANDATORY_FL, PRD_RENDERED_FL, PRD_EXTRA1, PRD_EXTRA2, PRD_EXTRA3, PRD_EXTRA4, PRD_EXTRA5,
PRD_DELETE_FL, PRD_VERSION_ID, PTN_ID ) VALUES ( 
202, 85, 4, 'showLabels', 'Show Labels', 'Y', 'N', 'N', NULL, NULL, NULL, NULL, NULL
, NULL, 'N', 1, 1); 
INSERT INTO PROPERTY_DFN ( PRD_ID, PDG_ID, CMP_ID, PRD_KEY, PRD_NAME, PRD_DEFAULT, PRD_READ_ONLY_FL,
PRD_MANDATORY_FL, PRD_RENDERED_FL, PRD_EXTRA1, PRD_EXTRA2, PRD_EXTRA3, PRD_EXTRA4, PRD_EXTRA5,
PRD_DELETE_FL, PRD_VERSION_ID, PTN_ID ) VALUES ( 
203, 85, 4, 'showZeroPies', 'Show Zero Pies', 'Y', 'N', 'N', NULL, NULL, NULL, NULL
, NULL, NULL, 'N', 1, 1); 
INSERT INTO PROPERTY_DFN ( PRD_ID, PDG_ID, CMP_ID, PRD_KEY, PRD_NAME, PRD_DEFAULT, PRD_READ_ONLY_FL,
PRD_MANDATORY_FL, PRD_RENDERED_FL, PRD_EXTRA1, PRD_EXTRA2, PRD_EXTRA3, PRD_EXTRA4, PRD_EXTRA5,
PRD_DELETE_FL, PRD_VERSION_ID, PTN_ID ) VALUES ( 
204, 85, 4, 'showPercentValues', 'Show Percent Values', 'Y', 'N', 'N', NULL, NULL
, NULL, NULL, NULL, NULL, 'N', 1, 1); 
INSERT INTO PROPERTY_DFN ( PRD_ID, PDG_ID, CMP_ID, PRD_KEY, PRD_NAME, PRD_DEFAULT, PRD_READ_ONLY_FL,
PRD_MANDATORY_FL, PRD_RENDERED_FL, PRD_EXTRA1, PRD_EXTRA2, PRD_EXTRA3, PRD_EXTRA4, PRD_EXTRA5,
PRD_DELETE_FL, PRD_VERSION_ID, PTN_ID ) VALUES ( 
205, 85, 4, 'showValues', 'Show Values', 'Y', 'N', 'N', NULL, NULL, NULL, NULL, NULL
, NULL, 'N', 1, 1); 
INSERT INTO PROPERTY_DFN ( PRD_ID, PDG_ID, CMP_ID, PRD_KEY, PRD_NAME, PRD_DEFAULT, PRD_READ_ONLY_FL,
PRD_MANDATORY_FL, PRD_RENDERED_FL, PRD_EXTRA1, PRD_EXTRA2, PRD_EXTRA3, PRD_EXTRA4, PRD_EXTRA5,
PRD_DELETE_FL, PRD_VERSION_ID, PTN_ID ) VALUES ( 
206, 85, 4, 'showBorder', 'Show Border', 'Y', 'N', 'N', NULL, NULL, NULL, NULL, NULL
, NULL, 'N', 1, 1); 
INSERT INTO PROPERTY_DFN ( PRD_ID, PDG_ID, CMP_ID, PRD_KEY, PRD_NAME, PRD_DEFAULT, PRD_READ_ONLY_FL,
PRD_MANDATORY_FL, PRD_RENDERED_FL, PRD_EXTRA1, PRD_EXTRA2, PRD_EXTRA3, PRD_EXTRA4, PRD_EXTRA5,
PRD_DELETE_FL, PRD_VERSION_ID, PTN_ID ) VALUES ( 
207, 85, 15, 'borderColor', 'Border Colour', 'C0C0C0', 'N', 'N', NULL, NULL, NULL
, NULL, NULL, NULL, 'N', 1, 1); 
INSERT INTO PROPERTY_DFN ( PRD_ID, PDG_ID, CMP_ID, PRD_KEY, PRD_NAME, PRD_DEFAULT, PRD_READ_ONLY_FL,
PRD_MANDATORY_FL, PRD_RENDERED_FL, PRD_EXTRA1, PRD_EXTRA2, PRD_EXTRA3, PRD_EXTRA4, PRD_EXTRA5,
PRD_DELETE_FL, PRD_VERSION_ID, PTN_ID ) VALUES ( 
208, 85, 7, 'borderThickness', 'Border Thickness', NULL, 'N', 'N', NULL, NULL, NULL
, NULL, NULL, NULL, 'N', 1, 1); 
INSERT INTO PROPERTY_DFN ( PRD_ID, PDG_ID, CMP_ID, PRD_KEY, PRD_NAME, PRD_DEFAULT, PRD_READ_ONLY_FL,
PRD_MANDATORY_FL, PRD_RENDERED_FL, PRD_EXTRA1, PRD_EXTRA2, PRD_EXTRA3, PRD_EXTRA4, PRD_EXTRA5,
PRD_DELETE_FL, PRD_VERSION_ID, PTN_ID ) VALUES ( 
209, 86, 15, 'borderColor', 'Border Colour', 'C0C0C0', 'N', 'N', NULL, NULL, NULL
, NULL, NULL, NULL, 'N', 1, 1); 
INSERT INTO PROPERTY_DFN ( PRD_ID, PDG_ID, CMP_ID, PRD_KEY, PRD_NAME, PRD_DEFAULT, PRD_READ_ONLY_FL,
PRD_MANDATORY_FL, PRD_RENDERED_FL, PRD_EXTRA1, PRD_EXTRA2, PRD_EXTRA3, PRD_EXTRA4, PRD_EXTRA5,
PRD_DELETE_FL, PRD_VERSION_ID, PTN_ID ) VALUES ( 
210, 87, 5, 'palette', 'Colour Scheme', 'Tahoma', 'N', 'N', NULL, '1;2;3;4;5', 'Silver;Beige;Alice blue;Apricot;Pink'
, NULL, NULL, NULL, 'N', 2, 1); 
INSERT INTO PROPERTY_DFN ( PRD_ID, PDG_ID, CMP_ID, PRD_KEY, PRD_NAME, PRD_DEFAULT, PRD_READ_ONLY_FL,
PRD_MANDATORY_FL, PRD_RENDERED_FL, PRD_EXTRA1, PRD_EXTRA2, PRD_EXTRA3, PRD_EXTRA4, PRD_EXTRA5,
PRD_DELETE_FL, PRD_VERSION_ID, PTN_ID ) VALUES ( 
211, 87, 4, 'animation', 'Animate Chart', 'Y', 'N', 'N', NULL, NULL, NULL, NULL, NULL
, NULL, 'N', 2, 1); 
INSERT INTO PROPERTY_DFN ( PRD_ID, PDG_ID, CMP_ID, PRD_KEY, PRD_NAME, PRD_DEFAULT, PRD_READ_ONLY_FL,
PRD_MANDATORY_FL, PRD_RENDERED_FL, PRD_EXTRA1, PRD_EXTRA2, PRD_EXTRA3, PRD_EXTRA4, PRD_EXTRA5,
PRD_DELETE_FL, PRD_VERSION_ID, PTN_ID ) VALUES ( 
212, 87, 4, 'showLabels', 'Show Labels', 'Y', 'N', 'N', NULL, NULL, NULL, NULL, NULL
, NULL, 'N', 2, 1); 
INSERT INTO PROPERTY_DFN ( PRD_ID, PDG_ID, CMP_ID, PRD_KEY, PRD_NAME, PRD_DEFAULT, PRD_READ_ONLY_FL,
PRD_MANDATORY_FL, PRD_RENDERED_FL, PRD_EXTRA1, PRD_EXTRA2, PRD_EXTRA3, PRD_EXTRA4, PRD_EXTRA5,
PRD_DELETE_FL, PRD_VERSION_ID, PTN_ID ) VALUES ( 
213, 87, 4, 'showZeroPies', 'Show Zero Pies', 'Y', 'N', 'N', NULL, NULL, NULL, NULL
, NULL, NULL, 'N', 2, 1); 
INSERT INTO PROPERTY_DFN ( PRD_ID, PDG_ID, CMP_ID, PRD_KEY, PRD_NAME, PRD_DEFAULT, PRD_READ_ONLY_FL,
PRD_MANDATORY_FL, PRD_RENDERED_FL, PRD_EXTRA1, PRD_EXTRA2, PRD_EXTRA3, PRD_EXTRA4, PRD_EXTRA5,
PRD_DELETE_FL, PRD_VERSION_ID, PTN_ID ) VALUES ( 
214, 87, 4, 'showPercentValues', 'Show Percent Values', 'Y', 'N', 'N', NULL, NULL
, NULL, NULL, NULL, NULL, 'N', 2, 1); 
INSERT INTO PROPERTY_DFN ( PRD_ID, PDG_ID, CMP_ID, PRD_KEY, PRD_NAME, PRD_DEFAULT, PRD_READ_ONLY_FL,
PRD_MANDATORY_FL, PRD_RENDERED_FL, PRD_EXTRA1, PRD_EXTRA2, PRD_EXTRA3, PRD_EXTRA4, PRD_EXTRA5,
PRD_DELETE_FL, PRD_VERSION_ID, PTN_ID ) VALUES ( 
215, 87, 4, 'showValues', 'Show Values', 'Y', 'N', 'N', NULL, NULL, NULL, NULL, NULL
, NULL, 'N', 2, 1); 
INSERT INTO PROPERTY_DFN ( PRD_ID, PDG_ID, CMP_ID, PRD_KEY, PRD_NAME, PRD_DEFAULT, PRD_READ_ONLY_FL,
PRD_MANDATORY_FL, PRD_RENDERED_FL, PRD_EXTRA1, PRD_EXTRA2, PRD_EXTRA3, PRD_EXTRA4, PRD_EXTRA5,
PRD_DELETE_FL, PRD_VERSION_ID, PTN_ID ) VALUES ( 
216, 87, 4, 'showBorder', 'Show Border', 'Y', 'N', 'N', NULL, NULL, NULL, NULL, NULL
, NULL, 'N', 2, 1); 
INSERT INTO PROPERTY_DFN ( PRD_ID, PDG_ID, CMP_ID, PRD_KEY, PRD_NAME, PRD_DEFAULT, PRD_READ_ONLY_FL,
PRD_MANDATORY_FL, PRD_RENDERED_FL, PRD_EXTRA1, PRD_EXTRA2, PRD_EXTRA3, PRD_EXTRA4, PRD_EXTRA5,
PRD_DELETE_FL, PRD_VERSION_ID, PTN_ID ) VALUES ( 
217, 87, 15, 'borderColor', 'Border Colour', 'C0C0C0', 'N', 'N', NULL, NULL, NULL
, NULL, NULL, NULL, 'N', 2, 1); 
INSERT INTO PROPERTY_DFN ( PRD_ID, PDG_ID, CMP_ID, PRD_KEY, PRD_NAME, PRD_DEFAULT, PRD_READ_ONLY_FL,
PRD_MANDATORY_FL, PRD_RENDERED_FL, PRD_EXTRA1, PRD_EXTRA2, PRD_EXTRA3, PRD_EXTRA4, PRD_EXTRA5,
PRD_DELETE_FL, PRD_VERSION_ID, PTN_ID ) VALUES ( 
218, 87, 7, 'borderThickness', 'Border Thickness', NULL, 'N', 'N', NULL, NULL, NULL
, NULL, NULL, NULL, 'N', 2, 1); 
INSERT INTO PROPERTY_DFN ( PRD_ID, PDG_ID, CMP_ID, PRD_KEY, PRD_NAME, PRD_DEFAULT, PRD_READ_ONLY_FL,
PRD_MANDATORY_FL, PRD_RENDERED_FL, PRD_EXTRA1, PRD_EXTRA2, PRD_EXTRA3, PRD_EXTRA4, PRD_EXTRA5,
PRD_DELETE_FL, PRD_VERSION_ID, PTN_ID ) VALUES ( 
219, 88, 4, 'dashed', 'Use dashed borders', NULL, 'N', 'N', NULL, NULL, NULL, NULL
, NULL, NULL, 'N', 1, 1); 
INSERT INTO PROPERTY_DFN ( PRD_ID, PDG_ID, CMP_ID, PRD_KEY, PRD_NAME, PRD_DEFAULT, PRD_READ_ONLY_FL,
PRD_MANDATORY_FL, PRD_RENDERED_FL, PRD_EXTRA1, PRD_EXTRA2, PRD_EXTRA3, PRD_EXTRA4, PRD_EXTRA5,
PRD_DELETE_FL, PRD_VERSION_ID, PTN_ID ) VALUES ( 
220, 88, 15, 'borderColor', 'Border Colour', 'C0C0C0', 'N', 'N', NULL, NULL, NULL
, NULL, NULL, NULL, 'N', 1, 1); 
INSERT INTO PROPERTY_DFN ( PRD_ID, PDG_ID, CMP_ID, PRD_KEY, PRD_NAME, PRD_DEFAULT, PRD_READ_ONLY_FL,
PRD_MANDATORY_FL, PRD_RENDERED_FL, PRD_EXTRA1, PRD_EXTRA2, PRD_EXTRA3, PRD_EXTRA4, PRD_EXTRA5,
PRD_DELETE_FL, PRD_VERSION_ID, PTN_ID ) VALUES ( 
221, 88, 12, 'borderAlpha', 'Border Alpha', NULL, 'N', 'N', NULL, NULL, NULL, NULL
, NULL, NULL, 'N', 1, 1); 
INSERT INTO PROPERTY_DFN ( PRD_ID, PDG_ID, CMP_ID, PRD_KEY, PRD_NAME, PRD_DEFAULT, PRD_READ_ONLY_FL,
PRD_MANDATORY_FL, PRD_RENDERED_FL, PRD_EXTRA1, PRD_EXTRA2, PRD_EXTRA3, PRD_EXTRA4, PRD_EXTRA5,
PRD_DELETE_FL, PRD_VERSION_ID, PTN_ID ) VALUES ( 
222, 88, 7, 'alpha', 'Alpha', '100', 'N', 'N', NULL, NULL, NULL, NULL, NULL, NULL
, 'N', 1, 1); 
INSERT INTO PROPERTY_DFN ( PRD_ID, PDG_ID, CMP_ID, PRD_KEY, PRD_NAME, PRD_DEFAULT, PRD_READ_ONLY_FL,
PRD_MANDATORY_FL, PRD_RENDERED_FL, PRD_EXTRA1, PRD_EXTRA2, PRD_EXTRA3, PRD_EXTRA4, PRD_EXTRA5,
PRD_DELETE_FL, PRD_VERSION_ID, PTN_ID ) VALUES ( 
223, 89, 5, 'palette', 'Colour Scheme', 'Tahoma', 'N', 'N', NULL, '1;2;3;4;5', 'Silver;Beige;Alice blue;Apricot;Pink'
, NULL, NULL, NULL, 'N', 1, 1); 
INSERT INTO PROPERTY_DFN ( PRD_ID, PDG_ID, CMP_ID, PRD_KEY, PRD_NAME, PRD_DEFAULT, PRD_READ_ONLY_FL,
PRD_MANDATORY_FL, PRD_RENDERED_FL, PRD_EXTRA1, PRD_EXTRA2, PRD_EXTRA3, PRD_EXTRA4, PRD_EXTRA5,
PRD_DELETE_FL, PRD_VERSION_ID, PTN_ID ) VALUES ( 
224, 89, 4, 'animation', 'Animate Chart', 'Y', 'N', 'N', NULL, NULL, NULL, NULL, NULL
, NULL, 'N', 1, 1); 
INSERT INTO PROPERTY_DFN ( PRD_ID, PDG_ID, CMP_ID, PRD_KEY, PRD_NAME, PRD_DEFAULT, PRD_READ_ONLY_FL,
PRD_MANDATORY_FL, PRD_RENDERED_FL, PRD_EXTRA1, PRD_EXTRA2, PRD_EXTRA3, PRD_EXTRA4, PRD_EXTRA5,
PRD_DELETE_FL, PRD_VERSION_ID, PTN_ID ) VALUES ( 
225, 89, 4, 'showLabels', 'Show Labels', 'Y', 'N', 'N', NULL, NULL, NULL, NULL, NULL
, NULL, 'N', 1, 1); 
INSERT INTO PROPERTY_DFN ( PRD_ID, PDG_ID, CMP_ID, PRD_KEY, PRD_NAME, PRD_DEFAULT, PRD_READ_ONLY_FL,
PRD_MANDATORY_FL, PRD_RENDERED_FL, PRD_EXTRA1, PRD_EXTRA2, PRD_EXTRA3, PRD_EXTRA4, PRD_EXTRA5,
PRD_DELETE_FL, PRD_VERSION_ID, PTN_ID ) VALUES ( 
226, 89, 4, 'showZeroPies', 'Show Zero Pies', 'Y', 'N', 'N', NULL, NULL, NULL, NULL
, NULL, NULL, 'N', 1, 1); 
INSERT INTO PROPERTY_DFN ( PRD_ID, PDG_ID, CMP_ID, PRD_KEY, PRD_NAME, PRD_DEFAULT, PRD_READ_ONLY_FL,
PRD_MANDATORY_FL, PRD_RENDERED_FL, PRD_EXTRA1, PRD_EXTRA2, PRD_EXTRA3, PRD_EXTRA4, PRD_EXTRA5,
PRD_DELETE_FL, PRD_VERSION_ID, PTN_ID ) VALUES ( 
227, 89, 4, 'showPercentValues', 'Show Percent Values', 'Y', 'N', 'N', NULL, NULL
, NULL, NULL, NULL, NULL, 'N', 1, 1); 
INSERT INTO PROPERTY_DFN ( PRD_ID, PDG_ID, CMP_ID, PRD_KEY, PRD_NAME, PRD_DEFAULT, PRD_READ_ONLY_FL,
PRD_MANDATORY_FL, PRD_RENDERED_FL, PRD_EXTRA1, PRD_EXTRA2, PRD_EXTRA3, PRD_EXTRA4, PRD_EXTRA5,
PRD_DELETE_FL, PRD_VERSION_ID, PTN_ID ) VALUES ( 
228, 89, 4, 'showValues', 'Show Values', 'Y', 'N', 'N', NULL, NULL, NULL, NULL, NULL
, NULL, 'N', 1, 1); 
INSERT INTO PROPERTY_DFN ( PRD_ID, PDG_ID, CMP_ID, PRD_KEY, PRD_NAME, PRD_DEFAULT, PRD_READ_ONLY_FL,
PRD_MANDATORY_FL, PRD_RENDERED_FL, PRD_EXTRA1, PRD_EXTRA2, PRD_EXTRA3, PRD_EXTRA4, PRD_EXTRA5,
PRD_DELETE_FL, PRD_VERSION_ID, PTN_ID ) VALUES ( 
229, 89, 4, 'showBorder', 'Show Border', 'Y', 'N', 'N', NULL, NULL, NULL, NULL, NULL
, NULL, 'N', 1, 1); 
INSERT INTO PROPERTY_DFN ( PRD_ID, PDG_ID, CMP_ID, PRD_KEY, PRD_NAME, PRD_DEFAULT, PRD_READ_ONLY_FL,
PRD_MANDATORY_FL, PRD_RENDERED_FL, PRD_EXTRA1, PRD_EXTRA2, PRD_EXTRA3, PRD_EXTRA4, PRD_EXTRA5,
PRD_DELETE_FL, PRD_VERSION_ID, PTN_ID ) VALUES ( 
230, 89, 15, 'borderColor', 'Border Colour', 'C0C0C0', 'N', 'N', NULL, NULL, NULL
, NULL, NULL, NULL, 'N', 1, 1); 
INSERT INTO PROPERTY_DFN ( PRD_ID, PDG_ID, CMP_ID, PRD_KEY, PRD_NAME, PRD_DEFAULT, PRD_READ_ONLY_FL,
PRD_MANDATORY_FL, PRD_RENDERED_FL, PRD_EXTRA1, PRD_EXTRA2, PRD_EXTRA3, PRD_EXTRA4, PRD_EXTRA5,
PRD_DELETE_FL, PRD_VERSION_ID, PTN_ID ) VALUES ( 
231, 89, 7, 'borderThickness', 'Border Thickness', NULL, 'N', 'N', NULL, NULL, NULL
, NULL, NULL, NULL, 'N', 1, 1); 
INSERT INTO PROPERTY_DFN ( PRD_ID, PDG_ID, CMP_ID, PRD_KEY, PRD_NAME, PRD_DEFAULT, PRD_READ_ONLY_FL,
PRD_MANDATORY_FL, PRD_RENDERED_FL, PRD_EXTRA1, PRD_EXTRA2, PRD_EXTRA3, PRD_EXTRA4, PRD_EXTRA5,
PRD_DELETE_FL, PRD_VERSION_ID, PTN_ID ) VALUES ( 
232, 90, 15, 'borderColor', 'Border Colour', 'C0C0C0', 'N', 'N', NULL, NULL, NULL
, NULL, NULL, NULL, 'N', 1, 1); 
INSERT INTO PROPERTY_DFN ( PRD_ID, PDG_ID, CMP_ID, PRD_KEY, PRD_NAME, PRD_DEFAULT, PRD_READ_ONLY_FL,
PRD_MANDATORY_FL, PRD_RENDERED_FL, PRD_EXTRA1, PRD_EXTRA2, PRD_EXTRA3, PRD_EXTRA4, PRD_EXTRA5,
PRD_DELETE_FL, PRD_VERSION_ID, PTN_ID ) VALUES ( 
233, 91, 5, 'labelDisplay', 'X Axis Label Display Format', 'WRAP', 'N', 'N', NULL
, 'WRAP;STAGGER;ROTATE;NONE', 'Wrap;Stagger;Rotate;None', NULL, NULL, NULL, 'N', 2
, 1); 
INSERT INTO PROPERTY_DFN ( PRD_ID, PDG_ID, CMP_ID, PRD_KEY, PRD_NAME, PRD_DEFAULT, PRD_READ_ONLY_FL,
PRD_MANDATORY_FL, PRD_RENDERED_FL, PRD_EXTRA1, PRD_EXTRA2, PRD_EXTRA3, PRD_EXTRA4, PRD_EXTRA5,
PRD_DELETE_FL, PRD_VERSION_ID, PTN_ID ) VALUES ( 
234, 91, 7, 'limitXAxis', 'Limit For X Axis', '25', 'N', 'N', NULL, NULL, NULL, NULL
, NULL, NULL, 'N', 2, 1); 
INSERT INTO PROPERTY_DFN ( PRD_ID, PDG_ID, CMP_ID, PRD_KEY, PRD_NAME, PRD_DEFAULT, PRD_READ_ONLY_FL,
PRD_MANDATORY_FL, PRD_RENDERED_FL, PRD_EXTRA1, PRD_EXTRA2, PRD_EXTRA3, PRD_EXTRA4, PRD_EXTRA5,
PRD_DELETE_FL, PRD_VERSION_ID, PTN_ID ) VALUES ( 
235, 91, 3, 'yAxisMinValue', 'Y Axis Minimum Value', '0', 'N', 'N', NULL, NULL, NULL
, NULL, NULL, NULL, 'N', 2, 1); 
INSERT INTO PROPERTY_DFN ( PRD_ID, PDG_ID, CMP_ID, PRD_KEY, PRD_NAME, PRD_DEFAULT, PRD_READ_ONLY_FL,
PRD_MANDATORY_FL, PRD_RENDERED_FL, PRD_EXTRA1, PRD_EXTRA2, PRD_EXTRA3, PRD_EXTRA4, PRD_EXTRA5,
PRD_DELETE_FL, PRD_VERSION_ID, PTN_ID ) VALUES ( 
236, 91, 3, 'yAxisMaxValue', 'Y Axis Maximum Value', NULL, 'N', 'N', NULL, NULL, NULL
, NULL, NULL, NULL, 'N', 2, 1); 
INSERT INTO PROPERTY_DFN ( PRD_ID, PDG_ID, CMP_ID, PRD_KEY, PRD_NAME, PRD_DEFAULT, PRD_READ_ONLY_FL,
PRD_MANDATORY_FL, PRD_RENDERED_FL, PRD_EXTRA1, PRD_EXTRA2, PRD_EXTRA3, PRD_EXTRA4, PRD_EXTRA5,
PRD_DELETE_FL, PRD_VERSION_ID, PTN_ID ) VALUES ( 
237, 93, 4, 'dashed', 'Use dashed borders', NULL, 'N', 'N', NULL, NULL, NULL, NULL
, NULL, NULL, 'N', 2, 1); 
INSERT INTO PROPERTY_DFN ( PRD_ID, PDG_ID, CMP_ID, PRD_KEY, PRD_NAME, PRD_DEFAULT, PRD_READ_ONLY_FL,
PRD_MANDATORY_FL, PRD_RENDERED_FL, PRD_EXTRA1, PRD_EXTRA2, PRD_EXTRA3, PRD_EXTRA4, PRD_EXTRA5,
PRD_DELETE_FL, PRD_VERSION_ID, PTN_ID ) VALUES ( 
238, 93, 4, 'showLabel', 'Show label', 'Y', 'N', 'N', NULL, NULL, NULL, NULL, NULL
, NULL, 'N', 2, 1); 
INSERT INTO PROPERTY_DFN ( PRD_ID, PDG_ID, CMP_ID, PRD_KEY, PRD_NAME, PRD_DEFAULT, PRD_READ_ONLY_FL,
PRD_MANDATORY_FL, PRD_RENDERED_FL, PRD_EXTRA1, PRD_EXTRA2, PRD_EXTRA3, PRD_EXTRA4, PRD_EXTRA5,
PRD_DELETE_FL, PRD_VERSION_ID, PTN_ID ) VALUES ( 
239, 95, 5, 'labelDisplay', 'X Axis Label Display Format', 'WRAP', 'N', 'N', NULL
, 'WRAP;STAGGER;ROTATE;NONE', 'Wrap;Stagger;Rotate;None', NULL, NULL, NULL, 'N', 2
, 1); 
INSERT INTO PROPERTY_DFN ( PRD_ID, PDG_ID, CMP_ID, PRD_KEY, PRD_NAME, PRD_DEFAULT, PRD_READ_ONLY_FL,
PRD_MANDATORY_FL, PRD_RENDERED_FL, PRD_EXTRA1, PRD_EXTRA2, PRD_EXTRA3, PRD_EXTRA4, PRD_EXTRA5,
PRD_DELETE_FL, PRD_VERSION_ID, PTN_ID ) VALUES ( 
240, 95, 7, 'limitXAxis', 'Limit For X Axis', '25', 'N', 'N', NULL, NULL, NULL, NULL
, NULL, NULL, 'N', 2, 1); 
INSERT INTO PROPERTY_DFN ( PRD_ID, PDG_ID, CMP_ID, PRD_KEY, PRD_NAME, PRD_DEFAULT, PRD_READ_ONLY_FL,
PRD_MANDATORY_FL, PRD_RENDERED_FL, PRD_EXTRA1, PRD_EXTRA2, PRD_EXTRA3, PRD_EXTRA4, PRD_EXTRA5,
PRD_DELETE_FL, PRD_VERSION_ID, PTN_ID ) VALUES ( 
241, 95, 3, 'yAxisMinValue', 'Y Axis Minimum Value', '0', 'N', 'N', NULL, NULL, NULL
, NULL, NULL, NULL, 'N', 2, 1); 
INSERT INTO PROPERTY_DFN ( PRD_ID, PDG_ID, CMP_ID, PRD_KEY, PRD_NAME, PRD_DEFAULT, PRD_READ_ONLY_FL,
PRD_MANDATORY_FL, PRD_RENDERED_FL, PRD_EXTRA1, PRD_EXTRA2, PRD_EXTRA3, PRD_EXTRA4, PRD_EXTRA5,
PRD_DELETE_FL, PRD_VERSION_ID, PTN_ID ) VALUES ( 
242, 95, 3, 'yAxisMaxValue', 'Y Axis Maximum Value', NULL, 'N', 'N', NULL, NULL, NULL
, NULL, NULL, NULL, 'N', 2, 1); 
INSERT INTO PROPERTY_DFN ( PRD_ID, PDG_ID, CMP_ID, PRD_KEY, PRD_NAME, PRD_DEFAULT, PRD_READ_ONLY_FL,
PRD_MANDATORY_FL, PRD_RENDERED_FL, PRD_EXTRA1, PRD_EXTRA2, PRD_EXTRA3, PRD_EXTRA4, PRD_EXTRA5,
PRD_DELETE_FL, PRD_VERSION_ID, PTN_ID ) VALUES ( 
243, 96, 4, 'legendAllowDrag', 'Draggable legend', 'Y', 'N', 'N', NULL, NULL, NULL
, NULL, NULL, NULL, 'N', 2, 1); 
INSERT INTO PROPERTY_DFN ( PRD_ID, PDG_ID, CMP_ID, PRD_KEY, PRD_NAME, PRD_DEFAULT, PRD_READ_ONLY_FL,
PRD_MANDATORY_FL, PRD_RENDERED_FL, PRD_EXTRA1, PRD_EXTRA2, PRD_EXTRA3, PRD_EXTRA4, PRD_EXTRA5,
PRD_DELETE_FL, PRD_VERSION_ID, PTN_ID ) VALUES ( 
244, 96, 4, 'showLegend', 'Show Legend', 'Y', 'N', 'N', NULL, NULL, NULL, NULL, NULL
, NULL, 'N', 2, 1); 
INSERT INTO PROPERTY_DFN ( PRD_ID, PDG_ID, CMP_ID, PRD_KEY, PRD_NAME, PRD_DEFAULT, PRD_READ_ONLY_FL,
PRD_MANDATORY_FL, PRD_RENDERED_FL, PRD_EXTRA1, PRD_EXTRA2, PRD_EXTRA3, PRD_EXTRA4, PRD_EXTRA5,
PRD_DELETE_FL, PRD_VERSION_ID, PTN_ID ) VALUES ( 
245, 97, 4, 'dashed', 'Use dashed borders', NULL, 'N', 'N', NULL, NULL, NULL, NULL
, NULL, NULL, 'N', 2, 1); 
INSERT INTO PROPERTY_DFN ( PRD_ID, PDG_ID, CMP_ID, PRD_KEY, PRD_NAME, PRD_DEFAULT, PRD_READ_ONLY_FL,
PRD_MANDATORY_FL, PRD_RENDERED_FL, PRD_EXTRA1, PRD_EXTRA2, PRD_EXTRA3, PRD_EXTRA4, PRD_EXTRA5,
PRD_DELETE_FL, PRD_VERSION_ID, PTN_ID ) VALUES ( 
246, 102, 5, 'labelDisplay', 'X Axis Label Display Format', 'WRAP', 'N', 'N', NULL
, 'WRAP;STAGGER;ROTATE;NONE', 'Wrap;Stagger;Rotate;None', NULL, NULL, NULL, 'N', 1
, 1); 
INSERT INTO PROPERTY_DFN ( PRD_ID, PDG_ID, CMP_ID, PRD_KEY, PRD_NAME, PRD_DEFAULT, PRD_READ_ONLY_FL,
PRD_MANDATORY_FL, PRD_RENDERED_FL, PRD_EXTRA1, PRD_EXTRA2, PRD_EXTRA3, PRD_EXTRA4, PRD_EXTRA5,
PRD_DELETE_FL, PRD_VERSION_ID, PTN_ID ) VALUES ( 
247, 102, 3, 'yAxisMinValue', 'Y Axis Minimum Value', '0', 'N', 'N', NULL, NULL, NULL
, NULL, NULL, NULL, 'N', 1, 1); 
INSERT INTO PROPERTY_DFN ( PRD_ID, PDG_ID, CMP_ID, PRD_KEY, PRD_NAME, PRD_DEFAULT, PRD_READ_ONLY_FL,
PRD_MANDATORY_FL, PRD_RENDERED_FL, PRD_EXTRA1, PRD_EXTRA2, PRD_EXTRA3, PRD_EXTRA4, PRD_EXTRA5,
PRD_DELETE_FL, PRD_VERSION_ID, PTN_ID ) VALUES ( 
248, 102, 3, 'yAxisMaxValue', 'Y Axis Maximum Value', NULL, 'N', 'N', NULL, NULL, NULL
, NULL, NULL, NULL, 'N', 1, 1); 
INSERT INTO PROPERTY_DFN ( PRD_ID, PDG_ID, CMP_ID, PRD_KEY, PRD_NAME, PRD_DEFAULT, PRD_READ_ONLY_FL,
PRD_MANDATORY_FL, PRD_RENDERED_FL, PRD_EXTRA1, PRD_EXTRA2, PRD_EXTRA3, PRD_EXTRA4, PRD_EXTRA5,
PRD_DELETE_FL, PRD_VERSION_ID, PTN_ID ) VALUES ( 
249, 104, 4, 'dashed', 'Use dashed borders', NULL, 'N', 'N', NULL, NULL, NULL, NULL
, NULL, NULL, 'N', 1, 1); 
INSERT INTO PROPERTY_DFN ( PRD_ID, PDG_ID, CMP_ID, PRD_KEY, PRD_NAME, PRD_DEFAULT, PRD_READ_ONLY_FL,
PRD_MANDATORY_FL, PRD_RENDERED_FL, PRD_EXTRA1, PRD_EXTRA2, PRD_EXTRA3, PRD_EXTRA4, PRD_EXTRA5,
PRD_DELETE_FL, PRD_VERSION_ID, PTN_ID ) VALUES ( 
250, 109, 5, 'labelDisplay', 'X Axis Label Display Format', 'WRAP', 'N', 'N', NULL
, 'WRAP;STAGGER;ROTATE;NONE', 'Wrap;Stagger;Rotate;None', NULL, NULL, NULL, 'N', 1
, 1); 
INSERT INTO PROPERTY_DFN ( PRD_ID, PDG_ID, CMP_ID, PRD_KEY, PRD_NAME, PRD_DEFAULT, PRD_READ_ONLY_FL,
PRD_MANDATORY_FL, PRD_RENDERED_FL, PRD_EXTRA1, PRD_EXTRA2, PRD_EXTRA3, PRD_EXTRA4, PRD_EXTRA5,
PRD_DELETE_FL, PRD_VERSION_ID, PTN_ID ) VALUES ( 
251, 109, 3, 'yAxisMinValue', 'Y Axis Minimum Value', '0', 'N', 'N', NULL, NULL, NULL
, NULL, NULL, NULL, 'N', 1, 1); 
INSERT INTO PROPERTY_DFN ( PRD_ID, PDG_ID, CMP_ID, PRD_KEY, PRD_NAME, PRD_DEFAULT, PRD_READ_ONLY_FL,
PRD_MANDATORY_FL, PRD_RENDERED_FL, PRD_EXTRA1, PRD_EXTRA2, PRD_EXTRA3, PRD_EXTRA4, PRD_EXTRA5,
PRD_DELETE_FL, PRD_VERSION_ID, PTN_ID ) VALUES ( 
252, 109, 3, 'yAxisMaxValue', 'Y Axis Maximum Value', NULL, 'N', 'N', NULL, NULL, NULL
, NULL, NULL, NULL, 'N', 1, 1); 
INSERT INTO PROPERTY_DFN ( PRD_ID, PDG_ID, CMP_ID, PRD_KEY, PRD_NAME, PRD_DEFAULT, PRD_READ_ONLY_FL,
PRD_MANDATORY_FL, PRD_RENDERED_FL, PRD_EXTRA1, PRD_EXTRA2, PRD_EXTRA3, PRD_EXTRA4, PRD_EXTRA5,
PRD_DELETE_FL, PRD_VERSION_ID, PTN_ID ) VALUES ( 
253, 110, 5, 'labelDisplay', 'X Axis Label Display Format', 'WRAP', 'N', 'N', NULL
, 'WRAP;STAGGER;ROTATE;NONE', 'Wrap;Stagger;Rotate;None', NULL, NULL, NULL, 'N', 1
, 1); 
INSERT INTO PROPERTY_DFN ( PRD_ID, PDG_ID, CMP_ID, PRD_KEY, PRD_NAME, PRD_DEFAULT, PRD_READ_ONLY_FL,
PRD_MANDATORY_FL, PRD_RENDERED_FL, PRD_EXTRA1, PRD_EXTRA2, PRD_EXTRA3, PRD_EXTRA4, PRD_EXTRA5,
PRD_DELETE_FL, PRD_VERSION_ID, PTN_ID ) VALUES ( 
254, 110, 4, 'legendAllowDrag', 'Draggable legend', 'Y', 'N', 'N', NULL, NULL, NULL
, NULL, NULL, NULL, 'N', 1, 1); 
INSERT INTO PROPERTY_DFN ( PRD_ID, PDG_ID, CMP_ID, PRD_KEY, PRD_NAME, PRD_DEFAULT, PRD_READ_ONLY_FL,
PRD_MANDATORY_FL, PRD_RENDERED_FL, PRD_EXTRA1, PRD_EXTRA2, PRD_EXTRA3, PRD_EXTRA4, PRD_EXTRA5,
PRD_DELETE_FL, PRD_VERSION_ID, PTN_ID ) VALUES ( 
255, 110, 4, 'showLegend', 'Show Legend', 'Y', 'N', 'N', NULL, NULL, NULL, NULL, NULL
, NULL, 'N', 1, 1); 
INSERT INTO PROPERTY_DFN ( PRD_ID, PDG_ID, CMP_ID, PRD_KEY, PRD_NAME, PRD_DEFAULT, PRD_READ_ONLY_FL,
PRD_MANDATORY_FL, PRD_RENDERED_FL, PRD_EXTRA1, PRD_EXTRA2, PRD_EXTRA3, PRD_EXTRA4, PRD_EXTRA5,
PRD_DELETE_FL, PRD_VERSION_ID, PTN_ID ) VALUES ( 
256, 111, 4, 'dashed', 'Use dashed borders', NULL, 'N', 'N', NULL, NULL, NULL, NULL
, NULL, NULL, 'N', 1, 1); 
INSERT INTO PROPERTY_DFN ( PRD_ID, PDG_ID, CMP_ID, PRD_KEY, PRD_NAME, PRD_DEFAULT, PRD_READ_ONLY_FL,
PRD_MANDATORY_FL, PRD_RENDERED_FL, PRD_EXTRA1, PRD_EXTRA2, PRD_EXTRA3, PRD_EXTRA4, PRD_EXTRA5,
PRD_DELETE_FL, PRD_VERSION_ID, PTN_ID ) VALUES ( 
257, 116, 5, 'labelDisplay', 'X Axis Label Display Format', 'WRAP', 'N', 'N', NULL
, 'WRAP;STAGGER;ROTATE;NONE', 'Wrap;Stagger;Rotate;None', NULL, NULL, NULL, 'N', 1
, 1); 
INSERT INTO PROPERTY_DFN ( PRD_ID, PDG_ID, CMP_ID, PRD_KEY, PRD_NAME, PRD_DEFAULT, PRD_READ_ONLY_FL,
PRD_MANDATORY_FL, PRD_RENDERED_FL, PRD_EXTRA1, PRD_EXTRA2, PRD_EXTRA3, PRD_EXTRA4, PRD_EXTRA5,
PRD_DELETE_FL, PRD_VERSION_ID, PTN_ID ) VALUES ( 
258, 116, 3, 'yAxisMinValue', 'Y Axis Minimum Value', '0', 'N', 'N', NULL, NULL, NULL
, NULL, NULL, NULL, 'N', 1, 1); 
INSERT INTO PROPERTY_DFN ( PRD_ID, PDG_ID, CMP_ID, PRD_KEY, PRD_NAME, PRD_DEFAULT, PRD_READ_ONLY_FL,
PRD_MANDATORY_FL, PRD_RENDERED_FL, PRD_EXTRA1, PRD_EXTRA2, PRD_EXTRA3, PRD_EXTRA4, PRD_EXTRA5,
PRD_DELETE_FL, PRD_VERSION_ID, PTN_ID ) VALUES ( 
259, 116, 3, 'yAxisMaxValue', 'Y Axis Maximum Value', NULL, 'N', 'N', NULL, NULL, NULL
, NULL, NULL, NULL, 'N', 1, 1); 
INSERT INTO PROPERTY_DFN ( PRD_ID, PDG_ID, CMP_ID, PRD_KEY, PRD_NAME, PRD_DEFAULT, PRD_READ_ONLY_FL,
PRD_MANDATORY_FL, PRD_RENDERED_FL, PRD_EXTRA1, PRD_EXTRA2, PRD_EXTRA3, PRD_EXTRA4, PRD_EXTRA5,
PRD_DELETE_FL, PRD_VERSION_ID, PTN_ID ) VALUES ( 
260, 117, 4, 'legendAllowDrag', 'Draggable legend', 'Y', 'N', 'N', NULL, NULL, NULL
, NULL, NULL, NULL, 'N', 1, 1); 
INSERT INTO PROPERTY_DFN ( PRD_ID, PDG_ID, CMP_ID, PRD_KEY, PRD_NAME, PRD_DEFAULT, PRD_READ_ONLY_FL,
PRD_MANDATORY_FL, PRD_RENDERED_FL, PRD_EXTRA1, PRD_EXTRA2, PRD_EXTRA3, PRD_EXTRA4, PRD_EXTRA5,
PRD_DELETE_FL, PRD_VERSION_ID, PTN_ID ) VALUES ( 
261, 117, 4, 'showLegend', 'Show Legend', 'Y', 'N', 'N', NULL, NULL, NULL, NULL, NULL
, NULL, 'N', 1, 1); 
INSERT INTO PROPERTY_DFN ( PRD_ID, PDG_ID, CMP_ID, PRD_KEY, PRD_NAME, PRD_DEFAULT, PRD_READ_ONLY_FL,
PRD_MANDATORY_FL, PRD_RENDERED_FL, PRD_EXTRA1, PRD_EXTRA2, PRD_EXTRA3, PRD_EXTRA4, PRD_EXTRA5,
PRD_DELETE_FL, PRD_VERSION_ID, PTN_ID ) VALUES ( 
262, 118, 4, 'dashed', 'Use dashed borders', NULL, 'N', 'N', NULL, NULL, NULL, NULL
, NULL, NULL, 'N', 1, 1); 
INSERT INTO PROPERTY_DFN ( PRD_ID, PDG_ID, CMP_ID, PRD_KEY, PRD_NAME, PRD_DEFAULT, PRD_READ_ONLY_FL,
PRD_MANDATORY_FL, PRD_RENDERED_FL, PRD_EXTRA1, PRD_EXTRA2, PRD_EXTRA3, PRD_EXTRA4, PRD_EXTRA5,
PRD_DELETE_FL, PRD_VERSION_ID, PTN_ID ) VALUES ( 
263, 123, 5, 'labelDisplay', 'X Axis Label Display Format', 'WRAP', 'N', 'N', NULL
, 'WRAP;STAGGER;ROTATE;NONE', 'Wrap;Stagger;Rotate;None', NULL, NULL, NULL, 'N', 1
, 1); 
INSERT INTO PROPERTY_DFN ( PRD_ID, PDG_ID, CMP_ID, PRD_KEY, PRD_NAME, PRD_DEFAULT, PRD_READ_ONLY_FL,
PRD_MANDATORY_FL, PRD_RENDERED_FL, PRD_EXTRA1, PRD_EXTRA2, PRD_EXTRA3, PRD_EXTRA4, PRD_EXTRA5,
PRD_DELETE_FL, PRD_VERSION_ID, PTN_ID ) VALUES ( 
264, 123, 7, 'limitXAxis', 'Limit For X Axis', '25', 'N', 'N', NULL, NULL, NULL, NULL
, NULL, NULL, 'N', 1, 1); 
INSERT INTO PROPERTY_DFN ( PRD_ID, PDG_ID, CMP_ID, PRD_KEY, PRD_NAME, PRD_DEFAULT, PRD_READ_ONLY_FL,
PRD_MANDATORY_FL, PRD_RENDERED_FL, PRD_EXTRA1, PRD_EXTRA2, PRD_EXTRA3, PRD_EXTRA4, PRD_EXTRA5,
PRD_DELETE_FL, PRD_VERSION_ID, PTN_ID ) VALUES ( 
265, 123, 7, 'yAxisMaxValue', 'Y Axis Maximum Value', NULL, 'N', 'N', NULL, NULL, NULL
, NULL, NULL, NULL, 'N', 1, 1); 
INSERT INTO PROPERTY_DFN ( PRD_ID, PDG_ID, CMP_ID, PRD_KEY, PRD_NAME, PRD_DEFAULT, PRD_READ_ONLY_FL,
PRD_MANDATORY_FL, PRD_RENDERED_FL, PRD_EXTRA1, PRD_EXTRA2, PRD_EXTRA3, PRD_EXTRA4, PRD_EXTRA5,
PRD_DELETE_FL, PRD_VERSION_ID, PTN_ID ) VALUES ( 
266, 124, 4, 'legendAllowDrag', 'Draggable legend', 'Y', 'N', 'N', NULL, NULL, NULL
, NULL, NULL, NULL, 'N', 1, 1); 
INSERT INTO PROPERTY_DFN ( PRD_ID, PDG_ID, CMP_ID, PRD_KEY, PRD_NAME, PRD_DEFAULT, PRD_READ_ONLY_FL,
PRD_MANDATORY_FL, PRD_RENDERED_FL, PRD_EXTRA1, PRD_EXTRA2, PRD_EXTRA3, PRD_EXTRA4, PRD_EXTRA5,
PRD_DELETE_FL, PRD_VERSION_ID, PTN_ID ) VALUES ( 
267, 124, 4, 'showLegend', 'Show Legend', 'Y', 'N', 'N', NULL, NULL, NULL, NULL, NULL
, NULL, 'N', 1, 1); 
INSERT INTO PROPERTY_DFN ( PRD_ID, PDG_ID, CMP_ID, PRD_KEY, PRD_NAME, PRD_DEFAULT, PRD_READ_ONLY_FL,
PRD_MANDATORY_FL, PRD_RENDERED_FL, PRD_EXTRA1, PRD_EXTRA2, PRD_EXTRA3, PRD_EXTRA4, PRD_EXTRA5,
PRD_DELETE_FL, PRD_VERSION_ID, PTN_ID ) VALUES ( 
268, 125, 4, 'dashed', 'Use dashed borders', NULL, 'N', 'N', NULL, NULL, NULL, NULL
, NULL, NULL, 'N', 1, 1); 
INSERT INTO PROPERTY_DFN ( PRD_ID, PDG_ID, CMP_ID, PRD_KEY, PRD_NAME, PRD_DEFAULT, PRD_READ_ONLY_FL,
PRD_MANDATORY_FL, PRD_RENDERED_FL, PRD_EXTRA1, PRD_EXTRA2, PRD_EXTRA3, PRD_EXTRA4, PRD_EXTRA5,
PRD_DELETE_FL, PRD_VERSION_ID, PTN_ID ) VALUES ( 
269, 130, 7, 'limitXAxis', 'Limit For X Axis', '25', 'N', 'N', NULL, NULL, NULL, NULL
, NULL, NULL, 'N', 1, 1); 
INSERT INTO PROPERTY_DFN ( PRD_ID, PDG_ID, CMP_ID, PRD_KEY, PRD_NAME, PRD_DEFAULT, PRD_READ_ONLY_FL,
PRD_MANDATORY_FL, PRD_RENDERED_FL, PRD_EXTRA1, PRD_EXTRA2, PRD_EXTRA3, PRD_EXTRA4, PRD_EXTRA5,
PRD_DELETE_FL, PRD_VERSION_ID, PTN_ID ) VALUES ( 
270, 130, 7, 'yAxisMaxValue', 'Y Axis Maximum Value', NULL, 'N', 'N', NULL, NULL, NULL
, NULL, NULL, NULL, 'N', 1, 1); 
INSERT INTO PROPERTY_DFN ( PRD_ID, PDG_ID, CMP_ID, PRD_KEY, PRD_NAME, PRD_DEFAULT, PRD_READ_ONLY_FL,
PRD_MANDATORY_FL, PRD_RENDERED_FL, PRD_EXTRA1, PRD_EXTRA2, PRD_EXTRA3, PRD_EXTRA4, PRD_EXTRA5,
PRD_DELETE_FL, PRD_VERSION_ID, PTN_ID ) VALUES ( 
271, 131, 4, 'legendAllowDrag', 'Draggable legend', 'Y', 'N', 'N', NULL, NULL, NULL
, NULL, NULL, NULL, 'N', 1, 1); 
INSERT INTO PROPERTY_DFN ( PRD_ID, PDG_ID, CMP_ID, PRD_KEY, PRD_NAME, PRD_DEFAULT, PRD_READ_ONLY_FL,
PRD_MANDATORY_FL, PRD_RENDERED_FL, PRD_EXTRA1, PRD_EXTRA2, PRD_EXTRA3, PRD_EXTRA4, PRD_EXTRA5,
PRD_DELETE_FL, PRD_VERSION_ID, PTN_ID ) VALUES ( 
272, 131, 4, 'showLegend', 'Show Legend', 'Y', 'N', 'N', NULL, NULL, NULL, NULL, NULL
, NULL, 'N', 1, 1); 
INSERT INTO PROPERTY_DFN ( PRD_ID, PDG_ID, CMP_ID, PRD_KEY, PRD_NAME, PRD_DEFAULT, PRD_READ_ONLY_FL,
PRD_MANDATORY_FL, PRD_RENDERED_FL, PRD_EXTRA1, PRD_EXTRA2, PRD_EXTRA3, PRD_EXTRA4, PRD_EXTRA5,
PRD_DELETE_FL, PRD_VERSION_ID, PTN_ID ) VALUES ( 
273, 132, 4, 'dashed', 'Use dashed borders', NULL, 'N', 'N', NULL, NULL, NULL, NULL
, NULL, NULL, 'N', 1, 1); 
INSERT INTO PROPERTY_DFN ( PRD_ID, PDG_ID, CMP_ID, PRD_KEY, PRD_NAME, PRD_DEFAULT, PRD_READ_ONLY_FL,
PRD_MANDATORY_FL, PRD_RENDERED_FL, PRD_EXTRA1, PRD_EXTRA2, PRD_EXTRA3, PRD_EXTRA4, PRD_EXTRA5,
PRD_DELETE_FL, PRD_VERSION_ID, PTN_ID ) VALUES ( 
274, 137, 5, 'labelDisplay', 'X Axis Label Display Format', 'WRAP', 'N', 'N', NULL
, 'WRAP;STAGGER;ROTATE;NONE', 'Wrap;Stagger;Rotate;None', NULL, NULL, NULL, 'N', 1
, 1); 
INSERT INTO PROPERTY_DFN ( PRD_ID, PDG_ID, CMP_ID, PRD_KEY, PRD_NAME, PRD_DEFAULT, PRD_READ_ONLY_FL,
PRD_MANDATORY_FL, PRD_RENDERED_FL, PRD_EXTRA1, PRD_EXTRA2, PRD_EXTRA3, PRD_EXTRA4, PRD_EXTRA5,
PRD_DELETE_FL, PRD_VERSION_ID, PTN_ID ) VALUES ( 
275, 137, 7, 'limitXAxis', 'Limit For X Axis', '25', 'N', 'N', NULL, NULL, NULL, NULL
, NULL, NULL, 'N', 1, 1); 
INSERT INTO PROPERTY_DFN ( PRD_ID, PDG_ID, CMP_ID, PRD_KEY, PRD_NAME, PRD_DEFAULT, PRD_READ_ONLY_FL,
PRD_MANDATORY_FL, PRD_RENDERED_FL, PRD_EXTRA1, PRD_EXTRA2, PRD_EXTRA3, PRD_EXTRA4, PRD_EXTRA5,
PRD_DELETE_FL, PRD_VERSION_ID, PTN_ID ) VALUES ( 
276, 137, 7, 'yAxisMaxValue', 'Y Axis Maximum Value', NULL, 'N', 'N', NULL, NULL, NULL
, NULL, NULL, NULL, 'N', 1, 1); 
INSERT INTO PROPERTY_DFN ( PRD_ID, PDG_ID, CMP_ID, PRD_KEY, PRD_NAME, PRD_DEFAULT, PRD_READ_ONLY_FL,
PRD_MANDATORY_FL, PRD_RENDERED_FL, PRD_EXTRA1, PRD_EXTRA2, PRD_EXTRA3, PRD_EXTRA4, PRD_EXTRA5,
PRD_DELETE_FL, PRD_VERSION_ID, PTN_ID ) VALUES ( 
277, 138, 4, 'legendAllowDrag', 'Draggable legend', 'Y', 'N', 'N', NULL, NULL, NULL
, NULL, NULL, NULL, 'N', 1, 1); 
INSERT INTO PROPERTY_DFN ( PRD_ID, PDG_ID, CMP_ID, PRD_KEY, PRD_NAME, PRD_DEFAULT, PRD_READ_ONLY_FL,
PRD_MANDATORY_FL, PRD_RENDERED_FL, PRD_EXTRA1, PRD_EXTRA2, PRD_EXTRA3, PRD_EXTRA4, PRD_EXTRA5,
PRD_DELETE_FL, PRD_VERSION_ID, PTN_ID ) VALUES ( 
278, 138, 4, 'showLegend', 'Show Legend', 'Y', 'N', 'N', NULL, NULL, NULL, NULL, NULL
, NULL, 'N', 1, 1); 
INSERT INTO PROPERTY_DFN ( PRD_ID, PDG_ID, CMP_ID, PRD_KEY, PRD_NAME, PRD_DEFAULT, PRD_READ_ONLY_FL,
PRD_MANDATORY_FL, PRD_RENDERED_FL, PRD_EXTRA1, PRD_EXTRA2, PRD_EXTRA3, PRD_EXTRA4, PRD_EXTRA5,
PRD_DELETE_FL, PRD_VERSION_ID, PTN_ID ) VALUES ( 
279, 139, 4, 'dashed', 'Use dashed borders', NULL, 'N', 'N', NULL, NULL, NULL, NULL
, NULL, NULL, 'N', 1, 1); 
INSERT INTO PROPERTY_DFN ( PRD_ID, PDG_ID, CMP_ID, PRD_KEY, PRD_NAME, PRD_DEFAULT, PRD_READ_ONLY_FL,
PRD_MANDATORY_FL, PRD_RENDERED_FL, PRD_EXTRA1, PRD_EXTRA2, PRD_EXTRA3, PRD_EXTRA4, PRD_EXTRA5,
PRD_DELETE_FL, PRD_VERSION_ID, PTN_ID ) VALUES ( 
280, 144, 5, 'labelDisplay', 'X Axis Label Display Format', 'WRAP', 'N', 'N', NULL
, 'WRAP;STAGGER;ROTATE;NONE', 'Wrap;Stagger;Rotate;None', NULL, NULL, NULL, 'N', 1
, 1); 
INSERT INTO PROPERTY_DFN ( PRD_ID, PDG_ID, CMP_ID, PRD_KEY, PRD_NAME, PRD_DEFAULT, PRD_READ_ONLY_FL,
PRD_MANDATORY_FL, PRD_RENDERED_FL, PRD_EXTRA1, PRD_EXTRA2, PRD_EXTRA3, PRD_EXTRA4, PRD_EXTRA5,
PRD_DELETE_FL, PRD_VERSION_ID, PTN_ID ) VALUES ( 
281, 144, 7, 'limitXAxis', 'Limit For X Axis', '25', 'N', 'N', NULL, NULL, NULL, NULL
, NULL, NULL, 'N', 1, 1); 
INSERT INTO PROPERTY_DFN ( PRD_ID, PDG_ID, CMP_ID, PRD_KEY, PRD_NAME, PRD_DEFAULT, PRD_READ_ONLY_FL,
PRD_MANDATORY_FL, PRD_RENDERED_FL, PRD_EXTRA1, PRD_EXTRA2, PRD_EXTRA3, PRD_EXTRA4, PRD_EXTRA5,
PRD_DELETE_FL, PRD_VERSION_ID, PTN_ID ) VALUES ( 
282, 144, 7, 'yAxisMaxValue', 'Y Axis Maximum Value', NULL, 'N', 'N', NULL, NULL, NULL
, NULL, NULL, NULL, 'N', 1, 1); 
INSERT INTO PROPERTY_DFN ( PRD_ID, PDG_ID, CMP_ID, PRD_KEY, PRD_NAME, PRD_DEFAULT, PRD_READ_ONLY_FL,
PRD_MANDATORY_FL, PRD_RENDERED_FL, PRD_EXTRA1, PRD_EXTRA2, PRD_EXTRA3, PRD_EXTRA4, PRD_EXTRA5,
PRD_DELETE_FL, PRD_VERSION_ID, PTN_ID ) VALUES ( 
283, 145, 4, 'legendAllowDrag', 'Draggable legend', 'Y', 'N', 'N', NULL, NULL, NULL
, NULL, NULL, NULL, 'N', 1, 1); 
INSERT INTO PROPERTY_DFN ( PRD_ID, PDG_ID, CMP_ID, PRD_KEY, PRD_NAME, PRD_DEFAULT, PRD_READ_ONLY_FL,
PRD_MANDATORY_FL, PRD_RENDERED_FL, PRD_EXTRA1, PRD_EXTRA2, PRD_EXTRA3, PRD_EXTRA4, PRD_EXTRA5,
PRD_DELETE_FL, PRD_VERSION_ID, PTN_ID ) VALUES ( 
284, 145, 4, 'showLegend', 'Show Legend', 'Y', 'N', 'N', NULL, NULL, NULL, NULL, NULL
, NULL, 'N', 1, 1); 
INSERT INTO PROPERTY_DFN ( PRD_ID, PDG_ID, CMP_ID, PRD_KEY, PRD_NAME, PRD_DEFAULT, PRD_READ_ONLY_FL,
PRD_MANDATORY_FL, PRD_RENDERED_FL, PRD_EXTRA1, PRD_EXTRA2, PRD_EXTRA3, PRD_EXTRA4, PRD_EXTRA5,
PRD_DELETE_FL, PRD_VERSION_ID, PTN_ID ) VALUES ( 
285, 151, 12, 'lowerLimitDisplay', 'Lower Limit Display Label', '0', 'N', 'N', NULL
, NULL, NULL, NULL, NULL, NULL, 'N', 2, 1); 
INSERT INTO PROPERTY_DFN ( PRD_ID, PDG_ID, CMP_ID, PRD_KEY, PRD_NAME, PRD_DEFAULT, PRD_READ_ONLY_FL,
PRD_MANDATORY_FL, PRD_RENDERED_FL, PRD_EXTRA1, PRD_EXTRA2, PRD_EXTRA3, PRD_EXTRA4, PRD_EXTRA5,
PRD_DELETE_FL, PRD_VERSION_ID, PTN_ID ) VALUES ( 
286, 151, 12, 'upperLimitDisplay', 'Upper Limit Display Label', '$', 'N', 'N', NULL
, NULL, NULL, NULL, NULL, NULL, 'N', 2, 1); 
INSERT INTO PROPERTY_DFN ( PRD_ID, PDG_ID, CMP_ID, PRD_KEY, PRD_NAME, PRD_DEFAULT, PRD_READ_ONLY_FL,
PRD_MANDATORY_FL, PRD_RENDERED_FL, PRD_EXTRA1, PRD_EXTRA2, PRD_EXTRA3, PRD_EXTRA4, PRD_EXTRA5,
PRD_DELETE_FL, PRD_VERSION_ID, PTN_ID ) VALUES ( 
287, 151, 7, 'tickMarkDecimalPrecision', 'Tick Mark Decimal Precision', '0', 'N', 'N'
, NULL, NULL, NULL, NULL, NULL, NULL, 'N', 2, 1); 
INSERT INTO PROPERTY_DFN ( PRD_ID, PDG_ID, CMP_ID, PRD_KEY, PRD_NAME, PRD_DEFAULT, PRD_READ_ONLY_FL,
PRD_MANDATORY_FL, PRD_RENDERED_FL, PRD_EXTRA1, PRD_EXTRA2, PRD_EXTRA3, PRD_EXTRA4, PRD_EXTRA5,
PRD_DELETE_FL, PRD_VERSION_ID, PTN_ID ) VALUES ( 
288, 152, 12, 'decimalPrecision', 'Decimal Precision', '0', 'N', 'N', NULL, NULL, NULL
, NULL, NULL, NULL, 'N', 1, 1); 
INSERT INTO PROPERTY_DFN ( PRD_ID, PDG_ID, CMP_ID, PRD_KEY, PRD_NAME, PRD_DEFAULT, PRD_READ_ONLY_FL,
PRD_MANDATORY_FL, PRD_RENDERED_FL, PRD_EXTRA1, PRD_EXTRA2, PRD_EXTRA3, PRD_EXTRA4, PRD_EXTRA5,
PRD_DELETE_FL, PRD_VERSION_ID, PTN_ID ) VALUES ( 
289, 152, 12, 'numberSuffix', 'Number Suffix', '$', 'N', 'N', NULL, NULL, NULL, NULL
, NULL, NULL, 'N', 1, 1); 
INSERT INTO PROPERTY_DFN ( PRD_ID, PDG_ID, CMP_ID, PRD_KEY, PRD_NAME, PRD_DEFAULT, PRD_READ_ONLY_FL,
PRD_MANDATORY_FL, PRD_RENDERED_FL, PRD_EXTRA1, PRD_EXTRA2, PRD_EXTRA3, PRD_EXTRA4, PRD_EXTRA5,
PRD_DELETE_FL, PRD_VERSION_ID, PTN_ID ) VALUES ( 
290, 153, 5, 'labelDisplay', 'X Axis Label Display Format', 'WRAP', 'N', 'N', NULL
, 'WRAP;STAGGER;ROTATE;NONE', 'Wrap;Stagger;Rotate;None', NULL, NULL, NULL, 'N', 1
, 1); 
INSERT INTO PROPERTY_DFN ( PRD_ID, PDG_ID, CMP_ID, PRD_KEY, PRD_NAME, PRD_DEFAULT, PRD_READ_ONLY_FL,
PRD_MANDATORY_FL, PRD_RENDERED_FL, PRD_EXTRA1, PRD_EXTRA2, PRD_EXTRA3, PRD_EXTRA4, PRD_EXTRA5,
PRD_DELETE_FL, PRD_VERSION_ID, PTN_ID ) VALUES ( 
291, 153, 7, 'limitXAxis', 'Limit For X Axis', '25', 'N', 'N', NULL, NULL, NULL, NULL
, NULL, NULL, 'N', 1, 1); 
INSERT INTO PROPERTY_DFN ( PRD_ID, PDG_ID, CMP_ID, PRD_KEY, PRD_NAME, PRD_DEFAULT, PRD_READ_ONLY_FL,
PRD_MANDATORY_FL, PRD_RENDERED_FL, PRD_EXTRA1, PRD_EXTRA2, PRD_EXTRA3, PRD_EXTRA4, PRD_EXTRA5,
PRD_DELETE_FL, PRD_VERSION_ID, PTN_ID ) VALUES ( 
292, 153, 4, 'sFormatNumberScale', 'Format Secondary Y Axis Scale', 'Y', 'N', 'N'
, NULL, NULL, NULL, NULL, NULL, NULL, 'N', 1, 1); 
INSERT INTO PROPERTY_DFN ( PRD_ID, PDG_ID, CMP_ID, PRD_KEY, PRD_NAME, PRD_DEFAULT, PRD_READ_ONLY_FL,
PRD_MANDATORY_FL, PRD_RENDERED_FL, PRD_EXTRA1, PRD_EXTRA2, PRD_EXTRA3, PRD_EXTRA4, PRD_EXTRA5,
PRD_DELETE_FL, PRD_VERSION_ID, PTN_ID ) VALUES ( 
293, 154, 4, 'legendAllowDrag', 'Draggable legend', 'Y', 'N', 'N', NULL, NULL, NULL
, NULL, NULL, NULL, 'N', 1, 1); 
INSERT INTO PROPERTY_DFN ( PRD_ID, PDG_ID, CMP_ID, PRD_KEY, PRD_NAME, PRD_DEFAULT, PRD_READ_ONLY_FL,
PRD_MANDATORY_FL, PRD_RENDERED_FL, PRD_EXTRA1, PRD_EXTRA2, PRD_EXTRA3, PRD_EXTRA4, PRD_EXTRA5,
PRD_DELETE_FL, PRD_VERSION_ID, PTN_ID ) VALUES ( 
294, 154, 4, 'showLegend', 'Show Legend', 'Y', 'N', 'N', NULL, NULL, NULL, NULL, NULL
, NULL, 'N', 1, 1); 
INSERT INTO PROPERTY_DFN ( PRD_ID, PDG_ID, CMP_ID, PRD_KEY, PRD_NAME, PRD_DEFAULT, PRD_READ_ONLY_FL,
PRD_MANDATORY_FL, PRD_RENDERED_FL, PRD_EXTRA1, PRD_EXTRA2, PRD_EXTRA3, PRD_EXTRA4, PRD_EXTRA5,
PRD_DELETE_FL, PRD_VERSION_ID, PTN_ID ) VALUES ( 
295, 159, 5, 'labelDisplay', 'X Axis Label Display Format', 'WRAP', 'N', 'N', NULL
, 'WRAP;STAGGER;ROTATE;NONE', 'Wrap;Stagger;Rotate;None', NULL, NULL, NULL, 'N', 1
, 1); 
INSERT INTO PROPERTY_DFN ( PRD_ID, PDG_ID, CMP_ID, PRD_KEY, PRD_NAME, PRD_DEFAULT, PRD_READ_ONLY_FL,
PRD_MANDATORY_FL, PRD_RENDERED_FL, PRD_EXTRA1, PRD_EXTRA2, PRD_EXTRA3, PRD_EXTRA4, PRD_EXTRA5,
PRD_DELETE_FL, PRD_VERSION_ID, PTN_ID ) VALUES ( 
296, 159, 7, 'limitXAxis', 'Limit For X Axis', '25', 'N', 'N', NULL, NULL, NULL, NULL
, NULL, NULL, 'N', 1, 1); 
INSERT INTO PROPERTY_DFN ( PRD_ID, PDG_ID, CMP_ID, PRD_KEY, PRD_NAME, PRD_DEFAULT, PRD_READ_ONLY_FL,
PRD_MANDATORY_FL, PRD_RENDERED_FL, PRD_EXTRA1, PRD_EXTRA2, PRD_EXTRA3, PRD_EXTRA4, PRD_EXTRA5,
PRD_DELETE_FL, PRD_VERSION_ID, PTN_ID ) VALUES ( 
297, 159, 4, 'sFormatNumberScale', 'Format Secondary Y Axis Scale', 'Y', 'N', 'N'
, NULL, NULL, NULL, NULL, NULL, NULL, 'N', 1, 1); 
INSERT INTO PROPERTY_DFN ( PRD_ID, PDG_ID, CMP_ID, PRD_KEY, PRD_NAME, PRD_DEFAULT, PRD_READ_ONLY_FL,
PRD_MANDATORY_FL, PRD_RENDERED_FL, PRD_EXTRA1, PRD_EXTRA2, PRD_EXTRA3, PRD_EXTRA4, PRD_EXTRA5,
PRD_DELETE_FL, PRD_VERSION_ID, PTN_ID ) VALUES ( 
298, 160, 4, 'legendAllowDrag', 'Draggable legend', 'Y', 'N', 'N', NULL, NULL, NULL
, NULL, NULL, NULL, 'N', 1, 1); 
INSERT INTO PROPERTY_DFN ( PRD_ID, PDG_ID, CMP_ID, PRD_KEY, PRD_NAME, PRD_DEFAULT, PRD_READ_ONLY_FL,
PRD_MANDATORY_FL, PRD_RENDERED_FL, PRD_EXTRA1, PRD_EXTRA2, PRD_EXTRA3, PRD_EXTRA4, PRD_EXTRA5,
PRD_DELETE_FL, PRD_VERSION_ID, PTN_ID ) VALUES ( 
299, 160, 4, 'showLegend', 'Show Legend', 'Y', 'N', 'N', NULL, NULL, NULL, NULL, NULL
, NULL, 'N', 1, 1); 
INSERT INTO PROPERTY_DFN ( PRD_ID, PDG_ID, CMP_ID, PRD_KEY, PRD_NAME, PRD_DEFAULT, PRD_READ_ONLY_FL,
PRD_MANDATORY_FL, PRD_RENDERED_FL, PRD_EXTRA1, PRD_EXTRA2, PRD_EXTRA3, PRD_EXTRA4, PRD_EXTRA5,
PRD_DELETE_FL, PRD_VERSION_ID, PTN_ID ) VALUES ( 
300, 165, 12, 'MachineName', 'Application Server IP', NULL, 'N', 'Y', NULL, NULL, NULL
, NULL, NULL, NULL, 'N', 1, 1); 
INSERT INTO PROPERTY_DFN ( PRD_ID, PDG_ID, CMP_ID, PRD_KEY, PRD_NAME, PRD_DEFAULT, PRD_READ_ONLY_FL,
PRD_MANDATORY_FL, PRD_RENDERED_FL, PRD_EXTRA1, PRD_EXTRA2, PRD_EXTRA3, PRD_EXTRA4, PRD_EXTRA5,
PRD_DELETE_FL, PRD_VERSION_ID, PTN_ID ) VALUES ( 
301, 165, 12, 'PortNumber', 'Application Server Port', NULL, 'N', 'Y', NULL, NULL
, NULL, NULL, NULL, NULL, 'N', 1, 1); 
INSERT INTO PROPERTY_DFN ( PRD_ID, PDG_ID, CMP_ID, PRD_KEY, PRD_NAME, PRD_DEFAULT, PRD_READ_ONLY_FL,
PRD_MANDATORY_FL, PRD_RENDERED_FL, PRD_EXTRA1, PRD_EXTRA2, PRD_EXTRA3, PRD_EXTRA4, PRD_EXTRA5,
PRD_DELETE_FL, PRD_VERSION_ID, PTN_ID ) VALUES ( 
302, 167, 12, 'ServerURL', 'Server URL', NULL, 'N', 'N', NULL, NULL, NULL, NULL, NULL
, NULL, 'N', 1, 1); 
INSERT INTO PROPERTY_DFN ( PRD_ID, PDG_ID, CMP_ID, PRD_KEY, PRD_NAME, PRD_DEFAULT, PRD_READ_ONLY_FL,
PRD_MANDATORY_FL, PRD_RENDERED_FL, PRD_EXTRA1, PRD_EXTRA2, PRD_EXTRA3, PRD_EXTRA4, PRD_EXTRA5,
PRD_DELETE_FL, PRD_VERSION_ID, PTN_ID ) VALUES ( 
303, 167, 12, 'SvrReportsTempDirectory', 'Server URL', NULL, 'N', 'N', NULL, NULL
, NULL, NULL, NULL, NULL, 'N', 1, 1); 
INSERT INTO PROPERTY_DFN ( PRD_ID, PDG_ID, CMP_ID, PRD_KEY, PRD_NAME, PRD_DEFAULT, PRD_READ_ONLY_FL,
PRD_MANDATORY_FL, PRD_RENDERED_FL, PRD_EXTRA1, PRD_EXTRA2, PRD_EXTRA3, PRD_EXTRA4, PRD_EXTRA5,
PRD_DELETE_FL, PRD_VERSION_ID, PTN_ID ) VALUES ( 
1, 1, 4, 'CltCommonPartitionAccess', 'Common Partition Access For All Users', 'Y'
, 'N', 'Y', NULL, NULL, NULL, NULL, NULL, NULL, 'N', 1, 1); 
INSERT INTO PROPERTY_DFN ( PRD_ID, PDG_ID, CMP_ID, PRD_KEY, PRD_NAME, PRD_DEFAULT, PRD_READ_ONLY_FL,
PRD_MANDATORY_FL, PRD_RENDERED_FL, PRD_EXTRA1, PRD_EXTRA2, PRD_EXTRA3, PRD_EXTRA4, PRD_EXTRA5,
PRD_DELETE_FL, PRD_VERSION_ID, PTN_ID ) VALUES ( 
2, 1, 7, 'CltMaxViewBand', 'Max View Band Windows', '8', 'N', 'Y', NULL, '1', NULL
, NULL, NULL, NULL, 'N', 1, 1); 
INSERT INTO PROPERTY_DFN ( PRD_ID, PDG_ID, CMP_ID, PRD_KEY, PRD_NAME, PRD_DEFAULT, PRD_READ_ONLY_FL,
PRD_MANDATORY_FL, PRD_RENDERED_FL, PRD_EXTRA1, PRD_EXTRA2, PRD_EXTRA3, PRD_EXTRA4, PRD_EXTRA5,
PRD_DELETE_FL, PRD_VERSION_ID, PTN_ID ) VALUES ( 
3, 1, 7, 'CltTaskLogRefreshPeriod', 'Task Log Refresh Period (seconds)', '1', 'N'
, 'Y', NULL, '1', NULL, NULL, NULL, NULL, 'N', 1, 1); 
INSERT INTO PROPERTY_DFN ( PRD_ID, PDG_ID, CMP_ID, PRD_KEY, PRD_NAME, PRD_DEFAULT, PRD_READ_ONLY_FL,
PRD_MANDATORY_FL, PRD_RENDERED_FL, PRD_EXTRA1, PRD_EXTRA2, PRD_EXTRA3, PRD_EXTRA4, PRD_EXTRA5,
PRD_DELETE_FL, PRD_VERSION_ID, PTN_ID ) VALUES ( 
4, 2, 14, 'TargetDirectory', 'Target Directory', NULL, 'N', 'Y', NULL, NULL, NULL
, NULL, NULL, NULL, 'N', 1, 1); 
INSERT INTO PROPERTY_DFN ( PRD_ID, PDG_ID, CMP_ID, PRD_KEY, PRD_NAME, PRD_DEFAULT, PRD_READ_ONLY_FL,
PRD_MANDATORY_FL, PRD_RENDERED_FL, PRD_EXTRA1, PRD_EXTRA2, PRD_EXTRA3, PRD_EXTRA4, PRD_EXTRA5,
PRD_DELETE_FL, PRD_VERSION_ID, PTN_ID ) VALUES ( 
5, 5, 9, 'DuplicateConfig', 'Duplicate Configuration', NULL, 'N', 'Y', NULL, 'DuplicateConfig'
, 'dcfName', NULL, NULL, NULL, 'N', 1, 1); 
INSERT INTO PROPERTY_DFN ( PRD_ID, PDG_ID, CMP_ID, PRD_KEY, PRD_NAME, PRD_DEFAULT, PRD_READ_ONLY_FL,
PRD_MANDATORY_FL, PRD_RENDERED_FL, PRD_EXTRA1, PRD_EXTRA2, PRD_EXTRA3, PRD_EXTRA4, PRD_EXTRA5,
PRD_DELETE_FL, PRD_VERSION_ID, PTN_ID ) VALUES ( 
6, 6, 9, 'TargetStreamStage', 'Target Stream Stage', NULL, 'N', 'Y', NULL, 'StreamStage'
, 'stsName', 'stream.stmName', NULL, NULL, 'N', 1, 1); 
INSERT INTO PROPERTY_DFN ( PRD_ID, PDG_ID, CMP_ID, PRD_KEY, PRD_NAME, PRD_DEFAULT, PRD_READ_ONLY_FL,
PRD_MANDATORY_FL, PRD_RENDERED_FL, PRD_EXTRA1, PRD_EXTRA2, PRD_EXTRA3, PRD_EXTRA4, PRD_EXTRA5,
PRD_DELETE_FL, PRD_VERSION_ID, PTN_ID ) VALUES ( 
7, 8, 9, 'TargetStreamStage', 'Target Stream Stage', NULL, 'N', 'Y', NULL, 'StreamStage'
, 'stsName', 'stream.stmName', NULL, NULL, 'N', 1, 1); 
INSERT INTO PROPERTY_DFN ( PRD_ID, PDG_ID, CMP_ID, PRD_KEY, PRD_NAME, PRD_DEFAULT, PRD_READ_ONLY_FL,
PRD_MANDATORY_FL, PRD_RENDERED_FL, PRD_EXTRA1, PRD_EXTRA2, PRD_EXTRA3, PRD_EXTRA4, PRD_EXTRA5,
PRD_DELETE_FL, PRD_VERSION_ID, PTN_ID ) VALUES ( 
8, 9, 4, 'DloDeleteInputFile', 'Delete Input File', 'N', 'N', 'Y', NULL, NULL, NULL
, NULL, NULL, NULL, 'N', 1, 1); 
INSERT INTO PROPERTY_DFN ( PRD_ID, PDG_ID, CMP_ID, PRD_KEY, PRD_NAME, PRD_DEFAULT, PRD_READ_ONLY_FL,
PRD_MANDATORY_FL, PRD_RENDERED_FL, PRD_EXTRA1, PRD_EXTRA2, PRD_EXTRA3, PRD_EXTRA4, PRD_EXTRA5,
PRD_DELETE_FL, PRD_VERSION_ID, PTN_ID ) VALUES ( 
9, 9, 4, 'DloLogBulkLoadOutput', 'Log Data Load Output', 'N', 'N', 'Y', NULL, NULL
, NULL, NULL, NULL, NULL, 'N', 1, 1); 
INSERT INTO PROPERTY_DFN ( PRD_ID, PDG_ID, CMP_ID, PRD_KEY, PRD_NAME, PRD_DEFAULT, PRD_READ_ONLY_FL,
PRD_MANDATORY_FL, PRD_RENDERED_FL, PRD_EXTRA1, PRD_EXTRA2, PRD_EXTRA3, PRD_EXTRA4, PRD_EXTRA5,
PRD_DELETE_FL, PRD_VERSION_ID, PTN_ID ) VALUES ( 
10, 10, 12, 'HibernateConnectionUsername', 'Username', NULL, 'N', 'Y', NULL, NULL
, NULL, NULL, NULL, NULL, 'N', 1, 1); 
INSERT INTO PROPERTY_DFN ( PRD_ID, PDG_ID, CMP_ID, PRD_KEY, PRD_NAME, PRD_DEFAULT, PRD_READ_ONLY_FL,
PRD_MANDATORY_FL, PRD_RENDERED_FL, PRD_EXTRA1, PRD_EXTRA2, PRD_EXTRA3, PRD_EXTRA4, PRD_EXTRA5,
PRD_DELETE_FL, PRD_VERSION_ID, PTN_ID ) VALUES ( 
11, 10, 11, 'HibernateConnectionPassword', 'Password', NULL, 'N', 'Y', NULL, NULL
, NULL, NULL, NULL, NULL, 'N', 1, 1); 
INSERT INTO PROPERTY_DFN ( PRD_ID, PDG_ID, CMP_ID, PRD_KEY, PRD_NAME, PRD_DEFAULT, PRD_READ_ONLY_FL,
PRD_MANDATORY_FL, PRD_RENDERED_FL, PRD_EXTRA1, PRD_EXTRA2, PRD_EXTRA3, PRD_EXTRA4, PRD_EXTRA5,
PRD_DELETE_FL, PRD_VERSION_ID, PTN_ID ) VALUES ( 
12, 10, 12, 'SparkDatabase', 'Database', NULL, 'N', 'Y', NULL, NULL, NULL, NULL, NULL
, NULL, 'N', 1, 1); 
INSERT INTO PROPERTY_DFN ( PRD_ID, PDG_ID, CMP_ID, PRD_KEY, PRD_NAME, PRD_DEFAULT, PRD_READ_ONLY_FL,
PRD_MANDATORY_FL, PRD_RENDERED_FL, PRD_EXTRA1, PRD_EXTRA2, PRD_EXTRA3, PRD_EXTRA4, PRD_EXTRA5,
PRD_DELETE_FL, PRD_VERSION_ID, PTN_ID ) VALUES ( 
13, 10, 4, 'SparkUnicode', 'Unicode', 'N', 'N', 'Y', NULL, NULL, NULL, NULL, NULL
, NULL, 'N', 1, 1); 
INSERT INTO PROPERTY_DFN ( PRD_ID, PDG_ID, CMP_ID, PRD_KEY, PRD_NAME, PRD_DEFAULT, PRD_READ_ONLY_FL,
PRD_MANDATORY_FL, PRD_RENDERED_FL, PRD_EXTRA1, PRD_EXTRA2, PRD_EXTRA3, PRD_EXTRA4, PRD_EXTRA5,
PRD_DELETE_FL, PRD_VERSION_ID, PTN_ID ) VALUES ( 
14, 11, 12, 'Instance', 'Instance', NULL, 'N', 'N', NULL, NULL, NULL, NULL, NULL, NULL
, 'N', 1, 1); 
INSERT INTO PROPERTY_DFN ( PRD_ID, PDG_ID, CMP_ID, PRD_KEY, PRD_NAME, PRD_DEFAULT, PRD_READ_ONLY_FL,
PRD_MANDATORY_FL, PRD_RENDERED_FL, PRD_EXTRA1, PRD_EXTRA2, PRD_EXTRA3, PRD_EXTRA4, PRD_EXTRA5,
PRD_DELETE_FL, PRD_VERSION_ID, PTN_ID ) VALUES ( 
15, 11, 12, 'MachineName', 'Machine Name', NULL, 'N', 'Y', NULL, NULL, NULL, NULL
, NULL, NULL, 'N', 1, 1); 
INSERT INTO PROPERTY_DFN ( PRD_ID, PDG_ID, CMP_ID, PRD_KEY, PRD_NAME, PRD_DEFAULT, PRD_READ_ONLY_FL,
PRD_MANDATORY_FL, PRD_RENDERED_FL, PRD_EXTRA1, PRD_EXTRA2, PRD_EXTRA3, PRD_EXTRA4, PRD_EXTRA5,
PRD_DELETE_FL, PRD_VERSION_ID, PTN_ID ) VALUES ( 
16, 12, 12, 'HibernateConnectionDriver_class', 'Hibernate Connection Driver Class'
, NULL, 'N', 'Y', NULL, NULL, NULL, NULL, NULL, NULL, 'N', 1, 1); 
INSERT INTO PROPERTY_DFN ( PRD_ID, PDG_ID, CMP_ID, PRD_KEY, PRD_NAME, PRD_DEFAULT, PRD_READ_ONLY_FL,
PRD_MANDATORY_FL, PRD_RENDERED_FL, PRD_EXTRA1, PRD_EXTRA2, PRD_EXTRA3, PRD_EXTRA4, PRD_EXTRA5,
PRD_DELETE_FL, PRD_VERSION_ID, PTN_ID ) VALUES ( 
17, 12, 12, 'HibernateConnectionUrl', 'Hibernate Connection URL', NULL, 'N', 'Y', NULL
, NULL, NULL, NULL, NULL, NULL, 'N', 1, 1); 
INSERT INTO PROPERTY_DFN ( PRD_ID, PDG_ID, CMP_ID, PRD_KEY, PRD_NAME, PRD_DEFAULT, PRD_READ_ONLY_FL,
PRD_MANDATORY_FL, PRD_RENDERED_FL, PRD_EXTRA1, PRD_EXTRA2, PRD_EXTRA3, PRD_EXTRA4, PRD_EXTRA5,
PRD_DELETE_FL, PRD_VERSION_ID, PTN_ID ) VALUES ( 
18, 12, 12, 'HibernateDialect', 'Hibernate Dialect', NULL, 'N', 'Y', NULL, NULL, NULL
, NULL, NULL, NULL, 'N', 1, 1); 
INSERT INTO PROPERTY_DFN ( PRD_ID, PDG_ID, CMP_ID, PRD_KEY, PRD_NAME, PRD_DEFAULT, PRD_READ_ONLY_FL,
PRD_MANDATORY_FL, PRD_RENDERED_FL, PRD_EXTRA1, PRD_EXTRA2, PRD_EXTRA3, PRD_EXTRA4, PRD_EXTRA5,
PRD_DELETE_FL, PRD_VERSION_ID, PTN_ID ) VALUES ( 
19, 12, 12, 'HibernateQuerySubstitutions', 'Hibernate Query Substitutions', NULL, 'N'
, 'Y', NULL, NULL, NULL, NULL, NULL, NULL, 'N', 1, 1); 
INSERT INTO PROPERTY_DFN ( PRD_ID, PDG_ID, CMP_ID, PRD_KEY, PRD_NAME, PRD_DEFAULT, PRD_READ_ONLY_FL,
PRD_MANDATORY_FL, PRD_RENDERED_FL, PRD_EXTRA1, PRD_EXTRA2, PRD_EXTRA3, PRD_EXTRA4, PRD_EXTRA5,
PRD_DELETE_FL, PRD_VERSION_ID, PTN_ID ) VALUES ( 
20, 12, 12, 'SparkDatasourceOnDefault', 'Spark Data Source (on default)', NULL, 'N'
, 'N', NULL, NULL, NULL, NULL, NULL, NULL, 'N', 1, 1); 
INSERT INTO PROPERTY_DFN ( PRD_ID, PDG_ID, CMP_ID, PRD_KEY, PRD_NAME, PRD_DEFAULT, PRD_READ_ONLY_FL,
PRD_MANDATORY_FL, PRD_RENDERED_FL, PRD_EXTRA1, PRD_EXTRA2, PRD_EXTRA3, PRD_EXTRA4, PRD_EXTRA5,
PRD_DELETE_FL, PRD_VERSION_ID, PTN_ID ) VALUES ( 
21, 12, 12, 'SparkDatasourceOnInstance', 'Spark Data Source (on instance)', NULL, 'N'
, 'Y', NULL, NULL, NULL, NULL, NULL, NULL, 'N', 1, 1); 
INSERT INTO PROPERTY_DFN ( PRD_ID, PDG_ID, CMP_ID, PRD_KEY, PRD_NAME, PRD_DEFAULT, PRD_READ_ONLY_FL,
PRD_MANDATORY_FL, PRD_RENDERED_FL, PRD_EXTRA1, PRD_EXTRA2, PRD_EXTRA3, PRD_EXTRA4, PRD_EXTRA5,
PRD_DELETE_FL, PRD_VERSION_ID, PTN_ID ) VALUES ( 
22, 14, 12, 'FilePattern', 'File Pattern', '*.*', 'N', 'Y', NULL, NULL, NULL, NULL
, NULL, NULL, 'N', 1, 1); 
INSERT INTO PROPERTY_DFN ( PRD_ID, PDG_ID, CMP_ID, PRD_KEY, PRD_NAME, PRD_DEFAULT, PRD_READ_ONLY_FL,
PRD_MANDATORY_FL, PRD_RENDERED_FL, PRD_EXTRA1, PRD_EXTRA2, PRD_EXTRA3, PRD_EXTRA4, PRD_EXTRA5,
PRD_DELETE_FL, PRD_VERSION_ID, PTN_ID ) VALUES ( 
23, 14, 14, 'PollDirectory', 'Poll Directory', NULL, 'N', 'Y', NULL, NULL, NULL, NULL
, NULL, NULL, 'N', 1, 1); 
INSERT INTO PROPERTY_DFN ( PRD_ID, PDG_ID, CMP_ID, PRD_KEY, PRD_NAME, PRD_DEFAULT, PRD_READ_ONLY_FL,
PRD_MANDATORY_FL, PRD_RENDERED_FL, PRD_EXTRA1, PRD_EXTRA2, PRD_EXTRA3, PRD_EXTRA4, PRD_EXTRA5,
PRD_DELETE_FL, PRD_VERSION_ID, PTN_ID ) VALUES ( 
24, 14, 7, 'TriggerTimeout', 'Trigger Timeout (seconds)', '5', 'N', 'Y', NULL, NULL
, NULL, NULL, NULL, NULL, 'N', 1, 1); 
INSERT INTO PROPERTY_DFN ( PRD_ID, PDG_ID, CMP_ID, PRD_KEY, PRD_NAME, PRD_DEFAULT, PRD_READ_ONLY_FL,
PRD_MANDATORY_FL, PRD_RENDERED_FL, PRD_EXTRA1, PRD_EXTRA2, PRD_EXTRA3, PRD_EXTRA4, PRD_EXTRA5,
PRD_DELETE_FL, PRD_VERSION_ID, PTN_ID ) VALUES ( 
25, 14, 14, 'ZeroLengthFileDirectory', 'Zero Length File Directory', NULL, 'N', 'N'
, NULL, NULL, NULL, NULL, NULL, NULL, 'N', 1, 1); 
INSERT INTO PROPERTY_DFN ( PRD_ID, PDG_ID, CMP_ID, PRD_KEY, PRD_NAME, PRD_DEFAULT, PRD_READ_ONLY_FL,
PRD_MANDATORY_FL, PRD_RENDERED_FL, PRD_EXTRA1, PRD_EXTRA2, PRD_EXTRA3, PRD_EXTRA4, PRD_EXTRA5,
PRD_DELETE_FL, PRD_VERSION_ID, PTN_ID ) VALUES ( 
26, 15, 11, 'FTPPassword', 'FTP Password', NULL, 'N', 'Y', NULL, NULL, NULL, NULL
, NULL, NULL, 'N', 1, 1); 
INSERT INTO PROPERTY_DFN ( PRD_ID, PDG_ID, CMP_ID, PRD_KEY, PRD_NAME, PRD_DEFAULT, PRD_READ_ONLY_FL,
PRD_MANDATORY_FL, PRD_RENDERED_FL, PRD_EXTRA1, PRD_EXTRA2, PRD_EXTRA3, PRD_EXTRA4, PRD_EXTRA5,
PRD_DELETE_FL, PRD_VERSION_ID, PTN_ID ) VALUES ( 
27, 15, 12, 'FTPServer', 'FTP Server', NULL, 'N', 'Y', NULL, NULL, NULL, NULL, NULL
, NULL, 'N', 1, 1); 
INSERT INTO PROPERTY_DFN ( PRD_ID, PDG_ID, CMP_ID, PRD_KEY, PRD_NAME, PRD_DEFAULT, PRD_READ_ONLY_FL,
PRD_MANDATORY_FL, PRD_RENDERED_FL, PRD_EXTRA1, PRD_EXTRA2, PRD_EXTRA3, PRD_EXTRA4, PRD_EXTRA5,
PRD_DELETE_FL, PRD_VERSION_ID, PTN_ID ) VALUES ( 
28, 15, 12, 'FTPUsername', 'FTP Username', NULL, 'N', 'Y', NULL, NULL, NULL, NULL
, NULL, NULL, 'N', 1, 1); 
INSERT INTO PROPERTY_DFN ( PRD_ID, PDG_ID, CMP_ID, PRD_KEY, PRD_NAME, PRD_DEFAULT, PRD_READ_ONLY_FL,
PRD_MANDATORY_FL, PRD_RENDERED_FL, PRD_EXTRA1, PRD_EXTRA2, PRD_EXTRA3, PRD_EXTRA4, PRD_EXTRA5,
PRD_DELETE_FL, PRD_VERSION_ID, PTN_ID ) VALUES ( 
29, 15, 12, 'FTPRootDirectory', 'Root Directory', NULL, 'N', 'N', NULL, NULL, NULL
, NULL, NULL, NULL, 'N', 1, 1); 
INSERT INTO PROPERTY_DFN ( PRD_ID, PDG_ID, CMP_ID, PRD_KEY, PRD_NAME, PRD_DEFAULT, PRD_READ_ONLY_FL,
PRD_MANDATORY_FL, PRD_RENDERED_FL, PRD_EXTRA1, PRD_EXTRA2, PRD_EXTRA3, PRD_EXTRA4, PRD_EXTRA5,
PRD_DELETE_FL, PRD_VERSION_ID, PTN_ID ) VALUES ( 
30, 15, 4, 'FTPPassive', 'Use Passive Mode', 'N', 'N', 'Y', NULL, NULL, NULL, NULL
, NULL, NULL, 'N', 1, 1); 
INSERT INTO PROPERTY_DFN ( PRD_ID, PDG_ID, CMP_ID, PRD_KEY, PRD_NAME, PRD_DEFAULT, PRD_READ_ONLY_FL,
PRD_MANDATORY_FL, PRD_RENDERED_FL, PRD_EXTRA1, PRD_EXTRA2, PRD_EXTRA3, PRD_EXTRA4, PRD_EXTRA5,
PRD_DELETE_FL, PRD_VERSION_ID, PTN_ID ) VALUES ( 
31, 16, 1, 'GenTaskComponent', 'Generic Component', NULL, 'N', 'Y', NULL, 'GenericType'
, NULL, NULL, NULL, NULL, 'N', 1, 1); 
INSERT INTO PROPERTY_DFN ( PRD_ID, PDG_ID, CMP_ID, PRD_KEY, PRD_NAME, PRD_DEFAULT, PRD_READ_ONLY_FL,
PRD_MANDATORY_FL, PRD_RENDERED_FL, PRD_EXTRA1, PRD_EXTRA2, PRD_EXTRA3, PRD_EXTRA4, PRD_EXTRA5,
PRD_DELETE_FL, PRD_VERSION_ID, PTN_ID ) VALUES ( 
32, 17, 14, 'LocalDirectory', 'Local Directory', NULL, 'N', 'Y', NULL, NULL, NULL
, NULL, NULL, NULL, 'N', 1, 1); 
INSERT INTO PROPERTY_DFN ( PRD_ID, PDG_ID, CMP_ID, PRD_KEY, PRD_NAME, PRD_DEFAULT, PRD_READ_ONLY_FL,
PRD_MANDATORY_FL, PRD_RENDERED_FL, PRD_EXTRA1, PRD_EXTRA2, PRD_EXTRA3, PRD_EXTRA4, PRD_EXTRA5,
PRD_DELETE_FL, PRD_VERSION_ID, PTN_ID ) VALUES ( 
33, 18, 14, 'TargetDirectory', 'Target Directory', NULL, 'N', 'Y', NULL, NULL, NULL
, NULL, NULL, NULL, 'N', 1, 1); 
INSERT INTO PROPERTY_DFN ( PRD_ID, PDG_ID, CMP_ID, PRD_KEY, PRD_NAME, PRD_DEFAULT, PRD_READ_ONLY_FL,
PRD_MANDATORY_FL, PRD_RENDERED_FL, PRD_EXTRA1, PRD_EXTRA2, PRD_EXTRA3, PRD_EXTRA4, PRD_EXTRA5,
PRD_DELETE_FL, PRD_VERSION_ID, PTN_ID ) VALUES ( 
34, 20, 4, 'CheckStaleCachesEveryFile', 'Check For Stale Caches Every File', 'Y', 'N'
, 'Y', NULL, NULL, NULL, NULL, NULL, NULL, 'N', 1, 1); 
INSERT INTO PROPERTY_DFN ( PRD_ID, PDG_ID, CMP_ID, PRD_KEY, PRD_NAME, PRD_DEFAULT, PRD_READ_ONLY_FL,
PRD_MANDATORY_FL, PRD_RENDERED_FL, PRD_EXTRA1, PRD_EXTRA2, PRD_EXTRA3, PRD_EXTRA4, PRD_EXTRA5,
PRD_DELETE_FL, PRD_VERSION_ID, PTN_ID ) VALUES ( 
35, 20, 4, 'LogRecordTypeDistributions', 'Log Record Type Distributions', 'Y', 'N'
, 'Y', NULL, NULL, NULL, NULL, NULL, NULL, 'N', 1, 1); 
INSERT INTO PROPERTY_DFN ( PRD_ID, PDG_ID, CMP_ID, PRD_KEY, PRD_NAME, PRD_DEFAULT, PRD_READ_ONLY_FL,
PRD_MANDATORY_FL, PRD_RENDERED_FL, PRD_EXTRA1, PRD_EXTRA2, PRD_EXTRA3, PRD_EXTRA4, PRD_EXTRA5,
PRD_DELETE_FL, PRD_VERSION_ID, PTN_ID ) VALUES ( 
36, 20, 14, 'OutputDirectory', 'Output Directory', NULL, 'N', 'Y', NULL, NULL, NULL
, NULL, NULL, NULL, 'N', 1, 1); 
INSERT INTO PROPERTY_DFN ( PRD_ID, PDG_ID, CMP_ID, PRD_KEY, PRD_NAME, PRD_DEFAULT, PRD_READ_ONLY_FL,
PRD_MANDATORY_FL, PRD_RENDERED_FL, PRD_EXTRA1, PRD_EXTRA2, PRD_EXTRA3, PRD_EXTRA4, PRD_EXTRA5,
PRD_DELETE_FL, PRD_VERSION_ID, PTN_ID ) VALUES ( 
37, 20, 13, 'ParseDefinitionFile', 'Parser Definition File', NULL, 'N', 'Y', NULL
, NULL, NULL, NULL, NULL, NULL, 'N', 1, 1); 
INSERT INTO PROPERTY_DFN ( PRD_ID, PDG_ID, CMP_ID, PRD_KEY, PRD_NAME, PRD_DEFAULT, PRD_READ_ONLY_FL,
PRD_MANDATORY_FL, PRD_RENDERED_FL, PRD_EXTRA1, PRD_EXTRA2, PRD_EXTRA3, PRD_EXTRA4, PRD_EXTRA5,
PRD_DELETE_FL, PRD_VERSION_ID, PTN_ID ) VALUES ( 
38, 20, 4, 'SkipRecordsOnError', 'Skip Records On Error', 'N', 'N', 'Y', NULL, NULL
, NULL, NULL, NULL, NULL, 'N', 1, 1); 
INSERT INTO PROPERTY_DFN ( PRD_ID, PDG_ID, CMP_ID, PRD_KEY, PRD_NAME, PRD_DEFAULT, PRD_READ_ONLY_FL,
PRD_MANDATORY_FL, PRD_RENDERED_FL, PRD_EXTRA1, PRD_EXTRA2, PRD_EXTRA3, PRD_EXTRA4, PRD_EXTRA5,
PRD_DELETE_FL, PRD_VERSION_ID, PTN_ID ) VALUES ( 
39, 23, 12, 'RenamedFilePrefix', 'Renamed File Prefix', NULL, 'N', 'N', NULL, NULL
, NULL, NULL, NULL, NULL, 'N', 1, 1); 
INSERT INTO PROPERTY_DFN ( PRD_ID, PDG_ID, CMP_ID, PRD_KEY, PRD_NAME, PRD_DEFAULT, PRD_READ_ONLY_FL,
PRD_MANDATORY_FL, PRD_RENDERED_FL, PRD_EXTRA1, PRD_EXTRA2, PRD_EXTRA3, PRD_EXTRA4, PRD_EXTRA5,
PRD_DELETE_FL, PRD_VERSION_ID, PTN_ID ) VALUES ( 
40, 23, 12, 'RenamedFileSuffix', 'Renamed File Suffix', NULL, 'N', 'N', NULL, NULL
, NULL, NULL, NULL, NULL, 'N', 1, 1); 
INSERT INTO PROPERTY_DFN ( PRD_ID, PDG_ID, CMP_ID, PRD_KEY, PRD_NAME, PRD_DEFAULT, PRD_READ_ONLY_FL,
PRD_MANDATORY_FL, PRD_RENDERED_FL, PRD_EXTRA1, PRD_EXTRA2, PRD_EXTRA3, PRD_EXTRA4, PRD_EXTRA5,
PRD_DELETE_FL, PRD_VERSION_ID, PTN_ID ) VALUES ( 
41, 24, 9, 'TargetStreamStage', 'Stream Stage', NULL, 'N', 'Y', NULL, 'StreamStage'
, 'stsName', 'stream.stmName', NULL, NULL, 'N', 1, 1); 
INSERT INTO PROPERTY_DFN ( PRD_ID, PDG_ID, CMP_ID, PRD_KEY, PRD_NAME, PRD_DEFAULT, PRD_READ_ONLY_FL,
PRD_MANDATORY_FL, PRD_RENDERED_FL, PRD_EXTRA1, PRD_EXTRA2, PRD_EXTRA3, PRD_EXTRA4, PRD_EXTRA5,
PRD_DELETE_FL, PRD_VERSION_ID, PTN_ID ) VALUES ( 
42, 25, 4, 'SvrAuditUserLoginAttempts', 'Audit User Login Attempts', 'Y', 'N', 'Y'
, NULL, NULL, NULL, NULL, NULL, NULL, 'N', 1, 1); 
INSERT INTO PROPERTY_DFN ( PRD_ID, PDG_ID, CMP_ID, PRD_KEY, PRD_NAME, PRD_DEFAULT, PRD_READ_ONLY_FL,
PRD_MANDATORY_FL, PRD_RENDERED_FL, PRD_EXTRA1, PRD_EXTRA2, PRD_EXTRA3, PRD_EXTRA4, PRD_EXTRA5,
PRD_DELETE_FL, PRD_VERSION_ID, PTN_ID ) VALUES ( 
43, 25, 4, 'SvrCaseSensitiveCaches', 'Case Sensitive Caches', 'N', 'N', 'Y', NULL
, NULL, NULL, NULL, NULL, NULL, 'N', 1, 1); 
INSERT INTO PROPERTY_DFN ( PRD_ID, PDG_ID, CMP_ID, PRD_KEY, PRD_NAME, PRD_DEFAULT, PRD_READ_ONLY_FL,
PRD_MANDATORY_FL, PRD_RENDERED_FL, PRD_EXTRA1, PRD_EXTRA2, PRD_EXTRA3, PRD_EXTRA4, PRD_EXTRA5,
PRD_DELETE_FL, PRD_VERSION_ID, PTN_ID ) VALUES ( 
44, 25, 7, 'SvrDisconnectIdleConnectionPeriod', 'Disconnect Idle Connection Period (minutes)'
, '30', 'N', 'N', NULL, NULL, NULL, NULL, NULL, NULL, 'N', 2, 1); 
INSERT INTO PROPERTY_DFN ( PRD_ID, PDG_ID, CMP_ID, PRD_KEY, PRD_NAME, PRD_DEFAULT, PRD_READ_ONLY_FL,
PRD_MANDATORY_FL, PRD_RENDERED_FL, PRD_EXTRA1, PRD_EXTRA2, PRD_EXTRA3, PRD_EXTRA4, PRD_EXTRA5,
PRD_DELETE_FL, PRD_VERSION_ID, PTN_ID ) VALUES ( 
45, 25, 14, 'SvrEntityExportDirectory', 'Entity Export Directory', 'DataDir;Entity Exports;'
, 'N', 'Y', NULL, NULL, NULL, NULL, NULL, NULL, 'N', 1, 1); 
INSERT INTO PROPERTY_DFN ( PRD_ID, PDG_ID, CMP_ID, PRD_KEY, PRD_NAME, PRD_DEFAULT, PRD_READ_ONLY_FL,
PRD_MANDATORY_FL, PRD_RENDERED_FL, PRD_EXTRA1, PRD_EXTRA2, PRD_EXTRA3, PRD_EXTRA4, PRD_EXTRA5,
PRD_DELETE_FL, PRD_VERSION_ID, PTN_ID ) VALUES ( 
46, 25, 14, 'SvrEntityNotesDirectory', 'Entity Notes Directory', 'DataDir;Entity Notes;'
, 'N', 'Y', NULL, NULL, NULL, NULL, NULL, NULL, 'N', 1, 1); 
INSERT INTO PROPERTY_DFN ( PRD_ID, PDG_ID, CMP_ID, PRD_KEY, PRD_NAME, PRD_DEFAULT, PRD_READ_ONLY_FL,
PRD_MANDATORY_FL, PRD_RENDERED_FL, PRD_EXTRA1, PRD_EXTRA2, PRD_EXTRA3, PRD_EXTRA4, PRD_EXTRA5,
PRD_DELETE_FL, PRD_VERSION_ID, PTN_ID ) VALUES ( 
47, 25, 14, 'SvrReportsDirectory', 'Reports Directory', 'DataDir;ReportsUploaded Reports;'
, 'N', 'Y', NULL, NULL, NULL, NULL, NULL, NULL, 'N', 1, 1); 
INSERT INTO PROPERTY_DFN ( PRD_ID, PDG_ID, CMP_ID, PRD_KEY, PRD_NAME, PRD_DEFAULT, PRD_READ_ONLY_FL,
PRD_MANDATORY_FL, PRD_RENDERED_FL, PRD_EXTRA1, PRD_EXTRA2, PRD_EXTRA3, PRD_EXTRA4, PRD_EXTRA5,
PRD_DELETE_FL, PRD_VERSION_ID, PTN_ID ) VALUES ( 
48, 25, 14, 'SvrGeneratedReportsDirectory', 'Generated Reports Directory', 'DataDir;ReportsGenerated Reports;'
, 'N', 'Y', NULL, NULL, NULL, NULL, NULL, NULL, 'N', 1, 1); 
INSERT INTO PROPERTY_DFN ( PRD_ID, PDG_ID, CMP_ID, PRD_KEY, PRD_NAME, PRD_DEFAULT, PRD_READ_ONLY_FL,
PRD_MANDATORY_FL, PRD_RENDERED_FL, PRD_EXTRA1, PRD_EXTRA2, PRD_EXTRA3, PRD_EXTRA4, PRD_EXTRA5,
PRD_DELETE_FL, PRD_VERSION_ID, PTN_ID ) VALUES ( 
49, 25, 4, 'SvrPreferBulkLoad', 'Prefer Bulk Load for Unicode Data', 'Y', 'N', 'Y'
, NULL, NULL, NULL, NULL, NULL, NULL, 'N', 1, 1); 
INSERT INTO PROPERTY_DFN ( PRD_ID, PDG_ID, CMP_ID, PRD_KEY, PRD_NAME, PRD_DEFAULT, PRD_READ_ONLY_FL,
PRD_MANDATORY_FL, PRD_RENDERED_FL, PRD_EXTRA1, PRD_EXTRA2, PRD_EXTRA3, PRD_EXTRA4, PRD_EXTRA5,
PRD_DELETE_FL, PRD_VERSION_ID, PTN_ID ) VALUES ( 
50, 25, 7, 'SvrRefreshCheckPeriod', 'Refresh Manager Check Period (seconds)', '60'
, 'N', 'Y', NULL, NULL, NULL, NULL, NULL, NULL, 'N', 1, 1); 
INSERT INTO PROPERTY_DFN ( PRD_ID, PDG_ID, CMP_ID, PRD_KEY, PRD_NAME, PRD_DEFAULT, PRD_READ_ONLY_FL,
PRD_MANDATORY_FL, PRD_RENDERED_FL, PRD_EXTRA1, PRD_EXTRA2, PRD_EXTRA3, PRD_EXTRA4, PRD_EXTRA5,
PRD_DELETE_FL, PRD_VERSION_ID, PTN_ID ) VALUES ( 
51, 25, 7, 'SvrServerShutdownTimeout', 'Server Shutdown Timeout (seconds)', '60', 'N'
, 'Y', NULL, NULL, NULL, NULL, NULL, NULL, 'N', 1, 1); 
INSERT INTO PROPERTY_DFN ( PRD_ID, PDG_ID, CMP_ID, PRD_KEY, PRD_NAME, PRD_DEFAULT, PRD_READ_ONLY_FL,
PRD_MANDATORY_FL, PRD_RENDERED_FL, PRD_EXTRA1, PRD_EXTRA2, PRD_EXTRA3, PRD_EXTRA4, PRD_EXTRA5,
PRD_DELETE_FL, PRD_VERSION_ID, PTN_ID ) VALUES ( 
52, 25, 12, 'SvrSmtpFrom', 'SMTP Default From', 'noreply@server.com', 'N', 'Y', NULL
, NULL, NULL, NULL, NULL, NULL, 'N', 1, 1); 
INSERT INTO PROPERTY_DFN ( PRD_ID, PDG_ID, CMP_ID, PRD_KEY, PRD_NAME, PRD_DEFAULT, PRD_READ_ONLY_FL,
PRD_MANDATORY_FL, PRD_RENDERED_FL, PRD_EXTRA1, PRD_EXTRA2, PRD_EXTRA3, PRD_EXTRA4, PRD_EXTRA5,
PRD_DELETE_FL, PRD_VERSION_ID, PTN_ID ) VALUES ( 
53, 25, 12, 'SvrSmtpHost', 'SMTP Host', 'localhost', 'N', 'Y', NULL, NULL, NULL, NULL
, NULL, NULL, 'N', 1, 1); 
INSERT INTO PROPERTY_DFN ( PRD_ID, PDG_ID, CMP_ID, PRD_KEY, PRD_NAME, PRD_DEFAULT, PRD_READ_ONLY_FL,
PRD_MANDATORY_FL, PRD_RENDERED_FL, PRD_EXTRA1, PRD_EXTRA2, PRD_EXTRA3, PRD_EXTRA4, PRD_EXTRA5,
PRD_DELETE_FL, PRD_VERSION_ID, PTN_ID ) VALUES ( 
54, 25, 11, 'SvrSmtpPassword', 'SMTP Password', NULL, 'N', 'N', NULL, NULL, NULL, NULL
, NULL, NULL, 'N', 1, 1); 
INSERT INTO PROPERTY_DFN ( PRD_ID, PDG_ID, CMP_ID, PRD_KEY, PRD_NAME, PRD_DEFAULT, PRD_READ_ONLY_FL,
PRD_MANDATORY_FL, PRD_RENDERED_FL, PRD_EXTRA1, PRD_EXTRA2, PRD_EXTRA3, PRD_EXTRA4, PRD_EXTRA5,
PRD_DELETE_FL, PRD_VERSION_ID, PTN_ID ) VALUES ( 
55, 25, 7, 'SvrSmtpPort', 'SMTP Port', '25', 'N', 'Y', NULL, NULL, NULL, NULL, NULL
, NULL, 'N', 1, 1); 
INSERT INTO PROPERTY_DFN ( PRD_ID, PDG_ID, CMP_ID, PRD_KEY, PRD_NAME, PRD_DEFAULT, PRD_READ_ONLY_FL,
PRD_MANDATORY_FL, PRD_RENDERED_FL, PRD_EXTRA1, PRD_EXTRA2, PRD_EXTRA3, PRD_EXTRA4, PRD_EXTRA5,
PRD_DELETE_FL, PRD_VERSION_ID, PTN_ID ) VALUES ( 
56, 25, 12, 'SvrSmtpUsername', 'SMTP Username', 'admin', 'N', 'Y', NULL, NULL, NULL
, NULL, NULL, NULL, 'N', 1, 1); 
INSERT INTO PROPERTY_DFN ( PRD_ID, PDG_ID, CMP_ID, PRD_KEY, PRD_NAME, PRD_DEFAULT, PRD_READ_ONLY_FL,
PRD_MANDATORY_FL, PRD_RENDERED_FL, PRD_EXTRA1, PRD_EXTRA2, PRD_EXTRA3, PRD_EXTRA4, PRD_EXTRA5,
PRD_DELETE_FL, PRD_VERSION_ID, PTN_ID ) VALUES ( 
57, 25, 7, 'SvrStreamControllerShutdownTimeout', 'Stream Controller Shutdown Timeout (seconds)'
, '60', 'N', 'Y', NULL, NULL, NULL, NULL, NULL, NULL, 'N', 1, 1); 
INSERT INTO PROPERTY_DFN ( PRD_ID, PDG_ID, CMP_ID, PRD_KEY, PRD_NAME, PRD_DEFAULT, PRD_READ_ONLY_FL,
PRD_MANDATORY_FL, PRD_RENDERED_FL, PRD_EXTRA1, PRD_EXTRA2, PRD_EXTRA3, PRD_EXTRA4, PRD_EXTRA5,
PRD_DELETE_FL, PRD_VERSION_ID, PTN_ID ) VALUES ( 
58, 25, 4, 'SvrSynchronizeIndexesAutomatically', 'Synchronize Index Automatically'
, 'Y', 'N', 'Y', NULL, NULL, NULL, NULL, NULL, NULL, 'N', 1, 1); 
INSERT INTO PROPERTY_DFN ( PRD_ID, PDG_ID, CMP_ID, PRD_KEY, PRD_NAME, PRD_DEFAULT, PRD_READ_ONLY_FL,
PRD_MANDATORY_FL, PRD_RENDERED_FL, PRD_EXTRA1, PRD_EXTRA2, PRD_EXTRA3, PRD_EXTRA4, PRD_EXTRA5,
PRD_DELETE_FL, PRD_VERSION_ID, PTN_ID ) VALUES ( 
59, 25, 7, 'SvrTaskControllerShutdownTimeout', 'Task Controller Shutdown Timeout (seconds)'
, '60', 'N', 'Y', NULL, NULL, NULL, NULL, NULL, NULL, 'N', 1, 1); 
INSERT INTO PROPERTY_DFN ( PRD_ID, PDG_ID, CMP_ID, PRD_KEY, PRD_NAME, PRD_DEFAULT, PRD_READ_ONLY_FL,
PRD_MANDATORY_FL, PRD_RENDERED_FL, PRD_EXTRA1, PRD_EXTRA2, PRD_EXTRA3, PRD_EXTRA4, PRD_EXTRA5,
PRD_DELETE_FL, PRD_VERSION_ID, PTN_ID ) VALUES ( 
60, 25, 7, 'SvrUsageQueryDateRange', 'Usage Query Date Range (minutes)', '60', 'N'
, 'Y', NULL, NULL, NULL, NULL, NULL, NULL, 'N', 1, 1); 
INSERT INTO PROPERTY_DFN ( PRD_ID, PDG_ID, CMP_ID, PRD_KEY, PRD_NAME, PRD_DEFAULT, PRD_READ_ONLY_FL,
PRD_MANDATORY_FL, PRD_RENDERED_FL, PRD_EXTRA1, PRD_EXTRA2, PRD_EXTRA3, PRD_EXTRA4, PRD_EXTRA5,
PRD_DELETE_FL, PRD_VERSION_ID, PTN_ID ) VALUES ( 
61, 25, 4, 'SvrSynchronizeTables', 'Synchronize Usage Tables', 'Y', 'N', 'Y', NULL
, NULL, NULL, NULL, NULL, NULL, 'N', 1, 1); 
INSERT INTO PROPERTY_DFN ( PRD_ID, PDG_ID, CMP_ID, PRD_KEY, PRD_NAME, PRD_DEFAULT, PRD_READ_ONLY_FL,
PRD_MANDATORY_FL, PRD_RENDERED_FL, PRD_EXTRA1, PRD_EXTRA2, PRD_EXTRA3, PRD_EXTRA4, PRD_EXTRA5,
PRD_DELETE_FL, PRD_VERSION_ID, PTN_ID ) VALUES ( 
62, 26, 4, 'UserNameForceAlphaNumeric', 'User Name Force Alpha Numeric', 'N', 'N'
, 'Y', NULL, NULL, NULL, NULL, NULL, NULL, 'N', 1, 1); 
INSERT INTO PROPERTY_DFN ( PRD_ID, PDG_ID, CMP_ID, PRD_KEY, PRD_NAME, PRD_DEFAULT, PRD_READ_ONLY_FL,
PRD_MANDATORY_FL, PRD_RENDERED_FL, PRD_EXTRA1, PRD_EXTRA2, PRD_EXTRA3, PRD_EXTRA4, PRD_EXTRA5,
PRD_DELETE_FL, PRD_VERSION_ID, PTN_ID ) VALUES ( 
63, 26, 7, 'UserNameMinimumLength', 'User Name Minumum Length', '6', 'N', 'Y', NULL
, '1', '255', NULL, NULL, NULL, 'N', 1, 1); 
INSERT INTO PROPERTY_DFN ( PRD_ID, PDG_ID, CMP_ID, PRD_KEY, PRD_NAME, PRD_DEFAULT, PRD_READ_ONLY_FL,
PRD_MANDATORY_FL, PRD_RENDERED_FL, PRD_EXTRA1, PRD_EXTRA2, PRD_EXTRA3, PRD_EXTRA4, PRD_EXTRA5,
PRD_DELETE_FL, PRD_VERSION_ID, PTN_ID ) VALUES ( 
64, 27, 7, 'DisableAfterFailedLoginAttempts', 'Disable After Failed Login Attempts'
, '3', 'N', 'Y', NULL, '0', '99', NULL, NULL, NULL, 'N', 1, 1); 
INSERT INTO PROPERTY_DFN ( PRD_ID, PDG_ID, CMP_ID, PRD_KEY, PRD_NAME, PRD_DEFAULT, PRD_READ_ONLY_FL,
PRD_MANDATORY_FL, PRD_RENDERED_FL, PRD_EXTRA1, PRD_EXTRA2, PRD_EXTRA3, PRD_EXTRA4, PRD_EXTRA5,
PRD_DELETE_FL, PRD_VERSION_ID, PTN_ID ) VALUES ( 
65, 27, 7, 'DisableAfterInactivePeriod', 'Disable After Inactive Period (days)', '365'
, 'N', 'Y', NULL, '1', NULL, NULL, NULL, NULL, 'N', 1, 1); 
INSERT INTO PROPERTY_DFN ( PRD_ID, PDG_ID, CMP_ID, PRD_KEY, PRD_NAME, PRD_DEFAULT, PRD_READ_ONLY_FL,
PRD_MANDATORY_FL, PRD_RENDERED_FL, PRD_EXTRA1, PRD_EXTRA2, PRD_EXTRA3, PRD_EXTRA4, PRD_EXTRA5,
PRD_DELETE_FL, PRD_VERSION_ID, PTN_ID ) VALUES ( 
66, 27, 12, 'PasswordDefault', 'Password Default', 'welcome', 'N', 'Y', NULL, NULL
, NULL, NULL, NULL, NULL, 'N', 1, 1); 
INSERT INTO PROPERTY_DFN ( PRD_ID, PDG_ID, CMP_ID, PRD_KEY, PRD_NAME, PRD_DEFAULT, PRD_READ_ONLY_FL,
PRD_MANDATORY_FL, PRD_RENDERED_FL, PRD_EXTRA1, PRD_EXTRA2, PRD_EXTRA3, PRD_EXTRA4, PRD_EXTRA5,
PRD_DELETE_FL, PRD_VERSION_ID, PTN_ID ) VALUES ( 
67, 27, 4, 'PasswordForceAlphaNumeric', 'Password Force Alpha Numeric', 'N', 'N', 'Y'
, NULL, NULL, NULL, NULL, NULL, NULL, 'N', 1, 1); 
INSERT INTO PROPERTY_DFN ( PRD_ID, PDG_ID, CMP_ID, PRD_KEY, PRD_NAME, PRD_DEFAULT, PRD_READ_ONLY_FL,
PRD_MANDATORY_FL, PRD_RENDERED_FL, PRD_EXTRA1, PRD_EXTRA2, PRD_EXTRA3, PRD_EXTRA4, PRD_EXTRA5,
PRD_DELETE_FL, PRD_VERSION_ID, PTN_ID ) VALUES ( 
68, 27, 7, 'PasswordMinimumLength', 'Password Minumum Length', '6', 'N', 'Y', NULL
, '1', '255', NULL, NULL, NULL, 'N', 1, 1); 
INSERT INTO PROPERTY_DFN ( PRD_ID, PDG_ID, CMP_ID, PRD_KEY, PRD_NAME, PRD_DEFAULT, PRD_READ_ONLY_FL,
PRD_MANDATORY_FL, PRD_RENDERED_FL, PRD_EXTRA1, PRD_EXTRA2, PRD_EXTRA3, PRD_EXTRA4, PRD_EXTRA5,
PRD_DELETE_FL, PRD_VERSION_ID, PTN_ID ) VALUES ( 
69, 27, 7, 'PasswordResetInterval', 'Password Reset Interval (days)', '90', 'N', 'Y'
, NULL, '1', NULL, NULL, NULL, NULL, 'N', 1, 1); 
INSERT INTO PROPERTY_DFN ( PRD_ID, PDG_ID, CMP_ID, PRD_KEY, PRD_NAME, PRD_DEFAULT, PRD_READ_ONLY_FL,
PRD_MANDATORY_FL, PRD_RENDERED_FL, PRD_EXTRA1, PRD_EXTRA2, PRD_EXTRA3, PRD_EXTRA4, PRD_EXTRA5,
PRD_DELETE_FL, PRD_VERSION_ID, PTN_ID ) VALUES ( 
70, 27, 7, 'PasswordUniquePeriod', 'Password Unique Period (days)', '365', 'N', 'Y'
, NULL, '0', NULL, NULL, NULL, NULL, 'N', 1, 1); 
INSERT INTO PROPERTY_DFN ( PRD_ID, PDG_ID, CMP_ID, PRD_KEY, PRD_NAME, PRD_DEFAULT, PRD_READ_ONLY_FL,
PRD_MANDATORY_FL, PRD_RENDERED_FL, PRD_EXTRA1, PRD_EXTRA2, PRD_EXTRA3, PRD_EXTRA4, PRD_EXTRA5,
PRD_DELETE_FL, PRD_VERSION_ID, PTN_ID ) VALUES ( 
71, 27, 7, 'PasswordWarningInterval', 'Password Warning Interval (days)', '7', 'N'
, 'Y', NULL, '1', NULL, NULL, NULL, NULL, 'N', 1, 1); 
INSERT INTO PROPERTY_DFN ( PRD_ID, PDG_ID, CMP_ID, PRD_KEY, PRD_NAME, PRD_DEFAULT, PRD_READ_ONLY_FL,
PRD_MANDATORY_FL, PRD_RENDERED_FL, PRD_EXTRA1, PRD_EXTRA2, PRD_EXTRA3, PRD_EXTRA4, PRD_EXTRA5,
PRD_DELETE_FL, PRD_VERSION_ID, PTN_ID ) VALUES ( 
72, 28, 7, 'ScClientListenPort', 'Client Listen Port', '7770', 'N', 'Y', NULL, NULL
, NULL, NULL, NULL, NULL, 'N', 1, 1); 
INSERT INTO PROPERTY_DFN ( PRD_ID, PDG_ID, CMP_ID, PRD_KEY, PRD_NAME, PRD_DEFAULT, PRD_READ_ONLY_FL,
PRD_MANDATORY_FL, PRD_RENDERED_FL, PRD_EXTRA1, PRD_EXTRA2, PRD_EXTRA3, PRD_EXTRA4, PRD_EXTRA5,
PRD_DELETE_FL, PRD_VERSION_ID, PTN_ID ) VALUES ( 
73, 28, 7, 'ScControllerListenPort', 'Controller Listen Port', '7777', 'N', 'Y', NULL
, NULL, NULL, NULL, NULL, NULL, 'N', 1, 1); 
INSERT INTO PROPERTY_DFN ( PRD_ID, PDG_ID, CMP_ID, PRD_KEY, PRD_NAME, PRD_DEFAULT, PRD_READ_ONLY_FL,
PRD_MANDATORY_FL, PRD_RENDERED_FL, PRD_EXTRA1, PRD_EXTRA2, PRD_EXTRA3, PRD_EXTRA4, PRD_EXTRA5,
PRD_DELETE_FL, PRD_VERSION_ID, PTN_ID ) VALUES ( 
74, 28, 7, 'ScExternalAlertPollerTimeout', 'External Alert Poller Timeout (seconds)'
, '600', 'N', 'Y', NULL, NULL, NULL, NULL, NULL, NULL, 'N', 1, 1); 
INSERT INTO PROPERTY_DFN ( PRD_ID, PDG_ID, CMP_ID, PRD_KEY, PRD_NAME, PRD_DEFAULT, PRD_READ_ONLY_FL,
PRD_MANDATORY_FL, PRD_RENDERED_FL, PRD_EXTRA1, PRD_EXTRA2, PRD_EXTRA3, PRD_EXTRA4, PRD_EXTRA5,
PRD_DELETE_FL, PRD_VERSION_ID, PTN_ID ) VALUES ( 
75, 28, 9, 'ScMachine', 'Machine', NULL, 'N', 'Y', NULL, 'MachineTbl', 'macName', NULL
, NULL, NULL, 'N', 1, 1); 
INSERT INTO PROPERTY_DFN ( PRD_ID, PDG_ID, CMP_ID, PRD_KEY, PRD_NAME, PRD_DEFAULT, PRD_READ_ONLY_FL,
PRD_MANDATORY_FL, PRD_RENDERED_FL, PRD_EXTRA1, PRD_EXTRA2, PRD_EXTRA3, PRD_EXTRA4, PRD_EXTRA5,
PRD_DELETE_FL, PRD_VERSION_ID, PTN_ID ) VALUES ( 
76, 28, 7, 'ScMaxTasksPerStreamStagePoll', 'Max Tasks Per Stream Stage Poll', '100'
, 'N', 'Y', NULL, NULL, NULL, NULL, NULL, NULL, 'N', 1, 1); 
INSERT INTO PROPERTY_DFN ( PRD_ID, PDG_ID, CMP_ID, PRD_KEY, PRD_NAME, PRD_DEFAULT, PRD_READ_ONLY_FL,
PRD_MANDATORY_FL, PRD_RENDERED_FL, PRD_EXTRA1, PRD_EXTRA2, PRD_EXTRA3, PRD_EXTRA4, PRD_EXTRA5,
PRD_DELETE_FL, PRD_VERSION_ID, PTN_ID ) VALUES ( 
77, 28, 7, 'ScPendingTaskPollerTimeout', 'Pending Task Poller Timeout (seconds)', '5'
, 'N', 'Y', NULL, NULL, NULL, NULL, NULL, NULL, 'N', 1, 1); 
INSERT INTO PROPERTY_DFN ( PRD_ID, PDG_ID, CMP_ID, PRD_KEY, PRD_NAME, PRD_DEFAULT, PRD_READ_ONLY_FL,
PRD_MANDATORY_FL, PRD_RENDERED_FL, PRD_EXTRA1, PRD_EXTRA2, PRD_EXTRA3, PRD_EXTRA4, PRD_EXTRA5,
PRD_DELETE_FL, PRD_VERSION_ID, PTN_ID ) VALUES ( 
78, 28, 7, 'ScControllerConnectTimeout', 'Task Controller Connect Timeout (seconds)'
, '30', 'N', 'Y', NULL, NULL, NULL, NULL, NULL, NULL, 'N', 1, 1); 
INSERT INTO PROPERTY_DFN ( PRD_ID, PDG_ID, CMP_ID, PRD_KEY, PRD_NAME, PRD_DEFAULT, PRD_READ_ONLY_FL,
PRD_MANDATORY_FL, PRD_RENDERED_FL, PRD_EXTRA1, PRD_EXTRA2, PRD_EXTRA3, PRD_EXTRA4, PRD_EXTRA5,
PRD_DELETE_FL, PRD_VERSION_ID, PTN_ID ) VALUES ( 
79, 28, 7, 'ScTaskDelegatorTimeout', 'Task Delegator Timeout (seconds)', '30', 'N'
, 'Y', NULL, NULL, NULL, NULL, NULL, NULL, 'N', 1, 1); 
INSERT INTO PROPERTY_DFN ( PRD_ID, PDG_ID, CMP_ID, PRD_KEY, PRD_NAME, PRD_DEFAULT, PRD_READ_ONLY_FL,
PRD_MANDATORY_FL, PRD_RENDERED_FL, PRD_EXTRA1, PRD_EXTRA2, PRD_EXTRA3, PRD_EXTRA4, PRD_EXTRA5,
PRD_DELETE_FL, PRD_VERSION_ID, PTN_ID ) VALUES ( 
80, 28, 7, 'ScTaskPollerTimeout', 'Task Poller Timeout (seconds)', '5', 'N', 'Y', NULL
, NULL, NULL, NULL, NULL, NULL, 'N', 1, 1); 
INSERT INTO PROPERTY_DFN ( PRD_ID, PDG_ID, CMP_ID, PRD_KEY, PRD_NAME, PRD_DEFAULT, PRD_READ_ONLY_FL,
PRD_MANDATORY_FL, PRD_RENDERED_FL, PRD_EXTRA1, PRD_EXTRA2, PRD_EXTRA3, PRD_EXTRA4, PRD_EXTRA5,
PRD_DELETE_FL, PRD_VERSION_ID, PTN_ID ) VALUES ( 
81, 28, 4, 'ScUseSSL', 'Use SSL communication', 'N', 'N', 'Y', NULL, NULL, NULL, NULL
, NULL, NULL, 'N', 1, 1); 
INSERT INTO PROPERTY_DFN ( PRD_ID, PDG_ID, CMP_ID, PRD_KEY, PRD_NAME, PRD_DEFAULT, PRD_READ_ONLY_FL,
PRD_MANDATORY_FL, PRD_RENDERED_FL, PRD_EXTRA1, PRD_EXTRA2, PRD_EXTRA3, PRD_EXTRA4, PRD_EXTRA5,
PRD_DELETE_FL, PRD_VERSION_ID, PTN_ID ) VALUES ( 
82, 28, 7, 'ScTaskProgressPort', 'Task Progress Port', '4444', 'N', 'Y', NULL, NULL
, NULL, NULL, NULL, NULL, 'N', 1, 1); 
INSERT INTO PROPERTY_DFN ( PRD_ID, PDG_ID, CMP_ID, PRD_KEY, PRD_NAME, PRD_DEFAULT, PRD_READ_ONLY_FL,
PRD_MANDATORY_FL, PRD_RENDERED_FL, PRD_EXTRA1, PRD_EXTRA2, PRD_EXTRA3, PRD_EXTRA4, PRD_EXTRA5,
PRD_DELETE_FL, PRD_VERSION_ID, PTN_ID ) VALUES ( 
83, 29, 12, 'SysCommonPartition', 'Common Partition', 'Common', 'Y', 'Y', NULL, 'PartitionTbl'
, 'ptnName', NULL, NULL, NULL, 'N', 1, 1); 
INSERT INTO PROPERTY_DFN ( PRD_ID, PDG_ID, CMP_ID, PRD_KEY, PRD_NAME, PRD_DEFAULT, PRD_READ_ONLY_FL,
PRD_MANDATORY_FL, PRD_RENDERED_FL, PRD_EXTRA1, PRD_EXTRA2, PRD_EXTRA3, PRD_EXTRA4, PRD_EXTRA5,
PRD_DELETE_FL, PRD_VERSION_ID, PTN_ID ) VALUES ( 
84, 29, 12, 'SysLicenseKey', 'License Key', '[None]', 'N', 'Y', NULL, NULL, NULL, NULL
, NULL, NULL, 'N', 1, 1); 
INSERT INTO PROPERTY_DFN ( PRD_ID, PDG_ID, CMP_ID, PRD_KEY, PRD_NAME, PRD_DEFAULT, PRD_READ_ONLY_FL,
PRD_MANDATORY_FL, PRD_RENDERED_FL, PRD_EXTRA1, PRD_EXTRA2, PRD_EXTRA3, PRD_EXTRA4, PRD_EXTRA5,
PRD_DELETE_FL, PRD_VERSION_ID, PTN_ID ) VALUES ( 
85, 29, 7, 'SysLicenseKeyWarningInterval', 'License Key Warning Interval (days)', '15'
, 'N', 'Y', NULL, '1', NULL, NULL, NULL, NULL, 'N', 1, 1); 
INSERT INTO PROPERTY_DFN ( PRD_ID, PDG_ID, CMP_ID, PRD_KEY, PRD_NAME, PRD_DEFAULT, PRD_READ_ONLY_FL,
PRD_MANDATORY_FL, PRD_RENDERED_FL, PRD_EXTRA1, PRD_EXTRA2, PRD_EXTRA3, PRD_EXTRA4, PRD_EXTRA5,
PRD_DELETE_FL, PRD_VERSION_ID, PTN_ID ) VALUES ( 
86, 29, 12, 'SysOperatorName', 'Operator Name', 'Subex Limited', 'N', 'Y', NULL, NULL
, NULL, NULL, NULL, NULL, 'N', 1, 1); 
INSERT INTO PROPERTY_DFN ( PRD_ID, PDG_ID, CMP_ID, PRD_KEY, PRD_NAME, PRD_DEFAULT, PRD_READ_ONLY_FL,
PRD_MANDATORY_FL, PRD_RENDERED_FL, PRD_EXTRA1, PRD_EXTRA2, PRD_EXTRA3, PRD_EXTRA4, PRD_EXTRA5,
PRD_DELETE_FL, PRD_VERSION_ID, PTN_ID ) VALUES ( 
87, 29, 7, 'SysSystemDp', 'System Decimal Places', '6', 'Y', 'Y', NULL, NULL, NULL
, NULL, NULL, NULL, 'N', 1, 1); 
INSERT INTO PROPERTY_DFN ( PRD_ID, PDG_ID, CMP_ID, PRD_KEY, PRD_NAME, PRD_DEFAULT, PRD_READ_ONLY_FL,
PRD_MANDATORY_FL, PRD_RENDERED_FL, PRD_EXTRA1, PRD_EXTRA2, PRD_EXTRA3, PRD_EXTRA4, PRD_EXTRA5,
PRD_DELETE_FL, PRD_VERSION_ID, PTN_ID ) VALUES ( 
88, 29, 4, 'SysTariffAuditRates', 'Tariff Audit Rates', 'Y', 'N', 'Y', NULL, NULL
, NULL, NULL, NULL, NULL, 'N', 1, 1); 
INSERT INTO PROPERTY_DFN ( PRD_ID, PDG_ID, CMP_ID, PRD_KEY, PRD_NAME, PRD_DEFAULT, PRD_READ_ONLY_FL,
PRD_MANDATORY_FL, PRD_RENDERED_FL, PRD_EXTRA1, PRD_EXTRA2, PRD_EXTRA3, PRD_EXTRA4, PRD_EXTRA5,
PRD_DELETE_FL, PRD_VERSION_ID, PTN_ID ) VALUES ( 
89, 29, 12, 'SysValidDigits', 'Valid Digits', '0123456789', 'N', 'Y', NULL, NULL, NULL
, NULL, NULL, NULL, 'N', 1, 1); 
INSERT INTO PROPERTY_DFN ( PRD_ID, PDG_ID, CMP_ID, PRD_KEY, PRD_NAME, PRD_DEFAULT, PRD_READ_ONLY_FL,
PRD_MANDATORY_FL, PRD_RENDERED_FL, PRD_EXTRA1, PRD_EXTRA2, PRD_EXTRA3, PRD_EXTRA4, PRD_EXTRA5,
PRD_DELETE_FL, PRD_VERSION_ID, PTN_ID ) VALUES ( 
90, 30, 14, 'TarArchiveDir', 'Archive Directory', 'DataDir;Task Logs/Archive;', 'N'
, 'Y', NULL, NULL, NULL, NULL, NULL, NULL, 'N', 1, 1); 
INSERT INTO PROPERTY_DFN ( PRD_ID, PDG_ID, CMP_ID, PRD_KEY, PRD_NAME, PRD_DEFAULT, PRD_READ_ONLY_FL,
PRD_MANDATORY_FL, PRD_RENDERED_FL, PRD_EXTRA1, PRD_EXTRA2, PRD_EXTRA3, PRD_EXTRA4, PRD_EXTRA5,
PRD_DELETE_FL, PRD_VERSION_ID, PTN_ID ) VALUES ( 
91, 31, 9, 'PollStreamStage', 'Poll Stream Stage', NULL, 'N', 'Y', NULL, 'StreamStage'
, 'stsName', 'stream.stmName', NULL, NULL, 'N', 1, 1); 
INSERT INTO PROPERTY_DFN ( PRD_ID, PDG_ID, CMP_ID, PRD_KEY, PRD_NAME, PRD_DEFAULT, PRD_READ_ONLY_FL,
PRD_MANDATORY_FL, PRD_RENDERED_FL, PRD_EXTRA1, PRD_EXTRA2, PRD_EXTRA3, PRD_EXTRA4, PRD_EXTRA5,
PRD_DELETE_FL, PRD_VERSION_ID, PTN_ID ) VALUES ( 
92, 32, 12, 'TcUniqueId', 'Controller Id', NULL, 'N', 'N', NULL, NULL, NULL, NULL
, NULL, NULL, 'N', 1, 1); 
INSERT INTO PROPERTY_DFN ( PRD_ID, PDG_ID, CMP_ID, PRD_KEY, PRD_NAME, PRD_DEFAULT, PRD_READ_ONLY_FL,
PRD_MANDATORY_FL, PRD_RENDERED_FL, PRD_EXTRA1, PRD_EXTRA2, PRD_EXTRA3, PRD_EXTRA4, PRD_EXTRA5,
PRD_DELETE_FL, PRD_VERSION_ID, PTN_ID ) VALUES ( 
93, 32, 7, 'TcControllerListenPort', 'Controller Listen Port', '7779', 'N', 'Y', NULL
, NULL, NULL, NULL, NULL, NULL, 'N', 1, 1); 
INSERT INTO PROPERTY_DFN ( PRD_ID, PDG_ID, CMP_ID, PRD_KEY, PRD_NAME, PRD_DEFAULT, PRD_READ_ONLY_FL,
PRD_MANDATORY_FL, PRD_RENDERED_FL, PRD_EXTRA1, PRD_EXTRA2, PRD_EXTRA3, PRD_EXTRA4, PRD_EXTRA5,
PRD_DELETE_FL, PRD_VERSION_ID, PTN_ID ) VALUES ( 
94, 32, 9, 'TcMachine', 'Machine', NULL, 'N', 'Y', NULL, 'MachineTbl', 'macName', NULL
, NULL, NULL, 'N', 1, 1); 
INSERT INTO PROPERTY_DFN ( PRD_ID, PDG_ID, CMP_ID, PRD_KEY, PRD_NAME, PRD_DEFAULT, PRD_READ_ONLY_FL,
PRD_MANDATORY_FL, PRD_RENDERED_FL, PRD_EXTRA1, PRD_EXTRA2, PRD_EXTRA3, PRD_EXTRA4, PRD_EXTRA5,
PRD_DELETE_FL, PRD_VERSION_ID, PTN_ID ) VALUES ( 
95, 32, 7, 'TcControllerConnectTimeout', 'Stream Controller Connect Timeout (seconds)'
, '5', 'N', 'Y', NULL, NULL, NULL, NULL, NULL, NULL, 'N', 1, 1); 
INSERT INTO PROPERTY_DFN ( PRD_ID, PDG_ID, CMP_ID, PRD_KEY, PRD_NAME, PRD_DEFAULT, PRD_READ_ONLY_FL,
PRD_MANDATORY_FL, PRD_RENDERED_FL, PRD_EXTRA1, PRD_EXTRA2, PRD_EXTRA3, PRD_EXTRA4, PRD_EXTRA5,
PRD_DELETE_FL, PRD_VERSION_ID, PTN_ID ) VALUES ( 
96, 32, 14, 'TcTaskLogDir', 'Task Log Output Directory', 'DataDir;Task Logs;', 'N'
, 'Y', NULL, NULL, NULL, NULL, NULL, NULL, 'N', 1, 1); 
INSERT INTO PROPERTY_DFN ( PRD_ID, PDG_ID, CMP_ID, PRD_KEY, PRD_NAME, PRD_DEFAULT, PRD_READ_ONLY_FL,
PRD_MANDATORY_FL, PRD_RENDERED_FL, PRD_EXTRA1, PRD_EXTRA2, PRD_EXTRA3, PRD_EXTRA4, PRD_EXTRA5,
PRD_DELETE_FL, PRD_VERSION_ID, PTN_ID ) VALUES ( 
97, 33, 4, 'UsrAllowMultipleLogins', 'Allow Multiple Logins', 'Y', 'N', 'Y', NULL
, NULL, NULL, NULL, NULL, NULL, 'N', 1, 1); 
INSERT INTO PROPERTY_DFN ( PRD_ID, PDG_ID, CMP_ID, PRD_KEY, PRD_NAME, PRD_DEFAULT, PRD_READ_ONLY_FL,
PRD_MANDATORY_FL, PRD_RENDERED_FL, PRD_EXTRA1, PRD_EXTRA2, PRD_EXTRA3, PRD_EXTRA4, PRD_EXTRA5,
PRD_DELETE_FL, PRD_VERSION_ID, PTN_ID ) VALUES ( 
98, 33, 7, 'exportViewDepth', 'Export View Depth', '5', 'N', 'N', NULL, NULL, NULL
, NULL, NULL, NULL, 'N', 1, 1); 
INSERT INTO PROPERTY_DFN ( PRD_ID, PDG_ID, CMP_ID, PRD_KEY, PRD_NAME, PRD_DEFAULT, PRD_READ_ONLY_FL,
PRD_MANDATORY_FL, PRD_RENDERED_FL, PRD_EXTRA1, PRD_EXTRA2, PRD_EXTRA3, PRD_EXTRA4, PRD_EXTRA5,
PRD_DELETE_FL, PRD_VERSION_ID, PTN_ID ) VALUES ( 
99, 33, 4, 'UsrExportIncludeContext', 'Include Context With Export by Default', 'Y'
, 'N', 'Y', NULL, NULL, NULL, NULL, NULL, NULL, 'N', 1, 1); 
INSERT INTO PROPERTY_DFN ( PRD_ID, PDG_ID, CMP_ID, PRD_KEY, PRD_NAME, PRD_DEFAULT, PRD_READ_ONLY_FL,
PRD_MANDATORY_FL, PRD_RENDERED_FL, PRD_EXTRA1, PRD_EXTRA2, PRD_EXTRA3, PRD_EXTRA4, PRD_EXTRA5,
PRD_DELETE_FL, PRD_VERSION_ID, PTN_ID ) VALUES ( 
100, 33, 5, 'UsrLocale', 'Locale', 'en-GB', 'N', 'Y', NULL, 'en-GB;en-US;de_DE', 'English (GB);English (US);Deutsch'
, NULL, NULL, NULL, 'N', 1, 1); 
INSERT INTO PROPERTY_DFN ( PRD_ID, PDG_ID, CMP_ID, PRD_KEY, PRD_NAME, PRD_DEFAULT, PRD_READ_ONLY_FL,
PRD_MANDATORY_FL, PRD_RENDERED_FL, PRD_EXTRA1, PRD_EXTRA2, PRD_EXTRA3, PRD_EXTRA4, PRD_EXTRA5,
PRD_DELETE_FL, PRD_VERSION_ID, PTN_ID ) VALUES ( 
101, 33, 9, 'UsrPasswordValidation', 'Password Validation', 'Standard Password Validation'
, 'Y', 'Y', NULL, 'UserPasswordValidation', 'upvName', NULL, NULL, NULL, 'N', 1, 1); 
INSERT INTO PROPERTY_DFN ( PRD_ID, PDG_ID, CMP_ID, PRD_KEY, PRD_NAME, PRD_DEFAULT, PRD_READ_ONLY_FL,
PRD_MANDATORY_FL, PRD_RENDERED_FL, PRD_EXTRA1, PRD_EXTRA2, PRD_EXTRA3, PRD_EXTRA4, PRD_EXTRA5,
PRD_DELETE_FL, PRD_VERSION_ID, PTN_ID ) VALUES ( 
102, 33, 2, 'UsrSqlTableSearchFromDttm', 'Sql Search Default From Date', NULL, 'N'
, 'N', NULL, NULL, NULL, NULL, NULL, NULL, 'N', 1, 1); 
INSERT INTO PROPERTY_DFN ( PRD_ID, PDG_ID, CMP_ID, PRD_KEY, PRD_NAME, PRD_DEFAULT, PRD_READ_ONLY_FL,
PRD_MANDATORY_FL, PRD_RENDERED_FL, PRD_EXTRA1, PRD_EXTRA2, PRD_EXTRA3, PRD_EXTRA4, PRD_EXTRA5,
PRD_DELETE_FL, PRD_VERSION_ID, PTN_ID ) VALUES ( 
103, 33, 2, 'UsrSqlTableSearchToDttm', 'Sql Search Default To Date', NULL, 'N', 'N'
, NULL, NULL, NULL, NULL, NULL, NULL, 'N', 1, 1); 
INSERT INTO PROPERTY_DFN ( PRD_ID, PDG_ID, CMP_ID, PRD_KEY, PRD_NAME, PRD_DEFAULT, PRD_READ_ONLY_FL,
PRD_MANDATORY_FL, PRD_RENDERED_FL, PRD_EXTRA1, PRD_EXTRA2, PRD_EXTRA3, PRD_EXTRA4, PRD_EXTRA5,
PRD_DELETE_FL, PRD_VERSION_ID, PTN_ID ) VALUES ( 
104, 33, 4, 'UsrTariffAutoPopulateFastEntry', 'Tariff Auto Populate Fast Entry', 'Y'
, 'N', 'Y', NULL, NULL, NULL, NULL, NULL, NULL, 'N', 1, 1); 
INSERT INTO PROPERTY_DFN ( PRD_ID, PDG_ID, CMP_ID, PRD_KEY, PRD_NAME, PRD_DEFAULT, PRD_READ_ONLY_FL,
PRD_MANDATORY_FL, PRD_RENDERED_FL, PRD_EXTRA1, PRD_EXTRA2, PRD_EXTRA3, PRD_EXTRA4, PRD_EXTRA5,
PRD_DELETE_FL, PRD_VERSION_ID, PTN_ID ) VALUES ( 
105, 33, 3, 'UsrTariffDeviationAmt', 'Tariff Deviation Percentage', '10', 'N', 'Y'
, NULL, NULL, NULL, NULL, NULL, NULL, 'N', 1, 1); 
INSERT INTO PROPERTY_DFN ( PRD_ID, PDG_ID, CMP_ID, PRD_KEY, PRD_NAME, PRD_DEFAULT, PRD_READ_ONLY_FL,
PRD_MANDATORY_FL, PRD_RENDERED_FL, PRD_EXTRA1, PRD_EXTRA2, PRD_EXTRA3, PRD_EXTRA4, PRD_EXTRA5,
PRD_DELETE_FL, PRD_VERSION_ID, PTN_ID ) VALUES ( 
106, 33, 4, 'UsrTariffHighlightChanges', 'Tariff Highlight Changes', 'Y', 'N', 'Y'
, NULL, NULL, NULL, NULL, NULL, NULL, 'N', 1, 1); 
INSERT INTO PROPERTY_DFN ( PRD_ID, PDG_ID, CMP_ID, PRD_KEY, PRD_NAME, PRD_DEFAULT, PRD_READ_ONLY_FL,
PRD_MANDATORY_FL, PRD_RENDERED_FL, PRD_EXTRA1, PRD_EXTRA2, PRD_EXTRA3, PRD_EXTRA4, PRD_EXTRA5,
PRD_DELETE_FL, PRD_VERSION_ID, PTN_ID ) VALUES ( 
107, 33, 4, 'UsrTariffWarnDeviation', 'Tariff Warn Deviation', 'Y', 'N', 'Y', NULL
, NULL, NULL, NULL, NULL, NULL, 'N', 1, 1); 
INSERT INTO PROPERTY_DFN ( PRD_ID, PDG_ID, CMP_ID, PRD_KEY, PRD_NAME, PRD_DEFAULT, PRD_READ_ONLY_FL,
PRD_MANDATORY_FL, PRD_RENDERED_FL, PRD_EXTRA1, PRD_EXTRA2, PRD_EXTRA3, PRD_EXTRA4, PRD_EXTRA5,
PRD_DELETE_FL, PRD_VERSION_ID, PTN_ID ) VALUES ( 
108, 33, 12, 'OpenDashboards', 'Open Dashboards', NULL, 'N', 'N', 'N', NULL, NULL
, NULL, NULL, NULL, 'N', 1, 1); 
INSERT INTO PROPERTY_DFN ( PRD_ID, PDG_ID, CMP_ID, PRD_KEY, PRD_NAME, PRD_DEFAULT, PRD_READ_ONLY_FL,
PRD_MANDATORY_FL, PRD_RENDERED_FL, PRD_EXTRA1, PRD_EXTRA2, PRD_EXTRA3, PRD_EXTRA4, PRD_EXTRA5,
PRD_DELETE_FL, PRD_VERSION_ID, PTN_ID ) VALUES ( 
109, 34, 5, 'palette', 'Colour Scheme', 'Tahoma', 'N', 'N', NULL, '1;2;3;4;5', 'Silver;Beige;Alice blue;Apricot;Pink'
, NULL, NULL, NULL, 'N', 2, 1); 
INSERT INTO PROPERTY_DFN ( PRD_ID, PDG_ID, CMP_ID, PRD_KEY, PRD_NAME, PRD_DEFAULT, PRD_READ_ONLY_FL,
PRD_MANDATORY_FL, PRD_RENDERED_FL, PRD_EXTRA1, PRD_EXTRA2, PRD_EXTRA3, PRD_EXTRA4, PRD_EXTRA5,
PRD_DELETE_FL, PRD_VERSION_ID, PTN_ID ) VALUES ( 
110, 34, 4, 'showLabels', 'Show X Axis Values', 'Y', 'N', 'N', NULL, NULL, NULL, NULL
, NULL, NULL, 'N', 2, 1); 
INSERT INTO PROPERTY_DFN ( PRD_ID, PDG_ID, CMP_ID, PRD_KEY, PRD_NAME, PRD_DEFAULT, PRD_READ_ONLY_FL,
PRD_MANDATORY_FL, PRD_RENDERED_FL, PRD_EXTRA1, PRD_EXTRA2, PRD_EXTRA3, PRD_EXTRA4, PRD_EXTRA5,
PRD_DELETE_FL, PRD_VERSION_ID, PTN_ID ) VALUES ( 
111, 34, 4, 'showYAxisValues', 'Display Y Axis Values', 'Y', 'N', 'N', NULL, NULL
, NULL, NULL, NULL, NULL, 'N', 2, 1); 
INSERT INTO PROPERTY_DFN ( PRD_ID, PDG_ID, CMP_ID, PRD_KEY, PRD_NAME, PRD_DEFAULT, PRD_READ_ONLY_FL,
PRD_MANDATORY_FL, PRD_RENDERED_FL, PRD_EXTRA1, PRD_EXTRA2, PRD_EXTRA3, PRD_EXTRA4, PRD_EXTRA5,
PRD_DELETE_FL, PRD_VERSION_ID, PTN_ID ) VALUES ( 
112, 34, 12, 'numberPrefix', 'Number Prefix', NULL, 'N', 'N', NULL, NULL, NULL, NULL
, NULL, NULL, 'N', 2, 1); 
commit;
 
INSERT INTO PROPERTY_DFN_GROUP ( PDG_ID, PDG_PARENT_PDG_ID, PDG_KEY, PDG_NAME, PDG_SYSTEM_FL,
PDG_SYSTEM_SERVER_PACKAGE, PDG_DELETE_FL, PDG_VERSION_ID, PTN_ID ) VALUES ( 
66, 35, 'MSColumn2DChartMiscElement', 'MSColumn2D Chart Misc Element', 'Y', 'com.subexazure.spark.common.properties.propertygroups'
, 'N', 2, 1); 
INSERT INTO PROPERTY_DFN_GROUP ( PDG_ID, PDG_PARENT_PDG_ID, PDG_KEY, PDG_NAME, PDG_SYSTEM_FL,
PDG_SYSTEM_SERVER_PACKAGE, PDG_DELETE_FL, PDG_VERSION_ID, PTN_ID ) VALUES ( 
67, 36, 'MSColumn2DSetElement', 'MSColumn2D Set Element', 'Y', 'com.subexazure.spark.common.properties.propertygroups'
, 'N', 2, 1); 
INSERT INTO PROPERTY_DFN_GROUP ( PDG_ID, PDG_PARENT_PDG_ID, PDG_KEY, PDG_NAME, PDG_SYSTEM_FL,
PDG_SYSTEM_SERVER_PACKAGE, PDG_DELETE_FL, PDG_VERSION_ID, PTN_ID ) VALUES ( 
68, NULL, 'MSColumn2DDatasetElement', 'MSColumn2D Dataset Element', 'Y', 'com.subexazure.spark.common.properties.propertygroups'
, 'N', 1, 1); 
INSERT INTO PROPERTY_DFN_GROUP ( PDG_ID, PDG_PARENT_PDG_ID, PDG_KEY, PDG_NAME, PDG_SYSTEM_FL,
PDG_SYSTEM_SERVER_PACKAGE, PDG_DELETE_FL, PDG_VERSION_ID, PTN_ID ) VALUES ( 
69, NULL, 'MSColumn2DCategoryElement', 'MSColumn2D Category Element', 'Y', 'com.subexazure.spark.common.properties.propertygroups'
, 'N', 1, 1); 
INSERT INTO PROPERTY_DFN_GROUP ( PDG_ID, PDG_PARENT_PDG_ID, PDG_KEY, PDG_NAME, PDG_SYSTEM_FL,
PDG_SYSTEM_SERVER_PACKAGE, PDG_DELETE_FL, PDG_VERSION_ID, PTN_ID ) VALUES ( 
70, 37, 'MSColumn2DCategoriesElement', 'MSColumn2D Categories Element', 'Y', 'com.subexazure.spark.common.properties.propertygroups'
, 'N', 2, 1); 
INSERT INTO PROPERTY_DFN_GROUP ( PDG_ID, PDG_PARENT_PDG_ID, PDG_KEY, PDG_NAME, PDG_SYSTEM_FL,
PDG_SYSTEM_SERVER_PACKAGE, PDG_DELETE_FL, PDG_VERSION_ID, PTN_ID ) VALUES ( 
71, 38, 'MSColumn2DTrendlineElement', 'Common Trendline Element', 'Y', 'com.subexazure.spark.common.properties.propertygroups'
, 'N', 2, 1); 
INSERT INTO PROPERTY_DFN_GROUP ( PDG_ID, PDG_PARENT_PDG_ID, PDG_KEY, PDG_NAME, PDG_SYSTEM_FL,
PDG_SYSTEM_SERVER_PACKAGE, PDG_DELETE_FL, PDG_VERSION_ID, PTN_ID ) VALUES ( 
72, 34, 'Column3DChartAxesElement', 'Column3D Chart Axes Element', 'Y', 'com.subexazure.spark.common.properties.propertygroups'
, 'N', 1, 1); 
INSERT INTO PROPERTY_DFN_GROUP ( PDG_ID, PDG_PARENT_PDG_ID, PDG_KEY, PDG_NAME, PDG_SYSTEM_FL,
PDG_SYSTEM_SERVER_PACKAGE, PDG_DELETE_FL, PDG_VERSION_ID, PTN_ID ) VALUES ( 
73, 35, 'Column3DChartMiscElement', 'Column3D Chart Misc Element', 'Y', 'com.subexazure.spark.common.properties.propertygroups'
, 'N', 1, 1); 
INSERT INTO PROPERTY_DFN_GROUP ( PDG_ID, PDG_PARENT_PDG_ID, PDG_KEY, PDG_NAME, PDG_SYSTEM_FL,
PDG_SYSTEM_SERVER_PACKAGE, PDG_DELETE_FL, PDG_VERSION_ID, PTN_ID ) VALUES ( 
74, 36, 'Column3DSetElement', 'Column3D Set Element', 'Y', 'com.subexazure.spark.common.properties.propertygroups'
, 'N', 1, 1); 
INSERT INTO PROPERTY_DFN_GROUP ( PDG_ID, PDG_PARENT_PDG_ID, PDG_KEY, PDG_NAME, PDG_SYSTEM_FL,
PDG_SYSTEM_SERVER_PACKAGE, PDG_DELETE_FL, PDG_VERSION_ID, PTN_ID ) VALUES ( 
75, 38, 'Column3DTrendlineElement', 'Common Trendline Element', 'Y', 'com.subexazure.spark.common.properties.propertygroups'
, 'N', 1, 1); 
INSERT INTO PROPERTY_DFN_GROUP ( PDG_ID, PDG_PARENT_PDG_ID, PDG_KEY, PDG_NAME, PDG_SYSTEM_FL,
PDG_SYSTEM_SERVER_PACKAGE, PDG_DELETE_FL, PDG_VERSION_ID, PTN_ID ) VALUES ( 
76, 34, 'MSColumn3DChartAxesElement', 'MSColumn3D Chart Axes Element', 'Y', 'com.subexazure.spark.common.properties.propertygroups'
, 'N', 1, 1); 
INSERT INTO PROPERTY_DFN_GROUP ( PDG_ID, PDG_PARENT_PDG_ID, PDG_KEY, PDG_NAME, PDG_SYSTEM_FL,
PDG_SYSTEM_SERVER_PACKAGE, PDG_DELETE_FL, PDG_VERSION_ID, PTN_ID ) VALUES ( 
77, 35, 'MSColumn3DChartMiscElement', 'MSColumn3D Chart Misc Element', 'Y', 'com.subexazure.spark.common.properties.propertygroups'
, 'N', 1, 1); 
INSERT INTO PROPERTY_DFN_GROUP ( PDG_ID, PDG_PARENT_PDG_ID, PDG_KEY, PDG_NAME, PDG_SYSTEM_FL,
PDG_SYSTEM_SERVER_PACKAGE, PDG_DELETE_FL, PDG_VERSION_ID, PTN_ID ) VALUES ( 
78, 36, 'MSColumn3DSetElement', 'MSColumn3D Set Element', 'Y', 'com.subexazure.spark.common.properties.propertygroups'
, 'N', 1, 1); 
INSERT INTO PROPERTY_DFN_GROUP ( PDG_ID, PDG_PARENT_PDG_ID, PDG_KEY, PDG_NAME, PDG_SYSTEM_FL,
PDG_SYSTEM_SERVER_PACKAGE, PDG_DELETE_FL, PDG_VERSION_ID, PTN_ID ) VALUES ( 
79, NULL, 'MSColumn3DDatasetElement', 'MSColumn3D Dataset Element', 'Y', 'com.subexazure.spark.common.properties.propertygroups'
, 'N', 1, 1); 
INSERT INTO PROPERTY_DFN_GROUP ( PDG_ID, PDG_PARENT_PDG_ID, PDG_KEY, PDG_NAME, PDG_SYSTEM_FL,
PDG_SYSTEM_SERVER_PACKAGE, PDG_DELETE_FL, PDG_VERSION_ID, PTN_ID ) VALUES ( 
80, NULL, 'MSColumn3DCategoryElement', 'MSColumn3D Category Element', 'Y', 'com.subexazure.spark.common.properties.propertygroups'
, 'N', 1, 1); 
INSERT INTO PROPERTY_DFN_GROUP ( PDG_ID, PDG_PARENT_PDG_ID, PDG_KEY, PDG_NAME, PDG_SYSTEM_FL,
PDG_SYSTEM_SERVER_PACKAGE, PDG_DELETE_FL, PDG_VERSION_ID, PTN_ID ) VALUES ( 
81, 37, 'MSColumn3DCategoriesElement', 'MSColumn3D Categories Element', 'Y', 'com.subexazure.spark.common.properties.propertygroups'
, 'N', 1, 1); 
INSERT INTO PROPERTY_DFN_GROUP ( PDG_ID, PDG_PARENT_PDG_ID, PDG_KEY, PDG_NAME, PDG_SYSTEM_FL,
PDG_SYSTEM_SERVER_PACKAGE, PDG_DELETE_FL, PDG_VERSION_ID, PTN_ID ) VALUES ( 
82, 38, 'MSColumn3DTrendlineElement', 'Common Trendline Element', 'Y', 'com.subexazure.spark.common.properties.propertygroups'
, 'N', 1, 1); 
INSERT INTO PROPERTY_DFN_GROUP ( PDG_ID, PDG_PARENT_PDG_ID, PDG_KEY, PDG_NAME, PDG_SYSTEM_FL,
PDG_SYSTEM_SERVER_PACKAGE, PDG_DELETE_FL, PDG_VERSION_ID, PTN_ID ) VALUES ( 
83, NULL, 'Doughnut2DChartElement', 'Doughnut2D Chart Element', 'Y', 'com.subexazure.spark.common.properties.propertygroups'
, 'N', 1, 1); 
INSERT INTO PROPERTY_DFN_GROUP ( PDG_ID, PDG_PARENT_PDG_ID, PDG_KEY, PDG_NAME, PDG_SYSTEM_FL,
PDG_SYSTEM_SERVER_PACKAGE, PDG_DELETE_FL, PDG_VERSION_ID, PTN_ID ) VALUES ( 
84, NULL, 'Doughnut2DSetElement', 'Doughnut2D Set Element', 'Y', 'com.subexazure.spark.common.properties.propertygroups'
, 'N', 1, 1); 
INSERT INTO PROPERTY_DFN_GROUP ( PDG_ID, PDG_PARENT_PDG_ID, PDG_KEY, PDG_NAME, PDG_SYSTEM_FL,
PDG_SYSTEM_SERVER_PACKAGE, PDG_DELETE_FL, PDG_VERSION_ID, PTN_ID ) VALUES ( 
85, NULL, 'Doughnut3DChartElement', 'Doughnut3D Chart Element', 'Y', 'com.subexazure.spark.common.properties.propertygroups'
, 'N', 1, 1); 
INSERT INTO PROPERTY_DFN_GROUP ( PDG_ID, PDG_PARENT_PDG_ID, PDG_KEY, PDG_NAME, PDG_SYSTEM_FL,
PDG_SYSTEM_SERVER_PACKAGE, PDG_DELETE_FL, PDG_VERSION_ID, PTN_ID ) VALUES ( 
86, NULL, 'Doughnut3DSetElement', 'Doughnut3D Set Element', 'Y', 'com.subexazure.spark.common.properties.propertygroups'
, 'N', 1, 1); 
INSERT INTO PROPERTY_DFN_GROUP ( PDG_ID, PDG_PARENT_PDG_ID, PDG_KEY, PDG_NAME, PDG_SYSTEM_FL,
PDG_SYSTEM_SERVER_PACKAGE, PDG_DELETE_FL, PDG_VERSION_ID, PTN_ID ) VALUES ( 
87, NULL, 'Pie2DChartElement', 'Pie2D Chart Element', 'Y', 'com.subexazure.spark.common.properties.propertygroups'
, 'N', 2, 1); 
INSERT INTO PROPERTY_DFN_GROUP ( PDG_ID, PDG_PARENT_PDG_ID, PDG_KEY, PDG_NAME, PDG_SYSTEM_FL,
PDG_SYSTEM_SERVER_PACKAGE, PDG_DELETE_FL, PDG_VERSION_ID, PTN_ID ) VALUES ( 
88, NULL, 'Pie2DSetElement', 'Pie2D Set Element', 'Y', 'com.subexazure.spark.common.properties.propertygroups'
, 'N', 1, 1); 
INSERT INTO PROPERTY_DFN_GROUP ( PDG_ID, PDG_PARENT_PDG_ID, PDG_KEY, PDG_NAME, PDG_SYSTEM_FL,
PDG_SYSTEM_SERVER_PACKAGE, PDG_DELETE_FL, PDG_VERSION_ID, PTN_ID ) VALUES ( 
89, NULL, 'Pie3DChartElement', 'Pie3D Chart Element', 'Y', 'com.subexazure.spark.common.properties.propertygroups'
, 'N', 1, 1); 
INSERT INTO PROPERTY_DFN_GROUP ( PDG_ID, PDG_PARENT_PDG_ID, PDG_KEY, PDG_NAME, PDG_SYSTEM_FL,
PDG_SYSTEM_SERVER_PACKAGE, PDG_DELETE_FL, PDG_VERSION_ID, PTN_ID ) VALUES ( 
90, NULL, 'Pie3DSetElement', 'Pie3D Set Element', 'Y', 'com.subexazure.spark.common.properties.propertygroups'
, 'N', 1, 1); 
INSERT INTO PROPERTY_DFN_GROUP ( PDG_ID, PDG_PARENT_PDG_ID, PDG_KEY, PDG_NAME, PDG_SYSTEM_FL,
PDG_SYSTEM_SERVER_PACKAGE, PDG_DELETE_FL, PDG_VERSION_ID, PTN_ID ) VALUES ( 
91, 34, 'LineChartAxesElement', 'Line Chart Axes Element', 'Y', 'com.subexazure.spark.common.properties.propertygroups'
, 'N', 2, 1); 
INSERT INTO PROPERTY_DFN_GROUP ( PDG_ID, PDG_PARENT_PDG_ID, PDG_KEY, PDG_NAME, PDG_SYSTEM_FL,
PDG_SYSTEM_SERVER_PACKAGE, PDG_DELETE_FL, PDG_VERSION_ID, PTN_ID ) VALUES ( 
92, 35, 'LineChartMiscElement', 'Line Chart Misc Element', 'Y', 'com.subexazure.spark.common.properties.propertygroups'
, 'N', 2, 1); 
INSERT INTO PROPERTY_DFN_GROUP ( PDG_ID, PDG_PARENT_PDG_ID, PDG_KEY, PDG_NAME, PDG_SYSTEM_FL,
PDG_SYSTEM_SERVER_PACKAGE, PDG_DELETE_FL, PDG_VERSION_ID, PTN_ID ) VALUES ( 
93, 36, 'LineSetElement', 'Line Set Element', 'Y', 'com.subexazure.spark.common.properties.propertygroups'
, 'N', 2, 1); 
INSERT INTO PROPERTY_DFN_GROUP ( PDG_ID, PDG_PARENT_PDG_ID, PDG_KEY, PDG_NAME, PDG_SYSTEM_FL,
PDG_SYSTEM_SERVER_PACKAGE, PDG_DELETE_FL, PDG_VERSION_ID, PTN_ID ) VALUES ( 
94, 38, 'LineTrendlineElement', 'Common Trendline Element', 'Y', 'com.subexazure.spark.common.properties.propertygroups'
, 'N', 2, 1); 
INSERT INTO PROPERTY_DFN_GROUP ( PDG_ID, PDG_PARENT_PDG_ID, PDG_KEY, PDG_NAME, PDG_SYSTEM_FL,
PDG_SYSTEM_SERVER_PACKAGE, PDG_DELETE_FL, PDG_VERSION_ID, PTN_ID ) VALUES ( 
95, 34, 'MSLineChartAxesElement', 'MSLine Chart Axes Element', 'Y', 'com.subexazure.spark.common.properties.propertygroups'
, 'N', 2, 1); 
INSERT INTO PROPERTY_DFN_GROUP ( PDG_ID, PDG_PARENT_PDG_ID, PDG_KEY, PDG_NAME, PDG_SYSTEM_FL,
PDG_SYSTEM_SERVER_PACKAGE, PDG_DELETE_FL, PDG_VERSION_ID, PTN_ID ) VALUES ( 
96, 35, 'MSLineChartMiscElement', 'MSLine Chart Misc Element', 'Y', 'com.subexazure.spark.common.properties.propertygroups'
, 'N', 2, 1); 
INSERT INTO PROPERTY_DFN_GROUP ( PDG_ID, PDG_PARENT_PDG_ID, PDG_KEY, PDG_NAME, PDG_SYSTEM_FL,
PDG_SYSTEM_SERVER_PACKAGE, PDG_DELETE_FL, PDG_VERSION_ID, PTN_ID ) VALUES ( 
97, 36, 'MSLineSetElement', 'MSLine Set Element', 'Y', 'com.subexazure.spark.common.properties.propertygroups'
, 'N', 2, 1); 
INSERT INTO PROPERTY_DFN_GROUP ( PDG_ID, PDG_PARENT_PDG_ID, PDG_KEY, PDG_NAME, PDG_SYSTEM_FL,
PDG_SYSTEM_SERVER_PACKAGE, PDG_DELETE_FL, PDG_VERSION_ID, PTN_ID ) VALUES ( 
98, NULL, 'MSLineDatasetElement', 'MSLine Dataset Element', 'Y', 'com.subexazure.spark.common.properties.propertygroups'
, 'N', 1, 1); 
INSERT INTO PROPERTY_DFN_GROUP ( PDG_ID, PDG_PARENT_PDG_ID, PDG_KEY, PDG_NAME, PDG_SYSTEM_FL,
PDG_SYSTEM_SERVER_PACKAGE, PDG_DELETE_FL, PDG_VERSION_ID, PTN_ID ) VALUES ( 
99, NULL, 'MSLineCategoryElement', 'MSLine Category Element', 'Y', 'com.subexazure.spark.common.properties.propertygroups'
, 'N', 1, 1); 
INSERT INTO PROPERTY_DFN_GROUP ( PDG_ID, PDG_PARENT_PDG_ID, PDG_KEY, PDG_NAME, PDG_SYSTEM_FL,
PDG_SYSTEM_SERVER_PACKAGE, PDG_DELETE_FL, PDG_VERSION_ID, PTN_ID ) VALUES ( 
100, 37, 'MSLineCategoriesElement', 'MSLine Categories Element', 'Y', 'com.subexazure.spark.common.properties.propertygroups'
, 'N', 2, 1); 
INSERT INTO PROPERTY_DFN_GROUP ( PDG_ID, PDG_PARENT_PDG_ID, PDG_KEY, PDG_NAME, PDG_SYSTEM_FL,
PDG_SYSTEM_SERVER_PACKAGE, PDG_DELETE_FL, PDG_VERSION_ID, PTN_ID ) VALUES ( 
101, 38, 'MSLineTrendlineElement', 'Common Trendline Element', 'Y', 'com.subexazure.spark.common.properties.propertygroups'
, 'N', 2, 1); 
INSERT INTO PROPERTY_DFN_GROUP ( PDG_ID, PDG_PARENT_PDG_ID, PDG_KEY, PDG_NAME, PDG_SYSTEM_FL,
PDG_SYSTEM_SERVER_PACKAGE, PDG_DELETE_FL, PDG_VERSION_ID, PTN_ID ) VALUES ( 
102, 34, 'ScrollArea2DChartAxesElement', 'ScrollArea2D Chart Axes Element', 'Y', 'com.subexazure.spark.common.properties.propertygroups'
, 'N', 1, 1); 
INSERT INTO PROPERTY_DFN_GROUP ( PDG_ID, PDG_PARENT_PDG_ID, PDG_KEY, PDG_NAME, PDG_SYSTEM_FL,
PDG_SYSTEM_SERVER_PACKAGE, PDG_DELETE_FL, PDG_VERSION_ID, PTN_ID ) VALUES ( 
103, 35, 'ScrollArea2DChartMiscElement', 'ScrollArea2D Chart Misc Element', 'Y', 'com.subexazure.spark.common.properties.propertygroups'
, 'N', 1, 1); 
INSERT INTO PROPERTY_DFN_GROUP ( PDG_ID, PDG_PARENT_PDG_ID, PDG_KEY, PDG_NAME, PDG_SYSTEM_FL,
PDG_SYSTEM_SERVER_PACKAGE, PDG_DELETE_FL, PDG_VERSION_ID, PTN_ID ) VALUES ( 
104, 36, 'ScrollArea2DSetElement', 'ScrollArea2D Set Element', 'Y', 'com.subexazure.spark.common.properties.propertygroups'
, 'N', 1, 1); 
INSERT INTO PROPERTY_DFN_GROUP ( PDG_ID, PDG_PARENT_PDG_ID, PDG_KEY, PDG_NAME, PDG_SYSTEM_FL,
PDG_SYSTEM_SERVER_PACKAGE, PDG_DELETE_FL, PDG_VERSION_ID, PTN_ID ) VALUES ( 
105, NULL, 'ScrollArea2DDatasetElement', 'ScrollArea2D Dataset Element', 'Y', 'com.subexazure.spark.common.properties.propertygroups'
, 'N', 1, 1); 
INSERT INTO PROPERTY_DFN_GROUP ( PDG_ID, PDG_PARENT_PDG_ID, PDG_KEY, PDG_NAME, PDG_SYSTEM_FL,
PDG_SYSTEM_SERVER_PACKAGE, PDG_DELETE_FL, PDG_VERSION_ID, PTN_ID ) VALUES ( 
106, NULL, 'ScrollArea2DCategoryElement', 'ScrollArea2D Category Element', 'Y', 'com.subexazure.spark.common.properties.propertygroups'
, 'N', 1, 1); 
INSERT INTO PROPERTY_DFN_GROUP ( PDG_ID, PDG_PARENT_PDG_ID, PDG_KEY, PDG_NAME, PDG_SYSTEM_FL,
PDG_SYSTEM_SERVER_PACKAGE, PDG_DELETE_FL, PDG_VERSION_ID, PTN_ID ) VALUES ( 
107, 37, 'ScrollArea2DCategoriesElement', 'ScrollArea2D Categories Element', 'Y', 'com.subexazure.spark.common.properties.propertygroups'
, 'N', 1, 1); 
INSERT INTO PROPERTY_DFN_GROUP ( PDG_ID, PDG_PARENT_PDG_ID, PDG_KEY, PDG_NAME, PDG_SYSTEM_FL,
PDG_SYSTEM_SERVER_PACKAGE, PDG_DELETE_FL, PDG_VERSION_ID, PTN_ID ) VALUES ( 
108, 38, 'ScrollArea2DTrendlineElement', 'Common Trendline Element', 'Y', 'com.subexazure.spark.common.properties.propertygroups'
, 'N', 1, 1); 
INSERT INTO PROPERTY_DFN_GROUP ( PDG_ID, PDG_PARENT_PDG_ID, PDG_KEY, PDG_NAME, PDG_SYSTEM_FL,
PDG_SYSTEM_SERVER_PACKAGE, PDG_DELETE_FL, PDG_VERSION_ID, PTN_ID ) VALUES ( 
109, 34, 'ScrollColumn2DChartAxesElement', 'ScrollColumn2D Chart Axes Element', 'Y'
, 'com.subexazure.spark.common.properties.propertygroups', 'N', 1, 1); 
INSERT INTO PROPERTY_DFN_GROUP ( PDG_ID, PDG_PARENT_PDG_ID, PDG_KEY, PDG_NAME, PDG_SYSTEM_FL,
PDG_SYSTEM_SERVER_PACKAGE, PDG_DELETE_FL, PDG_VERSION_ID, PTN_ID ) VALUES ( 
110, 35, 'ScrollColumn2DChartMiscElement', 'ScrollColumn2D Chart Misc Element', 'Y'
, 'com.subexazure.spark.common.properties.propertygroups', 'N', 1, 1); 
INSERT INTO PROPERTY_DFN_GROUP ( PDG_ID, PDG_PARENT_PDG_ID, PDG_KEY, PDG_NAME, PDG_SYSTEM_FL,
PDG_SYSTEM_SERVER_PACKAGE, PDG_DELETE_FL, PDG_VERSION_ID, PTN_ID ) VALUES ( 
111, 36, 'ScrollColumn2DSetElement', 'ScrollColumn2D Set Element', 'Y', 'com.subexazure.spark.common.properties.propertygroups'
, 'N', 1, 1); 
INSERT INTO PROPERTY_DFN_GROUP ( PDG_ID, PDG_PARENT_PDG_ID, PDG_KEY, PDG_NAME, PDG_SYSTEM_FL,
PDG_SYSTEM_SERVER_PACKAGE, PDG_DELETE_FL, PDG_VERSION_ID, PTN_ID ) VALUES ( 
112, NULL, 'ScrollColumn2DDatasetElement', 'ScrollColumn2D Dataset Element', 'Y', 'com.subexazure.spark.common.properties.propertygroups'
, 'N', 1, 1); 
INSERT INTO PROPERTY_DFN_GROUP ( PDG_ID, PDG_PARENT_PDG_ID, PDG_KEY, PDG_NAME, PDG_SYSTEM_FL,
PDG_SYSTEM_SERVER_PACKAGE, PDG_DELETE_FL, PDG_VERSION_ID, PTN_ID ) VALUES ( 
113, NULL, 'ScrollColumn2DCategoryElement', 'ScrollColumn2D Category Element', 'Y'
, 'com.subexazure.spark.common.properties.propertygroups', 'N', 1, 1); 
INSERT INTO PROPERTY_DFN_GROUP ( PDG_ID, PDG_PARENT_PDG_ID, PDG_KEY, PDG_NAME, PDG_SYSTEM_FL,
PDG_SYSTEM_SERVER_PACKAGE, PDG_DELETE_FL, PDG_VERSION_ID, PTN_ID ) VALUES ( 
114, 37, 'ScrollColumn2DCategoriesElement', 'ScrollColumn2D Categories Element', 'Y'
, 'com.subexazure.spark.common.properties.propertygroups', 'N', 1, 1); 
INSERT INTO PROPERTY_DFN_GROUP ( PDG_ID, PDG_PARENT_PDG_ID, PDG_KEY, PDG_NAME, PDG_SYSTEM_FL,
PDG_SYSTEM_SERVER_PACKAGE, PDG_DELETE_FL, PDG_VERSION_ID, PTN_ID ) VALUES ( 
115, 38, 'ScrollColumn2DTrendlineElement', 'Common Trendline Element', 'Y', 'com.subexazure.spark.common.properties.propertygroups'
, 'N', 1, 1); 
INSERT INTO PROPERTY_DFN_GROUP ( PDG_ID, PDG_PARENT_PDG_ID, PDG_KEY, PDG_NAME, PDG_SYSTEM_FL,
PDG_SYSTEM_SERVER_PACKAGE, PDG_DELETE_FL, PDG_VERSION_ID, PTN_ID ) VALUES ( 
116, 34, 'ScrollLine2DChartAxesElement', 'ScrollLine2D Chart Axes Element', 'Y', 'com.subexazure.spark.common.properties.propertygroups'
, 'N', 1, 1); 
INSERT INTO PROPERTY_DFN_GROUP ( PDG_ID, PDG_PARENT_PDG_ID, PDG_KEY, PDG_NAME, PDG_SYSTEM_FL,
PDG_SYSTEM_SERVER_PACKAGE, PDG_DELETE_FL, PDG_VERSION_ID, PTN_ID ) VALUES ( 
117, 35, 'ScrollLine2DChartMiscElement', 'ScrollLine2D Chart Misc Element', 'Y', 'com.subexazure.spark.common.properties.propertygroups'
, 'N', 1, 1); 
INSERT INTO PROPERTY_DFN_GROUP ( PDG_ID, PDG_PARENT_PDG_ID, PDG_KEY, PDG_NAME, PDG_SYSTEM_FL,
PDG_SYSTEM_SERVER_PACKAGE, PDG_DELETE_FL, PDG_VERSION_ID, PTN_ID ) VALUES ( 
118, 36, 'ScrollLine2DSetElement', 'ScrollLine2D Set Element', 'Y', 'com.subexazure.spark.common.properties.propertygroups'
, 'N', 1, 1); 
INSERT INTO PROPERTY_DFN_GROUP ( PDG_ID, PDG_PARENT_PDG_ID, PDG_KEY, PDG_NAME, PDG_SYSTEM_FL,
PDG_SYSTEM_SERVER_PACKAGE, PDG_DELETE_FL, PDG_VERSION_ID, PTN_ID ) VALUES ( 
119, NULL, 'ScrollLine2DDatasetElement', 'ScrollLine2D Dataset Element', 'Y', 'com.subexazure.spark.common.properties.propertygroups'
, 'N', 1, 1); 
INSERT INTO PROPERTY_DFN_GROUP ( PDG_ID, PDG_PARENT_PDG_ID, PDG_KEY, PDG_NAME, PDG_SYSTEM_FL,
PDG_SYSTEM_SERVER_PACKAGE, PDG_DELETE_FL, PDG_VERSION_ID, PTN_ID ) VALUES ( 
120, NULL, 'ScrollLine2DCategoryElement', 'ScrollLine2D Category Element', 'Y', 'com.subexazure.spark.common.properties.propertygroups'
, 'N', 1, 1); 
INSERT INTO PROPERTY_DFN_GROUP ( PDG_ID, PDG_PARENT_PDG_ID, PDG_KEY, PDG_NAME, PDG_SYSTEM_FL,
PDG_SYSTEM_SERVER_PACKAGE, PDG_DELETE_FL, PDG_VERSION_ID, PTN_ID ) VALUES ( 
121, 37, 'ScrollLine2DCategoriesElement', 'ScrollLine2D Categories Element', 'Y', 'com.subexazure.spark.common.properties.propertygroups'
, 'N', 1, 1); 
INSERT INTO PROPERTY_DFN_GROUP ( PDG_ID, PDG_PARENT_PDG_ID, PDG_KEY, PDG_NAME, PDG_SYSTEM_FL,
PDG_SYSTEM_SERVER_PACKAGE, PDG_DELETE_FL, PDG_VERSION_ID, PTN_ID ) VALUES ( 
122, 38, 'ScrollLine2DTrendlineElement', 'Common Trendline Element', 'Y', 'com.subexazure.spark.common.properties.propertygroups'
, 'N', 1, 1); 
INSERT INTO PROPERTY_DFN_GROUP ( PDG_ID, PDG_PARENT_PDG_ID, PDG_KEY, PDG_NAME, PDG_SYSTEM_FL,
PDG_SYSTEM_SERVER_PACKAGE, PDG_DELETE_FL, PDG_VERSION_ID, PTN_ID ) VALUES ( 
123, 34, 'StackedArea2DChartAxesElement', 'StackedArea2D Chart Axes Element', 'Y'
, 'com.subexazure.spark.common.properties.propertygroups', 'N', 1, 1); 
INSERT INTO PROPERTY_DFN_GROUP ( PDG_ID, PDG_PARENT_PDG_ID, PDG_KEY, PDG_NAME, PDG_SYSTEM_FL,
PDG_SYSTEM_SERVER_PACKAGE, PDG_DELETE_FL, PDG_VERSION_ID, PTN_ID ) VALUES ( 
124, 35, 'StackedArea2DChartMiscElement', 'StackedArea2D Chart Misc Element', 'Y'
, 'com.subexazure.spark.common.properties.propertygroups', 'N', 1, 1); 
INSERT INTO PROPERTY_DFN_GROUP ( PDG_ID, PDG_PARENT_PDG_ID, PDG_KEY, PDG_NAME, PDG_SYSTEM_FL,
PDG_SYSTEM_SERVER_PACKAGE, PDG_DELETE_FL, PDG_VERSION_ID, PTN_ID ) VALUES ( 
125, 36, 'StackedArea2DSetElement', 'StackedArea2D Set Element', 'Y', 'com.subexazure.spark.common.properties.propertygroups'
, 'N', 1, 1); 
INSERT INTO PROPERTY_DFN_GROUP ( PDG_ID, PDG_PARENT_PDG_ID, PDG_KEY, PDG_NAME, PDG_SYSTEM_FL,
PDG_SYSTEM_SERVER_PACKAGE, PDG_DELETE_FL, PDG_VERSION_ID, PTN_ID ) VALUES ( 
126, NULL, 'StackedArea2DDatasetElement', 'StackedArea2D Dataset Element', 'Y', 'com.subexazure.spark.common.properties.propertygroups'
, 'N', 1, 1); 
INSERT INTO PROPERTY_DFN_GROUP ( PDG_ID, PDG_PARENT_PDG_ID, PDG_KEY, PDG_NAME, PDG_SYSTEM_FL,
PDG_SYSTEM_SERVER_PACKAGE, PDG_DELETE_FL, PDG_VERSION_ID, PTN_ID ) VALUES ( 
127, NULL, 'StackedArea2DCategoryElement', 'StackedArea2D Category Element', 'Y', 'com.subexazure.spark.common.properties.propertygroups'
, 'N', 1, 1); 
INSERT INTO PROPERTY_DFN_GROUP ( PDG_ID, PDG_PARENT_PDG_ID, PDG_KEY, PDG_NAME, PDG_SYSTEM_FL,
PDG_SYSTEM_SERVER_PACKAGE, PDG_DELETE_FL, PDG_VERSION_ID, PTN_ID ) VALUES ( 
128, 37, 'StackedArea2DCategoriesElement', 'StackedArea2D Categories Element', 'Y'
, 'com.subexazure.spark.common.properties.propertygroups', 'N', 1, 1); 
INSERT INTO PROPERTY_DFN_GROUP ( PDG_ID, PDG_PARENT_PDG_ID, PDG_KEY, PDG_NAME, PDG_SYSTEM_FL,
PDG_SYSTEM_SERVER_PACKAGE, PDG_DELETE_FL, PDG_VERSION_ID, PTN_ID ) VALUES ( 
129, 38, 'StackedArea2DTrendlineElement', 'Common Trendline Element', 'Y', 'com.subexazure.spark.common.properties.propertygroups'
, 'N', 1, 1); 
INSERT INTO PROPERTY_DFN_GROUP ( PDG_ID, PDG_PARENT_PDG_ID, PDG_KEY, PDG_NAME, PDG_SYSTEM_FL,
PDG_SYSTEM_SERVER_PACKAGE, PDG_DELETE_FL, PDG_VERSION_ID, PTN_ID ) VALUES ( 
130, 34, 'StackedBar2DChartAxesElement', 'StackedBar2D Chart Axes Element', 'Y', 'com.subexazure.spark.common.properties.propertygroups'
, 'N', 1, 1); 
INSERT INTO PROPERTY_DFN_GROUP ( PDG_ID, PDG_PARENT_PDG_ID, PDG_KEY, PDG_NAME, PDG_SYSTEM_FL,
PDG_SYSTEM_SERVER_PACKAGE, PDG_DELETE_FL, PDG_VERSION_ID, PTN_ID ) VALUES ( 
131, 35, 'StackedBar2DChartMiscElement', 'StackedBar2D Chart Misc Element', 'Y', 'com.subexazure.spark.common.properties.propertygroups'
, 'N', 1, 1); 
INSERT INTO PROPERTY_DFN_GROUP ( PDG_ID, PDG_PARENT_PDG_ID, PDG_KEY, PDG_NAME, PDG_SYSTEM_FL,
PDG_SYSTEM_SERVER_PACKAGE, PDG_DELETE_FL, PDG_VERSION_ID, PTN_ID ) VALUES ( 
132, 36, 'StackedBar2DSetElement', 'StackedBar2D Set Element', 'Y', 'com.subexazure.spark.common.properties.propertygroups'
, 'N', 1, 1); 
INSERT INTO PROPERTY_DFN_GROUP ( PDG_ID, PDG_PARENT_PDG_ID, PDG_KEY, PDG_NAME, PDG_SYSTEM_FL,
PDG_SYSTEM_SERVER_PACKAGE, PDG_DELETE_FL, PDG_VERSION_ID, PTN_ID ) VALUES ( 
133, NULL, 'StackedBar2DDatasetElement', 'StackedBar2D Dataset Element', 'Y', 'com.subexazure.spark.common.properties.propertygroups'
, 'N', 1, 1); 
INSERT INTO PROPERTY_DFN_GROUP ( PDG_ID, PDG_PARENT_PDG_ID, PDG_KEY, PDG_NAME, PDG_SYSTEM_FL,
PDG_SYSTEM_SERVER_PACKAGE, PDG_DELETE_FL, PDG_VERSION_ID, PTN_ID ) VALUES ( 
134, NULL, 'StackedBar2DCategoryElement', 'StackedBar2D Category Element', 'Y', 'com.subexazure.spark.common.properties.propertygroups'
, 'N', 1, 1); 
INSERT INTO PROPERTY_DFN_GROUP ( PDG_ID, PDG_PARENT_PDG_ID, PDG_KEY, PDG_NAME, PDG_SYSTEM_FL,
PDG_SYSTEM_SERVER_PACKAGE, PDG_DELETE_FL, PDG_VERSION_ID, PTN_ID ) VALUES ( 
135, 37, 'StackedBar2DCategoriesElement', 'StackedBar2D Categories Element', 'Y', 'com.subexazure.spark.common.properties.propertygroups'
, 'N', 1, 1); 
INSERT INTO PROPERTY_DFN_GROUP ( PDG_ID, PDG_PARENT_PDG_ID, PDG_KEY, PDG_NAME, PDG_SYSTEM_FL,
PDG_SYSTEM_SERVER_PACKAGE, PDG_DELETE_FL, PDG_VERSION_ID, PTN_ID ) VALUES ( 
136, 38, 'StackedBar2DTrendlineElement', 'Common Trendline Element', 'Y', 'com.subexazure.spark.common.properties.propertygroups'
, 'N', 1, 1); 
INSERT INTO PROPERTY_DFN_GROUP ( PDG_ID, PDG_PARENT_PDG_ID, PDG_KEY, PDG_NAME, PDG_SYSTEM_FL,
PDG_SYSTEM_SERVER_PACKAGE, PDG_DELETE_FL, PDG_VERSION_ID, PTN_ID ) VALUES ( 
137, 34, 'StackedColumn2DChartAxesElement', 'StackedColumn2D Chart Axes Element', 'Y'
, 'com.subexazure.spark.common.properties.propertygroups', 'N', 1, 1); 
INSERT INTO PROPERTY_DFN_GROUP ( PDG_ID, PDG_PARENT_PDG_ID, PDG_KEY, PDG_NAME, PDG_SYSTEM_FL,
PDG_SYSTEM_SERVER_PACKAGE, PDG_DELETE_FL, PDG_VERSION_ID, PTN_ID ) VALUES ( 
138, 35, 'StackedColumn2DChartMiscElement', 'StackedColumn2D Chart Misc Element', 'Y'
, 'com.subexazure.spark.common.properties.propertygroups', 'N', 1, 1); 
INSERT INTO PROPERTY_DFN_GROUP ( PDG_ID, PDG_PARENT_PDG_ID, PDG_KEY, PDG_NAME, PDG_SYSTEM_FL,
PDG_SYSTEM_SERVER_PACKAGE, PDG_DELETE_FL, PDG_VERSION_ID, PTN_ID ) VALUES ( 
139, 36, 'StackedColumn2DSetElement', 'StackedColumn2D Set Element', 'Y', 'com.subexazure.spark.common.properties.propertygroups'
, 'N', 1, 1); 
INSERT INTO PROPERTY_DFN_GROUP ( PDG_ID, PDG_PARENT_PDG_ID, PDG_KEY, PDG_NAME, PDG_SYSTEM_FL,
PDG_SYSTEM_SERVER_PACKAGE, PDG_DELETE_FL, PDG_VERSION_ID, PTN_ID ) VALUES ( 
140, NULL, 'StackedColumn2DDatasetElement', 'StackedColumn2D Dataset Element', 'Y'
, 'com.subexazure.spark.common.properties.propertygroups', 'N', 1, 1); 
INSERT INTO PROPERTY_DFN_GROUP ( PDG_ID, PDG_PARENT_PDG_ID, PDG_KEY, PDG_NAME, PDG_SYSTEM_FL,
PDG_SYSTEM_SERVER_PACKAGE, PDG_DELETE_FL, PDG_VERSION_ID, PTN_ID ) VALUES ( 
141, NULL, 'StackedColumn2DCategoryElement', 'StackedColumn2D Category Element', 'Y'
, 'com.subexazure.spark.common.properties.propertygroups', 'N', 1, 1); 
INSERT INTO PROPERTY_DFN_GROUP ( PDG_ID, PDG_PARENT_PDG_ID, PDG_KEY, PDG_NAME, PDG_SYSTEM_FL,
PDG_SYSTEM_SERVER_PACKAGE, PDG_DELETE_FL, PDG_VERSION_ID, PTN_ID ) VALUES ( 
142, 37, 'StackedColumn2DCategoriesElement', 'StackedColumn2D Categories Element'
, 'Y', 'com.subexazure.spark.common.properties.propertygroups', 'N', 1, 1); 
INSERT INTO PROPERTY_DFN_GROUP ( PDG_ID, PDG_PARENT_PDG_ID, PDG_KEY, PDG_NAME, PDG_SYSTEM_FL,
PDG_SYSTEM_SERVER_PACKAGE, PDG_DELETE_FL, PDG_VERSION_ID, PTN_ID ) VALUES ( 
143, 38, 'StackedColumn2DTrendlineElement', 'Common Trendline Element', 'Y', 'com.subexazure.spark.common.properties.propertygroups'
, 'N', 1, 1); 
INSERT INTO PROPERTY_DFN_GROUP ( PDG_ID, PDG_PARENT_PDG_ID, PDG_KEY, PDG_NAME, PDG_SYSTEM_FL,
PDG_SYSTEM_SERVER_PACKAGE, PDG_DELETE_FL, PDG_VERSION_ID, PTN_ID ) VALUES ( 
144, 34, 'StackedColumn3DChartAxesElement', 'StackedColumn3D Chart Axes Element', 'Y'
, 'com.subexazure.spark.common.properties.propertygroups', 'N', 1, 1); 
INSERT INTO PROPERTY_DFN_GROUP ( PDG_ID, PDG_PARENT_PDG_ID, PDG_KEY, PDG_NAME, PDG_SYSTEM_FL,
PDG_SYSTEM_SERVER_PACKAGE, PDG_DELETE_FL, PDG_VERSION_ID, PTN_ID ) VALUES ( 
145, 35, 'StackedColumn3DChartMiscElement', 'StackedColumn3D Chart Misc Element', 'Y'
, 'com.subexazure.spark.common.properties.propertygroups', 'N', 1, 1); 
INSERT INTO PROPERTY_DFN_GROUP ( PDG_ID, PDG_PARENT_PDG_ID, PDG_KEY, PDG_NAME, PDG_SYSTEM_FL,
PDG_SYSTEM_SERVER_PACKAGE, PDG_DELETE_FL, PDG_VERSION_ID, PTN_ID ) VALUES ( 
146, 36, 'StackedColumn3DSetElement', 'StackedColumn3D Set Element', 'Y', 'com.subexazure.spark.common.properties.propertygroups'
, 'N', 1, 1); 
INSERT INTO PROPERTY_DFN_GROUP ( PDG_ID, PDG_PARENT_PDG_ID, PDG_KEY, PDG_NAME, PDG_SYSTEM_FL,
PDG_SYSTEM_SERVER_PACKAGE, PDG_DELETE_FL, PDG_VERSION_ID, PTN_ID ) VALUES ( 
147, NULL, 'StackedColumn3DDatasetElement', 'StackedColumn3D Dataset Element', 'Y'
, 'com.subexazure.spark.common.properties.propertygroups', 'N', 1, 1); 
INSERT INTO PROPERTY_DFN_GROUP ( PDG_ID, PDG_PARENT_PDG_ID, PDG_KEY, PDG_NAME, PDG_SYSTEM_FL,
PDG_SYSTEM_SERVER_PACKAGE, PDG_DELETE_FL, PDG_VERSION_ID, PTN_ID ) VALUES ( 
148, NULL, 'StackedColumn3DCategoryElement', 'StackedColumn3D Category Element', 'Y'
, 'com.subexazure.spark.common.properties.propertygroups', 'N', 1, 1); 
INSERT INTO PROPERTY_DFN_GROUP ( PDG_ID, PDG_PARENT_PDG_ID, PDG_KEY, PDG_NAME, PDG_SYSTEM_FL,
PDG_SYSTEM_SERVER_PACKAGE, PDG_DELETE_FL, PDG_VERSION_ID, PTN_ID ) VALUES ( 
149, 37, 'StackedColumn3DCategoriesElement', 'StackedColumn3D Categories Element'
, 'Y', 'com.subexazure.spark.common.properties.propertygroups', 'N', 1, 1); 
INSERT INTO PROPERTY_DFN_GROUP ( PDG_ID, PDG_PARENT_PDG_ID, PDG_KEY, PDG_NAME, PDG_SYSTEM_FL,
PDG_SYSTEM_SERVER_PACKAGE, PDG_DELETE_FL, PDG_VERSION_ID, PTN_ID ) VALUES ( 
150, 38, 'StackedColumn3DTrendlineElement', 'Common Trendline Element', 'Y', 'com.subexazure.spark.common.properties.propertygroups'
, 'N', 1, 1); 
INSERT INTO PROPERTY_DFN_GROUP ( PDG_ID, PDG_PARENT_PDG_ID, PDG_KEY, PDG_NAME, PDG_SYSTEM_FL,
PDG_SYSTEM_SERVER_PACKAGE, PDG_DELETE_FL, PDG_VERSION_ID, PTN_ID ) VALUES ( 
151, NULL, 'AngularGuageChartElement', 'Angular Guage Chart Element', 'Y', 'com.subexazure.spark.common.properties.propertygroups'
, 'N', 2, 1); 
INSERT INTO PROPERTY_DFN_GROUP ( PDG_ID, PDG_PARENT_PDG_ID, PDG_KEY, PDG_NAME, PDG_SYSTEM_FL,
PDG_SYSTEM_SERVER_PACKAGE, PDG_DELETE_FL, PDG_VERSION_ID, PTN_ID ) VALUES ( 
152, NULL, 'BulbChartElement', 'Bulb Chart Element', 'Y', 'com.subexazure.spark.common.properties.propertygroups'
, 'N', 1, 1); 
INSERT INTO PROPERTY_DFN_GROUP ( PDG_ID, PDG_PARENT_PDG_ID, PDG_KEY, PDG_NAME, PDG_SYSTEM_FL,
PDG_SYSTEM_SERVER_PACKAGE, PDG_DELETE_FL, PDG_VERSION_ID, PTN_ID ) VALUES ( 
153, 34, 'MSColumn3DLineDYChartAxesElement', 'MS Column3D Line DY Chart Axes Element'
, 'Y', 'com.subexazure.spark.common.properties.propertygroups', 'N', 1, 1); 
INSERT INTO PROPERTY_DFN_GROUP ( PDG_ID, PDG_PARENT_PDG_ID, PDG_KEY, PDG_NAME, PDG_SYSTEM_FL,
PDG_SYSTEM_SERVER_PACKAGE, PDG_DELETE_FL, PDG_VERSION_ID, PTN_ID ) VALUES ( 
154, 35, 'MSColumn3DLineDYChartMiscElement', 'MS Column3D Line DY Chart Misc Element'
, 'Y', 'com.subexazure.spark.common.properties.propertygroups', 'N', 1, 1); 
INSERT INTO PROPERTY_DFN_GROUP ( PDG_ID, PDG_PARENT_PDG_ID, PDG_KEY, PDG_NAME, PDG_SYSTEM_FL,
PDG_SYSTEM_SERVER_PACKAGE, PDG_DELETE_FL, PDG_VERSION_ID, PTN_ID ) VALUES ( 
155, 36, 'MSColumn3DLineDYSetElement', 'MS Column3D Line DY Set Element', 'Y', 'com.subexazure.spark.common.properties.propertygroups'
, 'N', 1, 1); 
INSERT INTO PROPERTY_DFN_GROUP ( PDG_ID, PDG_PARENT_PDG_ID, PDG_KEY, PDG_NAME, PDG_SYSTEM_FL,
PDG_SYSTEM_SERVER_PACKAGE, PDG_DELETE_FL, PDG_VERSION_ID, PTN_ID ) VALUES ( 
156, NULL, 'MSColumn3DLineDYDatasetElement', 'MS Column3D Line DY Dataset Element'
, 'Y', 'com.subexazure.spark.common.properties.propertygroups', 'N', 1, 1); 
INSERT INTO PROPERTY_DFN_GROUP ( PDG_ID, PDG_PARENT_PDG_ID, PDG_KEY, PDG_NAME, PDG_SYSTEM_FL,
PDG_SYSTEM_SERVER_PACKAGE, PDG_DELETE_FL, PDG_VERSION_ID, PTN_ID ) VALUES ( 
157, NULL, 'MSColumn3DLineDYCategoryElement', 'MS Column3D Line DY Category Element'
, 'Y', 'com.subexazure.spark.common.properties.propertygroups', 'N', 1, 1); 
INSERT INTO PROPERTY_DFN_GROUP ( PDG_ID, PDG_PARENT_PDG_ID, PDG_KEY, PDG_NAME, PDG_SYSTEM_FL,
PDG_SYSTEM_SERVER_PACKAGE, PDG_DELETE_FL, PDG_VERSION_ID, PTN_ID ) VALUES ( 
158, 37, 'MSColumn3DLineDYCategoriesElement', 'MS Column3D Line DY Categories Element'
, 'Y', 'com.subexazure.spark.common.properties.propertygroups', 'N', 1, 1); 
INSERT INTO PROPERTY_DFN_GROUP ( PDG_ID, PDG_PARENT_PDG_ID, PDG_KEY, PDG_NAME, PDG_SYSTEM_FL,
PDG_SYSTEM_SERVER_PACKAGE, PDG_DELETE_FL, PDG_VERSION_ID, PTN_ID ) VALUES ( 
159, 34, 'StackedColumn3DLineDYChartAxesElement', 'Stacked Column3D Line DY Chart Axes Element'
, 'Y', 'com.subexazure.spark.common.properties.propertygroups', 'N', 1, 1); 
INSERT INTO PROPERTY_DFN_GROUP ( PDG_ID, PDG_PARENT_PDG_ID, PDG_KEY, PDG_NAME, PDG_SYSTEM_FL,
PDG_SYSTEM_SERVER_PACKAGE, PDG_DELETE_FL, PDG_VERSION_ID, PTN_ID ) VALUES ( 
160, 35, 'StackedColumn3DLineDYChartMiscElement', 'Stacked Column3D Line DY Chart Misc Element'
, 'Y', 'com.subexazure.spark.common.properties.propertygroups', 'N', 1, 1); 
INSERT INTO PROPERTY_DFN_GROUP ( PDG_ID, PDG_PARENT_PDG_ID, PDG_KEY, PDG_NAME, PDG_SYSTEM_FL,
PDG_SYSTEM_SERVER_PACKAGE, PDG_DELETE_FL, PDG_VERSION_ID, PTN_ID ) VALUES ( 
161, 36, 'StackedColumn3DLineDYSetElement', 'Stacked Column3D Line DY Set Element'
, 'Y', 'com.subexazure.spark.common.properties.propertygroups', 'N', 1, 1); 
INSERT INTO PROPERTY_DFN_GROUP ( PDG_ID, PDG_PARENT_PDG_ID, PDG_KEY, PDG_NAME, PDG_SYSTEM_FL,
PDG_SYSTEM_SERVER_PACKAGE, PDG_DELETE_FL, PDG_VERSION_ID, PTN_ID ) VALUES ( 
162, NULL, 'StackedColumn3DLineDYDatasetElement', 'Stacked Column3D Line DY Dataset Element'
, 'Y', 'com.subexazure.spark.common.properties.propertygroups', 'N', 1, 1); 
INSERT INTO PROPERTY_DFN_GROUP ( PDG_ID, PDG_PARENT_PDG_ID, PDG_KEY, PDG_NAME, PDG_SYSTEM_FL,
PDG_SYSTEM_SERVER_PACKAGE, PDG_DELETE_FL, PDG_VERSION_ID, PTN_ID ) VALUES ( 
163, NULL, 'StackedColumn3DLineDYCategoryElement', 'Stacked Column3D Line DY Category Element'
, 'Y', 'com.subexazure.spark.common.properties.propertygroups', 'N', 1, 1); 
INSERT INTO PROPERTY_DFN_GROUP ( PDG_ID, PDG_PARENT_PDG_ID, PDG_KEY, PDG_NAME, PDG_SYSTEM_FL,
PDG_SYSTEM_SERVER_PACKAGE, PDG_DELETE_FL, PDG_VERSION_ID, PTN_ID ) VALUES ( 
164, 37, 'StackedColumn3DLineDYCategoriesElement', 'Stacked Column3D Line DY Categories Element'
, 'Y', 'com.subexazure.spark.common.properties.propertygroups', 'N', 1, 1); 
INSERT INTO PROPERTY_DFN_GROUP ( PDG_ID, PDG_PARENT_PDG_ID, PDG_KEY, PDG_NAME, PDG_SYSTEM_FL,
PDG_SYSTEM_SERVER_PACKAGE, PDG_DELETE_FL, PDG_VERSION_ID, PTN_ID ) VALUES ( 
165, NULL, 'SparkPerspective', 'Spark Perspective', 'Y', NULL, 'N', 2, 1); 
INSERT INTO PROPERTY_DFN_GROUP ( PDG_ID, PDG_PARENT_PDG_ID, PDG_KEY, PDG_NAME, PDG_SYSTEM_FL,
PDG_SYSTEM_SERVER_PACKAGE, PDG_DELETE_FL, PDG_VERSION_ID, PTN_ID ) VALUES ( 
166, NULL, 'BasicPerspective', 'Basic Perspective', 'Y', NULL, 'N', 2, 1); 
INSERT INTO PROPERTY_DFN_GROUP ( PDG_ID, PDG_PARENT_PDG_ID, PDG_KEY, PDG_NAME, PDG_SYSTEM_FL,
PDG_SYSTEM_SERVER_PACKAGE, PDG_DELETE_FL, PDG_VERSION_ID, PTN_ID ) VALUES ( 
167, NULL, 'GenerateReportProperties', 'Generate Report Properties', 'Y', 'com.subexazure.spark.common.properties.propertygroups'
, 'N', 1, 1); 
INSERT INTO PROPERTY_DFN_GROUP ( PDG_ID, PDG_PARENT_PDG_ID, PDG_KEY, PDG_NAME, PDG_SYSTEM_FL,
PDG_SYSTEM_SERVER_PACKAGE, PDG_DELETE_FL, PDG_VERSION_ID, PTN_ID ) VALUES ( 
1, NULL, 'ClientProperties', 'Client Properties', 'Y', 'com.subexazure.spark.common.properties.propertygroups'
, 'N', 1, 1); 
INSERT INTO PROPERTY_DFN_GROUP ( PDG_ID, PDG_PARENT_PDG_ID, PDG_KEY, PDG_NAME, PDG_SYSTEM_FL,
PDG_SYSTEM_SERVER_PACKAGE, PDG_DELETE_FL, PDG_VERSION_ID, PTN_ID ) VALUES ( 
2, NULL, 'CopyFileActionProperties', 'Copy File Action Properties', 'Y', 'com.subexazure.spark.common.properties.propertygroups'
, 'N', 1, 1); 
INSERT INTO PROPERTY_DFN_GROUP ( PDG_ID, PDG_PARENT_PDG_ID, PDG_KEY, PDG_NAME, PDG_SYSTEM_FL,
PDG_SYSTEM_SERVER_PACKAGE, PDG_DELETE_FL, PDG_VERSION_ID, PTN_ID ) VALUES ( 
3, NULL, 'CorrectionProperties', 'Correction Properties', 'Y', 'com.subexazure.spark.common.properties.propertygroups'
, 'N', 1, 1); 
INSERT INTO PROPERTY_DFN_GROUP ( PDG_ID, PDG_PARENT_PDG_ID, PDG_KEY, PDG_NAME, PDG_SYSTEM_FL,
PDG_SYSTEM_SERVER_PACKAGE, PDG_DELETE_FL, PDG_VERSION_ID, PTN_ID ) VALUES ( 
4, NULL, 'CaseEscalationProperties', 'Case Escalation Properties', 'Y', 'com.subexazure.spark.common.properties.propertygroups'
, 'N', 1, 1); 
INSERT INTO PROPERTY_DFN_GROUP ( PDG_ID, PDG_PARENT_PDG_ID, PDG_KEY, PDG_NAME, PDG_SYSTEM_FL,
PDG_SYSTEM_SERVER_PACKAGE, PDG_DELETE_FL, PDG_VERSION_ID, PTN_ID ) VALUES ( 
5, NULL, 'DuplicateProperties', 'Duplicate Properties', 'Y', 'com.subexazure.spark.common.properties.propertygroups'
, 'N', 1, 1); 
INSERT INTO PROPERTY_DFN_GROUP ( PDG_ID, PDG_PARENT_PDG_ID, PDG_KEY, PDG_NAME, PDG_SYSTEM_FL,
PDG_SYSTEM_SERVER_PACKAGE, PDG_DELETE_FL, PDG_VERSION_ID, PTN_ID ) VALUES ( 
6, NULL, 'CreateFileTaskActionProperties', 'Create File Task Action Properties', 'Y'
, 'com.subexazure.spark.common.properties.propertygroups', 'N', 1, 1); 
INSERT INTO PROPERTY_DFN_GROUP ( PDG_ID, PDG_PARENT_PDG_ID, PDG_KEY, PDG_NAME, PDG_SYSTEM_FL,
PDG_SYSTEM_SERVER_PACKAGE, PDG_DELETE_FL, PDG_VERSION_ID, PTN_ID ) VALUES ( 
7, NULL, 'CreateIndexProperties', 'Create Index Properties', 'Y', 'com.subexazure.spark.common.properties.propertygroups'
, 'N', 1, 1); 
INSERT INTO PROPERTY_DFN_GROUP ( PDG_ID, PDG_PARENT_PDG_ID, PDG_KEY, PDG_NAME, PDG_SYSTEM_FL,
PDG_SYSTEM_SERVER_PACKAGE, PDG_DELETE_FL, PDG_VERSION_ID, PTN_ID ) VALUES ( 
8, NULL, 'CreateTaskActionProperties', 'Create Task Action Properties', 'Y', 'com.subexazure.spark.common.properties.propertygroups'
, 'N', 1, 1); 
INSERT INTO PROPERTY_DFN_GROUP ( PDG_ID, PDG_PARENT_PDG_ID, PDG_KEY, PDG_NAME, PDG_SYSTEM_FL,
PDG_SYSTEM_SERVER_PACKAGE, PDG_DELETE_FL, PDG_VERSION_ID, PTN_ID ) VALUES ( 
9, NULL, 'DataLoadProperties', 'Data Load Properties', 'Y', 'com.subexazure.spark.common.properties.propertygroups'
, 'N', 1, 1); 
INSERT INTO PROPERTY_DFN_GROUP ( PDG_ID, PDG_PARENT_PDG_ID, PDG_KEY, PDG_NAME, PDG_SYSTEM_FL,
PDG_SYSTEM_SERVER_PACKAGE, PDG_DELETE_FL, PDG_VERSION_ID, PTN_ID ) VALUES ( 
10, NULL, 'DataSourceConnectionProperties', 'Data Source Connection Properties', 'Y'
, 'com.subexazure.spark.common.properties.propertygroups', 'N', 1, 1); 
INSERT INTO PROPERTY_DFN_GROUP ( PDG_ID, PDG_PARENT_PDG_ID, PDG_KEY, PDG_NAME, PDG_SYSTEM_FL,
PDG_SYSTEM_SERVER_PACKAGE, PDG_DELETE_FL, PDG_VERSION_ID, PTN_ID ) VALUES ( 
11, NULL, 'DataSourceLocationProperties', 'Data Source Location Properties', 'Y', 'com.subexazure.spark.common.properties.propertygroups'
, 'N', 1, 1); 
INSERT INTO PROPERTY_DFN_GROUP ( PDG_ID, PDG_PARENT_PDG_ID, PDG_KEY, PDG_NAME, PDG_SYSTEM_FL,
PDG_SYSTEM_SERVER_PACKAGE, PDG_DELETE_FL, PDG_VERSION_ID, PTN_ID ) VALUES ( 
12, NULL, 'DataSourceTypeProperties', 'Data Source Type Properties', 'Y', 'com.subexazure.spark.common.properties.propertygroups'
, 'N', 1, 1); 
INSERT INTO PROPERTY_DFN_GROUP ( PDG_ID, PDG_PARENT_PDG_ID, PDG_KEY, PDG_NAME, PDG_SYSTEM_FL,
PDG_SYSTEM_SERVER_PACKAGE, PDG_DELETE_FL, PDG_VERSION_ID, PTN_ID ) VALUES ( 
13, NULL, 'DeleteFileActionProperties', 'Delete File Action Properties', 'Y', 'com.subexazure.spark.common.properties.propertygroups'
, 'N', 1, 1); 
INSERT INTO PROPERTY_DFN_GROUP ( PDG_ID, PDG_PARENT_PDG_ID, PDG_KEY, PDG_NAME, PDG_SYSTEM_FL,
PDG_SYSTEM_SERVER_PACKAGE, PDG_DELETE_FL, PDG_VERSION_ID, PTN_ID ) VALUES ( 
14, NULL, 'FileTriggerProperties', 'File Trigger Properties', 'Y', 'com.subexazure.spark.common.properties.propertygroups'
, 'N', 1, 1); 
INSERT INTO PROPERTY_DFN_GROUP ( PDG_ID, PDG_PARENT_PDG_ID, PDG_KEY, PDG_NAME, PDG_SYSTEM_FL,
PDG_SYSTEM_SERVER_PACKAGE, PDG_DELETE_FL, PDG_VERSION_ID, PTN_ID ) VALUES ( 
15, NULL, 'FTPFileSourceProperties', 'FTP File Source Properties', 'Y', 'com.subexazure.spark.common.properties.propertygroups'
, 'N', 1, 1); 
INSERT INTO PROPERTY_DFN_GROUP ( PDG_ID, PDG_PARENT_PDG_ID, PDG_KEY, PDG_NAME, PDG_SYSTEM_FL,
PDG_SYSTEM_SERVER_PACKAGE, PDG_DELETE_FL, PDG_VERSION_ID, PTN_ID ) VALUES ( 
16, NULL, 'GenericProperties', 'Generic Properties', 'Y', 'com.subexazure.spark.common.properties.propertygroups'
, 'N', 1, 1); 
INSERT INTO PROPERTY_DFN_GROUP ( PDG_ID, PDG_PARENT_PDG_ID, PDG_KEY, PDG_NAME, PDG_SYSTEM_FL,
PDG_SYSTEM_SERVER_PACKAGE, PDG_DELETE_FL, PDG_VERSION_ID, PTN_ID ) VALUES ( 
17, NULL, 'LocalFileSourceProperties', 'Local File Source Properties', 'Y', 'com.subexazure.spark.common.properties.propertygroups'
, 'N', 1, 1); 
INSERT INTO PROPERTY_DFN_GROUP ( PDG_ID, PDG_PARENT_PDG_ID, PDG_KEY, PDG_NAME, PDG_SYSTEM_FL,
PDG_SYSTEM_SERVER_PACKAGE, PDG_DELETE_FL, PDG_VERSION_ID, PTN_ID ) VALUES ( 
18, NULL, 'MoveFileActionProperties', 'Move File Action Properties', 'Y', 'com.subexazure.spark.common.properties.propertygroups'
, 'N', 1, 1); 
INSERT INTO PROPERTY_DFN_GROUP ( PDG_ID, PDG_PARENT_PDG_ID, PDG_KEY, PDG_NAME, PDG_SYSTEM_FL,
PDG_SYSTEM_SERVER_PACKAGE, PDG_DELETE_FL, PDG_VERSION_ID, PTN_ID ) VALUES ( 
19, NULL, 'QueryRequestProperties', 'Query Request Properties', 'Y', 'com.subexazure.spark.common.properties.propertygroups'
, 'N', 1, 1); 
INSERT INTO PROPERTY_DFN_GROUP ( PDG_ID, PDG_PARENT_PDG_ID, PDG_KEY, PDG_NAME, PDG_SYSTEM_FL,
PDG_SYSTEM_SERVER_PACKAGE, PDG_DELETE_FL, PDG_VERSION_ID, PTN_ID ) VALUES ( 
20, NULL, 'ParseProperties', 'Parse Properties', 'Y', 'com.subexazure.spark.common.properties.propertygroups'
, 'N', 1, 1); 
INSERT INTO PROPERTY_DFN_GROUP ( PDG_ID, PDG_PARENT_PDG_ID, PDG_KEY, PDG_NAME, PDG_SYSTEM_FL,
PDG_SYSTEM_SERVER_PACKAGE, PDG_DELETE_FL, PDG_VERSION_ID, PTN_ID ) VALUES ( 
21, NULL, 'FileSequenceCheckProperties', 'FileSequenceCheck Properties', 'Y', 'com.subexazure.spark.common.properties.propertygroups'
, 'N', 1, 1); 
INSERT INTO PROPERTY_DFN_GROUP ( PDG_ID, PDG_PARENT_PDG_ID, PDG_KEY, PDG_NAME, PDG_SYSTEM_FL,
PDG_SYSTEM_SERVER_PACKAGE, PDG_DELETE_FL, PDG_VERSION_ID, PTN_ID ) VALUES ( 
22, NULL, 'InterFileRecordSequenceCheckProperties', 'InterFileRecordSequenceCheck Properties'
, 'Y', 'com.subexazure.spark.common.properties.propertygroups', 'N', 1, 1); 
INSERT INTO PROPERTY_DFN_GROUP ( PDG_ID, PDG_PARENT_PDG_ID, PDG_KEY, PDG_NAME, PDG_SYSTEM_FL,
PDG_SYSTEM_SERVER_PACKAGE, PDG_DELETE_FL, PDG_VERSION_ID, PTN_ID ) VALUES ( 
23, NULL, 'RenameFileActionProperties', 'Rename File Action Properties', 'Y', 'com.subexazure.spark.common.properties.propertygroups'
, 'N', 1, 1); 
INSERT INTO PROPERTY_DFN_GROUP ( PDG_ID, PDG_PARENT_PDG_ID, PDG_KEY, PDG_NAME, PDG_SYSTEM_FL,
PDG_SYSTEM_SERVER_PACKAGE, PDG_DELETE_FL, PDG_VERSION_ID, PTN_ID ) VALUES ( 
24, NULL, 'ScheduleTaskActionProperties', 'Schedule Task Action Properties', 'Y', 'com.subexazure.spark.common.properties.propertygroups'
, 'N', 1, 1); 
INSERT INTO PROPERTY_DFN_GROUP ( PDG_ID, PDG_PARENT_PDG_ID, PDG_KEY, PDG_NAME, PDG_SYSTEM_FL,
PDG_SYSTEM_SERVER_PACKAGE, PDG_DELETE_FL, PDG_VERSION_ID, PTN_ID ) VALUES ( 
25, NULL, 'ServerProperties', 'Server Properties', 'Y', 'com.subexazure.spark.common.properties.propertygroups'
, 'N', 1, 1); 
INSERT INTO PROPERTY_DFN_GROUP ( PDG_ID, PDG_PARENT_PDG_ID, PDG_KEY, PDG_NAME, PDG_SYSTEM_FL,
PDG_SYSTEM_SERVER_PACKAGE, PDG_DELETE_FL, PDG_VERSION_ID, PTN_ID ) VALUES ( 
26, NULL, 'StandardUserNameValidationProperties', 'Standard User Name Validation Properties'
, 'Y', 'com.subexazure.spark.common.properties.propertygroups', 'N', 1, 1); 
INSERT INTO PROPERTY_DFN_GROUP ( PDG_ID, PDG_PARENT_PDG_ID, PDG_KEY, PDG_NAME, PDG_SYSTEM_FL,
PDG_SYSTEM_SERVER_PACKAGE, PDG_DELETE_FL, PDG_VERSION_ID, PTN_ID ) VALUES ( 
27, NULL, 'StandardUserPasswordValidationProperties', 'Standard User Password Validation Properties'
, 'Y', 'com.subexazure.spark.common.properties.propertygroups', 'N', 1, 1); 
INSERT INTO PROPERTY_DFN_GROUP ( PDG_ID, PDG_PARENT_PDG_ID, PDG_KEY, PDG_NAME, PDG_SYSTEM_FL,
PDG_SYSTEM_SERVER_PACKAGE, PDG_DELETE_FL, PDG_VERSION_ID, PTN_ID ) VALUES ( 
28, NULL, 'StreamControllerProperties', 'Stream Controller Properties', 'Y', 'com.subexazure.spark.common.properties.propertygroups'
, 'N', 1, 1); 
INSERT INTO PROPERTY_DFN_GROUP ( PDG_ID, PDG_PARENT_PDG_ID, PDG_KEY, PDG_NAME, PDG_SYSTEM_FL,
PDG_SYSTEM_SERVER_PACKAGE, PDG_DELETE_FL, PDG_VERSION_ID, PTN_ID ) VALUES ( 
29, NULL, 'SystemProperties', 'System Properties', 'Y', 'com.subexazure.spark.common.properties.propertygroups'
, 'N', 1, 1); 
INSERT INTO PROPERTY_DFN_GROUP ( PDG_ID, PDG_PARENT_PDG_ID, PDG_KEY, PDG_NAME, PDG_SYSTEM_FL,
PDG_SYSTEM_SERVER_PACKAGE, PDG_DELETE_FL, PDG_VERSION_ID, PTN_ID ) VALUES ( 
30, NULL, 'TaskArchiveProperties', 'Task Archive Properties', 'Y', 'com.subexazure.spark.common.properties.propertygroups'
, 'N', 1, 1); 
INSERT INTO PROPERTY_DFN_GROUP ( PDG_ID, PDG_PARENT_PDG_ID, PDG_KEY, PDG_NAME, PDG_SYSTEM_FL,
PDG_SYSTEM_SERVER_PACKAGE, PDG_DELETE_FL, PDG_VERSION_ID, PTN_ID ) VALUES ( 
31, NULL, 'TaskCompletedTriggerProperties', 'Task Completed Trigger Properties', 'Y'
, 'com.subexazure.spark.common.properties.propertygroups', 'N', 1, 1); 
INSERT INTO PROPERTY_DFN_GROUP ( PDG_ID, PDG_PARENT_PDG_ID, PDG_KEY, PDG_NAME, PDG_SYSTEM_FL,
PDG_SYSTEM_SERVER_PACKAGE, PDG_DELETE_FL, PDG_VERSION_ID, PTN_ID ) VALUES ( 
32, NULL, 'TaskControllerProperties', 'Task Controller Properties', 'Y', 'com.subexazure.spark.common.properties.propertygroups'
, 'N', 1, 1); 
INSERT INTO PROPERTY_DFN_GROUP ( PDG_ID, PDG_PARENT_PDG_ID, PDG_KEY, PDG_NAME, PDG_SYSTEM_FL,
PDG_SYSTEM_SERVER_PACKAGE, PDG_DELETE_FL, PDG_VERSION_ID, PTN_ID ) VALUES ( 
33, NULL, 'UserProperties', 'User Properties', 'Y', 'com.subexazure.spark.common.properties.propertygroups'
, 'N', 1, 1); 
INSERT INTO PROPERTY_DFN_GROUP ( PDG_ID, PDG_PARENT_PDG_ID, PDG_KEY, PDG_NAME, PDG_SYSTEM_FL,
PDG_SYSTEM_SERVER_PACKAGE, PDG_DELETE_FL, PDG_VERSION_ID, PTN_ID ) VALUES ( 
34, NULL, 'CommonChartAxesElement', 'Common Chart Axes Element', 'Y', 'com.subexazure.spark.common.properties.propertygroups'
, 'N', 2, 1); 
INSERT INTO PROPERTY_DFN_GROUP ( PDG_ID, PDG_PARENT_PDG_ID, PDG_KEY, PDG_NAME, PDG_SYSTEM_FL,
PDG_SYSTEM_SERVER_PACKAGE, PDG_DELETE_FL, PDG_VERSION_ID, PTN_ID ) VALUES ( 
35, NULL, 'CommonChartMiscElement', 'Common Chart Misc Element', 'Y', 'com.subexazure.spark.common.properties.propertygroups'
, 'N', 2, 1); 
INSERT INTO PROPERTY_DFN_GROUP ( PDG_ID, PDG_PARENT_PDG_ID, PDG_KEY, PDG_NAME, PDG_SYSTEM_FL,
PDG_SYSTEM_SERVER_PACKAGE, PDG_DELETE_FL, PDG_VERSION_ID, PTN_ID ) VALUES ( 
36, NULL, 'CommonSetElement', 'Common Set Element', 'Y', 'com.subexazure.spark.common.properties.propertygroups'
, 'N', 2, 1); 
INSERT INTO PROPERTY_DFN_GROUP ( PDG_ID, PDG_PARENT_PDG_ID, PDG_KEY, PDG_NAME, PDG_SYSTEM_FL,
PDG_SYSTEM_SERVER_PACKAGE, PDG_DELETE_FL, PDG_VERSION_ID, PTN_ID ) VALUES ( 
37, NULL, 'CommonCategoriesElement', 'Common Categories Element', 'Y', 'com.subexazure.spark.common.properties.propertygroups'
, 'N', 2, 1); 
INSERT INTO PROPERTY_DFN_GROUP ( PDG_ID, PDG_PARENT_PDG_ID, PDG_KEY, PDG_NAME, PDG_SYSTEM_FL,
PDG_SYSTEM_SERVER_PACKAGE, PDG_DELETE_FL, PDG_VERSION_ID, PTN_ID ) VALUES ( 
38, NULL, 'CommonTrendlineElement', 'Common Trendline Element', 'Y', 'com.subexazure.spark.common.properties.propertygroups'
, 'N', 2, 1); 
INSERT INTO PROPERTY_DFN_GROUP ( PDG_ID, PDG_PARENT_PDG_ID, PDG_KEY, PDG_NAME, PDG_SYSTEM_FL,
PDG_SYSTEM_SERVER_PACKAGE, PDG_DELETE_FL, PDG_VERSION_ID, PTN_ID ) VALUES ( 
39, 34, 'Area2DChartAxesElement', 'Area2D Chart Axes Element', 'Y', 'com.subexazure.spark.common.properties.propertygroups'
, 'N', 1, 1); 
INSERT INTO PROPERTY_DFN_GROUP ( PDG_ID, PDG_PARENT_PDG_ID, PDG_KEY, PDG_NAME, PDG_SYSTEM_FL,
PDG_SYSTEM_SERVER_PACKAGE, PDG_DELETE_FL, PDG_VERSION_ID, PTN_ID ) VALUES ( 
40, 35, 'Area2DChartMiscElement', 'Area2D Misc Element', 'Y', 'com.subexazure.spark.common.properties.propertygroups'
, 'N', 1, 1); 
INSERT INTO PROPERTY_DFN_GROUP ( PDG_ID, PDG_PARENT_PDG_ID, PDG_KEY, PDG_NAME, PDG_SYSTEM_FL,
PDG_SYSTEM_SERVER_PACKAGE, PDG_DELETE_FL, PDG_VERSION_ID, PTN_ID ) VALUES ( 
41, 36, 'Area2DSetElement', 'Area2D Set Element', 'Y', 'com.subexazure.spark.common.properties.propertygroups'
, 'N', 1, 1); 
INSERT INTO PROPERTY_DFN_GROUP ( PDG_ID, PDG_PARENT_PDG_ID, PDG_KEY, PDG_NAME, PDG_SYSTEM_FL,
PDG_SYSTEM_SERVER_PACKAGE, PDG_DELETE_FL, PDG_VERSION_ID, PTN_ID ) VALUES ( 
42, 38, 'Area2DTrendlineElement', 'Common Trendline Element', 'Y', 'com.subexazure.spark.common.properties.propertygroups'
, 'N', 1, 1); 
INSERT INTO PROPERTY_DFN_GROUP ( PDG_ID, PDG_PARENT_PDG_ID, PDG_KEY, PDG_NAME, PDG_SYSTEM_FL,
PDG_SYSTEM_SERVER_PACKAGE, PDG_DELETE_FL, PDG_VERSION_ID, PTN_ID ) VALUES ( 
43, 34, 'MSAreaChartAxesElement', 'MSArea Chart Axes Element', 'Y', 'com.subexazure.spark.common.properties.propertygroups'
, 'N', 1, 1); 
INSERT INTO PROPERTY_DFN_GROUP ( PDG_ID, PDG_PARENT_PDG_ID, PDG_KEY, PDG_NAME, PDG_SYSTEM_FL,
PDG_SYSTEM_SERVER_PACKAGE, PDG_DELETE_FL, PDG_VERSION_ID, PTN_ID ) VALUES ( 
44, 35, 'MSAreaChartMiscElement', 'MSArea Misc Element', 'Y', 'com.subexazure.spark.common.properties.propertygroups'
, 'N', 1, 1); 
INSERT INTO PROPERTY_DFN_GROUP ( PDG_ID, PDG_PARENT_PDG_ID, PDG_KEY, PDG_NAME, PDG_SYSTEM_FL,
PDG_SYSTEM_SERVER_PACKAGE, PDG_DELETE_FL, PDG_VERSION_ID, PTN_ID ) VALUES ( 
45, 36, 'MSAreaSetElement', 'MSArea Set Element', 'Y', 'com.subexazure.spark.common.properties.propertygroups'
, 'N', 1, 1); 
INSERT INTO PROPERTY_DFN_GROUP ( PDG_ID, PDG_PARENT_PDG_ID, PDG_KEY, PDG_NAME, PDG_SYSTEM_FL,
PDG_SYSTEM_SERVER_PACKAGE, PDG_DELETE_FL, PDG_VERSION_ID, PTN_ID ) VALUES ( 
46, NULL, 'MSAreaDatasetElement', 'MSArea Dataset Element', 'Y', 'com.subexazure.spark.common.properties.propertygroups'
, 'N', 1, 1); 
INSERT INTO PROPERTY_DFN_GROUP ( PDG_ID, PDG_PARENT_PDG_ID, PDG_KEY, PDG_NAME, PDG_SYSTEM_FL,
PDG_SYSTEM_SERVER_PACKAGE, PDG_DELETE_FL, PDG_VERSION_ID, PTN_ID ) VALUES ( 
47, NULL, 'MSAreaCategoryElement', 'MSArea Category Element', 'Y', 'com.subexazure.spark.common.properties.propertygroups'
, 'N', 1, 1); 
INSERT INTO PROPERTY_DFN_GROUP ( PDG_ID, PDG_PARENT_PDG_ID, PDG_KEY, PDG_NAME, PDG_SYSTEM_FL,
PDG_SYSTEM_SERVER_PACKAGE, PDG_DELETE_FL, PDG_VERSION_ID, PTN_ID ) VALUES ( 
48, 37, 'MSAreaCategoriesElement', 'MSArea Categories Element', 'Y', 'com.subexazure.spark.common.properties.propertygroups'
, 'N', 1, 1); 
INSERT INTO PROPERTY_DFN_GROUP ( PDG_ID, PDG_PARENT_PDG_ID, PDG_KEY, PDG_NAME, PDG_SYSTEM_FL,
PDG_SYSTEM_SERVER_PACKAGE, PDG_DELETE_FL, PDG_VERSION_ID, PTN_ID ) VALUES ( 
49, 38, 'MSAreaTrendlineElement', 'Common Trendline Element', 'Y', 'com.subexazure.spark.common.properties.propertygroups'
, 'N', 1, 1); 
INSERT INTO PROPERTY_DFN_GROUP ( PDG_ID, PDG_PARENT_PDG_ID, PDG_KEY, PDG_NAME, PDG_SYSTEM_FL,
PDG_SYSTEM_SERVER_PACKAGE, PDG_DELETE_FL, PDG_VERSION_ID, PTN_ID ) VALUES ( 
50, 34, 'Bar2DChartAxesElement', 'Bar2D Chart Axes Element', 'Y', 'com.subexazure.spark.common.properties.propertygroups'
, 'N', 2, 1); 
INSERT INTO PROPERTY_DFN_GROUP ( PDG_ID, PDG_PARENT_PDG_ID, PDG_KEY, PDG_NAME, PDG_SYSTEM_FL,
PDG_SYSTEM_SERVER_PACKAGE, PDG_DELETE_FL, PDG_VERSION_ID, PTN_ID ) VALUES ( 
51, 35, 'Bar2DChartMiscElement', 'Bar2D Misc Element', 'Y', 'com.subexazure.spark.common.properties.propertygroups'
, 'N', 2, 1); 
INSERT INTO PROPERTY_DFN_GROUP ( PDG_ID, PDG_PARENT_PDG_ID, PDG_KEY, PDG_NAME, PDG_SYSTEM_FL,
PDG_SYSTEM_SERVER_PACKAGE, PDG_DELETE_FL, PDG_VERSION_ID, PTN_ID ) VALUES ( 
52, 36, 'Bar2DSetElement', 'Bar2D Set Element', 'Y', 'com.subexazure.spark.common.properties.propertygroups'
, 'N', 2, 1); 
INSERT INTO PROPERTY_DFN_GROUP ( PDG_ID, PDG_PARENT_PDG_ID, PDG_KEY, PDG_NAME, PDG_SYSTEM_FL,
PDG_SYSTEM_SERVER_PACKAGE, PDG_DELETE_FL, PDG_VERSION_ID, PTN_ID ) VALUES ( 
53, 38, 'Bar2DTrendlineElement', 'Common Trendline Element', 'Y', 'com.subexazure.spark.common.properties.propertygroups'
, 'N', 2, 1); 
INSERT INTO PROPERTY_DFN_GROUP ( PDG_ID, PDG_PARENT_PDG_ID, PDG_KEY, PDG_NAME, PDG_SYSTEM_FL,
PDG_SYSTEM_SERVER_PACKAGE, PDG_DELETE_FL, PDG_VERSION_ID, PTN_ID ) VALUES ( 
54, 34, 'MSBar2DChartAxesElement', 'MSBar2D Chart Axes Element', 'Y', 'com.subexazure.spark.common.properties.propertygroups'
, 'N', 1, 1); 
INSERT INTO PROPERTY_DFN_GROUP ( PDG_ID, PDG_PARENT_PDG_ID, PDG_KEY, PDG_NAME, PDG_SYSTEM_FL,
PDG_SYSTEM_SERVER_PACKAGE, PDG_DELETE_FL, PDG_VERSION_ID, PTN_ID ) VALUES ( 
55, 35, 'MSBar2DChartMiscElement', 'MSBar2D Chart Misc Element', 'Y', 'com.subexazure.spark.common.properties.propertygroups'
, 'N', 1, 1); 
INSERT INTO PROPERTY_DFN_GROUP ( PDG_ID, PDG_PARENT_PDG_ID, PDG_KEY, PDG_NAME, PDG_SYSTEM_FL,
PDG_SYSTEM_SERVER_PACKAGE, PDG_DELETE_FL, PDG_VERSION_ID, PTN_ID ) VALUES ( 
56, 36, 'MSBar2DSetElement', 'MSBar2D Set Element', 'Y', 'com.subexazure.spark.common.properties.propertygroups'
, 'N', 1, 1); 
INSERT INTO PROPERTY_DFN_GROUP ( PDG_ID, PDG_PARENT_PDG_ID, PDG_KEY, PDG_NAME, PDG_SYSTEM_FL,
PDG_SYSTEM_SERVER_PACKAGE, PDG_DELETE_FL, PDG_VERSION_ID, PTN_ID ) VALUES ( 
57, NULL, 'MSBar2DDatasetElement', 'MSBar2D Dataset Element', 'Y', 'com.subexazure.spark.common.properties.propertygroups'
, 'N', 1, 1); 
INSERT INTO PROPERTY_DFN_GROUP ( PDG_ID, PDG_PARENT_PDG_ID, PDG_KEY, PDG_NAME, PDG_SYSTEM_FL,
PDG_SYSTEM_SERVER_PACKAGE, PDG_DELETE_FL, PDG_VERSION_ID, PTN_ID ) VALUES ( 
58, NULL, 'MSBar2DCategoryElement', 'MSBar2D Category Element', 'Y', 'com.subexazure.spark.common.properties.propertygroups'
, 'N', 1, 1); 
INSERT INTO PROPERTY_DFN_GROUP ( PDG_ID, PDG_PARENT_PDG_ID, PDG_KEY, PDG_NAME, PDG_SYSTEM_FL,
PDG_SYSTEM_SERVER_PACKAGE, PDG_DELETE_FL, PDG_VERSION_ID, PTN_ID ) VALUES ( 
59, 37, 'MSBar2DCategoriesElement', 'MSBar2D Categories Element', 'Y', 'com.subexazure.spark.common.properties.propertygroups'
, 'N', 1, 1); 
INSERT INTO PROPERTY_DFN_GROUP ( PDG_ID, PDG_PARENT_PDG_ID, PDG_KEY, PDG_NAME, PDG_SYSTEM_FL,
PDG_SYSTEM_SERVER_PACKAGE, PDG_DELETE_FL, PDG_VERSION_ID, PTN_ID ) VALUES ( 
60, 38, 'MSBar2DTrendlineElement', 'Common Trendline Element', 'Y', 'com.subexazure.spark.common.properties.propertygroups'
, 'N', 1, 1); 
INSERT INTO PROPERTY_DFN_GROUP ( PDG_ID, PDG_PARENT_PDG_ID, PDG_KEY, PDG_NAME, PDG_SYSTEM_FL,
PDG_SYSTEM_SERVER_PACKAGE, PDG_DELETE_FL, PDG_VERSION_ID, PTN_ID ) VALUES ( 
61, 34, 'Column2DChartAxesElement', 'Column2D Chart Axes Element', 'Y', 'com.subexazure.spark.common.properties.propertygroups'
, 'N', 2, 1); 
INSERT INTO PROPERTY_DFN_GROUP ( PDG_ID, PDG_PARENT_PDG_ID, PDG_KEY, PDG_NAME, PDG_SYSTEM_FL,
PDG_SYSTEM_SERVER_PACKAGE, PDG_DELETE_FL, PDG_VERSION_ID, PTN_ID ) VALUES ( 
62, 35, 'Column2DChartMiscElement', 'Column2D Chart Misc Element', 'Y', 'com.subexazure.spark.common.properties.propertygroups'
, 'N', 2, 1); 
INSERT INTO PROPERTY_DFN_GROUP ( PDG_ID, PDG_PARENT_PDG_ID, PDG_KEY, PDG_NAME, PDG_SYSTEM_FL,
PDG_SYSTEM_SERVER_PACKAGE, PDG_DELETE_FL, PDG_VERSION_ID, PTN_ID ) VALUES ( 
63, 36, 'Column2DSetElement', 'Column2D Set Element', 'Y', 'com.subexazure.spark.common.properties.propertygroups'
, 'N', 2, 1); 
INSERT INTO PROPERTY_DFN_GROUP ( PDG_ID, PDG_PARENT_PDG_ID, PDG_KEY, PDG_NAME, PDG_SYSTEM_FL,
PDG_SYSTEM_SERVER_PACKAGE, PDG_DELETE_FL, PDG_VERSION_ID, PTN_ID ) VALUES ( 
64, 38, 'Column2DTrendlineElement', 'Common Trendline Element', 'Y', 'com.subexazure.spark.common.properties.propertygroups'
, 'N', 2, 1); 
INSERT INTO PROPERTY_DFN_GROUP ( PDG_ID, PDG_PARENT_PDG_ID, PDG_KEY, PDG_NAME, PDG_SYSTEM_FL,
PDG_SYSTEM_SERVER_PACKAGE, PDG_DELETE_FL, PDG_VERSION_ID, PTN_ID ) VALUES ( 
65, 34, 'MSColumn2DChartAxesElement', 'MSColumn2D Chart Axes Element', 'Y', 'com.subexazure.spark.common.properties.propertygroups'
, 'N', 2, 1); 
commit;
 
INSERT INTO PROPERTY_INST ( PRI_ID, PIG_ID, PRD_ID, PRI_VALUE, PRI_DELETE_FL, PRI_VERSION_ID,
PTN_ID ) VALUES ( 
472, 213, 123, 'C0C0C0', 'N', 1, 1); 
INSERT INTO PROPERTY_INST ( PRI_ID, PIG_ID, PRD_ID, PRI_VALUE, PRI_DELETE_FL, PRI_VERSION_ID,
PTN_ID ) VALUES ( 
473, 213, 124, NULL, 'N', 1, 1); 
INSERT INTO PROPERTY_INST ( PRI_ID, PIG_ID, PRD_ID, PRI_VALUE, PRI_DELETE_FL, PRI_VERSION_ID,
PTN_ID ) VALUES ( 
474, 213, 125, 'Y', 'N', 1, 1); 
INSERT INTO PROPERTY_INST ( PRI_ID, PIG_ID, PRD_ID, PRI_VALUE, PRI_DELETE_FL, PRI_VERSION_ID,
PTN_ID ) VALUES ( 
475, 213, 126, 'Y', 'N', 1, 1); 
INSERT INTO PROPERTY_INST ( PRI_ID, PIG_ID, PRD_ID, PRI_VALUE, PRI_DELETE_FL, PRI_VERSION_ID,
PTN_ID ) VALUES ( 
476, 213, 127, 'FFFFFF', 'N', 1, 1); 
INSERT INTO PROPERTY_INST ( PRI_ID, PIG_ID, PRD_ID, PRI_VALUE, PRI_DELETE_FL, PRI_VERSION_ID,
PTN_ID ) VALUES ( 
477, 214, 128, 'N', 'N', 1, 1); 
INSERT INTO PROPERTY_INST ( PRI_ID, PIG_ID, PRD_ID, PRI_VALUE, PRI_DELETE_FL, PRI_VERSION_ID,
PTN_ID ) VALUES ( 
478, 214, 129, '100', 'N', 1, 1); 
INSERT INTO PROPERTY_INST ( PRI_ID, PIG_ID, PRD_ID, PRI_VALUE, PRI_DELETE_FL, PRI_VERSION_ID,
PTN_ID ) VALUES ( 
479, 214, 167, NULL, 'N', 1, 1); 
INSERT INTO PROPERTY_INST ( PRI_ID, PIG_ID, PRD_ID, PRI_VALUE, PRI_DELETE_FL, PRI_VERSION_ID,
PTN_ID ) VALUES ( 
480, 214, 168, 'Y', 'N', 1, 1); 
INSERT INTO PROPERTY_INST ( PRI_ID, PIG_ID, PRD_ID, PRI_VALUE, PRI_DELETE_FL, PRI_VERSION_ID,
PTN_ID ) VALUES ( 
481, 215, 133, NULL, 'N', 1, 1); 
INSERT INTO PROPERTY_INST ( PRI_ID, PIG_ID, PRD_ID, PRI_VALUE, PRI_DELETE_FL, PRI_VERSION_ID,
PTN_ID ) VALUES ( 
482, 215, 134, NULL, 'N', 1, 1); 
INSERT INTO PROPERTY_INST ( PRI_ID, PIG_ID, PRD_ID, PRI_VALUE, PRI_DELETE_FL, PRI_VERSION_ID,
PTN_ID ) VALUES ( 
483, 215, 135, NULL, 'N', 1, 1); 
INSERT INTO PROPERTY_INST ( PRI_ID, PIG_ID, PRD_ID, PRI_VALUE, PRI_DELETE_FL, PRI_VERSION_ID,
PTN_ID ) VALUES ( 
484, 215, 136, '808080', 'N', 1, 1); 
INSERT INTO PROPERTY_INST ( PRI_ID, PIG_ID, PRD_ID, PRI_VALUE, PRI_DELETE_FL, PRI_VERSION_ID,
PTN_ID ) VALUES ( 
485, 215, 137, '1', 'N', 1, 1); 
INSERT INTO PROPERTY_INST ( PRI_ID, PIG_ID, PRD_ID, PRI_VALUE, PRI_DELETE_FL, PRI_VERSION_ID,
PTN_ID ) VALUES ( 
486, 215, 138, 'N', 'N', 1, 1); 
INSERT INTO PROPERTY_INST ( PRI_ID, PIG_ID, PRD_ID, PRI_VALUE, PRI_DELETE_FL, PRI_VERSION_ID,
PTN_ID ) VALUES ( 
487, 216, 133, NULL, 'N', 1, 1); 
INSERT INTO PROPERTY_INST ( PRI_ID, PIG_ID, PRD_ID, PRI_VALUE, PRI_DELETE_FL, PRI_VERSION_ID,
PTN_ID ) VALUES ( 
488, 216, 134, NULL, 'N', 1, 1); 
INSERT INTO PROPERTY_INST ( PRI_ID, PIG_ID, PRD_ID, PRI_VALUE, PRI_DELETE_FL, PRI_VERSION_ID,
PTN_ID ) VALUES ( 
489, 216, 135, NULL, 'N', 1, 1); 
INSERT INTO PROPERTY_INST ( PRI_ID, PIG_ID, PRD_ID, PRI_VALUE, PRI_DELETE_FL, PRI_VERSION_ID,
PTN_ID ) VALUES ( 
490, 216, 136, '808080', 'N', 1, 1); 
INSERT INTO PROPERTY_INST ( PRI_ID, PIG_ID, PRD_ID, PRI_VALUE, PRI_DELETE_FL, PRI_VERSION_ID,
PTN_ID ) VALUES ( 
491, 216, 137, '1', 'N', 1, 1); 
INSERT INTO PROPERTY_INST ( PRI_ID, PIG_ID, PRD_ID, PRI_VALUE, PRI_DELETE_FL, PRI_VERSION_ID,
PTN_ID ) VALUES ( 
492, 216, 138, 'N', 'N', 1, 1); 
INSERT INTO PROPERTY_INST ( PRI_ID, PIG_ID, PRD_ID, PRI_VALUE, PRI_DELETE_FL, PRI_VERSION_ID,
PTN_ID ) VALUES ( 
493, 217, 130, 'Tahoma', 'N', 1, 1); 
INSERT INTO PROPERTY_INST ( PRI_ID, PIG_ID, PRD_ID, PRI_VALUE, PRI_DELETE_FL, PRI_VERSION_ID,
PTN_ID ) VALUES ( 
494, 217, 131, NULL, 'N', 1, 1); 
INSERT INTO PROPERTY_INST ( PRI_ID, PIG_ID, PRD_ID, PRI_VALUE, PRI_DELETE_FL, PRI_VERSION_ID,
PTN_ID ) VALUES ( 
495, 217, 132, '000000', 'N', 1, 1); 
INSERT INTO PROPERTY_INST ( PRI_ID, PIG_ID, PRD_ID, PRI_VALUE, PRI_DELETE_FL, PRI_VERSION_ID,
PTN_ID ) VALUES ( 
496, 218, 109, 'Tahoma', 'N', 1, 1); 
INSERT INTO PROPERTY_INST ( PRI_ID, PIG_ID, PRD_ID, PRI_VALUE, PRI_DELETE_FL, PRI_VERSION_ID,
PTN_ID ) VALUES ( 
497, 218, 110, 'Y', 'N', 1, 1); 
INSERT INTO PROPERTY_INST ( PRI_ID, PIG_ID, PRD_ID, PRI_VALUE, PRI_DELETE_FL, PRI_VERSION_ID,
PTN_ID ) VALUES ( 
498, 218, 111, 'Y', 'N', 1, 1); 
INSERT INTO PROPERTY_INST ( PRI_ID, PIG_ID, PRD_ID, PRI_VALUE, PRI_DELETE_FL, PRI_VERSION_ID,
PTN_ID ) VALUES ( 
499, 218, 112, NULL, 'N', 1, 1); 
INSERT INTO PROPERTY_INST ( PRI_ID, PIG_ID, PRD_ID, PRI_VALUE, PRI_DELETE_FL, PRI_VERSION_ID,
PTN_ID ) VALUES ( 
500, 218, 113, NULL, 'N', 1, 1); 
INSERT INTO PROPERTY_INST ( PRI_ID, PIG_ID, PRD_ID, PRI_VALUE, PRI_DELETE_FL, PRI_VERSION_ID,
PTN_ID ) VALUES ( 
501, 218, 114, NULL, 'N', 1, 1); 
INSERT INTO PROPERTY_INST ( PRI_ID, PIG_ID, PRD_ID, PRI_VALUE, PRI_DELETE_FL, PRI_VERSION_ID,
PTN_ID ) VALUES ( 
502, 218, 115, NULL, 'N', 1, 1); 
INSERT INTO PROPERTY_INST ( PRI_ID, PIG_ID, PRD_ID, PRI_VALUE, PRI_DELETE_FL, PRI_VERSION_ID,
PTN_ID ) VALUES ( 
503, 218, 116, 'C0C0C0', 'N', 1, 1); 
INSERT INTO PROPERTY_INST ( PRI_ID, PIG_ID, PRD_ID, PRI_VALUE, PRI_DELETE_FL, PRI_VERSION_ID,
PTN_ID ) VALUES ( 
504, 218, 117, '0', 'N', 1, 1); 
INSERT INTO PROPERTY_INST ( PRI_ID, PIG_ID, PRD_ID, PRI_VALUE, PRI_DELETE_FL, PRI_VERSION_ID,
PTN_ID ) VALUES ( 
505, 218, 118, 'Y', 'N', 1, 1); 
INSERT INTO PROPERTY_INST ( PRI_ID, PIG_ID, PRD_ID, PRI_VALUE, PRI_DELETE_FL, PRI_VERSION_ID,
PTN_ID ) VALUES ( 
506, 218, 169, 'WRAP', 'N', 1, 1); 
INSERT INTO PROPERTY_INST ( PRI_ID, PIG_ID, PRD_ID, PRI_VALUE, PRI_DELETE_FL, PRI_VERSION_ID,
PTN_ID ) VALUES ( 
507, 218, 170, '25', 'N', 1, 1); 
INSERT INTO PROPERTY_INST ( PRI_ID, PIG_ID, PRD_ID, PRI_VALUE, PRI_DELETE_FL, PRI_VERSION_ID,
PTN_ID ) VALUES ( 
508, 218, 171, '0', 'N', 1, 1); 
INSERT INTO PROPERTY_INST ( PRI_ID, PIG_ID, PRD_ID, PRI_VALUE, PRI_DELETE_FL, PRI_VERSION_ID,
PTN_ID ) VALUES ( 
509, 218, 172, NULL, 'N', 1, 1); 
INSERT INTO PROPERTY_INST ( PRI_ID, PIG_ID, PRD_ID, PRI_VALUE, PRI_DELETE_FL, PRI_VERSION_ID,
PTN_ID ) VALUES ( 
510, 219, 119, 'Tahoma', 'N', 1, 1); 
INSERT INTO PROPERTY_INST ( PRI_ID, PIG_ID, PRD_ID, PRI_VALUE, PRI_DELETE_FL, PRI_VERSION_ID,
PTN_ID ) VALUES ( 
511, 219, 120, NULL, 'N', 1, 1); 
INSERT INTO PROPERTY_INST ( PRI_ID, PIG_ID, PRD_ID, PRI_VALUE, PRI_DELETE_FL, PRI_VERSION_ID,
PTN_ID ) VALUES ( 
512, 219, 121, '000000', 'N', 1, 1); 
INSERT INTO PROPERTY_INST ( PRI_ID, PIG_ID, PRD_ID, PRI_VALUE, PRI_DELETE_FL, PRI_VERSION_ID,
PTN_ID ) VALUES ( 
513, 219, 122, 'Y', 'N', 1, 1); 
INSERT INTO PROPERTY_INST ( PRI_ID, PIG_ID, PRD_ID, PRI_VALUE, PRI_DELETE_FL, PRI_VERSION_ID,
PTN_ID ) VALUES ( 
514, 219, 123, 'C0C0C0', 'N', 1, 1); 
INSERT INTO PROPERTY_INST ( PRI_ID, PIG_ID, PRD_ID, PRI_VALUE, PRI_DELETE_FL, PRI_VERSION_ID,
PTN_ID ) VALUES ( 
515, 219, 124, NULL, 'N', 1, 1); 
INSERT INTO PROPERTY_INST ( PRI_ID, PIG_ID, PRD_ID, PRI_VALUE, PRI_DELETE_FL, PRI_VERSION_ID,
PTN_ID ) VALUES ( 
516, 219, 125, 'Y', 'N', 1, 1); 
INSERT INTO PROPERTY_INST ( PRI_ID, PIG_ID, PRD_ID, PRI_VALUE, PRI_DELETE_FL, PRI_VERSION_ID,
PTN_ID ) VALUES ( 
517, 219, 126, 'Y', 'N', 1, 1); 
INSERT INTO PROPERTY_INST ( PRI_ID, PIG_ID, PRD_ID, PRI_VALUE, PRI_DELETE_FL, PRI_VERSION_ID,
PTN_ID ) VALUES ( 
518, 219, 127, 'FFFFFF', 'N', 1, 1); 
INSERT INTO PROPERTY_INST ( PRI_ID, PIG_ID, PRD_ID, PRI_VALUE, PRI_DELETE_FL, PRI_VERSION_ID,
PTN_ID ) VALUES ( 
519, 219, 173, 'Y', 'N', 1, 1); 
INSERT INTO PROPERTY_INST ( PRI_ID, PIG_ID, PRD_ID, PRI_VALUE, PRI_DELETE_FL, PRI_VERSION_ID,
PTN_ID ) VALUES ( 
520, 219, 174, 'Y', 'N', 1, 1); 
INSERT INTO PROPERTY_INST ( PRI_ID, PIG_ID, PRD_ID, PRI_VALUE, PRI_DELETE_FL, PRI_VERSION_ID,
PTN_ID ) VALUES ( 
521, 220, 128, 'N', 'N', 1, 1); 
INSERT INTO PROPERTY_INST ( PRI_ID, PIG_ID, PRD_ID, PRI_VALUE, PRI_DELETE_FL, PRI_VERSION_ID,
PTN_ID ) VALUES ( 
522, 220, 129, '100', 'N', 1, 1); 
INSERT INTO PROPERTY_INST ( PRI_ID, PIG_ID, PRD_ID, PRI_VALUE, PRI_DELETE_FL, PRI_VERSION_ID,
PTN_ID ) VALUES ( 
523, 220, 175, NULL, 'N', 1, 1); 
INSERT INTO PROPERTY_INST ( PRI_ID, PIG_ID, PRD_ID, PRI_VALUE, PRI_DELETE_FL, PRI_VERSION_ID,
PTN_ID ) VALUES ( 
524, 221, 133, NULL, 'N', 1, 1); 
INSERT INTO PROPERTY_INST ( PRI_ID, PIG_ID, PRD_ID, PRI_VALUE, PRI_DELETE_FL, PRI_VERSION_ID,
PTN_ID ) VALUES ( 
525, 221, 134, NULL, 'N', 1, 1); 
INSERT INTO PROPERTY_INST ( PRI_ID, PIG_ID, PRD_ID, PRI_VALUE, PRI_DELETE_FL, PRI_VERSION_ID,
PTN_ID ) VALUES ( 
526, 221, 135, NULL, 'N', 1, 1); 
INSERT INTO PROPERTY_INST ( PRI_ID, PIG_ID, PRD_ID, PRI_VALUE, PRI_DELETE_FL, PRI_VERSION_ID,
PTN_ID ) VALUES ( 
527, 221, 136, '808080', 'N', 1, 1); 
INSERT INTO PROPERTY_INST ( PRI_ID, PIG_ID, PRD_ID, PRI_VALUE, PRI_DELETE_FL, PRI_VERSION_ID,
PTN_ID ) VALUES ( 
528, 221, 137, '1', 'N', 1, 1); 
INSERT INTO PROPERTY_INST ( PRI_ID, PIG_ID, PRD_ID, PRI_VALUE, PRI_DELETE_FL, PRI_VERSION_ID,
PTN_ID ) VALUES ( 
529, 221, 138, 'N', 'N', 1, 1); 
INSERT INTO PROPERTY_INST ( PRI_ID, PIG_ID, PRD_ID, PRI_VALUE, PRI_DELETE_FL, PRI_VERSION_ID,
PTN_ID ) VALUES ( 
530, 222, 133, NULL, 'N', 1, 1); 
INSERT INTO PROPERTY_INST ( PRI_ID, PIG_ID, PRD_ID, PRI_VALUE, PRI_DELETE_FL, PRI_VERSION_ID,
PTN_ID ) VALUES ( 
531, 222, 134, NULL, 'N', 1, 1); 
INSERT INTO PROPERTY_INST ( PRI_ID, PIG_ID, PRD_ID, PRI_VALUE, PRI_DELETE_FL, PRI_VERSION_ID,
PTN_ID ) VALUES ( 
532, 222, 135, NULL, 'N', 1, 1); 
INSERT INTO PROPERTY_INST ( PRI_ID, PIG_ID, PRD_ID, PRI_VALUE, PRI_DELETE_FL, PRI_VERSION_ID,
PTN_ID ) VALUES ( 
533, 222, 136, '808080', 'N', 1, 1); 
INSERT INTO PROPERTY_INST ( PRI_ID, PIG_ID, PRD_ID, PRI_VALUE, PRI_DELETE_FL, PRI_VERSION_ID,
PTN_ID ) VALUES ( 
534, 222, 137, '1', 'N', 1, 1); 
INSERT INTO PROPERTY_INST ( PRI_ID, PIG_ID, PRD_ID, PRI_VALUE, PRI_DELETE_FL, PRI_VERSION_ID,
PTN_ID ) VALUES ( 
535, 222, 138, 'N', 'N', 1, 1); 
INSERT INTO PROPERTY_INST ( PRI_ID, PIG_ID, PRD_ID, PRI_VALUE, PRI_DELETE_FL, PRI_VERSION_ID,
PTN_ID ) VALUES ( 
536, 152, 210, '1', 'N', 1, 1); 
INSERT INTO PROPERTY_INST ( PRI_ID, PIG_ID, PRD_ID, PRI_VALUE, PRI_DELETE_FL, PRI_VERSION_ID,
PTN_ID ) VALUES ( 
537, 152, 211, 'Y', 'N', 1, 1); 
INSERT INTO PROPERTY_INST ( PRI_ID, PIG_ID, PRD_ID, PRI_VALUE, PRI_DELETE_FL, PRI_VERSION_ID,
PTN_ID ) VALUES ( 
538, 152, 212, 'Y', 'N', 1, 1); 
INSERT INTO PROPERTY_INST ( PRI_ID, PIG_ID, PRD_ID, PRI_VALUE, PRI_DELETE_FL, PRI_VERSION_ID,
PTN_ID ) VALUES ( 
539, 152, 213, 'Y', 'N', 1, 1); 
INSERT INTO PROPERTY_INST ( PRI_ID, PIG_ID, PRD_ID, PRI_VALUE, PRI_DELETE_FL, PRI_VERSION_ID,
PTN_ID ) VALUES ( 
540, 152, 214, 'Y', 'N', 1, 1); 
INSERT INTO PROPERTY_INST ( PRI_ID, PIG_ID, PRD_ID, PRI_VALUE, PRI_DELETE_FL, PRI_VERSION_ID,
PTN_ID ) VALUES ( 
541, 152, 215, 'Y', 'N', 1, 1); 
INSERT INTO PROPERTY_INST ( PRI_ID, PIG_ID, PRD_ID, PRI_VALUE, PRI_DELETE_FL, PRI_VERSION_ID,
PTN_ID ) VALUES ( 
542, 152, 216, 'Y', 'N', 1, 1); 
INSERT INTO PROPERTY_INST ( PRI_ID, PIG_ID, PRD_ID, PRI_VALUE, PRI_DELETE_FL, PRI_VERSION_ID,
PTN_ID ) VALUES ( 
543, 152, 217, 'C0C0C0', 'N', 1, 1); 
INSERT INTO PROPERTY_INST ( PRI_ID, PIG_ID, PRD_ID, PRI_VALUE, PRI_DELETE_FL, PRI_VERSION_ID,
PTN_ID ) VALUES ( 
544, 152, 218, NULL, 'N', 1, 1); 
INSERT INTO PROPERTY_INST ( PRI_ID, PIG_ID, PRD_ID, PRI_VALUE, PRI_DELETE_FL, PRI_VERSION_ID,
PTN_ID ) VALUES ( 
545, 153, 210, '1', 'N', 1, 1); 
INSERT INTO PROPERTY_INST ( PRI_ID, PIG_ID, PRD_ID, PRI_VALUE, PRI_DELETE_FL, PRI_VERSION_ID,
PTN_ID ) VALUES ( 
546, 153, 211, 'Y', 'N', 1, 1); 
INSERT INTO PROPERTY_INST ( PRI_ID, PIG_ID, PRD_ID, PRI_VALUE, PRI_DELETE_FL, PRI_VERSION_ID,
PTN_ID ) VALUES ( 
547, 153, 212, 'Y', 'N', 1, 1); 
INSERT INTO PROPERTY_INST ( PRI_ID, PIG_ID, PRD_ID, PRI_VALUE, PRI_DELETE_FL, PRI_VERSION_ID,
PTN_ID ) VALUES ( 
548, 153, 213, 'Y', 'N', 1, 1); 
INSERT INTO PROPERTY_INST ( PRI_ID, PIG_ID, PRD_ID, PRI_VALUE, PRI_DELETE_FL, PRI_VERSION_ID,
PTN_ID ) VALUES ( 
549, 153, 214, 'Y', 'N', 1, 1); 
INSERT INTO PROPERTY_INST ( PRI_ID, PIG_ID, PRD_ID, PRI_VALUE, PRI_DELETE_FL, PRI_VERSION_ID,
PTN_ID ) VALUES ( 
550, 153, 215, 'Y', 'N', 1, 1); 
INSERT INTO PROPERTY_INST ( PRI_ID, PIG_ID, PRD_ID, PRI_VALUE, PRI_DELETE_FL, PRI_VERSION_ID,
PTN_ID ) VALUES ( 
551, 153, 216, 'Y', 'N', 1, 1); 
INSERT INTO PROPERTY_INST ( PRI_ID, PIG_ID, PRD_ID, PRI_VALUE, PRI_DELETE_FL, PRI_VERSION_ID,
PTN_ID ) VALUES ( 
552, 153, 217, 'C0C0C0', 'N', 1, 1); 
INSERT INTO PROPERTY_INST ( PRI_ID, PIG_ID, PRD_ID, PRI_VALUE, PRI_DELETE_FL, PRI_VERSION_ID,
PTN_ID ) VALUES ( 
553, 153, 218, NULL, 'N', 1, 1); 
INSERT INTO PROPERTY_INST ( PRI_ID, PIG_ID, PRD_ID, PRI_VALUE, PRI_DELETE_FL, PRI_VERSION_ID,
PTN_ID ) VALUES ( 
554, 223, 130, 'Tahoma', 'N', 1, 1); 
INSERT INTO PROPERTY_INST ( PRI_ID, PIG_ID, PRD_ID, PRI_VALUE, PRI_DELETE_FL, PRI_VERSION_ID,
PTN_ID ) VALUES ( 
555, 223, 131, NULL, 'N', 1, 1); 
INSERT INTO PROPERTY_INST ( PRI_ID, PIG_ID, PRD_ID, PRI_VALUE, PRI_DELETE_FL, PRI_VERSION_ID,
PTN_ID ) VALUES ( 
556, 223, 132, '000000', 'N', 1, 1); 
INSERT INTO PROPERTY_INST ( PRI_ID, PIG_ID, PRD_ID, PRI_VALUE, PRI_DELETE_FL, PRI_VERSION_ID,
PTN_ID ) VALUES ( 
557, 224, 109, 'Tahoma', 'N', 1, 1); 
INSERT INTO PROPERTY_INST ( PRI_ID, PIG_ID, PRD_ID, PRI_VALUE, PRI_DELETE_FL, PRI_VERSION_ID,
PTN_ID ) VALUES ( 
558, 224, 110, 'Y', 'N', 1, 1); 
INSERT INTO PROPERTY_INST ( PRI_ID, PIG_ID, PRD_ID, PRI_VALUE, PRI_DELETE_FL, PRI_VERSION_ID,
PTN_ID ) VALUES ( 
559, 224, 111, 'Y', 'N', 1, 1); 
INSERT INTO PROPERTY_INST ( PRI_ID, PIG_ID, PRD_ID, PRI_VALUE, PRI_DELETE_FL, PRI_VERSION_ID,
PTN_ID ) VALUES ( 
560, 224, 112, NULL, 'N', 1, 1); 
INSERT INTO PROPERTY_INST ( PRI_ID, PIG_ID, PRD_ID, PRI_VALUE, PRI_DELETE_FL, PRI_VERSION_ID,
PTN_ID ) VALUES ( 
561, 224, 113, NULL, 'N', 1, 1); 
INSERT INTO PROPERTY_INST ( PRI_ID, PIG_ID, PRD_ID, PRI_VALUE, PRI_DELETE_FL, PRI_VERSION_ID,
PTN_ID ) VALUES ( 
562, 224, 114, NULL, 'N', 1, 1); 
INSERT INTO PROPERTY_INST ( PRI_ID, PIG_ID, PRD_ID, PRI_VALUE, PRI_DELETE_FL, PRI_VERSION_ID,
PTN_ID ) VALUES ( 
563, 224, 115, NULL, 'N', 1, 1); 
INSERT INTO PROPERTY_INST ( PRI_ID, PIG_ID, PRD_ID, PRI_VALUE, PRI_DELETE_FL, PRI_VERSION_ID,
PTN_ID ) VALUES ( 
564, 224, 116, 'C0C0C0', 'N', 1, 1); 
INSERT INTO PROPERTY_INST ( PRI_ID, PIG_ID, PRD_ID, PRI_VALUE, PRI_DELETE_FL, PRI_VERSION_ID,
PTN_ID ) VALUES ( 
565, 224, 117, '0', 'N', 1, 1); 
INSERT INTO PROPERTY_INST ( PRI_ID, PIG_ID, PRD_ID, PRI_VALUE, PRI_DELETE_FL, PRI_VERSION_ID,
PTN_ID ) VALUES ( 
566, 224, 118, 'Y', 'N', 1, 1); 
INSERT INTO PROPERTY_INST ( PRI_ID, PIG_ID, PRD_ID, PRI_VALUE, PRI_DELETE_FL, PRI_VERSION_ID,
PTN_ID ) VALUES ( 
567, 224, 169, 'WRAP', 'N', 1, 1); 
INSERT INTO PROPERTY_INST ( PRI_ID, PIG_ID, PRD_ID, PRI_VALUE, PRI_DELETE_FL, PRI_VERSION_ID,
PTN_ID ) VALUES ( 
568, 224, 170, '25', 'N', 1, 1); 
INSERT INTO PROPERTY_INST ( PRI_ID, PIG_ID, PRD_ID, PRI_VALUE, PRI_DELETE_FL, PRI_VERSION_ID,
PTN_ID ) VALUES ( 
569, 224, 171, '0', 'N', 1, 1); 
INSERT INTO PROPERTY_INST ( PRI_ID, PIG_ID, PRD_ID, PRI_VALUE, PRI_DELETE_FL, PRI_VERSION_ID,
PTN_ID ) VALUES ( 
570, 224, 172, NULL, 'N', 1, 1); 
INSERT INTO PROPERTY_INST ( PRI_ID, PIG_ID, PRD_ID, PRI_VALUE, PRI_DELETE_FL, PRI_VERSION_ID,
PTN_ID ) VALUES ( 
571, 225, 119, 'Tahoma', 'N', 1, 1); 
INSERT INTO PROPERTY_INST ( PRI_ID, PIG_ID, PRD_ID, PRI_VALUE, PRI_DELETE_FL, PRI_VERSION_ID,
PTN_ID ) VALUES ( 
572, 225, 120, NULL, 'N', 1, 1); 
INSERT INTO PROPERTY_INST ( PRI_ID, PIG_ID, PRD_ID, PRI_VALUE, PRI_DELETE_FL, PRI_VERSION_ID,
PTN_ID ) VALUES ( 
573, 225, 121, '000000', 'N', 1, 1); 
INSERT INTO PROPERTY_INST ( PRI_ID, PIG_ID, PRD_ID, PRI_VALUE, PRI_DELETE_FL, PRI_VERSION_ID,
PTN_ID ) VALUES ( 
574, 225, 122, 'Y', 'N', 1, 1); 
INSERT INTO PROPERTY_INST ( PRI_ID, PIG_ID, PRD_ID, PRI_VALUE, PRI_DELETE_FL, PRI_VERSION_ID,
PTN_ID ) VALUES ( 
575, 225, 123, 'C0C0C0', 'N', 1, 1); 
INSERT INTO PROPERTY_INST ( PRI_ID, PIG_ID, PRD_ID, PRI_VALUE, PRI_DELETE_FL, PRI_VERSION_ID,
PTN_ID ) VALUES ( 
576, 225, 124, NULL, 'N', 1, 1); 
INSERT INTO PROPERTY_INST ( PRI_ID, PIG_ID, PRD_ID, PRI_VALUE, PRI_DELETE_FL, PRI_VERSION_ID,
PTN_ID ) VALUES ( 
577, 225, 125, 'Y', 'N', 1, 1); 
INSERT INTO PROPERTY_INST ( PRI_ID, PIG_ID, PRD_ID, PRI_VALUE, PRI_DELETE_FL, PRI_VERSION_ID,
PTN_ID ) VALUES ( 
578, 225, 126, 'Y', 'N', 1, 1); 
INSERT INTO PROPERTY_INST ( PRI_ID, PIG_ID, PRD_ID, PRI_VALUE, PRI_DELETE_FL, PRI_VERSION_ID,
PTN_ID ) VALUES ( 
579, 225, 127, 'FFFFFF', 'N', 1, 1); 
INSERT INTO PROPERTY_INST ( PRI_ID, PIG_ID, PRD_ID, PRI_VALUE, PRI_DELETE_FL, PRI_VERSION_ID,
PTN_ID ) VALUES ( 
580, 225, 173, 'Y', 'N', 1, 1); 
INSERT INTO PROPERTY_INST ( PRI_ID, PIG_ID, PRD_ID, PRI_VALUE, PRI_DELETE_FL, PRI_VERSION_ID,
PTN_ID ) VALUES ( 
581, 225, 174, 'Y', 'N', 1, 1); 
INSERT INTO PROPERTY_INST ( PRI_ID, PIG_ID, PRD_ID, PRI_VALUE, PRI_DELETE_FL, PRI_VERSION_ID,
PTN_ID ) VALUES ( 
582, 226, 128, 'N', 'N', 1, 1); 
INSERT INTO PROPERTY_INST ( PRI_ID, PIG_ID, PRD_ID, PRI_VALUE, PRI_DELETE_FL, PRI_VERSION_ID,
PTN_ID ) VALUES ( 
583, 226, 129, '100', 'N', 1, 1); 
INSERT INTO PROPERTY_INST ( PRI_ID, PIG_ID, PRD_ID, PRI_VALUE, PRI_DELETE_FL, PRI_VERSION_ID,
PTN_ID ) VALUES ( 
584, 226, 175, NULL, 'N', 1, 1); 
INSERT INTO PROPERTY_INST ( PRI_ID, PIG_ID, PRD_ID, PRI_VALUE, PRI_DELETE_FL, PRI_VERSION_ID,
PTN_ID ) VALUES ( 
585, 227, 133, NULL, 'N', 1, 1); 
INSERT INTO PROPERTY_INST ( PRI_ID, PIG_ID, PRD_ID, PRI_VALUE, PRI_DELETE_FL, PRI_VERSION_ID,
PTN_ID ) VALUES ( 
586, 227, 134, NULL, 'N', 1, 1); 
INSERT INTO PROPERTY_INST ( PRI_ID, PIG_ID, PRD_ID, PRI_VALUE, PRI_DELETE_FL, PRI_VERSION_ID,
PTN_ID ) VALUES ( 
587, 227, 135, NULL, 'N', 1, 1); 
INSERT INTO PROPERTY_INST ( PRI_ID, PIG_ID, PRD_ID, PRI_VALUE, PRI_DELETE_FL, PRI_VERSION_ID,
PTN_ID ) VALUES ( 
588, 227, 136, '808080', 'N', 1, 1); 
INSERT INTO PROPERTY_INST ( PRI_ID, PIG_ID, PRD_ID, PRI_VALUE, PRI_DELETE_FL, PRI_VERSION_ID,
PTN_ID ) VALUES ( 
589, 227, 137, '1', 'N', 1, 1); 
INSERT INTO PROPERTY_INST ( PRI_ID, PIG_ID, PRD_ID, PRI_VALUE, PRI_DELETE_FL, PRI_VERSION_ID,
PTN_ID ) VALUES ( 
590, 227, 138, 'N', 'N', 1, 1); 
INSERT INTO PROPERTY_INST ( PRI_ID, PIG_ID, PRD_ID, PRI_VALUE, PRI_DELETE_FL, PRI_VERSION_ID,
PTN_ID ) VALUES ( 
591, 228, 133, NULL, 'N', 1, 1); 
INSERT INTO PROPERTY_INST ( PRI_ID, PIG_ID, PRD_ID, PRI_VALUE, PRI_DELETE_FL, PRI_VERSION_ID,
PTN_ID ) VALUES ( 
592, 228, 134, NULL, 'N', 1, 1); 
INSERT INTO PROPERTY_INST ( PRI_ID, PIG_ID, PRD_ID, PRI_VALUE, PRI_DELETE_FL, PRI_VERSION_ID,
PTN_ID ) VALUES ( 
593, 228, 135, NULL, 'N', 1, 1); 
INSERT INTO PROPERTY_INST ( PRI_ID, PIG_ID, PRD_ID, PRI_VALUE, PRI_DELETE_FL, PRI_VERSION_ID,
PTN_ID ) VALUES ( 
594, 228, 136, '808080', 'N', 1, 1); 
INSERT INTO PROPERTY_INST ( PRI_ID, PIG_ID, PRD_ID, PRI_VALUE, PRI_DELETE_FL, PRI_VERSION_ID,
PTN_ID ) VALUES ( 
595, 228, 137, '1', 'N', 1, 1); 
INSERT INTO PROPERTY_INST ( PRI_ID, PIG_ID, PRD_ID, PRI_VALUE, PRI_DELETE_FL, PRI_VERSION_ID,
PTN_ID ) VALUES ( 
596, 228, 138, 'N', 'N', 1, 1); 
INSERT INTO PROPERTY_INST ( PRI_ID, PIG_ID, PRD_ID, PRI_VALUE, PRI_DELETE_FL, PRI_VERSION_ID,
PTN_ID ) VALUES ( 
597, 229, 109, '1', 'N', 1, 1); 
INSERT INTO PROPERTY_INST ( PRI_ID, PIG_ID, PRD_ID, PRI_VALUE, PRI_DELETE_FL, PRI_VERSION_ID,
PTN_ID ) VALUES ( 
598, 229, 110, 'Y', 'N', 1, 1); 
INSERT INTO PROPERTY_INST ( PRI_ID, PIG_ID, PRD_ID, PRI_VALUE, PRI_DELETE_FL, PRI_VERSION_ID,
PTN_ID ) VALUES ( 
599, 229, 111, 'Y', 'N', 1, 1); 
INSERT INTO PROPERTY_INST ( PRI_ID, PIG_ID, PRD_ID, PRI_VALUE, PRI_DELETE_FL, PRI_VERSION_ID,
PTN_ID ) VALUES ( 
600, 229, 112, NULL, 'N', 1, 1); 
INSERT INTO PROPERTY_INST ( PRI_ID, PIG_ID, PRD_ID, PRI_VALUE, PRI_DELETE_FL, PRI_VERSION_ID,
PTN_ID ) VALUES ( 
601, 229, 113, NULL, 'N', 1, 1); 
INSERT INTO PROPERTY_INST ( PRI_ID, PIG_ID, PRD_ID, PRI_VALUE, PRI_DELETE_FL, PRI_VERSION_ID,
PTN_ID ) VALUES ( 
602, 229, 114, NULL, 'N', 1, 1); 
INSERT INTO PROPERTY_INST ( PRI_ID, PIG_ID, PRD_ID, PRI_VALUE, PRI_DELETE_FL, PRI_VERSION_ID,
PTN_ID ) VALUES ( 
603, 229, 115, NULL, 'N', 1, 1); 
INSERT INTO PROPERTY_INST ( PRI_ID, PIG_ID, PRD_ID, PRI_VALUE, PRI_DELETE_FL, PRI_VERSION_ID,
PTN_ID ) VALUES ( 
604, 229, 116, 'C0C0C0', 'N', 1, 1); 
INSERT INTO PROPERTY_INST ( PRI_ID, PIG_ID, PRD_ID, PRI_VALUE, PRI_DELETE_FL, PRI_VERSION_ID,
PTN_ID ) VALUES ( 
605, 229, 117, '0', 'N', 1, 1); 
INSERT INTO PROPERTY_INST ( PRI_ID, PIG_ID, PRD_ID, PRI_VALUE, PRI_DELETE_FL, PRI_VERSION_ID,
PTN_ID ) VALUES ( 
606, 229, 118, 'Y', 'N', 1, 1); 
INSERT INTO PROPERTY_INST ( PRI_ID, PIG_ID, PRD_ID, PRI_VALUE, PRI_DELETE_FL, PRI_VERSION_ID,
PTN_ID ) VALUES ( 
607, 229, 163, 'WRAP', 'N', 1, 1); 
INSERT INTO PROPERTY_INST ( PRI_ID, PIG_ID, PRD_ID, PRI_VALUE, PRI_DELETE_FL, PRI_VERSION_ID,
PTN_ID ) VALUES ( 
608, 229, 164, '25', 'N', 1, 1); 
INSERT INTO PROPERTY_INST ( PRI_ID, PIG_ID, PRD_ID, PRI_VALUE, PRI_DELETE_FL, PRI_VERSION_ID,
PTN_ID ) VALUES ( 
609, 229, 165, '0', 'N', 1, 1); 
INSERT INTO PROPERTY_INST ( PRI_ID, PIG_ID, PRD_ID, PRI_VALUE, PRI_DELETE_FL, PRI_VERSION_ID,
PTN_ID ) VALUES ( 
610, 229, 166, NULL, 'N', 1, 1); 
INSERT INTO PROPERTY_INST ( PRI_ID, PIG_ID, PRD_ID, PRI_VALUE, PRI_DELETE_FL, PRI_VERSION_ID,
PTN_ID ) VALUES ( 
611, 230, 119, 'Tahoma', 'N', 1, 1); 
INSERT INTO PROPERTY_INST ( PRI_ID, PIG_ID, PRD_ID, PRI_VALUE, PRI_DELETE_FL, PRI_VERSION_ID,
PTN_ID ) VALUES ( 
612, 230, 120, NULL, 'N', 1, 1); 
INSERT INTO PROPERTY_INST ( PRI_ID, PIG_ID, PRD_ID, PRI_VALUE, PRI_DELETE_FL, PRI_VERSION_ID,
PTN_ID ) VALUES ( 
613, 230, 121, '000000', 'N', 1, 1); 
INSERT INTO PROPERTY_INST ( PRI_ID, PIG_ID, PRD_ID, PRI_VALUE, PRI_DELETE_FL, PRI_VERSION_ID,
PTN_ID ) VALUES ( 
614, 230, 122, 'Y', 'N', 1, 1); 
INSERT INTO PROPERTY_INST ( PRI_ID, PIG_ID, PRD_ID, PRI_VALUE, PRI_DELETE_FL, PRI_VERSION_ID,
PTN_ID ) VALUES ( 
615, 230, 123, 'C0C0C0', 'N', 1, 1); 
INSERT INTO PROPERTY_INST ( PRI_ID, PIG_ID, PRD_ID, PRI_VALUE, PRI_DELETE_FL, PRI_VERSION_ID,
PTN_ID ) VALUES ( 
616, 230, 124, NULL, 'N', 1, 1); 
INSERT INTO PROPERTY_INST ( PRI_ID, PIG_ID, PRD_ID, PRI_VALUE, PRI_DELETE_FL, PRI_VERSION_ID,
PTN_ID ) VALUES ( 
617, 230, 125, 'Y', 'N', 1, 1); 
INSERT INTO PROPERTY_INST ( PRI_ID, PIG_ID, PRD_ID, PRI_VALUE, PRI_DELETE_FL, PRI_VERSION_ID,
PTN_ID ) VALUES ( 
618, 230, 126, 'Y', 'N', 1, 1); 
INSERT INTO PROPERTY_INST ( PRI_ID, PIG_ID, PRD_ID, PRI_VALUE, PRI_DELETE_FL, PRI_VERSION_ID,
PTN_ID ) VALUES ( 
619, 230, 127, 'FFFFFF', 'N', 1, 1); 
INSERT INTO PROPERTY_INST ( PRI_ID, PIG_ID, PRD_ID, PRI_VALUE, PRI_DELETE_FL, PRI_VERSION_ID,
PTN_ID ) VALUES ( 
620, 231, 128, 'N', 'N', 1, 1); 
INSERT INTO PROPERTY_INST ( PRI_ID, PIG_ID, PRD_ID, PRI_VALUE, PRI_DELETE_FL, PRI_VERSION_ID,
PTN_ID ) VALUES ( 
621, 231, 129, '100', 'N', 1, 1); 
INSERT INTO PROPERTY_INST ( PRI_ID, PIG_ID, PRD_ID, PRI_VALUE, PRI_DELETE_FL, PRI_VERSION_ID,
PTN_ID ) VALUES ( 
622, 231, 167, NULL, 'N', 1, 1); 
INSERT INTO PROPERTY_INST ( PRI_ID, PIG_ID, PRD_ID, PRI_VALUE, PRI_DELETE_FL, PRI_VERSION_ID,
PTN_ID ) VALUES ( 
623, 231, 168, 'Y', 'N', 1, 1); 
INSERT INTO PROPERTY_INST ( PRI_ID, PIG_ID, PRD_ID, PRI_VALUE, PRI_DELETE_FL, PRI_VERSION_ID,
PTN_ID ) VALUES ( 
624, 232, 133, NULL, 'N', 1, 1); 
INSERT INTO PROPERTY_INST ( PRI_ID, PIG_ID, PRD_ID, PRI_VALUE, PRI_DELETE_FL, PRI_VERSION_ID,
PTN_ID ) VALUES ( 
625, 232, 134, NULL, 'N', 1, 1); 
INSERT INTO PROPERTY_INST ( PRI_ID, PIG_ID, PRD_ID, PRI_VALUE, PRI_DELETE_FL, PRI_VERSION_ID,
PTN_ID ) VALUES ( 
626, 232, 135, NULL, 'N', 1, 1); 
INSERT INTO PROPERTY_INST ( PRI_ID, PIG_ID, PRD_ID, PRI_VALUE, PRI_DELETE_FL, PRI_VERSION_ID,
PTN_ID ) VALUES ( 
627, 232, 136, '808080', 'N', 1, 1); 
INSERT INTO PROPERTY_INST ( PRI_ID, PIG_ID, PRD_ID, PRI_VALUE, PRI_DELETE_FL, PRI_VERSION_ID,
PTN_ID ) VALUES ( 
628, 232, 137, '1', 'N', 1, 1); 
INSERT INTO PROPERTY_INST ( PRI_ID, PIG_ID, PRD_ID, PRI_VALUE, PRI_DELETE_FL, PRI_VERSION_ID,
PTN_ID ) VALUES ( 
629, 232, 138, 'N', 'N', 1, 1); 
INSERT INTO PROPERTY_INST ( PRI_ID, PIG_ID, PRD_ID, PRI_VALUE, PRI_DELETE_FL, PRI_VERSION_ID,
PTN_ID ) VALUES ( 
630, 233, 133, NULL, 'N', 1, 1); 
INSERT INTO PROPERTY_INST ( PRI_ID, PIG_ID, PRD_ID, PRI_VALUE, PRI_DELETE_FL, PRI_VERSION_ID,
PTN_ID ) VALUES ( 
631, 233, 134, NULL, 'N', 1, 1); 
INSERT INTO PROPERTY_INST ( PRI_ID, PIG_ID, PRD_ID, PRI_VALUE, PRI_DELETE_FL, PRI_VERSION_ID,
PTN_ID ) VALUES ( 
632, 233, 135, NULL, 'N', 1, 1); 
INSERT INTO PROPERTY_INST ( PRI_ID, PIG_ID, PRD_ID, PRI_VALUE, PRI_DELETE_FL, PRI_VERSION_ID,
PTN_ID ) VALUES ( 
633, 233, 136, '808080', 'N', 1, 1); 
INSERT INTO PROPERTY_INST ( PRI_ID, PIG_ID, PRD_ID, PRI_VALUE, PRI_DELETE_FL, PRI_VERSION_ID,
PTN_ID ) VALUES ( 
634, 233, 137, '1', 'N', 1, 1); 
INSERT INTO PROPERTY_INST ( PRI_ID, PIG_ID, PRD_ID, PRI_VALUE, PRI_DELETE_FL, PRI_VERSION_ID,
PTN_ID ) VALUES ( 
635, 233, 138, 'N', 'N', 1, 1); 
INSERT INTO PROPERTY_INST ( PRI_ID, PIG_ID, PRD_ID, PRI_VALUE, PRI_DELETE_FL, PRI_VERSION_ID,
PTN_ID ) VALUES ( 
1011, 284, 120, NULL, 'N', 1, 1); 
INSERT INTO PROPERTY_INST ( PRI_ID, PIG_ID, PRD_ID, PRI_VALUE, PRI_DELETE_FL, PRI_VERSION_ID,
PTN_ID ) VALUES ( 
1012, 284, 121, '000000', 'N', 1, 1); 
INSERT INTO PROPERTY_INST ( PRI_ID, PIG_ID, PRD_ID, PRI_VALUE, PRI_DELETE_FL, PRI_VERSION_ID,
PTN_ID ) VALUES ( 
1013, 284, 122, 'Y', 'N', 1, 1); 
INSERT INTO PROPERTY_INST ( PRI_ID, PIG_ID, PRD_ID, PRI_VALUE, PRI_DELETE_FL, PRI_VERSION_ID,
PTN_ID ) VALUES ( 
1014, 284, 123, 'C0C0C0', 'N', 1, 1); 
INSERT INTO PROPERTY_INST ( PRI_ID, PIG_ID, PRD_ID, PRI_VALUE, PRI_DELETE_FL, PRI_VERSION_ID,
PTN_ID ) VALUES ( 
1015, 284, 124, NULL, 'N', 1, 1); 
INSERT INTO PROPERTY_INST ( PRI_ID, PIG_ID, PRD_ID, PRI_VALUE, PRI_DELETE_FL, PRI_VERSION_ID,
PTN_ID ) VALUES ( 
1016, 284, 125, 'Y', 'N', 1, 1); 
INSERT INTO PROPERTY_INST ( PRI_ID, PIG_ID, PRD_ID, PRI_VALUE, PRI_DELETE_FL, PRI_VERSION_ID,
PTN_ID ) VALUES ( 
1017, 284, 126, 'Y', 'N', 1, 1); 
INSERT INTO PROPERTY_INST ( PRI_ID, PIG_ID, PRD_ID, PRI_VALUE, PRI_DELETE_FL, PRI_VERSION_ID,
PTN_ID ) VALUES ( 
1018, 284, 127, 'FFFFFF', 'N', 1, 1); 
INSERT INTO PROPERTY_INST ( PRI_ID, PIG_ID, PRD_ID, PRI_VALUE, PRI_DELETE_FL, PRI_VERSION_ID,
PTN_ID ) VALUES ( 
1019, 285, 167, NULL, 'N', 1, 1); 
INSERT INTO PROPERTY_INST ( PRI_ID, PIG_ID, PRD_ID, PRI_VALUE, PRI_DELETE_FL, PRI_VERSION_ID,
PTN_ID ) VALUES ( 
1020, 285, 168, 'Y', 'N', 1, 1); 
INSERT INTO PROPERTY_INST ( PRI_ID, PIG_ID, PRD_ID, PRI_VALUE, PRI_DELETE_FL, PRI_VERSION_ID,
PTN_ID ) VALUES ( 
1021, 285, 128, 'N', 'N', 1, 1); 
INSERT INTO PROPERTY_INST ( PRI_ID, PIG_ID, PRD_ID, PRI_VALUE, PRI_DELETE_FL, PRI_VERSION_ID,
PTN_ID ) VALUES ( 
1022, 285, 129, '100', 'N', 1, 1); 
INSERT INTO PROPERTY_INST ( PRI_ID, PIG_ID, PRD_ID, PRI_VALUE, PRI_DELETE_FL, PRI_VERSION_ID,
PTN_ID ) VALUES ( 
648, 235, 130, 'Tahoma', 'N', 1, 1); 
INSERT INTO PROPERTY_INST ( PRI_ID, PIG_ID, PRD_ID, PRI_VALUE, PRI_DELETE_FL, PRI_VERSION_ID,
PTN_ID ) VALUES ( 
649, 235, 131, NULL, 'N', 1, 1); 
INSERT INTO PROPERTY_INST ( PRI_ID, PIG_ID, PRD_ID, PRI_VALUE, PRI_DELETE_FL, PRI_VERSION_ID,
PTN_ID ) VALUES ( 
650, 235, 132, '000000', 'N', 1, 1); 
INSERT INTO PROPERTY_INST ( PRI_ID, PIG_ID, PRD_ID, PRI_VALUE, PRI_DELETE_FL, PRI_VERSION_ID,
PTN_ID ) VALUES ( 
651, 236, 157, '25', 'N', 1, 1); 
INSERT INTO PROPERTY_INST ( PRI_ID, PIG_ID, PRD_ID, PRI_VALUE, PRI_DELETE_FL, PRI_VERSION_ID,
PTN_ID ) VALUES ( 
652, 236, 158, '0', 'N', 1, 1); 
INSERT INTO PROPERTY_INST ( PRI_ID, PIG_ID, PRD_ID, PRI_VALUE, PRI_DELETE_FL, PRI_VERSION_ID,
PTN_ID ) VALUES ( 
653, 236, 159, NULL, 'N', 1, 1); 
INSERT INTO PROPERTY_INST ( PRI_ID, PIG_ID, PRD_ID, PRI_VALUE, PRI_DELETE_FL, PRI_VERSION_ID,
PTN_ID ) VALUES ( 
654, 236, 109, '1', 'N', 1, 1); 
INSERT INTO PROPERTY_INST ( PRI_ID, PIG_ID, PRD_ID, PRI_VALUE, PRI_DELETE_FL, PRI_VERSION_ID,
PTN_ID ) VALUES ( 
655, 236, 110, 'Y', 'N', 1, 1); 
INSERT INTO PROPERTY_INST ( PRI_ID, PIG_ID, PRD_ID, PRI_VALUE, PRI_DELETE_FL, PRI_VERSION_ID,
PTN_ID ) VALUES ( 
656, 236, 111, 'Y', 'N', 1, 1); 
INSERT INTO PROPERTY_INST ( PRI_ID, PIG_ID, PRD_ID, PRI_VALUE, PRI_DELETE_FL, PRI_VERSION_ID,
PTN_ID ) VALUES ( 
657, 236, 112, NULL, 'N', 1, 1); 
INSERT INTO PROPERTY_INST ( PRI_ID, PIG_ID, PRD_ID, PRI_VALUE, PRI_DELETE_FL, PRI_VERSION_ID,
PTN_ID ) VALUES ( 
658, 236, 113, NULL, 'N', 1, 1); 
INSERT INTO PROPERTY_INST ( PRI_ID, PIG_ID, PRD_ID, PRI_VALUE, PRI_DELETE_FL, PRI_VERSION_ID,
PTN_ID ) VALUES ( 
659, 236, 114, NULL, 'N', 1, 1); 
INSERT INTO PROPERTY_INST ( PRI_ID, PIG_ID, PRD_ID, PRI_VALUE, PRI_DELETE_FL, PRI_VERSION_ID,
PTN_ID ) VALUES ( 
660, 236, 115, NULL, 'N', 1, 1); 
INSERT INTO PROPERTY_INST ( PRI_ID, PIG_ID, PRD_ID, PRI_VALUE, PRI_DELETE_FL, PRI_VERSION_ID,
PTN_ID ) VALUES ( 
661, 236, 116, 'C0C0C0', 'N', 1, 1); 
INSERT INTO PROPERTY_INST ( PRI_ID, PIG_ID, PRD_ID, PRI_VALUE, PRI_DELETE_FL, PRI_VERSION_ID,
PTN_ID ) VALUES ( 
662, 236, 117, '2', 'N', 1, 1); 
INSERT INTO PROPERTY_INST ( PRI_ID, PIG_ID, PRD_ID, PRI_VALUE, PRI_DELETE_FL, PRI_VERSION_ID,
PTN_ID ) VALUES ( 
663, 236, 118, 'Y', 'N', 1, 1); 
INSERT INTO PROPERTY_INST ( PRI_ID, PIG_ID, PRD_ID, PRI_VALUE, PRI_DELETE_FL, PRI_VERSION_ID,
PTN_ID ) VALUES ( 
664, 237, 160, 'Y', 'N', 1, 1); 
INSERT INTO PROPERTY_INST ( PRI_ID, PIG_ID, PRD_ID, PRI_VALUE, PRI_DELETE_FL, PRI_VERSION_ID,
PTN_ID ) VALUES ( 
665, 237, 161, 'Y', 'N', 1, 1); 
INSERT INTO PROPERTY_INST ( PRI_ID, PIG_ID, PRD_ID, PRI_VALUE, PRI_DELETE_FL, PRI_VERSION_ID,
PTN_ID ) VALUES ( 
666, 237, 119, 'Tahoma', 'N', 1, 1); 
INSERT INTO PROPERTY_INST ( PRI_ID, PIG_ID, PRD_ID, PRI_VALUE, PRI_DELETE_FL, PRI_VERSION_ID,
PTN_ID ) VALUES ( 
667, 237, 120, NULL, 'N', 1, 1); 
INSERT INTO PROPERTY_INST ( PRI_ID, PIG_ID, PRD_ID, PRI_VALUE, PRI_DELETE_FL, PRI_VERSION_ID,
PTN_ID ) VALUES ( 
668, 237, 121, '000000', 'N', 1, 1); 
INSERT INTO PROPERTY_INST ( PRI_ID, PIG_ID, PRD_ID, PRI_VALUE, PRI_DELETE_FL, PRI_VERSION_ID,
PTN_ID ) VALUES ( 
669, 237, 122, 'Y', 'N', 1, 1); 
INSERT INTO PROPERTY_INST ( PRI_ID, PIG_ID, PRD_ID, PRI_VALUE, PRI_DELETE_FL, PRI_VERSION_ID,
PTN_ID ) VALUES ( 
670, 237, 123, 'C0C0C0', 'N', 1, 1); 
INSERT INTO PROPERTY_INST ( PRI_ID, PIG_ID, PRD_ID, PRI_VALUE, PRI_DELETE_FL, PRI_VERSION_ID,
PTN_ID ) VALUES ( 
671, 237, 124, NULL, 'N', 1, 1); 
INSERT INTO PROPERTY_INST ( PRI_ID, PIG_ID, PRD_ID, PRI_VALUE, PRI_DELETE_FL, PRI_VERSION_ID,
PTN_ID ) VALUES ( 
672, 237, 125, 'Y', 'N', 1, 1); 
INSERT INTO PROPERTY_INST ( PRI_ID, PIG_ID, PRD_ID, PRI_VALUE, PRI_DELETE_FL, PRI_VERSION_ID,
PTN_ID ) VALUES ( 
673, 237, 126, 'Y', 'N', 1, 1); 
INSERT INTO PROPERTY_INST ( PRI_ID, PIG_ID, PRD_ID, PRI_VALUE, PRI_DELETE_FL, PRI_VERSION_ID,
PTN_ID ) VALUES ( 
674, 237, 127, 'FFFFFF', 'N', 1, 1); 
INSERT INTO PROPERTY_INST ( PRI_ID, PIG_ID, PRD_ID, PRI_VALUE, PRI_DELETE_FL, PRI_VERSION_ID,
PTN_ID ) VALUES ( 
675, 238, 162, NULL, 'N', 1, 1); 
INSERT INTO PROPERTY_INST ( PRI_ID, PIG_ID, PRD_ID, PRI_VALUE, PRI_DELETE_FL, PRI_VERSION_ID,
PTN_ID ) VALUES ( 
676, 238, 128, 'N', 'N', 1, 1); 
INSERT INTO PROPERTY_INST ( PRI_ID, PIG_ID, PRD_ID, PRI_VALUE, PRI_DELETE_FL, PRI_VERSION_ID,
PTN_ID ) VALUES ( 
677, 238, 129, '100', 'N', 1, 1); 
INSERT INTO PROPERTY_INST ( PRI_ID, PIG_ID, PRD_ID, PRI_VALUE, PRI_DELETE_FL, PRI_VERSION_ID,
PTN_ID ) VALUES ( 
678, 239, 133, NULL, 'N', 1, 1); 
INSERT INTO PROPERTY_INST ( PRI_ID, PIG_ID, PRD_ID, PRI_VALUE, PRI_DELETE_FL, PRI_VERSION_ID,
PTN_ID ) VALUES ( 
679, 239, 134, NULL, 'N', 1, 1); 
INSERT INTO PROPERTY_INST ( PRI_ID, PIG_ID, PRD_ID, PRI_VALUE, PRI_DELETE_FL, PRI_VERSION_ID,
PTN_ID ) VALUES ( 
680, 239, 135, NULL, 'N', 1, 1); 
INSERT INTO PROPERTY_INST ( PRI_ID, PIG_ID, PRD_ID, PRI_VALUE, PRI_DELETE_FL, PRI_VERSION_ID,
PTN_ID ) VALUES ( 
681, 239, 136, '808080', 'N', 1, 1); 
INSERT INTO PROPERTY_INST ( PRI_ID, PIG_ID, PRD_ID, PRI_VALUE, PRI_DELETE_FL, PRI_VERSION_ID,
PTN_ID ) VALUES ( 
682, 239, 137, '1', 'N', 1, 1); 
INSERT INTO PROPERTY_INST ( PRI_ID, PIG_ID, PRD_ID, PRI_VALUE, PRI_DELETE_FL, PRI_VERSION_ID,
PTN_ID ) VALUES ( 
683, 239, 138, 'N', 'N', 1, 1); 
INSERT INTO PROPERTY_INST ( PRI_ID, PIG_ID, PRD_ID, PRI_VALUE, PRI_DELETE_FL, PRI_VERSION_ID,
PTN_ID ) VALUES ( 
684, 240, 133, NULL, 'N', 1, 1); 
INSERT INTO PROPERTY_INST ( PRI_ID, PIG_ID, PRD_ID, PRI_VALUE, PRI_DELETE_FL, PRI_VERSION_ID,
PTN_ID ) VALUES ( 
685, 240, 134, NULL, 'N', 1, 1); 
INSERT INTO PROPERTY_INST ( PRI_ID, PIG_ID, PRD_ID, PRI_VALUE, PRI_DELETE_FL, PRI_VERSION_ID,
PTN_ID ) VALUES ( 
686, 240, 135, NULL, 'N', 1, 1); 
INSERT INTO PROPERTY_INST ( PRI_ID, PIG_ID, PRD_ID, PRI_VALUE, PRI_DELETE_FL, PRI_VERSION_ID,
PTN_ID ) VALUES ( 
687, 240, 136, '808080', 'N', 1, 1); 
INSERT INTO PROPERTY_INST ( PRI_ID, PIG_ID, PRD_ID, PRI_VALUE, PRI_DELETE_FL, PRI_VERSION_ID,
PTN_ID ) VALUES ( 
688, 240, 137, '1', 'N', 1, 1); 
INSERT INTO PROPERTY_INST ( PRI_ID, PIG_ID, PRD_ID, PRI_VALUE, PRI_DELETE_FL, PRI_VERSION_ID,
PTN_ID ) VALUES ( 
689, 240, 138, 'N', 'N', 1, 1); 
INSERT INTO PROPERTY_INST ( PRI_ID, PIG_ID, PRD_ID, PRI_VALUE, PRI_DELETE_FL, PRI_VERSION_ID,
PTN_ID ) VALUES ( 
775, 253, 130, 'Tahoma', 'N', 1, 1); 
INSERT INTO PROPERTY_INST ( PRI_ID, PIG_ID, PRD_ID, PRI_VALUE, PRI_DELETE_FL, PRI_VERSION_ID,
PTN_ID ) VALUES ( 
776, 253, 131, NULL, 'N', 1, 1); 
INSERT INTO PROPERTY_INST ( PRI_ID, PIG_ID, PRD_ID, PRI_VALUE, PRI_DELETE_FL, PRI_VERSION_ID,
PTN_ID ) VALUES ( 
777, 253, 132, '000000', 'N', 1, 1); 
INSERT INTO PROPERTY_INST ( PRI_ID, PIG_ID, PRD_ID, PRI_VALUE, PRI_DELETE_FL, PRI_VERSION_ID,
PTN_ID ) VALUES ( 
778, 254, 157, '25', 'N', 1, 1); 
INSERT INTO PROPERTY_INST ( PRI_ID, PIG_ID, PRD_ID, PRI_VALUE, PRI_DELETE_FL, PRI_VERSION_ID,
PTN_ID ) VALUES ( 
779, 254, 158, '0', 'N', 1, 1); 
INSERT INTO PROPERTY_INST ( PRI_ID, PIG_ID, PRD_ID, PRI_VALUE, PRI_DELETE_FL, PRI_VERSION_ID,
PTN_ID ) VALUES ( 
780, 254, 159, NULL, 'N', 1, 1); 
INSERT INTO PROPERTY_INST ( PRI_ID, PIG_ID, PRD_ID, PRI_VALUE, PRI_DELETE_FL, PRI_VERSION_ID,
PTN_ID ) VALUES ( 
781, 254, 109, '1', 'N', 1, 1); 
INSERT INTO PROPERTY_INST ( PRI_ID, PIG_ID, PRD_ID, PRI_VALUE, PRI_DELETE_FL, PRI_VERSION_ID,
PTN_ID ) VALUES ( 
782, 254, 110, 'Y', 'N', 1, 1); 
INSERT INTO PROPERTY_INST ( PRI_ID, PIG_ID, PRD_ID, PRI_VALUE, PRI_DELETE_FL, PRI_VERSION_ID,
PTN_ID ) VALUES ( 
783, 254, 111, 'Y', 'N', 1, 1); 
INSERT INTO PROPERTY_INST ( PRI_ID, PIG_ID, PRD_ID, PRI_VALUE, PRI_DELETE_FL, PRI_VERSION_ID,
PTN_ID ) VALUES ( 
784, 254, 112, NULL, 'N', 1, 1); 
INSERT INTO PROPERTY_INST ( PRI_ID, PIG_ID, PRD_ID, PRI_VALUE, PRI_DELETE_FL, PRI_VERSION_ID,
PTN_ID ) VALUES ( 
785, 254, 113, NULL, 'N', 1, 1); 
INSERT INTO PROPERTY_INST ( PRI_ID, PIG_ID, PRD_ID, PRI_VALUE, PRI_DELETE_FL, PRI_VERSION_ID,
PTN_ID ) VALUES ( 
786, 254, 114, NULL, 'N', 1, 1); 
INSERT INTO PROPERTY_INST ( PRI_ID, PIG_ID, PRD_ID, PRI_VALUE, PRI_DELETE_FL, PRI_VERSION_ID,
PTN_ID ) VALUES ( 
787, 254, 115, NULL, 'N', 1, 1); 
INSERT INTO PROPERTY_INST ( PRI_ID, PIG_ID, PRD_ID, PRI_VALUE, PRI_DELETE_FL, PRI_VERSION_ID,
PTN_ID ) VALUES ( 
788, 254, 116, 'C0C0C0', 'N', 1, 1); 
INSERT INTO PROPERTY_INST ( PRI_ID, PIG_ID, PRD_ID, PRI_VALUE, PRI_DELETE_FL, PRI_VERSION_ID,
PTN_ID ) VALUES ( 
789, 254, 117, '2', 'N', 1, 1); 
INSERT INTO PROPERTY_INST ( PRI_ID, PIG_ID, PRD_ID, PRI_VALUE, PRI_DELETE_FL, PRI_VERSION_ID,
PTN_ID ) VALUES ( 
790, 254, 118, 'Y', 'N', 1, 1); 
INSERT INTO PROPERTY_INST ( PRI_ID, PIG_ID, PRD_ID, PRI_VALUE, PRI_DELETE_FL, PRI_VERSION_ID,
PTN_ID ) VALUES ( 
791, 255, 160, 'Y', 'N', 1, 1); 
INSERT INTO PROPERTY_INST ( PRI_ID, PIG_ID, PRD_ID, PRI_VALUE, PRI_DELETE_FL, PRI_VERSION_ID,
PTN_ID ) VALUES ( 
792, 255, 161, 'Y', 'N', 1, 1); 
INSERT INTO PROPERTY_INST ( PRI_ID, PIG_ID, PRD_ID, PRI_VALUE, PRI_DELETE_FL, PRI_VERSION_ID,
PTN_ID ) VALUES ( 
793, 255, 119, 'Tahoma', 'N', 1, 1); 
INSERT INTO PROPERTY_INST ( PRI_ID, PIG_ID, PRD_ID, PRI_VALUE, PRI_DELETE_FL, PRI_VERSION_ID,
PTN_ID ) VALUES ( 
794, 255, 120, NULL, 'N', 1, 1); 
INSERT INTO PROPERTY_INST ( PRI_ID, PIG_ID, PRD_ID, PRI_VALUE, PRI_DELETE_FL, PRI_VERSION_ID,
PTN_ID ) VALUES ( 
795, 255, 121, '000000', 'N', 1, 1); 
INSERT INTO PROPERTY_INST ( PRI_ID, PIG_ID, PRD_ID, PRI_VALUE, PRI_DELETE_FL, PRI_VERSION_ID,
PTN_ID ) VALUES ( 
796, 255, 122, 'Y', 'N', 1, 1); 
INSERT INTO PROPERTY_INST ( PRI_ID, PIG_ID, PRD_ID, PRI_VALUE, PRI_DELETE_FL, PRI_VERSION_ID,
PTN_ID ) VALUES ( 
797, 255, 123, 'C0C0C0', 'N', 1, 1); 
INSERT INTO PROPERTY_INST ( PRI_ID, PIG_ID, PRD_ID, PRI_VALUE, PRI_DELETE_FL, PRI_VERSION_ID,
PTN_ID ) VALUES ( 
798, 255, 124, NULL, 'N', 1, 1); 
INSERT INTO PROPERTY_INST ( PRI_ID, PIG_ID, PRD_ID, PRI_VALUE, PRI_DELETE_FL, PRI_VERSION_ID,
PTN_ID ) VALUES ( 
799, 255, 125, 'Y', 'N', 1, 1); 
INSERT INTO PROPERTY_INST ( PRI_ID, PIG_ID, PRD_ID, PRI_VALUE, PRI_DELETE_FL, PRI_VERSION_ID,
PTN_ID ) VALUES ( 
800, 255, 126, 'Y', 'N', 1, 1); 
INSERT INTO PROPERTY_INST ( PRI_ID, PIG_ID, PRD_ID, PRI_VALUE, PRI_DELETE_FL, PRI_VERSION_ID,
PTN_ID ) VALUES ( 
801, 255, 127, 'FFFFFF', 'N', 1, 1); 
INSERT INTO PROPERTY_INST ( PRI_ID, PIG_ID, PRD_ID, PRI_VALUE, PRI_DELETE_FL, PRI_VERSION_ID,
PTN_ID ) VALUES ( 
802, 256, 162, NULL, 'N', 1, 1); 
INSERT INTO PROPERTY_INST ( PRI_ID, PIG_ID, PRD_ID, PRI_VALUE, PRI_DELETE_FL, PRI_VERSION_ID,
PTN_ID ) VALUES ( 
803, 256, 128, 'N', 'N', 1, 1); 
INSERT INTO PROPERTY_INST ( PRI_ID, PIG_ID, PRD_ID, PRI_VALUE, PRI_DELETE_FL, PRI_VERSION_ID,
PTN_ID ) VALUES ( 
804, 256, 129, '100', 'N', 1, 1); 
INSERT INTO PROPERTY_INST ( PRI_ID, PIG_ID, PRD_ID, PRI_VALUE, PRI_DELETE_FL, PRI_VERSION_ID,
PTN_ID ) VALUES ( 
805, 257, 133, NULL, 'N', 1, 1); 
INSERT INTO PROPERTY_INST ( PRI_ID, PIG_ID, PRD_ID, PRI_VALUE, PRI_DELETE_FL, PRI_VERSION_ID,
PTN_ID ) VALUES ( 
806, 257, 134, NULL, 'N', 1, 1); 
INSERT INTO PROPERTY_INST ( PRI_ID, PIG_ID, PRD_ID, PRI_VALUE, PRI_DELETE_FL, PRI_VERSION_ID,
PTN_ID ) VALUES ( 
807, 257, 135, NULL, 'N', 1, 1); 
INSERT INTO PROPERTY_INST ( PRI_ID, PIG_ID, PRD_ID, PRI_VALUE, PRI_DELETE_FL, PRI_VERSION_ID,
PTN_ID ) VALUES ( 
808, 257, 136, '808080', 'N', 1, 1); 
INSERT INTO PROPERTY_INST ( PRI_ID, PIG_ID, PRD_ID, PRI_VALUE, PRI_DELETE_FL, PRI_VERSION_ID,
PTN_ID ) VALUES ( 
809, 257, 137, '1', 'N', 1, 1); 
INSERT INTO PROPERTY_INST ( PRI_ID, PIG_ID, PRD_ID, PRI_VALUE, PRI_DELETE_FL, PRI_VERSION_ID,
PTN_ID ) VALUES ( 
810, 257, 138, 'N', 'N', 1, 1); 
INSERT INTO PROPERTY_INST ( PRI_ID, PIG_ID, PRD_ID, PRI_VALUE, PRI_DELETE_FL, PRI_VERSION_ID,
PTN_ID ) VALUES ( 
811, 258, 133, NULL, 'N', 1, 1); 
INSERT INTO PROPERTY_INST ( PRI_ID, PIG_ID, PRD_ID, PRI_VALUE, PRI_DELETE_FL, PRI_VERSION_ID,
PTN_ID ) VALUES ( 
812, 258, 134, NULL, 'N', 1, 1); 
INSERT INTO PROPERTY_INST ( PRI_ID, PIG_ID, PRD_ID, PRI_VALUE, PRI_DELETE_FL, PRI_VERSION_ID,
PTN_ID ) VALUES ( 
813, 258, 135, NULL, 'N', 1, 1); 
INSERT INTO PROPERTY_INST ( PRI_ID, PIG_ID, PRD_ID, PRI_VALUE, PRI_DELETE_FL, PRI_VERSION_ID,
PTN_ID ) VALUES ( 
814, 258, 136, '808080', 'N', 1, 1); 
INSERT INTO PROPERTY_INST ( PRI_ID, PIG_ID, PRD_ID, PRI_VALUE, PRI_DELETE_FL, PRI_VERSION_ID,
PTN_ID ) VALUES ( 
815, 258, 137, '1', 'N', 1, 1); 
INSERT INTO PROPERTY_INST ( PRI_ID, PIG_ID, PRD_ID, PRI_VALUE, PRI_DELETE_FL, PRI_VERSION_ID,
PTN_ID ) VALUES ( 
816, 258, 138, 'N', 'N', 1, 1); 
INSERT INTO PROPERTY_INST ( PRI_ID, PIG_ID, PRD_ID, PRI_VALUE, PRI_DELETE_FL, PRI_VERSION_ID,
PTN_ID ) VALUES ( 
860, 265, 130, 'Tahoma', 'N', 1, 1); 
INSERT INTO PROPERTY_INST ( PRI_ID, PIG_ID, PRD_ID, PRI_VALUE, PRI_DELETE_FL, PRI_VERSION_ID,
PTN_ID ) VALUES ( 
861, 265, 131, NULL, 'N', 1, 1); 
INSERT INTO PROPERTY_INST ( PRI_ID, PIG_ID, PRD_ID, PRI_VALUE, PRI_DELETE_FL, PRI_VERSION_ID,
PTN_ID ) VALUES ( 
862, 265, 132, '000000', 'N', 1, 1); 
INSERT INTO PROPERTY_INST ( PRI_ID, PIG_ID, PRD_ID, PRI_VALUE, PRI_DELETE_FL, PRI_VERSION_ID,
PTN_ID ) VALUES ( 
863, 266, 239, 'WRAP', 'N', 1, 1); 
INSERT INTO PROPERTY_INST ( PRI_ID, PIG_ID, PRD_ID, PRI_VALUE, PRI_DELETE_FL, PRI_VERSION_ID,
PTN_ID ) VALUES ( 
864, 266, 240, '25', 'N', 1, 1); 
INSERT INTO PROPERTY_INST ( PRI_ID, PIG_ID, PRD_ID, PRI_VALUE, PRI_DELETE_FL, PRI_VERSION_ID,
PTN_ID ) VALUES ( 
865, 266, 241, '0', 'N', 1, 1); 
INSERT INTO PROPERTY_INST ( PRI_ID, PIG_ID, PRD_ID, PRI_VALUE, PRI_DELETE_FL, PRI_VERSION_ID,
PTN_ID ) VALUES ( 
866, 266, 242, NULL, 'N', 1, 1); 
INSERT INTO PROPERTY_INST ( PRI_ID, PIG_ID, PRD_ID, PRI_VALUE, PRI_DELETE_FL, PRI_VERSION_ID,
PTN_ID ) VALUES ( 
867, 266, 109, '1', 'N', 1, 1); 
INSERT INTO PROPERTY_INST ( PRI_ID, PIG_ID, PRD_ID, PRI_VALUE, PRI_DELETE_FL, PRI_VERSION_ID,
PTN_ID ) VALUES ( 
868, 266, 110, 'Y', 'N', 1, 1); 
INSERT INTO PROPERTY_INST ( PRI_ID, PIG_ID, PRD_ID, PRI_VALUE, PRI_DELETE_FL, PRI_VERSION_ID,
PTN_ID ) VALUES ( 
869, 266, 111, 'Y', 'N', 1, 1); 
INSERT INTO PROPERTY_INST ( PRI_ID, PIG_ID, PRD_ID, PRI_VALUE, PRI_DELETE_FL, PRI_VERSION_ID,
PTN_ID ) VALUES ( 
870, 266, 112, NULL, 'N', 1, 1); 
INSERT INTO PROPERTY_INST ( PRI_ID, PIG_ID, PRD_ID, PRI_VALUE, PRI_DELETE_FL, PRI_VERSION_ID,
PTN_ID ) VALUES ( 
871, 266, 113, NULL, 'N', 1, 1); 
INSERT INTO PROPERTY_INST ( PRI_ID, PIG_ID, PRD_ID, PRI_VALUE, PRI_DELETE_FL, PRI_VERSION_ID,
PTN_ID ) VALUES ( 
872, 266, 114, NULL, 'N', 1, 1); 
INSERT INTO PROPERTY_INST ( PRI_ID, PIG_ID, PRD_ID, PRI_VALUE, PRI_DELETE_FL, PRI_VERSION_ID,
PTN_ID ) VALUES ( 
873, 266, 115, NULL, 'N', 1, 1); 
INSERT INTO PROPERTY_INST ( PRI_ID, PIG_ID, PRD_ID, PRI_VALUE, PRI_DELETE_FL, PRI_VERSION_ID,
PTN_ID ) VALUES ( 
874, 266, 116, 'C0C0C0', 'N', 1, 1); 
INSERT INTO PROPERTY_INST ( PRI_ID, PIG_ID, PRD_ID, PRI_VALUE, PRI_DELETE_FL, PRI_VERSION_ID,
PTN_ID ) VALUES ( 
875, 266, 117, '2', 'N', 1, 1); 
INSERT INTO PROPERTY_INST ( PRI_ID, PIG_ID, PRD_ID, PRI_VALUE, PRI_DELETE_FL, PRI_VERSION_ID,
PTN_ID ) VALUES ( 
876, 266, 118, 'Y', 'N', 1, 1); 
INSERT INTO PROPERTY_INST ( PRI_ID, PIG_ID, PRD_ID, PRI_VALUE, PRI_DELETE_FL, PRI_VERSION_ID,
PTN_ID ) VALUES ( 
877, 267, 243, 'Y', 'N', 1, 1); 
INSERT INTO PROPERTY_INST ( PRI_ID, PIG_ID, PRD_ID, PRI_VALUE, PRI_DELETE_FL, PRI_VERSION_ID,
PTN_ID ) VALUES ( 
878, 267, 244, 'Y', 'N', 1, 1); 
INSERT INTO PROPERTY_INST ( PRI_ID, PIG_ID, PRD_ID, PRI_VALUE, PRI_DELETE_FL, PRI_VERSION_ID,
PTN_ID ) VALUES ( 
879, 267, 119, 'Tahoma', 'N', 1, 1); 
INSERT INTO PROPERTY_INST ( PRI_ID, PIG_ID, PRD_ID, PRI_VALUE, PRI_DELETE_FL, PRI_VERSION_ID,
PTN_ID ) VALUES ( 
880, 267, 120, NULL, 'N', 1, 1); 
INSERT INTO PROPERTY_INST ( PRI_ID, PIG_ID, PRD_ID, PRI_VALUE, PRI_DELETE_FL, PRI_VERSION_ID,
PTN_ID ) VALUES ( 
881, 267, 121, '000000', 'N', 1, 1); 
INSERT INTO PROPERTY_INST ( PRI_ID, PIG_ID, PRD_ID, PRI_VALUE, PRI_DELETE_FL, PRI_VERSION_ID,
PTN_ID ) VALUES ( 
882, 267, 122, 'Y', 'N', 1, 1); 
INSERT INTO PROPERTY_INST ( PRI_ID, PIG_ID, PRD_ID, PRI_VALUE, PRI_DELETE_FL, PRI_VERSION_ID,
PTN_ID ) VALUES ( 
883, 267, 123, 'C0C0C0', 'N', 1, 1); 
INSERT INTO PROPERTY_INST ( PRI_ID, PIG_ID, PRD_ID, PRI_VALUE, PRI_DELETE_FL, PRI_VERSION_ID,
PTN_ID ) VALUES ( 
884, 267, 124, NULL, 'N', 1, 1); 
INSERT INTO PROPERTY_INST ( PRI_ID, PIG_ID, PRD_ID, PRI_VALUE, PRI_DELETE_FL, PRI_VERSION_ID,
PTN_ID ) VALUES ( 
885, 267, 125, 'Y', 'N', 1, 1); 
INSERT INTO PROPERTY_INST ( PRI_ID, PIG_ID, PRD_ID, PRI_VALUE, PRI_DELETE_FL, PRI_VERSION_ID,
PTN_ID ) VALUES ( 
886, 267, 126, 'Y', 'N', 1, 1); 
INSERT INTO PROPERTY_INST ( PRI_ID, PIG_ID, PRD_ID, PRI_VALUE, PRI_DELETE_FL, PRI_VERSION_ID,
PTN_ID ) VALUES ( 
887, 267, 127, 'FFFFFF', 'N', 1, 1); 
INSERT INTO PROPERTY_INST ( PRI_ID, PIG_ID, PRD_ID, PRI_VALUE, PRI_DELETE_FL, PRI_VERSION_ID,
PTN_ID ) VALUES ( 
888, 268, 245, NULL, 'N', 1, 1); 
INSERT INTO PROPERTY_INST ( PRI_ID, PIG_ID, PRD_ID, PRI_VALUE, PRI_DELETE_FL, PRI_VERSION_ID,
PTN_ID ) VALUES ( 
889, 268, 128, 'N', 'N', 1, 1); 
INSERT INTO PROPERTY_INST ( PRI_ID, PIG_ID, PRD_ID, PRI_VALUE, PRI_DELETE_FL, PRI_VERSION_ID,
PTN_ID ) VALUES ( 
890, 268, 129, '100', 'N', 1, 1); 
INSERT INTO PROPERTY_INST ( PRI_ID, PIG_ID, PRD_ID, PRI_VALUE, PRI_DELETE_FL, PRI_VERSION_ID,
PTN_ID ) VALUES ( 
891, 269, 133, NULL, 'N', 1, 1); 
INSERT INTO PROPERTY_INST ( PRI_ID, PIG_ID, PRD_ID, PRI_VALUE, PRI_DELETE_FL, PRI_VERSION_ID,
PTN_ID ) VALUES ( 
892, 269, 134, NULL, 'N', 1, 1); 
INSERT INTO PROPERTY_INST ( PRI_ID, PIG_ID, PRD_ID, PRI_VALUE, PRI_DELETE_FL, PRI_VERSION_ID,
PTN_ID ) VALUES ( 
893, 269, 135, NULL, 'N', 1, 1); 
INSERT INTO PROPERTY_INST ( PRI_ID, PIG_ID, PRD_ID, PRI_VALUE, PRI_DELETE_FL, PRI_VERSION_ID,
PTN_ID ) VALUES ( 
894, 269, 136, '808080', 'N', 1, 1); 
INSERT INTO PROPERTY_INST ( PRI_ID, PIG_ID, PRD_ID, PRI_VALUE, PRI_DELETE_FL, PRI_VERSION_ID,
PTN_ID ) VALUES ( 
895, 269, 137, '1', 'N', 1, 1); 
INSERT INTO PROPERTY_INST ( PRI_ID, PIG_ID, PRD_ID, PRI_VALUE, PRI_DELETE_FL, PRI_VERSION_ID,
PTN_ID ) VALUES ( 
896, 269, 138, 'N', 'N', 1, 1); 
INSERT INTO PROPERTY_INST ( PRI_ID, PIG_ID, PRD_ID, PRI_VALUE, PRI_DELETE_FL, PRI_VERSION_ID,
PTN_ID ) VALUES ( 
897, 270, 133, NULL, 'N', 1, 1); 
INSERT INTO PROPERTY_INST ( PRI_ID, PIG_ID, PRD_ID, PRI_VALUE, PRI_DELETE_FL, PRI_VERSION_ID,
PTN_ID ) VALUES ( 
898, 270, 134, NULL, 'N', 1, 1); 
INSERT INTO PROPERTY_INST ( PRI_ID, PIG_ID, PRD_ID, PRI_VALUE, PRI_DELETE_FL, PRI_VERSION_ID,
PTN_ID ) VALUES ( 
899, 270, 135, NULL, 'N', 1, 1); 
INSERT INTO PROPERTY_INST ( PRI_ID, PIG_ID, PRD_ID, PRI_VALUE, PRI_DELETE_FL, PRI_VERSION_ID,
PTN_ID ) VALUES ( 
900, 270, 136, '808080', 'N', 1, 1); 
INSERT INTO PROPERTY_INST ( PRI_ID, PIG_ID, PRD_ID, PRI_VALUE, PRI_DELETE_FL, PRI_VERSION_ID,
PTN_ID ) VALUES ( 
901, 270, 137, '1', 'N', 1, 1); 
INSERT INTO PROPERTY_INST ( PRI_ID, PIG_ID, PRD_ID, PRI_VALUE, PRI_DELETE_FL, PRI_VERSION_ID,
PTN_ID ) VALUES ( 
902, 270, 138, 'N', 'N', 1, 1); 
INSERT INTO PROPERTY_INST ( PRI_ID, PIG_ID, PRD_ID, PRI_VALUE, PRI_DELETE_FL, PRI_VERSION_ID,
PTN_ID ) VALUES ( 
996, 283, 163, 'WRAP', 'N', 1, 1); 
INSERT INTO PROPERTY_INST ( PRI_ID, PIG_ID, PRD_ID, PRI_VALUE, PRI_DELETE_FL, PRI_VERSION_ID,
PTN_ID ) VALUES ( 
997, 283, 164, '25', 'N', 1, 1); 
INSERT INTO PROPERTY_INST ( PRI_ID, PIG_ID, PRD_ID, PRI_VALUE, PRI_DELETE_FL, PRI_VERSION_ID,
PTN_ID ) VALUES ( 
998, 283, 165, '0', 'N', 1, 1); 
INSERT INTO PROPERTY_INST ( PRI_ID, PIG_ID, PRD_ID, PRI_VALUE, PRI_DELETE_FL, PRI_VERSION_ID,
PTN_ID ) VALUES ( 
999, 283, 166, NULL, 'N', 1, 1); 
INSERT INTO PROPERTY_INST ( PRI_ID, PIG_ID, PRD_ID, PRI_VALUE, PRI_DELETE_FL, PRI_VERSION_ID,
PTN_ID ) VALUES ( 
1000, 283, 109, 'Tahoma', 'N', 1, 1); 
INSERT INTO PROPERTY_INST ( PRI_ID, PIG_ID, PRD_ID, PRI_VALUE, PRI_DELETE_FL, PRI_VERSION_ID,
PTN_ID ) VALUES ( 
1001, 283, 110, 'Y', 'N', 1, 1); 
INSERT INTO PROPERTY_INST ( PRI_ID, PIG_ID, PRD_ID, PRI_VALUE, PRI_DELETE_FL, PRI_VERSION_ID,
PTN_ID ) VALUES ( 
1002, 283, 111, 'Y', 'N', 1, 1); 
INSERT INTO PROPERTY_INST ( PRI_ID, PIG_ID, PRD_ID, PRI_VALUE, PRI_DELETE_FL, PRI_VERSION_ID,
PTN_ID ) VALUES ( 
1003, 283, 112, NULL, 'N', 1, 1); 
INSERT INTO PROPERTY_INST ( PRI_ID, PIG_ID, PRD_ID, PRI_VALUE, PRI_DELETE_FL, PRI_VERSION_ID,
PTN_ID ) VALUES ( 
1004, 283, 113, NULL, 'N', 1, 1); 
INSERT INTO PROPERTY_INST ( PRI_ID, PIG_ID, PRD_ID, PRI_VALUE, PRI_DELETE_FL, PRI_VERSION_ID,
PTN_ID ) VALUES ( 
1005, 283, 114, NULL, 'N', 1, 1); 
INSERT INTO PROPERTY_INST ( PRI_ID, PIG_ID, PRD_ID, PRI_VALUE, PRI_DELETE_FL, PRI_VERSION_ID,
PTN_ID ) VALUES ( 
1006, 283, 115, NULL, 'N', 1, 1); 
INSERT INTO PROPERTY_INST ( PRI_ID, PIG_ID, PRD_ID, PRI_VALUE, PRI_DELETE_FL, PRI_VERSION_ID,
PTN_ID ) VALUES ( 
1007, 283, 116, 'C0C0C0', 'N', 1, 1); 
INSERT INTO PROPERTY_INST ( PRI_ID, PIG_ID, PRD_ID, PRI_VALUE, PRI_DELETE_FL, PRI_VERSION_ID,
PTN_ID ) VALUES ( 
1008, 283, 117, '0', 'N', 1, 1); 
INSERT INTO PROPERTY_INST ( PRI_ID, PIG_ID, PRD_ID, PRI_VALUE, PRI_DELETE_FL, PRI_VERSION_ID,
PTN_ID ) VALUES ( 
1009, 283, 118, 'Y', 'N', 1, 1); 
INSERT INTO PROPERTY_INST ( PRI_ID, PIG_ID, PRD_ID, PRI_VALUE, PRI_DELETE_FL, PRI_VERSION_ID,
PTN_ID ) VALUES ( 
1010, 284, 119, 'Tahoma', 'N', 1, 1); 
INSERT INTO PROPERTY_INST ( PRI_ID, PIG_ID, PRD_ID, PRI_VALUE, PRI_DELETE_FL, PRI_VERSION_ID,
PTN_ID ) VALUES ( 
1023, 286, 133, NULL, 'N', 1, 1); 
INSERT INTO PROPERTY_INST ( PRI_ID, PIG_ID, PRD_ID, PRI_VALUE, PRI_DELETE_FL, PRI_VERSION_ID,
PTN_ID ) VALUES ( 
1024, 286, 134, NULL, 'N', 1, 1); 
INSERT INTO PROPERTY_INST ( PRI_ID, PIG_ID, PRD_ID, PRI_VALUE, PRI_DELETE_FL, PRI_VERSION_ID,
PTN_ID ) VALUES ( 
1025, 286, 135, NULL, 'N', 1, 1); 
INSERT INTO PROPERTY_INST ( PRI_ID, PIG_ID, PRD_ID, PRI_VALUE, PRI_DELETE_FL, PRI_VERSION_ID,
PTN_ID ) VALUES ( 
1026, 286, 136, '808080', 'N', 1, 1); 
INSERT INTO PROPERTY_INST ( PRI_ID, PIG_ID, PRD_ID, PRI_VALUE, PRI_DELETE_FL, PRI_VERSION_ID,
PTN_ID ) VALUES ( 
1027, 286, 137, '1', 'N', 1, 1); 
INSERT INTO PROPERTY_INST ( PRI_ID, PIG_ID, PRD_ID, PRI_VALUE, PRI_DELETE_FL, PRI_VERSION_ID,
PTN_ID ) VALUES ( 
1028, 286, 138, 'N', 'N', 1, 1); 
INSERT INTO PROPERTY_INST ( PRI_ID, PIG_ID, PRD_ID, PRI_VALUE, PRI_DELETE_FL, PRI_VERSION_ID,
PTN_ID ) VALUES ( 
1029, 287, 133, NULL, 'N', 1, 1); 
INSERT INTO PROPERTY_INST ( PRI_ID, PIG_ID, PRD_ID, PRI_VALUE, PRI_DELETE_FL, PRI_VERSION_ID,
PTN_ID ) VALUES ( 
1030, 287, 134, NULL, 'N', 1, 1); 
INSERT INTO PROPERTY_INST ( PRI_ID, PIG_ID, PRD_ID, PRI_VALUE, PRI_DELETE_FL, PRI_VERSION_ID,
PTN_ID ) VALUES ( 
1031, 287, 135, NULL, 'N', 1, 1); 
INSERT INTO PROPERTY_INST ( PRI_ID, PIG_ID, PRD_ID, PRI_VALUE, PRI_DELETE_FL, PRI_VERSION_ID,
PTN_ID ) VALUES ( 
1032, 287, 136, '808080', 'N', 1, 1); 
INSERT INTO PROPERTY_INST ( PRI_ID, PIG_ID, PRD_ID, PRI_VALUE, PRI_DELETE_FL, PRI_VERSION_ID,
PTN_ID ) VALUES ( 
1033, 287, 137, '1', 'N', 1, 1); 
INSERT INTO PROPERTY_INST ( PRI_ID, PIG_ID, PRD_ID, PRI_VALUE, PRI_DELETE_FL, PRI_VERSION_ID,
PTN_ID ) VALUES ( 
1034, 287, 138, 'N', 'N', 1, 1); 
INSERT INTO PROPERTY_INST ( PRI_ID, PIG_ID, PRD_ID, PRI_VALUE, PRI_DELETE_FL, PRI_VERSION_ID,
PTN_ID ) VALUES ( 
1035, 288, 152, '25', 'N', 1, 1); 
INSERT INTO PROPERTY_INST ( PRI_ID, PIG_ID, PRD_ID, PRI_VALUE, PRI_DELETE_FL, PRI_VERSION_ID,
PTN_ID ) VALUES ( 
1036, 288, 153, '0', 'N', 1, 1); 
INSERT INTO PROPERTY_INST ( PRI_ID, PIG_ID, PRD_ID, PRI_VALUE, PRI_DELETE_FL, PRI_VERSION_ID,
PTN_ID ) VALUES ( 
1037, 288, 154, NULL, 'N', 1, 1); 
INSERT INTO PROPERTY_INST ( PRI_ID, PIG_ID, PRD_ID, PRI_VALUE, PRI_DELETE_FL, PRI_VERSION_ID,
PTN_ID ) VALUES ( 
1038, 288, 109, '1', 'N', 1, 1); 
INSERT INTO PROPERTY_INST ( PRI_ID, PIG_ID, PRD_ID, PRI_VALUE, PRI_DELETE_FL, PRI_VERSION_ID,
PTN_ID ) VALUES ( 
1039, 288, 110, 'Y', 'N', 1, 1); 
INSERT INTO PROPERTY_INST ( PRI_ID, PIG_ID, PRD_ID, PRI_VALUE, PRI_DELETE_FL, PRI_VERSION_ID,
PTN_ID ) VALUES ( 
1040, 288, 111, 'Y', 'N', 1, 1); 
INSERT INTO PROPERTY_INST ( PRI_ID, PIG_ID, PRD_ID, PRI_VALUE, PRI_DELETE_FL, PRI_VERSION_ID,
PTN_ID ) VALUES ( 
1041, 288, 112, NULL, 'N', 1, 1); 
INSERT INTO PROPERTY_INST ( PRI_ID, PIG_ID, PRD_ID, PRI_VALUE, PRI_DELETE_FL, PRI_VERSION_ID,
PTN_ID ) VALUES ( 
1042, 288, 113, NULL, 'N', 1, 1); 
INSERT INTO PROPERTY_INST ( PRI_ID, PIG_ID, PRD_ID, PRI_VALUE, PRI_DELETE_FL, PRI_VERSION_ID,
PTN_ID ) VALUES ( 
1043, 288, 114, NULL, 'N', 1, 1); 
INSERT INTO PROPERTY_INST ( PRI_ID, PIG_ID, PRD_ID, PRI_VALUE, PRI_DELETE_FL, PRI_VERSION_ID,
PTN_ID ) VALUES ( 
1044, 288, 115, NULL, 'N', 1, 1); 
INSERT INTO PROPERTY_INST ( PRI_ID, PIG_ID, PRD_ID, PRI_VALUE, PRI_DELETE_FL, PRI_VERSION_ID,
PTN_ID ) VALUES ( 
1045, 288, 116, 'C0C0C0', 'N', 1, 1); 
INSERT INTO PROPERTY_INST ( PRI_ID, PIG_ID, PRD_ID, PRI_VALUE, PRI_DELETE_FL, PRI_VERSION_ID,
PTN_ID ) VALUES ( 
1046, 288, 117, '0', 'N', 1, 1); 
INSERT INTO PROPERTY_INST ( PRI_ID, PIG_ID, PRD_ID, PRI_VALUE, PRI_DELETE_FL, PRI_VERSION_ID,
PTN_ID ) VALUES ( 
1047, 288, 118, 'Y', 'N', 1, 1); 
INSERT INTO PROPERTY_INST ( PRI_ID, PIG_ID, PRD_ID, PRI_VALUE, PRI_DELETE_FL, PRI_VERSION_ID,
PTN_ID ) VALUES ( 
1048, 289, 119, 'Tahoma', 'N', 1, 1); 
INSERT INTO PROPERTY_INST ( PRI_ID, PIG_ID, PRD_ID, PRI_VALUE, PRI_DELETE_FL, PRI_VERSION_ID,
PTN_ID ) VALUES ( 
1049, 289, 120, NULL, 'N', 1, 1); 
INSERT INTO PROPERTY_INST ( PRI_ID, PIG_ID, PRD_ID, PRI_VALUE, PRI_DELETE_FL, PRI_VERSION_ID,
PTN_ID ) VALUES ( 
1050, 289, 121, '000000', 'N', 1, 1); 
INSERT INTO PROPERTY_INST ( PRI_ID, PIG_ID, PRD_ID, PRI_VALUE, PRI_DELETE_FL, PRI_VERSION_ID,
PTN_ID ) VALUES ( 
1051, 289, 122, 'Y', 'N', 1, 1); 
INSERT INTO PROPERTY_INST ( PRI_ID, PIG_ID, PRD_ID, PRI_VALUE, PRI_DELETE_FL, PRI_VERSION_ID,
PTN_ID ) VALUES ( 
1052, 289, 123, 'C0C0C0', 'N', 1, 1); 
INSERT INTO PROPERTY_INST ( PRI_ID, PIG_ID, PRD_ID, PRI_VALUE, PRI_DELETE_FL, PRI_VERSION_ID,
PTN_ID ) VALUES ( 
1053, 289, 124, NULL, 'N', 1, 1); 
INSERT INTO PROPERTY_INST ( PRI_ID, PIG_ID, PRD_ID, PRI_VALUE, PRI_DELETE_FL, PRI_VERSION_ID,
PTN_ID ) VALUES ( 
1054, 289, 125, 'Y', 'N', 1, 1); 
INSERT INTO PROPERTY_INST ( PRI_ID, PIG_ID, PRD_ID, PRI_VALUE, PRI_DELETE_FL, PRI_VERSION_ID,
PTN_ID ) VALUES ( 
1055, 289, 126, 'Y', 'N', 1, 1); 
INSERT INTO PROPERTY_INST ( PRI_ID, PIG_ID, PRD_ID, PRI_VALUE, PRI_DELETE_FL, PRI_VERSION_ID,
PTN_ID ) VALUES ( 
1056, 289, 127, 'FFFFFF', 'N', 1, 1); 
INSERT INTO PROPERTY_INST ( PRI_ID, PIG_ID, PRD_ID, PRI_VALUE, PRI_DELETE_FL, PRI_VERSION_ID,
PTN_ID ) VALUES ( 
1057, 290, 155, NULL, 'N', 1, 1); 
INSERT INTO PROPERTY_INST ( PRI_ID, PIG_ID, PRD_ID, PRI_VALUE, PRI_DELETE_FL, PRI_VERSION_ID,
PTN_ID ) VALUES ( 
1058, 290, 156, 'Y', 'N', 1, 1); 
INSERT INTO PROPERTY_INST ( PRI_ID, PIG_ID, PRD_ID, PRI_VALUE, PRI_DELETE_FL, PRI_VERSION_ID,
PTN_ID ) VALUES ( 
1059, 290, 128, 'N', 'N', 1, 1); 
INSERT INTO PROPERTY_INST ( PRI_ID, PIG_ID, PRD_ID, PRI_VALUE, PRI_DELETE_FL, PRI_VERSION_ID,
PTN_ID ) VALUES ( 
1060, 290, 129, '100', 'N', 1, 1); 
INSERT INTO PROPERTY_INST ( PRI_ID, PIG_ID, PRD_ID, PRI_VALUE, PRI_DELETE_FL, PRI_VERSION_ID,
PTN_ID ) VALUES ( 
1061, 291, 133, NULL, 'N', 1, 1); 
INSERT INTO PROPERTY_INST ( PRI_ID, PIG_ID, PRD_ID, PRI_VALUE, PRI_DELETE_FL, PRI_VERSION_ID,
PTN_ID ) VALUES ( 
1062, 291, 134, NULL, 'N', 1, 1); 
INSERT INTO PROPERTY_INST ( PRI_ID, PIG_ID, PRD_ID, PRI_VALUE, PRI_DELETE_FL, PRI_VERSION_ID,
PTN_ID ) VALUES ( 
1063, 291, 135, NULL, 'N', 1, 1); 
INSERT INTO PROPERTY_INST ( PRI_ID, PIG_ID, PRD_ID, PRI_VALUE, PRI_DELETE_FL, PRI_VERSION_ID,
PTN_ID ) VALUES ( 
1064, 291, 136, '808080', 'N', 1, 1); 
INSERT INTO PROPERTY_INST ( PRI_ID, PIG_ID, PRD_ID, PRI_VALUE, PRI_DELETE_FL, PRI_VERSION_ID,
PTN_ID ) VALUES ( 
1065, 291, 137, '1', 'N', 1, 1); 
INSERT INTO PROPERTY_INST ( PRI_ID, PIG_ID, PRD_ID, PRI_VALUE, PRI_DELETE_FL, PRI_VERSION_ID,
PTN_ID ) VALUES ( 
1066, 291, 138, 'N', 'N', 1, 1); 
INSERT INTO PROPERTY_INST ( PRI_ID, PIG_ID, PRD_ID, PRI_VALUE, PRI_DELETE_FL, PRI_VERSION_ID,
PTN_ID ) VALUES ( 
1067, 292, 133, NULL, 'N', 1, 1); 
INSERT INTO PROPERTY_INST ( PRI_ID, PIG_ID, PRD_ID, PRI_VALUE, PRI_DELETE_FL, PRI_VERSION_ID,
PTN_ID ) VALUES ( 
1068, 292, 134, NULL, 'N', 1, 1); 
INSERT INTO PROPERTY_INST ( PRI_ID, PIG_ID, PRD_ID, PRI_VALUE, PRI_DELETE_FL, PRI_VERSION_ID,
PTN_ID ) VALUES ( 
1069, 292, 135, NULL, 'N', 1, 1); 
INSERT INTO PROPERTY_INST ( PRI_ID, PIG_ID, PRD_ID, PRI_VALUE, PRI_DELETE_FL, PRI_VERSION_ID,
PTN_ID ) VALUES ( 
1070, 292, 136, '808080', 'N', 1, 1); 
INSERT INTO PROPERTY_INST ( PRI_ID, PIG_ID, PRD_ID, PRI_VALUE, PRI_DELETE_FL, PRI_VERSION_ID,
PTN_ID ) VALUES ( 
1071, 292, 137, '1', 'N', 1, 1); 
INSERT INTO PROPERTY_INST ( PRI_ID, PIG_ID, PRD_ID, PRI_VALUE, PRI_DELETE_FL, PRI_VERSION_ID,
PTN_ID ) VALUES ( 
1072, 292, 138, 'N', 'N', 1, 1); 
INSERT INTO PROPERTY_INST ( PRI_ID, PIG_ID, PRD_ID, PRI_VALUE, PRI_DELETE_FL, PRI_VERSION_ID,
PTN_ID ) VALUES ( 
690, 241, 130, 'Tahoma', 'N', 1, 1); 
INSERT INTO PROPERTY_INST ( PRI_ID, PIG_ID, PRD_ID, PRI_VALUE, PRI_DELETE_FL, PRI_VERSION_ID,
PTN_ID ) VALUES ( 
691, 241, 131, NULL, 'N', 1, 1); 
INSERT INTO PROPERTY_INST ( PRI_ID, PIG_ID, PRD_ID, PRI_VALUE, PRI_DELETE_FL, PRI_VERSION_ID,
PTN_ID ) VALUES ( 
692, 241, 132, '000000', 'N', 1, 1); 
INSERT INTO PROPERTY_INST ( PRI_ID, PIG_ID, PRD_ID, PRI_VALUE, PRI_DELETE_FL, PRI_VERSION_ID,
PTN_ID ) VALUES ( 
693, 242, 157, '25', 'N', 1, 1); 
INSERT INTO PROPERTY_INST ( PRI_ID, PIG_ID, PRD_ID, PRI_VALUE, PRI_DELETE_FL, PRI_VERSION_ID,
PTN_ID ) VALUES ( 
694, 242, 158, '0', 'N', 1, 1); 
INSERT INTO PROPERTY_INST ( PRI_ID, PIG_ID, PRD_ID, PRI_VALUE, PRI_DELETE_FL, PRI_VERSION_ID,
PTN_ID ) VALUES ( 
695, 242, 159, NULL, 'N', 1, 1); 
INSERT INTO PROPERTY_INST ( PRI_ID, PIG_ID, PRD_ID, PRI_VALUE, PRI_DELETE_FL, PRI_VERSION_ID,
PTN_ID ) VALUES ( 
696, 242, 109, '1', 'N', 1, 1); 
INSERT INTO PROPERTY_INST ( PRI_ID, PIG_ID, PRD_ID, PRI_VALUE, PRI_DELETE_FL, PRI_VERSION_ID,
PTN_ID ) VALUES ( 
697, 242, 110, 'Y', 'N', 1, 1); 
INSERT INTO PROPERTY_INST ( PRI_ID, PIG_ID, PRD_ID, PRI_VALUE, PRI_DELETE_FL, PRI_VERSION_ID,
PTN_ID ) VALUES ( 
698, 242, 111, 'Y', 'N', 1, 1); 
INSERT INTO PROPERTY_INST ( PRI_ID, PIG_ID, PRD_ID, PRI_VALUE, PRI_DELETE_FL, PRI_VERSION_ID,
PTN_ID ) VALUES ( 
699, 242, 112, NULL, 'N', 1, 1); 
INSERT INTO PROPERTY_INST ( PRI_ID, PIG_ID, PRD_ID, PRI_VALUE, PRI_DELETE_FL, PRI_VERSION_ID,
PTN_ID ) VALUES ( 
700, 242, 113, NULL, 'N', 1, 1); 
INSERT INTO PROPERTY_INST ( PRI_ID, PIG_ID, PRD_ID, PRI_VALUE, PRI_DELETE_FL, PRI_VERSION_ID,
PTN_ID ) VALUES ( 
701, 242, 114, NULL, 'N', 1, 1); 
INSERT INTO PROPERTY_INST ( PRI_ID, PIG_ID, PRD_ID, PRI_VALUE, PRI_DELETE_FL, PRI_VERSION_ID,
PTN_ID ) VALUES ( 
702, 242, 115, NULL, 'N', 1, 1); 
INSERT INTO PROPERTY_INST ( PRI_ID, PIG_ID, PRD_ID, PRI_VALUE, PRI_DELETE_FL, PRI_VERSION_ID,
PTN_ID ) VALUES ( 
703, 242, 116, 'C0C0C0', 'N', 1, 1); 
INSERT INTO PROPERTY_INST ( PRI_ID, PIG_ID, PRD_ID, PRI_VALUE, PRI_DELETE_FL, PRI_VERSION_ID,
PTN_ID ) VALUES ( 
704, 242, 117, '2', 'N', 1, 1); 
INSERT INTO PROPERTY_INST ( PRI_ID, PIG_ID, PRD_ID, PRI_VALUE, PRI_DELETE_FL, PRI_VERSION_ID,
PTN_ID ) VALUES ( 
705, 242, 118, 'Y', 'N', 1, 1); 
INSERT INTO PROPERTY_INST ( PRI_ID, PIG_ID, PRD_ID, PRI_VALUE, PRI_DELETE_FL, PRI_VERSION_ID,
PTN_ID ) VALUES ( 
706, 243, 160, 'Y', 'N', 1, 1); 
INSERT INTO PROPERTY_INST ( PRI_ID, PIG_ID, PRD_ID, PRI_VALUE, PRI_DELETE_FL, PRI_VERSION_ID,
PTN_ID ) VALUES ( 
707, 243, 161, 'Y', 'N', 1, 1); 
INSERT INTO PROPERTY_INST ( PRI_ID, PIG_ID, PRD_ID, PRI_VALUE, PRI_DELETE_FL, PRI_VERSION_ID,
PTN_ID ) VALUES ( 
708, 243, 119, 'Tahoma', 'N', 1, 1); 
INSERT INTO PROPERTY_INST ( PRI_ID, PIG_ID, PRD_ID, PRI_VALUE, PRI_DELETE_FL, PRI_VERSION_ID,
PTN_ID ) VALUES ( 
709, 243, 120, NULL, 'N', 1, 1); 
INSERT INTO PROPERTY_INST ( PRI_ID, PIG_ID, PRD_ID, PRI_VALUE, PRI_DELETE_FL, PRI_VERSION_ID,
PTN_ID ) VALUES ( 
710, 243, 121, '000000', 'N', 1, 1); 
INSERT INTO PROPERTY_INST ( PRI_ID, PIG_ID, PRD_ID, PRI_VALUE, PRI_DELETE_FL, PRI_VERSION_ID,
PTN_ID ) VALUES ( 
711, 243, 122, 'Y', 'N', 1, 1); 
INSERT INTO PROPERTY_INST ( PRI_ID, PIG_ID, PRD_ID, PRI_VALUE, PRI_DELETE_FL, PRI_VERSION_ID,
PTN_ID ) VALUES ( 
712, 243, 123, 'C0C0C0', 'N', 1, 1); 
INSERT INTO PROPERTY_INST ( PRI_ID, PIG_ID, PRD_ID, PRI_VALUE, PRI_DELETE_FL, PRI_VERSION_ID,
PTN_ID ) VALUES ( 
713, 243, 124, NULL, 'N', 1, 1); 
INSERT INTO PROPERTY_INST ( PRI_ID, PIG_ID, PRD_ID, PRI_VALUE, PRI_DELETE_FL, PRI_VERSION_ID,
PTN_ID ) VALUES ( 
714, 243, 125, 'Y', 'N', 1, 1); 
INSERT INTO PROPERTY_INST ( PRI_ID, PIG_ID, PRD_ID, PRI_VALUE, PRI_DELETE_FL, PRI_VERSION_ID,
PTN_ID ) VALUES ( 
715, 243, 126, 'Y', 'N', 1, 1); 
INSERT INTO PROPERTY_INST ( PRI_ID, PIG_ID, PRD_ID, PRI_VALUE, PRI_DELETE_FL, PRI_VERSION_ID,
PTN_ID ) VALUES ( 
716, 243, 127, 'FFFFFF', 'N', 1, 1); 
INSERT INTO PROPERTY_INST ( PRI_ID, PIG_ID, PRD_ID, PRI_VALUE, PRI_DELETE_FL, PRI_VERSION_ID,
PTN_ID ) VALUES ( 
717, 244, 162, NULL, 'N', 1, 1); 
INSERT INTO PROPERTY_INST ( PRI_ID, PIG_ID, PRD_ID, PRI_VALUE, PRI_DELETE_FL, PRI_VERSION_ID,
PTN_ID ) VALUES ( 
718, 244, 128, 'N', 'N', 1, 1); 
INSERT INTO PROPERTY_INST ( PRI_ID, PIG_ID, PRD_ID, PRI_VALUE, PRI_DELETE_FL, PRI_VERSION_ID,
PTN_ID ) VALUES ( 
719, 244, 129, '100', 'N', 1, 1); 
INSERT INTO PROPERTY_INST ( PRI_ID, PIG_ID, PRD_ID, PRI_VALUE, PRI_DELETE_FL, PRI_VERSION_ID,
PTN_ID ) VALUES ( 
720, 245, 133, NULL, 'N', 1, 1); 
INSERT INTO PROPERTY_INST ( PRI_ID, PIG_ID, PRD_ID, PRI_VALUE, PRI_DELETE_FL, PRI_VERSION_ID,
PTN_ID ) VALUES ( 
721, 245, 134, NULL, 'N', 1, 1); 
INSERT INTO PROPERTY_INST ( PRI_ID, PIG_ID, PRD_ID, PRI_VALUE, PRI_DELETE_FL, PRI_VERSION_ID,
PTN_ID ) VALUES ( 
722, 245, 135, NULL, 'N', 1, 1); 
INSERT INTO PROPERTY_INST ( PRI_ID, PIG_ID, PRD_ID, PRI_VALUE, PRI_DELETE_FL, PRI_VERSION_ID,
PTN_ID ) VALUES ( 
723, 245, 136, '808080', 'N', 1, 1); 
INSERT INTO PROPERTY_INST ( PRI_ID, PIG_ID, PRD_ID, PRI_VALUE, PRI_DELETE_FL, PRI_VERSION_ID,
PTN_ID ) VALUES ( 
724, 245, 137, '1', 'N', 1, 1); 
INSERT INTO PROPERTY_INST ( PRI_ID, PIG_ID, PRD_ID, PRI_VALUE, PRI_DELETE_FL, PRI_VERSION_ID,
PTN_ID ) VALUES ( 
725, 245, 138, 'N', 'N', 1, 1); 
INSERT INTO PROPERTY_INST ( PRI_ID, PIG_ID, PRD_ID, PRI_VALUE, PRI_DELETE_FL, PRI_VERSION_ID,
PTN_ID ) VALUES ( 
726, 246, 133, NULL, 'N', 1, 1); 
INSERT INTO PROPERTY_INST ( PRI_ID, PIG_ID, PRD_ID, PRI_VALUE, PRI_DELETE_FL, PRI_VERSION_ID,
PTN_ID ) VALUES ( 
727, 246, 134, NULL, 'N', 1, 1); 
INSERT INTO PROPERTY_INST ( PRI_ID, PIG_ID, PRD_ID, PRI_VALUE, PRI_DELETE_FL, PRI_VERSION_ID,
PTN_ID ) VALUES ( 
728, 246, 135, NULL, 'N', 1, 1); 
INSERT INTO PROPERTY_INST ( PRI_ID, PIG_ID, PRD_ID, PRI_VALUE, PRI_DELETE_FL, PRI_VERSION_ID,
PTN_ID ) VALUES ( 
729, 246, 136, '808080', 'N', 1, 1); 
INSERT INTO PROPERTY_INST ( PRI_ID, PIG_ID, PRD_ID, PRI_VALUE, PRI_DELETE_FL, PRI_VERSION_ID,
PTN_ID ) VALUES ( 
730, 246, 137, '1', 'N', 1, 1); 
INSERT INTO PROPERTY_INST ( PRI_ID, PIG_ID, PRD_ID, PRI_VALUE, PRI_DELETE_FL, PRI_VERSION_ID,
PTN_ID ) VALUES ( 
731, 246, 138, 'N', 'N', 1, 1); 
INSERT INTO PROPERTY_INST ( PRI_ID, PIG_ID, PRD_ID, PRI_VALUE, PRI_DELETE_FL, PRI_VERSION_ID,
PTN_ID ) VALUES ( 
817, 259, 130, 'Tahoma', 'N', 1, 1); 
INSERT INTO PROPERTY_INST ( PRI_ID, PIG_ID, PRD_ID, PRI_VALUE, PRI_DELETE_FL, PRI_VERSION_ID,
PTN_ID ) VALUES ( 
818, 259, 131, NULL, 'N', 1, 1); 
INSERT INTO PROPERTY_INST ( PRI_ID, PIG_ID, PRD_ID, PRI_VALUE, PRI_DELETE_FL, PRI_VERSION_ID,
PTN_ID ) VALUES ( 
819, 259, 132, '000000', 'N', 1, 1); 
INSERT INTO PROPERTY_INST ( PRI_ID, PIG_ID, PRD_ID, PRI_VALUE, PRI_DELETE_FL, PRI_VERSION_ID,
PTN_ID ) VALUES ( 
820, 260, 239, 'WRAP', 'N', 1, 1); 
INSERT INTO PROPERTY_INST ( PRI_ID, PIG_ID, PRD_ID, PRI_VALUE, PRI_DELETE_FL, PRI_VERSION_ID,
PTN_ID ) VALUES ( 
821, 260, 240, '25', 'N', 1, 1); 
INSERT INTO PROPERTY_INST ( PRI_ID, PIG_ID, PRD_ID, PRI_VALUE, PRI_DELETE_FL, PRI_VERSION_ID,
PTN_ID ) VALUES ( 
822, 260, 241, '0', 'N', 1, 1); 
INSERT INTO PROPERTY_INST ( PRI_ID, PIG_ID, PRD_ID, PRI_VALUE, PRI_DELETE_FL, PRI_VERSION_ID,
PTN_ID ) VALUES ( 
823, 260, 242, NULL, 'N', 1, 1); 
INSERT INTO PROPERTY_INST ( PRI_ID, PIG_ID, PRD_ID, PRI_VALUE, PRI_DELETE_FL, PRI_VERSION_ID,
PTN_ID ) VALUES ( 
824, 260, 109, '1', 'N', 1, 1); 
INSERT INTO PROPERTY_INST ( PRI_ID, PIG_ID, PRD_ID, PRI_VALUE, PRI_DELETE_FL, PRI_VERSION_ID,
PTN_ID ) VALUES ( 
825, 260, 110, 'Y', 'N', 1, 1); 
INSERT INTO PROPERTY_INST ( PRI_ID, PIG_ID, PRD_ID, PRI_VALUE, PRI_DELETE_FL, PRI_VERSION_ID,
PTN_ID ) VALUES ( 
826, 260, 111, 'Y', 'N', 1, 1); 
INSERT INTO PROPERTY_INST ( PRI_ID, PIG_ID, PRD_ID, PRI_VALUE, PRI_DELETE_FL, PRI_VERSION_ID,
PTN_ID ) VALUES ( 
827, 260, 112, NULL, 'N', 1, 1); 
INSERT INTO PROPERTY_INST ( PRI_ID, PIG_ID, PRD_ID, PRI_VALUE, PRI_DELETE_FL, PRI_VERSION_ID,
PTN_ID ) VALUES ( 
828, 260, 113, NULL, 'N', 1, 1); 
INSERT INTO PROPERTY_INST ( PRI_ID, PIG_ID, PRD_ID, PRI_VALUE, PRI_DELETE_FL, PRI_VERSION_ID,
PTN_ID ) VALUES ( 
829, 260, 114, NULL, 'N', 1, 1); 
INSERT INTO PROPERTY_INST ( PRI_ID, PIG_ID, PRD_ID, PRI_VALUE, PRI_DELETE_FL, PRI_VERSION_ID,
PTN_ID ) VALUES ( 
830, 260, 115, NULL, 'N', 1, 1); 
INSERT INTO PROPERTY_INST ( PRI_ID, PIG_ID, PRD_ID, PRI_VALUE, PRI_DELETE_FL, PRI_VERSION_ID,
PTN_ID ) VALUES ( 
831, 260, 116, 'C0C0C0', 'N', 1, 1); 
INSERT INTO PROPERTY_INST ( PRI_ID, PIG_ID, PRD_ID, PRI_VALUE, PRI_DELETE_FL, PRI_VERSION_ID,
PTN_ID ) VALUES ( 
832, 260, 117, '2', 'N', 1, 1); 
INSERT INTO PROPERTY_INST ( PRI_ID, PIG_ID, PRD_ID, PRI_VALUE, PRI_DELETE_FL, PRI_VERSION_ID,
PTN_ID ) VALUES ( 
833, 260, 118, 'Y', 'N', 1, 1); 
INSERT INTO PROPERTY_INST ( PRI_ID, PIG_ID, PRD_ID, PRI_VALUE, PRI_DELETE_FL, PRI_VERSION_ID,
PTN_ID ) VALUES ( 
834, 261, 243, 'Y', 'N', 1, 1); 
INSERT INTO PROPERTY_INST ( PRI_ID, PIG_ID, PRD_ID, PRI_VALUE, PRI_DELETE_FL, PRI_VERSION_ID,
PTN_ID ) VALUES ( 
835, 261, 244, 'Y', 'N', 1, 1); 
INSERT INTO PROPERTY_INST ( PRI_ID, PIG_ID, PRD_ID, PRI_VALUE, PRI_DELETE_FL, PRI_VERSION_ID,
PTN_ID ) VALUES ( 
836, 261, 119, 'Tahoma', 'N', 1, 1); 
INSERT INTO PROPERTY_INST ( PRI_ID, PIG_ID, PRD_ID, PRI_VALUE, PRI_DELETE_FL, PRI_VERSION_ID,
PTN_ID ) VALUES ( 
837, 261, 120, NULL, 'N', 1, 1); 
INSERT INTO PROPERTY_INST ( PRI_ID, PIG_ID, PRD_ID, PRI_VALUE, PRI_DELETE_FL, PRI_VERSION_ID,
PTN_ID ) VALUES ( 
838, 261, 121, '000000', 'N', 1, 1); 
INSERT INTO PROPERTY_INST ( PRI_ID, PIG_ID, PRD_ID, PRI_VALUE, PRI_DELETE_FL, PRI_VERSION_ID,
PTN_ID ) VALUES ( 
839, 261, 122, 'Y', 'N', 1, 1); 
INSERT INTO PROPERTY_INST ( PRI_ID, PIG_ID, PRD_ID, PRI_VALUE, PRI_DELETE_FL, PRI_VERSION_ID,
PTN_ID ) VALUES ( 
840, 261, 123, 'C0C0C0', 'N', 1, 1); 
INSERT INTO PROPERTY_INST ( PRI_ID, PIG_ID, PRD_ID, PRI_VALUE, PRI_DELETE_FL, PRI_VERSION_ID,
PTN_ID ) VALUES ( 
841, 261, 124, NULL, 'N', 1, 1); 
INSERT INTO PROPERTY_INST ( PRI_ID, PIG_ID, PRD_ID, PRI_VALUE, PRI_DELETE_FL, PRI_VERSION_ID,
PTN_ID ) VALUES ( 
842, 261, 125, 'Y', 'N', 1, 1); 
INSERT INTO PROPERTY_INST ( PRI_ID, PIG_ID, PRD_ID, PRI_VALUE, PRI_DELETE_FL, PRI_VERSION_ID,
PTN_ID ) VALUES ( 
843, 261, 126, 'Y', 'N', 1, 1); 
INSERT INTO PROPERTY_INST ( PRI_ID, PIG_ID, PRD_ID, PRI_VALUE, PRI_DELETE_FL, PRI_VERSION_ID,
PTN_ID ) VALUES ( 
844, 261, 127, 'FFFFFF', 'N', 1, 1); 
INSERT INTO PROPERTY_INST ( PRI_ID, PIG_ID, PRD_ID, PRI_VALUE, PRI_DELETE_FL, PRI_VERSION_ID,
PTN_ID ) VALUES ( 
845, 262, 245, NULL, 'N', 1, 1); 
INSERT INTO PROPERTY_INST ( PRI_ID, PIG_ID, PRD_ID, PRI_VALUE, PRI_DELETE_FL, PRI_VERSION_ID,
PTN_ID ) VALUES ( 
846, 262, 128, 'N', 'N', 1, 1); 
INSERT INTO PROPERTY_INST ( PRI_ID, PIG_ID, PRD_ID, PRI_VALUE, PRI_DELETE_FL, PRI_VERSION_ID,
PTN_ID ) VALUES ( 
847, 262, 129, '100', 'N', 1, 1); 
INSERT INTO PROPERTY_INST ( PRI_ID, PIG_ID, PRD_ID, PRI_VALUE, PRI_DELETE_FL, PRI_VERSION_ID,
PTN_ID ) VALUES ( 
848, 263, 133, NULL, 'N', 1, 1); 
INSERT INTO PROPERTY_INST ( PRI_ID, PIG_ID, PRD_ID, PRI_VALUE, PRI_DELETE_FL, PRI_VERSION_ID,
PTN_ID ) VALUES ( 
849, 263, 134, NULL, 'N', 1, 1); 
INSERT INTO PROPERTY_INST ( PRI_ID, PIG_ID, PRD_ID, PRI_VALUE, PRI_DELETE_FL, PRI_VERSION_ID,
PTN_ID ) VALUES ( 
850, 263, 135, NULL, 'N', 1, 1); 
INSERT INTO PROPERTY_INST ( PRI_ID, PIG_ID, PRD_ID, PRI_VALUE, PRI_DELETE_FL, PRI_VERSION_ID,
PTN_ID ) VALUES ( 
851, 263, 136, '808080', 'N', 1, 1); 
INSERT INTO PROPERTY_INST ( PRI_ID, PIG_ID, PRD_ID, PRI_VALUE, PRI_DELETE_FL, PRI_VERSION_ID,
PTN_ID ) VALUES ( 
852, 263, 137, '1', 'N', 1, 1); 
INSERT INTO PROPERTY_INST ( PRI_ID, PIG_ID, PRD_ID, PRI_VALUE, PRI_DELETE_FL, PRI_VERSION_ID,
PTN_ID ) VALUES ( 
853, 263, 138, 'N', 'N', 1, 1); 
INSERT INTO PROPERTY_INST ( PRI_ID, PIG_ID, PRD_ID, PRI_VALUE, PRI_DELETE_FL, PRI_VERSION_ID,
PTN_ID ) VALUES ( 
854, 264, 133, NULL, 'N', 1, 1); 
INSERT INTO PROPERTY_INST ( PRI_ID, PIG_ID, PRD_ID, PRI_VALUE, PRI_DELETE_FL, PRI_VERSION_ID,
PTN_ID ) VALUES ( 
855, 264, 134, NULL, 'N', 1, 1); 
INSERT INTO PROPERTY_INST ( PRI_ID, PIG_ID, PRD_ID, PRI_VALUE, PRI_DELETE_FL, PRI_VERSION_ID,
PTN_ID ) VALUES ( 
856, 264, 135, NULL, 'N', 1, 1); 
INSERT INTO PROPERTY_INST ( PRI_ID, PIG_ID, PRD_ID, PRI_VALUE, PRI_DELETE_FL, PRI_VERSION_ID,
PTN_ID ) VALUES ( 
857, 264, 136, '808080', 'N', 1, 1); 
INSERT INTO PROPERTY_INST ( PRI_ID, PIG_ID, PRD_ID, PRI_VALUE, PRI_DELETE_FL, PRI_VERSION_ID,
PTN_ID ) VALUES ( 
858, 264, 137, '1', 'N', 1, 1); 
INSERT INTO PROPERTY_INST ( PRI_ID, PIG_ID, PRD_ID, PRI_VALUE, PRI_DELETE_FL, PRI_VERSION_ID,
PTN_ID ) VALUES ( 
859, 264, 138, 'N', 'N', 1, 1); 
INSERT INTO PROPERTY_INST ( PRI_ID, PIG_ID, PRD_ID, PRI_VALUE, PRI_DELETE_FL, PRI_VERSION_ID,
PTN_ID ) VALUES ( 
903, 271, 130, 'Tahoma', 'N', 1, 1); 
INSERT INTO PROPERTY_INST ( PRI_ID, PIG_ID, PRD_ID, PRI_VALUE, PRI_DELETE_FL, PRI_VERSION_ID,
PTN_ID ) VALUES ( 
904, 271, 131, NULL, 'N', 1, 1); 
INSERT INTO PROPERTY_INST ( PRI_ID, PIG_ID, PRD_ID, PRI_VALUE, PRI_DELETE_FL, PRI_VERSION_ID,
PTN_ID ) VALUES ( 
905, 271, 132, '000000', 'N', 1, 1); 
INSERT INTO PROPERTY_INST ( PRI_ID, PIG_ID, PRD_ID, PRI_VALUE, PRI_DELETE_FL, PRI_VERSION_ID,
PTN_ID ) VALUES ( 
906, 272, 157, '25', 'N', 1, 1); 
INSERT INTO PROPERTY_INST ( PRI_ID, PIG_ID, PRD_ID, PRI_VALUE, PRI_DELETE_FL, PRI_VERSION_ID,
PTN_ID ) VALUES ( 
907, 272, 158, '0', 'N', 1, 1); 
INSERT INTO PROPERTY_INST ( PRI_ID, PIG_ID, PRD_ID, PRI_VALUE, PRI_DELETE_FL, PRI_VERSION_ID,
PTN_ID ) VALUES ( 
908, 272, 159, NULL, 'N', 1, 1); 
INSERT INTO PROPERTY_INST ( PRI_ID, PIG_ID, PRD_ID, PRI_VALUE, PRI_DELETE_FL, PRI_VERSION_ID,
PTN_ID ) VALUES ( 
909, 272, 109, '1', 'N', 1, 1); 
INSERT INTO PROPERTY_INST ( PRI_ID, PIG_ID, PRD_ID, PRI_VALUE, PRI_DELETE_FL, PRI_VERSION_ID,
PTN_ID ) VALUES ( 
910, 272, 110, 'Y', 'N', 1, 1); 
INSERT INTO PROPERTY_INST ( PRI_ID, PIG_ID, PRD_ID, PRI_VALUE, PRI_DELETE_FL, PRI_VERSION_ID,
PTN_ID ) VALUES ( 
911, 272, 111, 'Y', 'N', 1, 1); 
INSERT INTO PROPERTY_INST ( PRI_ID, PIG_ID, PRD_ID, PRI_VALUE, PRI_DELETE_FL, PRI_VERSION_ID,
PTN_ID ) VALUES ( 
912, 272, 112, NULL, 'N', 1, 1); 
INSERT INTO PROPERTY_INST ( PRI_ID, PIG_ID, PRD_ID, PRI_VALUE, PRI_DELETE_FL, PRI_VERSION_ID,
PTN_ID ) VALUES ( 
913, 272, 113, NULL, 'N', 1, 1); 
INSERT INTO PROPERTY_INST ( PRI_ID, PIG_ID, PRD_ID, PRI_VALUE, PRI_DELETE_FL, PRI_VERSION_ID,
PTN_ID ) VALUES ( 
914, 272, 114, NULL, 'N', 1, 1); 
INSERT INTO PROPERTY_INST ( PRI_ID, PIG_ID, PRD_ID, PRI_VALUE, PRI_DELETE_FL, PRI_VERSION_ID,
PTN_ID ) VALUES ( 
915, 272, 115, NULL, 'N', 1, 1); 
INSERT INTO PROPERTY_INST ( PRI_ID, PIG_ID, PRD_ID, PRI_VALUE, PRI_DELETE_FL, PRI_VERSION_ID,
PTN_ID ) VALUES ( 
916, 272, 116, 'C0C0C0', 'N', 1, 1); 
INSERT INTO PROPERTY_INST ( PRI_ID, PIG_ID, PRD_ID, PRI_VALUE, PRI_DELETE_FL, PRI_VERSION_ID,
PTN_ID ) VALUES ( 
917, 272, 117, '2', 'N', 1, 1); 
INSERT INTO PROPERTY_INST ( PRI_ID, PIG_ID, PRD_ID, PRI_VALUE, PRI_DELETE_FL, PRI_VERSION_ID,
PTN_ID ) VALUES ( 
918, 272, 118, 'Y', 'N', 1, 1); 
INSERT INTO PROPERTY_INST ( PRI_ID, PIG_ID, PRD_ID, PRI_VALUE, PRI_DELETE_FL, PRI_VERSION_ID,
PTN_ID ) VALUES ( 
919, 273, 160, 'Y', 'N', 1, 1); 
INSERT INTO PROPERTY_INST ( PRI_ID, PIG_ID, PRD_ID, PRI_VALUE, PRI_DELETE_FL, PRI_VERSION_ID,
PTN_ID ) VALUES ( 
920, 273, 161, 'Y', 'N', 1, 1); 
INSERT INTO PROPERTY_INST ( PRI_ID, PIG_ID, PRD_ID, PRI_VALUE, PRI_DELETE_FL, PRI_VERSION_ID,
PTN_ID ) VALUES ( 
921, 273, 119, 'Tahoma', 'N', 1, 1); 
INSERT INTO PROPERTY_INST ( PRI_ID, PIG_ID, PRD_ID, PRI_VALUE, PRI_DELETE_FL, PRI_VERSION_ID,
PTN_ID ) VALUES ( 
922, 273, 120, NULL, 'N', 1, 1); 
INSERT INTO PROPERTY_INST ( PRI_ID, PIG_ID, PRD_ID, PRI_VALUE, PRI_DELETE_FL, PRI_VERSION_ID,
PTN_ID ) VALUES ( 
923, 273, 121, '000000', 'N', 1, 1); 
INSERT INTO PROPERTY_INST ( PRI_ID, PIG_ID, PRD_ID, PRI_VALUE, PRI_DELETE_FL, PRI_VERSION_ID,
PTN_ID ) VALUES ( 
924, 273, 122, 'Y', 'N', 1, 1); 
INSERT INTO PROPERTY_INST ( PRI_ID, PIG_ID, PRD_ID, PRI_VALUE, PRI_DELETE_FL, PRI_VERSION_ID,
PTN_ID ) VALUES ( 
925, 273, 123, 'C0C0C0', 'N', 1, 1); 
INSERT INTO PROPERTY_INST ( PRI_ID, PIG_ID, PRD_ID, PRI_VALUE, PRI_DELETE_FL, PRI_VERSION_ID,
PTN_ID ) VALUES ( 
926, 273, 124, NULL, 'N', 1, 1); 
INSERT INTO PROPERTY_INST ( PRI_ID, PIG_ID, PRD_ID, PRI_VALUE, PRI_DELETE_FL, PRI_VERSION_ID,
PTN_ID ) VALUES ( 
927, 273, 125, 'Y', 'N', 1, 1); 
INSERT INTO PROPERTY_INST ( PRI_ID, PIG_ID, PRD_ID, PRI_VALUE, PRI_DELETE_FL, PRI_VERSION_ID,
PTN_ID ) VALUES ( 
928, 273, 126, 'Y', 'N', 1, 1); 
INSERT INTO PROPERTY_INST ( PRI_ID, PIG_ID, PRD_ID, PRI_VALUE, PRI_DELETE_FL, PRI_VERSION_ID,
PTN_ID ) VALUES ( 
929, 273, 127, 'FFFFFF', 'N', 1, 1); 
INSERT INTO PROPERTY_INST ( PRI_ID, PIG_ID, PRD_ID, PRI_VALUE, PRI_DELETE_FL, PRI_VERSION_ID,
PTN_ID ) VALUES ( 
930, 274, 162, NULL, 'N', 1, 1); 
INSERT INTO PROPERTY_INST ( PRI_ID, PIG_ID, PRD_ID, PRI_VALUE, PRI_DELETE_FL, PRI_VERSION_ID,
PTN_ID ) VALUES ( 
931, 274, 128, 'N', 'N', 1, 1); 
INSERT INTO PROPERTY_INST ( PRI_ID, PIG_ID, PRD_ID, PRI_VALUE, PRI_DELETE_FL, PRI_VERSION_ID,
PTN_ID ) VALUES ( 
932, 274, 129, '100', 'N', 1, 1); 
INSERT INTO PROPERTY_INST ( PRI_ID, PIG_ID, PRD_ID, PRI_VALUE, PRI_DELETE_FL, PRI_VERSION_ID,
PTN_ID ) VALUES ( 
933, 275, 133, NULL, 'N', 1, 1); 
INSERT INTO PROPERTY_INST ( PRI_ID, PIG_ID, PRD_ID, PRI_VALUE, PRI_DELETE_FL, PRI_VERSION_ID,
PTN_ID ) VALUES ( 
934, 275, 134, NULL, 'N', 1, 1); 
INSERT INTO PROPERTY_INST ( PRI_ID, PIG_ID, PRD_ID, PRI_VALUE, PRI_DELETE_FL, PRI_VERSION_ID,
PTN_ID ) VALUES ( 
935, 275, 135, NULL, 'N', 1, 1); 
INSERT INTO PROPERTY_INST ( PRI_ID, PIG_ID, PRD_ID, PRI_VALUE, PRI_DELETE_FL, PRI_VERSION_ID,
PTN_ID ) VALUES ( 
936, 275, 136, '808080', 'N', 1, 1); 
INSERT INTO PROPERTY_INST ( PRI_ID, PIG_ID, PRD_ID, PRI_VALUE, PRI_DELETE_FL, PRI_VERSION_ID,
PTN_ID ) VALUES ( 
937, 275, 137, '1', 'N', 1, 1); 
INSERT INTO PROPERTY_INST ( PRI_ID, PIG_ID, PRD_ID, PRI_VALUE, PRI_DELETE_FL, PRI_VERSION_ID,
PTN_ID ) VALUES ( 
938, 275, 138, 'N', 'N', 1, 1); 
INSERT INTO PROPERTY_INST ( PRI_ID, PIG_ID, PRD_ID, PRI_VALUE, PRI_DELETE_FL, PRI_VERSION_ID,
PTN_ID ) VALUES ( 
939, 276, 133, NULL, 'N', 1, 1); 
INSERT INTO PROPERTY_INST ( PRI_ID, PIG_ID, PRD_ID, PRI_VALUE, PRI_DELETE_FL, PRI_VERSION_ID,
PTN_ID ) VALUES ( 
940, 276, 134, NULL, 'N', 1, 1); 
INSERT INTO PROPERTY_INST ( PRI_ID, PIG_ID, PRD_ID, PRI_VALUE, PRI_DELETE_FL, PRI_VERSION_ID,
PTN_ID ) VALUES ( 
941, 276, 135, NULL, 'N', 1, 1); 
INSERT INTO PROPERTY_INST ( PRI_ID, PIG_ID, PRD_ID, PRI_VALUE, PRI_DELETE_FL, PRI_VERSION_ID,
PTN_ID ) VALUES ( 
942, 276, 136, '808080', 'N', 1, 1); 
INSERT INTO PROPERTY_INST ( PRI_ID, PIG_ID, PRD_ID, PRI_VALUE, PRI_DELETE_FL, PRI_VERSION_ID,
PTN_ID ) VALUES ( 
943, 276, 137, '1', 'N', 1, 1); 
INSERT INTO PROPERTY_INST ( PRI_ID, PIG_ID, PRD_ID, PRI_VALUE, PRI_DELETE_FL, PRI_VERSION_ID,
PTN_ID ) VALUES ( 
944, 276, 138, 'N', 'N', 1, 1); 
INSERT INTO PROPERTY_INST ( PRI_ID, PIG_ID, PRD_ID, PRI_VALUE, PRI_DELETE_FL, PRI_VERSION_ID,
PTN_ID ) VALUES ( 
957, 278, 163, 'WRAP', 'N', 1, 1); 
INSERT INTO PROPERTY_INST ( PRI_ID, PIG_ID, PRD_ID, PRI_VALUE, PRI_DELETE_FL, PRI_VERSION_ID,
PTN_ID ) VALUES ( 
958, 278, 164, '25', 'N', 1, 1); 
INSERT INTO PROPERTY_INST ( PRI_ID, PIG_ID, PRD_ID, PRI_VALUE, PRI_DELETE_FL, PRI_VERSION_ID,
PTN_ID ) VALUES ( 
959, 278, 165, '0', 'N', 1, 1); 
INSERT INTO PROPERTY_INST ( PRI_ID, PIG_ID, PRD_ID, PRI_VALUE, PRI_DELETE_FL, PRI_VERSION_ID,
PTN_ID ) VALUES ( 
960, 278, 166, NULL, 'N', 1, 1); 
INSERT INTO PROPERTY_INST ( PRI_ID, PIG_ID, PRD_ID, PRI_VALUE, PRI_DELETE_FL, PRI_VERSION_ID,
PTN_ID ) VALUES ( 
961, 278, 109, 'Tahoma', 'N', 1, 1); 
INSERT INTO PROPERTY_INST ( PRI_ID, PIG_ID, PRD_ID, PRI_VALUE, PRI_DELETE_FL, PRI_VERSION_ID,
PTN_ID ) VALUES ( 
962, 278, 110, 'Y', 'N', 1, 1); 
INSERT INTO PROPERTY_INST ( PRI_ID, PIG_ID, PRD_ID, PRI_VALUE, PRI_DELETE_FL, PRI_VERSION_ID,
PTN_ID ) VALUES ( 
963, 278, 111, 'Y', 'N', 1, 1); 
INSERT INTO PROPERTY_INST ( PRI_ID, PIG_ID, PRD_ID, PRI_VALUE, PRI_DELETE_FL, PRI_VERSION_ID,
PTN_ID ) VALUES ( 
964, 278, 112, NULL, 'N', 1, 1); 
INSERT INTO PROPERTY_INST ( PRI_ID, PIG_ID, PRD_ID, PRI_VALUE, PRI_DELETE_FL, PRI_VERSION_ID,
PTN_ID ) VALUES ( 
965, 278, 113, NULL, 'N', 1, 1); 
INSERT INTO PROPERTY_INST ( PRI_ID, PIG_ID, PRD_ID, PRI_VALUE, PRI_DELETE_FL, PRI_VERSION_ID,
PTN_ID ) VALUES ( 
966, 278, 114, NULL, 'N', 1, 1); 
INSERT INTO PROPERTY_INST ( PRI_ID, PIG_ID, PRD_ID, PRI_VALUE, PRI_DELETE_FL, PRI_VERSION_ID,
PTN_ID ) VALUES ( 
967, 278, 115, NULL, 'N', 1, 1); 
INSERT INTO PROPERTY_INST ( PRI_ID, PIG_ID, PRD_ID, PRI_VALUE, PRI_DELETE_FL, PRI_VERSION_ID,
PTN_ID ) VALUES ( 
968, 278, 116, 'C0C0C0', 'N', 1, 1); 
INSERT INTO PROPERTY_INST ( PRI_ID, PIG_ID, PRD_ID, PRI_VALUE, PRI_DELETE_FL, PRI_VERSION_ID,
PTN_ID ) VALUES ( 
969, 278, 117, '0', 'N', 1, 1); 
INSERT INTO PROPERTY_INST ( PRI_ID, PIG_ID, PRD_ID, PRI_VALUE, PRI_DELETE_FL, PRI_VERSION_ID,
PTN_ID ) VALUES ( 
970, 278, 118, 'Y', 'N', 1, 1); 
INSERT INTO PROPERTY_INST ( PRI_ID, PIG_ID, PRD_ID, PRI_VALUE, PRI_DELETE_FL, PRI_VERSION_ID,
PTN_ID ) VALUES ( 
971, 279, 119, 'Tahoma', 'N', 1, 1); 
INSERT INTO PROPERTY_INST ( PRI_ID, PIG_ID, PRD_ID, PRI_VALUE, PRI_DELETE_FL, PRI_VERSION_ID,
PTN_ID ) VALUES ( 
972, 279, 120, NULL, 'N', 1, 1); 
INSERT INTO PROPERTY_INST ( PRI_ID, PIG_ID, PRD_ID, PRI_VALUE, PRI_DELETE_FL, PRI_VERSION_ID,
PTN_ID ) VALUES ( 
973, 279, 121, '000000', 'N', 1, 1); 
INSERT INTO PROPERTY_INST ( PRI_ID, PIG_ID, PRD_ID, PRI_VALUE, PRI_DELETE_FL, PRI_VERSION_ID,
PTN_ID ) VALUES ( 
974, 279, 122, 'Y', 'N', 1, 1); 
INSERT INTO PROPERTY_INST ( PRI_ID, PIG_ID, PRD_ID, PRI_VALUE, PRI_DELETE_FL, PRI_VERSION_ID,
PTN_ID ) VALUES ( 
975, 279, 123, 'C0C0C0', 'N', 1, 1); 
INSERT INTO PROPERTY_INST ( PRI_ID, PIG_ID, PRD_ID, PRI_VALUE, PRI_DELETE_FL, PRI_VERSION_ID,
PTN_ID ) VALUES ( 
976, 279, 124, NULL, 'N', 1, 1); 
INSERT INTO PROPERTY_INST ( PRI_ID, PIG_ID, PRD_ID, PRI_VALUE, PRI_DELETE_FL, PRI_VERSION_ID,
PTN_ID ) VALUES ( 
977, 279, 125, 'Y', 'N', 1, 1); 
INSERT INTO PROPERTY_INST ( PRI_ID, PIG_ID, PRD_ID, PRI_VALUE, PRI_DELETE_FL, PRI_VERSION_ID,
PTN_ID ) VALUES ( 
978, 279, 126, 'Y', 'N', 1, 1); 
INSERT INTO PROPERTY_INST ( PRI_ID, PIG_ID, PRD_ID, PRI_VALUE, PRI_DELETE_FL, PRI_VERSION_ID,
PTN_ID ) VALUES ( 
979, 279, 127, 'FFFFFF', 'N', 1, 1); 
INSERT INTO PROPERTY_INST ( PRI_ID, PIG_ID, PRD_ID, PRI_VALUE, PRI_DELETE_FL, PRI_VERSION_ID,
PTN_ID ) VALUES ( 
980, 280, 167, NULL, 'N', 1, 1); 
INSERT INTO PROPERTY_INST ( PRI_ID, PIG_ID, PRD_ID, PRI_VALUE, PRI_DELETE_FL, PRI_VERSION_ID,
PTN_ID ) VALUES ( 
981, 280, 168, 'Y', 'N', 1, 1); 
INSERT INTO PROPERTY_INST ( PRI_ID, PIG_ID, PRD_ID, PRI_VALUE, PRI_DELETE_FL, PRI_VERSION_ID,
PTN_ID ) VALUES ( 
982, 280, 128, 'N', 'N', 1, 1); 
INSERT INTO PROPERTY_INST ( PRI_ID, PIG_ID, PRD_ID, PRI_VALUE, PRI_DELETE_FL, PRI_VERSION_ID,
PTN_ID ) VALUES ( 
983, 280, 129, '100', 'N', 1, 1); 
INSERT INTO PROPERTY_INST ( PRI_ID, PIG_ID, PRD_ID, PRI_VALUE, PRI_DELETE_FL, PRI_VERSION_ID,
PTN_ID ) VALUES ( 
984, 281, 133, NULL, 'N', 1, 1); 
INSERT INTO PROPERTY_INST ( PRI_ID, PIG_ID, PRD_ID, PRI_VALUE, PRI_DELETE_FL, PRI_VERSION_ID,
PTN_ID ) VALUES ( 
985, 281, 134, NULL, 'N', 1, 1); 
INSERT INTO PROPERTY_INST ( PRI_ID, PIG_ID, PRD_ID, PRI_VALUE, PRI_DELETE_FL, PRI_VERSION_ID,
PTN_ID ) VALUES ( 
986, 281, 135, NULL, 'N', 1, 1); 
INSERT INTO PROPERTY_INST ( PRI_ID, PIG_ID, PRD_ID, PRI_VALUE, PRI_DELETE_FL, PRI_VERSION_ID,
PTN_ID ) VALUES ( 
987, 281, 136, '808080', 'N', 1, 1); 
INSERT INTO PROPERTY_INST ( PRI_ID, PIG_ID, PRD_ID, PRI_VALUE, PRI_DELETE_FL, PRI_VERSION_ID,
PTN_ID ) VALUES ( 
988, 281, 137, '1', 'N', 1, 1); 
INSERT INTO PROPERTY_INST ( PRI_ID, PIG_ID, PRD_ID, PRI_VALUE, PRI_DELETE_FL, PRI_VERSION_ID,
PTN_ID ) VALUES ( 
989, 281, 138, 'N', 'N', 1, 1); 
INSERT INTO PROPERTY_INST ( PRI_ID, PIG_ID, PRD_ID, PRI_VALUE, PRI_DELETE_FL, PRI_VERSION_ID,
PTN_ID ) VALUES ( 
990, 282, 133, NULL, 'N', 1, 1); 
INSERT INTO PROPERTY_INST ( PRI_ID, PIG_ID, PRD_ID, PRI_VALUE, PRI_DELETE_FL, PRI_VERSION_ID,
PTN_ID ) VALUES ( 
991, 282, 134, NULL, 'N', 1, 1); 
INSERT INTO PROPERTY_INST ( PRI_ID, PIG_ID, PRD_ID, PRI_VALUE, PRI_DELETE_FL, PRI_VERSION_ID,
PTN_ID ) VALUES ( 
992, 282, 135, NULL, 'N', 1, 1); 
INSERT INTO PROPERTY_INST ( PRI_ID, PIG_ID, PRD_ID, PRI_VALUE, PRI_DELETE_FL, PRI_VERSION_ID,
PTN_ID ) VALUES ( 
993, 282, 136, '808080', 'N', 1, 1); 
INSERT INTO PROPERTY_INST ( PRI_ID, PIG_ID, PRD_ID, PRI_VALUE, PRI_DELETE_FL, PRI_VERSION_ID,
PTN_ID ) VALUES ( 
994, 282, 137, '1', 'N', 1, 1); 
INSERT INTO PROPERTY_INST ( PRI_ID, PIG_ID, PRD_ID, PRI_VALUE, PRI_DELETE_FL, PRI_VERSION_ID,
PTN_ID ) VALUES ( 
995, 282, 138, 'N', 'N', 1, 1); 
INSERT INTO PROPERTY_INST ( PRI_ID, PIG_ID, PRD_ID, PRI_VALUE, PRI_DELETE_FL, PRI_VERSION_ID,
PTN_ID ) VALUES ( 
732, 247, 130, 'Tahoma', 'N', 1, 1); 
INSERT INTO PROPERTY_INST ( PRI_ID, PIG_ID, PRD_ID, PRI_VALUE, PRI_DELETE_FL, PRI_VERSION_ID,
PTN_ID ) VALUES ( 
733, 247, 131, NULL, 'N', 1, 1); 
INSERT INTO PROPERTY_INST ( PRI_ID, PIG_ID, PRD_ID, PRI_VALUE, PRI_DELETE_FL, PRI_VERSION_ID,
PTN_ID ) VALUES ( 
734, 247, 132, '000000', 'N', 1, 1); 
INSERT INTO PROPERTY_INST ( PRI_ID, PIG_ID, PRD_ID, PRI_VALUE, PRI_DELETE_FL, PRI_VERSION_ID,
PTN_ID ) VALUES ( 
735, 248, 239, 'WRAP', 'N', 1, 1); 
INSERT INTO PROPERTY_INST ( PRI_ID, PIG_ID, PRD_ID, PRI_VALUE, PRI_DELETE_FL, PRI_VERSION_ID,
PTN_ID ) VALUES ( 
736, 248, 240, '25', 'N', 1, 1); 
INSERT INTO PROPERTY_INST ( PRI_ID, PIG_ID, PRD_ID, PRI_VALUE, PRI_DELETE_FL, PRI_VERSION_ID,
PTN_ID ) VALUES ( 
737, 248, 241, '0', 'N', 1, 1); 
INSERT INTO PROPERTY_INST ( PRI_ID, PIG_ID, PRD_ID, PRI_VALUE, PRI_DELETE_FL, PRI_VERSION_ID,
PTN_ID ) VALUES ( 
738, 248, 242, NULL, 'N', 1, 1); 
INSERT INTO PROPERTY_INST ( PRI_ID, PIG_ID, PRD_ID, PRI_VALUE, PRI_DELETE_FL, PRI_VERSION_ID,
PTN_ID ) VALUES ( 
739, 248, 109, '1', 'N', 1, 1); 
INSERT INTO PROPERTY_INST ( PRI_ID, PIG_ID, PRD_ID, PRI_VALUE, PRI_DELETE_FL, PRI_VERSION_ID,
PTN_ID ) VALUES ( 
740, 248, 110, 'Y', 'N', 1, 1); 
INSERT INTO PROPERTY_INST ( PRI_ID, PIG_ID, PRD_ID, PRI_VALUE, PRI_DELETE_FL, PRI_VERSION_ID,
PTN_ID ) VALUES ( 
741, 248, 111, 'Y', 'N', 1, 1); 
INSERT INTO PROPERTY_INST ( PRI_ID, PIG_ID, PRD_ID, PRI_VALUE, PRI_DELETE_FL, PRI_VERSION_ID,
PTN_ID ) VALUES ( 
742, 248, 112, NULL, 'N', 1, 1); 
INSERT INTO PROPERTY_INST ( PRI_ID, PIG_ID, PRD_ID, PRI_VALUE, PRI_DELETE_FL, PRI_VERSION_ID,
PTN_ID ) VALUES ( 
743, 248, 113, NULL, 'N', 1, 1); 
INSERT INTO PROPERTY_INST ( PRI_ID, PIG_ID, PRD_ID, PRI_VALUE, PRI_DELETE_FL, PRI_VERSION_ID,
PTN_ID ) VALUES ( 
744, 248, 114, NULL, 'N', 1, 1); 
INSERT INTO PROPERTY_INST ( PRI_ID, PIG_ID, PRD_ID, PRI_VALUE, PRI_DELETE_FL, PRI_VERSION_ID,
PTN_ID ) VALUES ( 
745, 248, 115, NULL, 'N', 1, 1); 
INSERT INTO PROPERTY_INST ( PRI_ID, PIG_ID, PRD_ID, PRI_VALUE, PRI_DELETE_FL, PRI_VERSION_ID,
PTN_ID ) VALUES ( 
746, 248, 116, 'C0C0C0', 'N', 1, 1); 
INSERT INTO PROPERTY_INST ( PRI_ID, PIG_ID, PRD_ID, PRI_VALUE, PRI_DELETE_FL, PRI_VERSION_ID,
PTN_ID ) VALUES ( 
747, 248, 117, '2', 'N', 1, 1); 
INSERT INTO PROPERTY_INST ( PRI_ID, PIG_ID, PRD_ID, PRI_VALUE, PRI_DELETE_FL, PRI_VERSION_ID,
PTN_ID ) VALUES ( 
748, 248, 118, 'Y', 'N', 1, 1); 
INSERT INTO PROPERTY_INST ( PRI_ID, PIG_ID, PRD_ID, PRI_VALUE, PRI_DELETE_FL, PRI_VERSION_ID,
PTN_ID ) VALUES ( 
749, 249, 243, 'Y', 'N', 1, 1); 
INSERT INTO PROPERTY_INST ( PRI_ID, PIG_ID, PRD_ID, PRI_VALUE, PRI_DELETE_FL, PRI_VERSION_ID,
PTN_ID ) VALUES ( 
750, 249, 244, 'Y', 'N', 1, 1); 
INSERT INTO PROPERTY_INST ( PRI_ID, PIG_ID, PRD_ID, PRI_VALUE, PRI_DELETE_FL, PRI_VERSION_ID,
PTN_ID ) VALUES ( 
751, 249, 119, 'Tahoma', 'N', 1, 1); 
INSERT INTO PROPERTY_INST ( PRI_ID, PIG_ID, PRD_ID, PRI_VALUE, PRI_DELETE_FL, PRI_VERSION_ID,
PTN_ID ) VALUES ( 
752, 249, 120, NULL, 'N', 1, 1); 
INSERT INTO PROPERTY_INST ( PRI_ID, PIG_ID, PRD_ID, PRI_VALUE, PRI_DELETE_FL, PRI_VERSION_ID,
PTN_ID ) VALUES ( 
753, 249, 121, '000000', 'N', 1, 1); 
INSERT INTO PROPERTY_INST ( PRI_ID, PIG_ID, PRD_ID, PRI_VALUE, PRI_DELETE_FL, PRI_VERSION_ID,
PTN_ID ) VALUES ( 
754, 249, 122, 'Y', 'N', 1, 1); 
INSERT INTO PROPERTY_INST ( PRI_ID, PIG_ID, PRD_ID, PRI_VALUE, PRI_DELETE_FL, PRI_VERSION_ID,
PTN_ID ) VALUES ( 
755, 249, 123, 'C0C0C0', 'N', 1, 1); 
INSERT INTO PROPERTY_INST ( PRI_ID, PIG_ID, PRD_ID, PRI_VALUE, PRI_DELETE_FL, PRI_VERSION_ID,
PTN_ID ) VALUES ( 
756, 249, 124, NULL, 'N', 1, 1); 
INSERT INTO PROPERTY_INST ( PRI_ID, PIG_ID, PRD_ID, PRI_VALUE, PRI_DELETE_FL, PRI_VERSION_ID,
PTN_ID ) VALUES ( 
757, 249, 125, 'Y', 'N', 1, 1); 
INSERT INTO PROPERTY_INST ( PRI_ID, PIG_ID, PRD_ID, PRI_VALUE, PRI_DELETE_FL, PRI_VERSION_ID,
PTN_ID ) VALUES ( 
758, 249, 126, 'Y', 'N', 1, 1); 
INSERT INTO PROPERTY_INST ( PRI_ID, PIG_ID, PRD_ID, PRI_VALUE, PRI_DELETE_FL, PRI_VERSION_ID,
PTN_ID ) VALUES ( 
759, 249, 127, 'FFFFFF', 'N', 1, 1); 
INSERT INTO PROPERTY_INST ( PRI_ID, PIG_ID, PRD_ID, PRI_VALUE, PRI_DELETE_FL, PRI_VERSION_ID,
PTN_ID ) VALUES ( 
760, 250, 245, NULL, 'N', 1, 1); 
INSERT INTO PROPERTY_INST ( PRI_ID, PIG_ID, PRD_ID, PRI_VALUE, PRI_DELETE_FL, PRI_VERSION_ID,
PTN_ID ) VALUES ( 
761, 250, 128, 'N', 'N', 1, 1); 
INSERT INTO PROPERTY_INST ( PRI_ID, PIG_ID, PRD_ID, PRI_VALUE, PRI_DELETE_FL, PRI_VERSION_ID,
PTN_ID ) VALUES ( 
762, 250, 129, '100', 'N', 1, 1); 
INSERT INTO PROPERTY_INST ( PRI_ID, PIG_ID, PRD_ID, PRI_VALUE, PRI_DELETE_FL, PRI_VERSION_ID,
PTN_ID ) VALUES ( 
763, 251, 133, NULL, 'N', 1, 1); 
INSERT INTO PROPERTY_INST ( PRI_ID, PIG_ID, PRD_ID, PRI_VALUE, PRI_DELETE_FL, PRI_VERSION_ID,
PTN_ID ) VALUES ( 
764, 251, 134, NULL, 'N', 1, 1); 
INSERT INTO PROPERTY_INST ( PRI_ID, PIG_ID, PRD_ID, PRI_VALUE, PRI_DELETE_FL, PRI_VERSION_ID,
PTN_ID ) VALUES ( 
765, 251, 135, NULL, 'N', 1, 1); 
INSERT INTO PROPERTY_INST ( PRI_ID, PIG_ID, PRD_ID, PRI_VALUE, PRI_DELETE_FL, PRI_VERSION_ID,
PTN_ID ) VALUES ( 
766, 251, 136, '808080', 'N', 1, 1); 
INSERT INTO PROPERTY_INST ( PRI_ID, PIG_ID, PRD_ID, PRI_VALUE, PRI_DELETE_FL, PRI_VERSION_ID,
PTN_ID ) VALUES ( 
767, 251, 137, '1', 'N', 1, 1); 
INSERT INTO PROPERTY_INST ( PRI_ID, PIG_ID, PRD_ID, PRI_VALUE, PRI_DELETE_FL, PRI_VERSION_ID,
PTN_ID ) VALUES ( 
768, 251, 138, 'N', 'N', 1, 1); 
INSERT INTO PROPERTY_INST ( PRI_ID, PIG_ID, PRD_ID, PRI_VALUE, PRI_DELETE_FL, PRI_VERSION_ID,
PTN_ID ) VALUES ( 
769, 252, 133, NULL, 'N', 1, 1); 
INSERT INTO PROPERTY_INST ( PRI_ID, PIG_ID, PRD_ID, PRI_VALUE, PRI_DELETE_FL, PRI_VERSION_ID,
PTN_ID ) VALUES ( 
770, 252, 134, NULL, 'N', 1, 1); 
INSERT INTO PROPERTY_INST ( PRI_ID, PIG_ID, PRD_ID, PRI_VALUE, PRI_DELETE_FL, PRI_VERSION_ID,
PTN_ID ) VALUES ( 
771, 252, 135, NULL, 'N', 1, 1); 
INSERT INTO PROPERTY_INST ( PRI_ID, PIG_ID, PRD_ID, PRI_VALUE, PRI_DELETE_FL, PRI_VERSION_ID,
PTN_ID ) VALUES ( 
772, 252, 136, '808080', 'N', 1, 1); 
INSERT INTO PROPERTY_INST ( PRI_ID, PIG_ID, PRD_ID, PRI_VALUE, PRI_DELETE_FL, PRI_VERSION_ID,
PTN_ID ) VALUES ( 
773, 252, 137, '1', 'N', 1, 1); 
INSERT INTO PROPERTY_INST ( PRI_ID, PIG_ID, PRD_ID, PRI_VALUE, PRI_DELETE_FL, PRI_VERSION_ID,
PTN_ID ) VALUES ( 
774, 252, 138, 'N', 'N', 1, 1); 
INSERT INTO PROPERTY_INST ( PRI_ID, PIG_ID, PRD_ID, PRI_VALUE, PRI_DELETE_FL, PRI_VERSION_ID,
PTN_ID ) VALUES ( 
945, 277, 97, 'Y', 'N', 1, 1); 
INSERT INTO PROPERTY_INST ( PRI_ID, PIG_ID, PRD_ID, PRI_VALUE, PRI_DELETE_FL, PRI_VERSION_ID,
PTN_ID ) VALUES ( 
946, 277, 98, '5', 'N', 1, 1); 
INSERT INTO PROPERTY_INST ( PRI_ID, PIG_ID, PRD_ID, PRI_VALUE, PRI_DELETE_FL, PRI_VERSION_ID,
PTN_ID ) VALUES ( 
947, 277, 99, 'Y', 'N', 1, 1); 
INSERT INTO PROPERTY_INST ( PRI_ID, PIG_ID, PRD_ID, PRI_VALUE, PRI_DELETE_FL, PRI_VERSION_ID,
PTN_ID ) VALUES ( 
948, 277, 100, 'en-GB', 'N', 1, 1); 
INSERT INTO PROPERTY_INST ( PRI_ID, PIG_ID, PRD_ID, PRI_VALUE, PRI_DELETE_FL, PRI_VERSION_ID,
PTN_ID ) VALUES ( 
949, 277, 101, '1', 'N', 1, 1); 
INSERT INTO PROPERTY_INST ( PRI_ID, PIG_ID, PRD_ID, PRI_VALUE, PRI_DELETE_FL, PRI_VERSION_ID,
PTN_ID ) VALUES ( 
950, 277, 102, NULL, 'N', 1, 1); 
INSERT INTO PROPERTY_INST ( PRI_ID, PIG_ID, PRD_ID, PRI_VALUE, PRI_DELETE_FL, PRI_VERSION_ID,
PTN_ID ) VALUES ( 
951, 277, 103, NULL, 'N', 1, 1); 
INSERT INTO PROPERTY_INST ( PRI_ID, PIG_ID, PRD_ID, PRI_VALUE, PRI_DELETE_FL, PRI_VERSION_ID,
PTN_ID ) VALUES ( 
952, 277, 104, 'Y', 'N', 1, 1); 
INSERT INTO PROPERTY_INST ( PRI_ID, PIG_ID, PRD_ID, PRI_VALUE, PRI_DELETE_FL, PRI_VERSION_ID,
PTN_ID ) VALUES ( 
953, 277, 105, '10', 'N', 1, 1); 
INSERT INTO PROPERTY_INST ( PRI_ID, PIG_ID, PRD_ID, PRI_VALUE, PRI_DELETE_FL, PRI_VERSION_ID,
PTN_ID ) VALUES ( 
954, 277, 106, 'Y', 'N', 1, 1); 
INSERT INTO PROPERTY_INST ( PRI_ID, PIG_ID, PRD_ID, PRI_VALUE, PRI_DELETE_FL, PRI_VERSION_ID,
PTN_ID ) VALUES ( 
955, 277, 107, 'Y', 'N', 1, 1); 
INSERT INTO PROPERTY_INST ( PRI_ID, PIG_ID, PRD_ID, PRI_VALUE, PRI_DELETE_FL, PRI_VERSION_ID,
PTN_ID ) VALUES ( 
956, 277, 108, '11,', 'N', 2, 1); 
INSERT INTO PROPERTY_INST ( PRI_ID, PIG_ID, PRD_ID, PRI_VALUE, PRI_DELETE_FL, PRI_VERSION_ID,
PTN_ID ) VALUES ( 
1073, 293, 233, 'WRAP', 'N', 1, 1); 
INSERT INTO PROPERTY_INST ( PRI_ID, PIG_ID, PRD_ID, PRI_VALUE, PRI_DELETE_FL, PRI_VERSION_ID,
PTN_ID ) VALUES ( 
1074, 293, 234, '25', 'N', 1, 1); 
INSERT INTO PROPERTY_INST ( PRI_ID, PIG_ID, PRD_ID, PRI_VALUE, PRI_DELETE_FL, PRI_VERSION_ID,
PTN_ID ) VALUES ( 
1075, 293, 235, '0', 'N', 1, 1); 
INSERT INTO PROPERTY_INST ( PRI_ID, PIG_ID, PRD_ID, PRI_VALUE, PRI_DELETE_FL, PRI_VERSION_ID,
PTN_ID ) VALUES ( 
1076, 293, 236, NULL, 'N', 1, 1); 
INSERT INTO PROPERTY_INST ( PRI_ID, PIG_ID, PRD_ID, PRI_VALUE, PRI_DELETE_FL, PRI_VERSION_ID,
PTN_ID ) VALUES ( 
1077, 293, 109, '1', 'N', 1, 1); 
INSERT INTO PROPERTY_INST ( PRI_ID, PIG_ID, PRD_ID, PRI_VALUE, PRI_DELETE_FL, PRI_VERSION_ID,
PTN_ID ) VALUES ( 
1078, 293, 110, 'Y', 'N', 1, 1); 
INSERT INTO PROPERTY_INST ( PRI_ID, PIG_ID, PRD_ID, PRI_VALUE, PRI_DELETE_FL, PRI_VERSION_ID,
PTN_ID ) VALUES ( 
1079, 293, 111, 'Y', 'N', 1, 1); 
INSERT INTO PROPERTY_INST ( PRI_ID, PIG_ID, PRD_ID, PRI_VALUE, PRI_DELETE_FL, PRI_VERSION_ID,
PTN_ID ) VALUES ( 
1080, 293, 112, NULL, 'N', 1, 1); 
INSERT INTO PROPERTY_INST ( PRI_ID, PIG_ID, PRD_ID, PRI_VALUE, PRI_DELETE_FL, PRI_VERSION_ID,
PTN_ID ) VALUES ( 
1081, 293, 113, NULL, 'N', 1, 1); 
INSERT INTO PROPERTY_INST ( PRI_ID, PIG_ID, PRD_ID, PRI_VALUE, PRI_DELETE_FL, PRI_VERSION_ID,
PTN_ID ) VALUES ( 
1082, 293, 114, NULL, 'N', 1, 1); 
INSERT INTO PROPERTY_INST ( PRI_ID, PIG_ID, PRD_ID, PRI_VALUE, PRI_DELETE_FL, PRI_VERSION_ID,
PTN_ID ) VALUES ( 
1083, 293, 115, NULL, 'N', 1, 1); 
INSERT INTO PROPERTY_INST ( PRI_ID, PIG_ID, PRD_ID, PRI_VALUE, PRI_DELETE_FL, PRI_VERSION_ID,
PTN_ID ) VALUES ( 
1084, 293, 116, 'C0C0C0', 'N', 1, 1); 
INSERT INTO PROPERTY_INST ( PRI_ID, PIG_ID, PRD_ID, PRI_VALUE, PRI_DELETE_FL, PRI_VERSION_ID,
PTN_ID ) VALUES ( 
1085, 293, 117, '0', 'N', 1, 1); 
INSERT INTO PROPERTY_INST ( PRI_ID, PIG_ID, PRD_ID, PRI_VALUE, PRI_DELETE_FL, PRI_VERSION_ID,
PTN_ID ) VALUES ( 
1086, 293, 118, 'Y', 'N', 1, 1); 
INSERT INTO PROPERTY_INST ( PRI_ID, PIG_ID, PRD_ID, PRI_VALUE, PRI_DELETE_FL, PRI_VERSION_ID,
PTN_ID ) VALUES ( 
1087, 294, 119, 'Tahoma', 'N', 1, 1); 
INSERT INTO PROPERTY_INST ( PRI_ID, PIG_ID, PRD_ID, PRI_VALUE, PRI_DELETE_FL, PRI_VERSION_ID,
PTN_ID ) VALUES ( 
1088, 294, 120, NULL, 'N', 1, 1); 
INSERT INTO PROPERTY_INST ( PRI_ID, PIG_ID, PRD_ID, PRI_VALUE, PRI_DELETE_FL, PRI_VERSION_ID,
PTN_ID ) VALUES ( 
1089, 294, 121, '000000', 'N', 1, 1); 
INSERT INTO PROPERTY_INST ( PRI_ID, PIG_ID, PRD_ID, PRI_VALUE, PRI_DELETE_FL, PRI_VERSION_ID,
PTN_ID ) VALUES ( 
1090, 294, 122, 'Y', 'N', 1, 1); 
INSERT INTO PROPERTY_INST ( PRI_ID, PIG_ID, PRD_ID, PRI_VALUE, PRI_DELETE_FL, PRI_VERSION_ID,
PTN_ID ) VALUES ( 
1091, 294, 123, 'C0C0C0', 'N', 1, 1); 
INSERT INTO PROPERTY_INST ( PRI_ID, PIG_ID, PRD_ID, PRI_VALUE, PRI_DELETE_FL, PRI_VERSION_ID,
PTN_ID ) VALUES ( 
1092, 294, 124, NULL, 'N', 1, 1); 
INSERT INTO PROPERTY_INST ( PRI_ID, PIG_ID, PRD_ID, PRI_VALUE, PRI_DELETE_FL, PRI_VERSION_ID,
PTN_ID ) VALUES ( 
1093, 294, 125, 'Y', 'N', 1, 1); 
INSERT INTO PROPERTY_INST ( PRI_ID, PIG_ID, PRD_ID, PRI_VALUE, PRI_DELETE_FL, PRI_VERSION_ID,
PTN_ID ) VALUES ( 
1094, 294, 126, 'Y', 'N', 1, 1); 
INSERT INTO PROPERTY_INST ( PRI_ID, PIG_ID, PRD_ID, PRI_VALUE, PRI_DELETE_FL, PRI_VERSION_ID,
PTN_ID ) VALUES ( 
1095, 294, 127, 'FFFFFF', 'N', 1, 1); 
INSERT INTO PROPERTY_INST ( PRI_ID, PIG_ID, PRD_ID, PRI_VALUE, PRI_DELETE_FL, PRI_VERSION_ID,
PTN_ID ) VALUES ( 
1096, 295, 237, NULL, 'N', 1, 1); 
INSERT INTO PROPERTY_INST ( PRI_ID, PIG_ID, PRD_ID, PRI_VALUE, PRI_DELETE_FL, PRI_VERSION_ID,
PTN_ID ) VALUES ( 
1097, 295, 238, 'Y', 'N', 1, 1); 
INSERT INTO PROPERTY_INST ( PRI_ID, PIG_ID, PRD_ID, PRI_VALUE, PRI_DELETE_FL, PRI_VERSION_ID,
PTN_ID ) VALUES ( 
1098, 295, 128, 'N', 'N', 1, 1); 
INSERT INTO PROPERTY_INST ( PRI_ID, PIG_ID, PRD_ID, PRI_VALUE, PRI_DELETE_FL, PRI_VERSION_ID,
PTN_ID ) VALUES ( 
1099, 295, 129, '100', 'N', 1, 1); 
INSERT INTO PROPERTY_INST ( PRI_ID, PIG_ID, PRD_ID, PRI_VALUE, PRI_DELETE_FL, PRI_VERSION_ID,
PTN_ID ) VALUES ( 
1100, 296, 133, NULL, 'N', 1, 1); 
INSERT INTO PROPERTY_INST ( PRI_ID, PIG_ID, PRD_ID, PRI_VALUE, PRI_DELETE_FL, PRI_VERSION_ID,
PTN_ID ) VALUES ( 
1101, 296, 134, NULL, 'N', 1, 1); 
INSERT INTO PROPERTY_INST ( PRI_ID, PIG_ID, PRD_ID, PRI_VALUE, PRI_DELETE_FL, PRI_VERSION_ID,
PTN_ID ) VALUES ( 
1102, 296, 135, NULL, 'N', 1, 1); 
INSERT INTO PROPERTY_INST ( PRI_ID, PIG_ID, PRD_ID, PRI_VALUE, PRI_DELETE_FL, PRI_VERSION_ID,
PTN_ID ) VALUES ( 
1103, 296, 136, '808080', 'N', 1, 1); 
INSERT INTO PROPERTY_INST ( PRI_ID, PIG_ID, PRD_ID, PRI_VALUE, PRI_DELETE_FL, PRI_VERSION_ID,
PTN_ID ) VALUES ( 
1104, 296, 137, '1', 'N', 1, 1); 
INSERT INTO PROPERTY_INST ( PRI_ID, PIG_ID, PRD_ID, PRI_VALUE, PRI_DELETE_FL, PRI_VERSION_ID,
PTN_ID ) VALUES ( 
1105, 296, 138, 'N', 'N', 1, 1); 
INSERT INTO PROPERTY_INST ( PRI_ID, PIG_ID, PRD_ID, PRI_VALUE, PRI_DELETE_FL, PRI_VERSION_ID,
PTN_ID ) VALUES ( 
1106, 297, 133, NULL, 'N', 1, 1); 
INSERT INTO PROPERTY_INST ( PRI_ID, PIG_ID, PRD_ID, PRI_VALUE, PRI_DELETE_FL, PRI_VERSION_ID,
PTN_ID ) VALUES ( 
1107, 297, 134, NULL, 'N', 1, 1); 
INSERT INTO PROPERTY_INST ( PRI_ID, PIG_ID, PRD_ID, PRI_VALUE, PRI_DELETE_FL, PRI_VERSION_ID,
PTN_ID ) VALUES ( 
1108, 297, 135, NULL, 'N', 1, 1); 
INSERT INTO PROPERTY_INST ( PRI_ID, PIG_ID, PRD_ID, PRI_VALUE, PRI_DELETE_FL, PRI_VERSION_ID,
PTN_ID ) VALUES ( 
1109, 297, 136, '808080', 'N', 1, 1); 
INSERT INTO PROPERTY_INST ( PRI_ID, PIG_ID, PRD_ID, PRI_VALUE, PRI_DELETE_FL, PRI_VERSION_ID,
PTN_ID ) VALUES ( 
1110, 297, 137, '1', 'N', 1, 1); 
INSERT INTO PROPERTY_INST ( PRI_ID, PIG_ID, PRD_ID, PRI_VALUE, PRI_DELETE_FL, PRI_VERSION_ID,
PTN_ID ) VALUES ( 
1111, 297, 138, 'N', 'N', 1, 1); 
INSERT INTO PROPERTY_INST ( PRI_ID, PIG_ID, PRD_ID, PRI_VALUE, PRI_DELETE_FL, PRI_VERSION_ID,
PTN_ID ) VALUES ( 
1, 1, 16, 'net.sourceforge.jtds.jdbc.Driver', 'N', 1, 1); 
INSERT INTO PROPERTY_INST ( PRI_ID, PIG_ID, PRD_ID, PRI_VALUE, PRI_DELETE_FL, PRI_VERSION_ID,
PTN_ID ) VALUES ( 
2, 1, 17, 'jdbc:jtds:sqlserver://%MACHINE%/%DATABASE%;Instance=%INSTANCE%;PrepareSQL=0'
, 'N', 1, 1); 
INSERT INTO PROPERTY_INST ( PRI_ID, PIG_ID, PRD_ID, PRI_VALUE, PRI_DELETE_FL, PRI_VERSION_ID,
PTN_ID ) VALUES ( 
3, 1, 18, 'org.hibernate.dialect.SQLServerDialect', 'N', 1, 1); 
INSERT INTO PROPERTY_INST ( PRI_ID, PIG_ID, PRD_ID, PRI_VALUE, PRI_DELETE_FL, PRI_VERSION_ID,
PTN_ID ) VALUES ( 
4, 1, 19, 'false=''N'', true=''Y''', 'N', 1, 1); 
INSERT INTO PROPERTY_INST ( PRI_ID, PIG_ID, PRD_ID, PRI_VALUE, PRI_DELETE_FL, PRI_VERSION_ID,
PTN_ID ) VALUES ( 
5, 1, 20, '%MACHINE%', 'N', 1, 1); 
INSERT INTO PROPERTY_INST ( PRI_ID, PIG_ID, PRD_ID, PRI_VALUE, PRI_DELETE_FL, PRI_VERSION_ID,
PTN_ID ) VALUES ( 
6, 1, 21, '%MACHINE%%INSTANCE%', 'N', 1, 1); 
INSERT INTO PROPERTY_INST ( PRI_ID, PIG_ID, PRD_ID, PRI_VALUE, PRI_DELETE_FL, PRI_VERSION_ID,
PTN_ID ) VALUES ( 
7, 2, 16, 'oracle.jdbc.OracleDriver', 'N', 1, 1); 
INSERT INTO PROPERTY_INST ( PRI_ID, PIG_ID, PRD_ID, PRI_VALUE, PRI_DELETE_FL, PRI_VERSION_ID,
PTN_ID ) VALUES ( 
8, 2, 17, 'jdbc:oracle:thin:@%MACHINE%:1521:%INSTANCE%', 'N', 1, 1); 
INSERT INTO PROPERTY_INST ( PRI_ID, PIG_ID, PRD_ID, PRI_VALUE, PRI_DELETE_FL, PRI_VERSION_ID,
PTN_ID ) VALUES ( 
9, 2, 18, 'org.hibernate.dialect.Oracle9Dialect', 'N', 1, 1); 
INSERT INTO PROPERTY_INST ( PRI_ID, PIG_ID, PRD_ID, PRI_VALUE, PRI_DELETE_FL, PRI_VERSION_ID,
PTN_ID ) VALUES ( 
10, 2, 19, 'false=''N'', true=''Y'', substring=substr, isnull=nvl, len=length', 'N'
, 1, 1); 
INSERT INTO PROPERTY_INST ( PRI_ID, PIG_ID, PRD_ID, PRI_VALUE, PRI_DELETE_FL, PRI_VERSION_ID,
PTN_ID ) VALUES ( 
11, 2, 20, NULL, 'N', 1, 1); 
INSERT INTO PROPERTY_INST ( PRI_ID, PIG_ID, PRD_ID, PRI_VALUE, PRI_DELETE_FL, PRI_VERSION_ID,
PTN_ID ) VALUES ( 
12, 2, 21, '%INSTANCE%', 'N', 1, 1); 
INSERT INTO PROPERTY_INST ( PRI_ID, PIG_ID, PRD_ID, PRI_VALUE, PRI_DELETE_FL, PRI_VERSION_ID,
PTN_ID ) VALUES ( 
13, 3, 64, '3', 'N', 1, 1); 
INSERT INTO PROPERTY_INST ( PRI_ID, PIG_ID, PRD_ID, PRI_VALUE, PRI_DELETE_FL, PRI_VERSION_ID,
PTN_ID ) VALUES ( 
14, 3, 65, '365', 'N', 1, 1); 
INSERT INTO PROPERTY_INST ( PRI_ID, PIG_ID, PRD_ID, PRI_VALUE, PRI_DELETE_FL, PRI_VERSION_ID,
PTN_ID ) VALUES ( 
15, 3, 66, 'welcome', 'N', 1, 1); 
INSERT INTO PROPERTY_INST ( PRI_ID, PIG_ID, PRD_ID, PRI_VALUE, PRI_DELETE_FL, PRI_VERSION_ID,
PTN_ID ) VALUES ( 
16, 3, 67, 'N', 'N', 1, 1); 
INSERT INTO PROPERTY_INST ( PRI_ID, PIG_ID, PRD_ID, PRI_VALUE, PRI_DELETE_FL, PRI_VERSION_ID,
PTN_ID ) VALUES ( 
17, 3, 68, '6', 'N', 1, 1); 
INSERT INTO PROPERTY_INST ( PRI_ID, PIG_ID, PRD_ID, PRI_VALUE, PRI_DELETE_FL, PRI_VERSION_ID,
PTN_ID ) VALUES ( 
18, 3, 69, '90', 'N', 1, 1); 
INSERT INTO PROPERTY_INST ( PRI_ID, PIG_ID, PRD_ID, PRI_VALUE, PRI_DELETE_FL, PRI_VERSION_ID,
PTN_ID ) VALUES ( 
19, 3, 70, '365', 'N', 1, 1); 
INSERT INTO PROPERTY_INST ( PRI_ID, PIG_ID, PRD_ID, PRI_VALUE, PRI_DELETE_FL, PRI_VERSION_ID,
PTN_ID ) VALUES ( 
20, 3, 71, '7', 'N', 1, 1); 
INSERT INTO PROPERTY_INST ( PRI_ID, PIG_ID, PRD_ID, PRI_VALUE, PRI_DELETE_FL, PRI_VERSION_ID,
PTN_ID ) VALUES ( 
21, 4, 62, 'N', 'N', 1, 1); 
INSERT INTO PROPERTY_INST ( PRI_ID, PIG_ID, PRD_ID, PRI_VALUE, PRI_DELETE_FL, PRI_VERSION_ID,
PTN_ID ) VALUES ( 
22, 4, 63, '6', 'N', 1, 1); 
INSERT INTO PROPERTY_INST ( PRI_ID, PIG_ID, PRD_ID, PRI_VALUE, PRI_DELETE_FL, PRI_VERSION_ID,
PTN_ID ) VALUES ( 
23, 5, 97, 'Y', 'N', 1, 1); 
INSERT INTO PROPERTY_INST ( PRI_ID, PIG_ID, PRD_ID, PRI_VALUE, PRI_DELETE_FL, PRI_VERSION_ID,
PTN_ID ) VALUES ( 
24, 5, 98, '5', 'N', 1, 1); 
INSERT INTO PROPERTY_INST ( PRI_ID, PIG_ID, PRD_ID, PRI_VALUE, PRI_DELETE_FL, PRI_VERSION_ID,
PTN_ID ) VALUES ( 
25, 5, 99, 'Y', 'N', 1, 1); 
INSERT INTO PROPERTY_INST ( PRI_ID, PIG_ID, PRD_ID, PRI_VALUE, PRI_DELETE_FL, PRI_VERSION_ID,
PTN_ID ) VALUES ( 
26, 5, 100, 'en-GB', 'N', 1, 1); 
INSERT INTO PROPERTY_INST ( PRI_ID, PIG_ID, PRD_ID, PRI_VALUE, PRI_DELETE_FL, PRI_VERSION_ID,
PTN_ID ) VALUES ( 
27, 5, 101, '1', 'N', 1, 1); 
INSERT INTO PROPERTY_INST ( PRI_ID, PIG_ID, PRD_ID, PRI_VALUE, PRI_DELETE_FL, PRI_VERSION_ID,
PTN_ID ) VALUES ( 
28, 5, 102, NULL, 'N', 1, 1); 
INSERT INTO PROPERTY_INST ( PRI_ID, PIG_ID, PRD_ID, PRI_VALUE, PRI_DELETE_FL, PRI_VERSION_ID,
PTN_ID ) VALUES ( 
29, 5, 103, NULL, 'N', 1, 1); 
INSERT INTO PROPERTY_INST ( PRI_ID, PIG_ID, PRD_ID, PRI_VALUE, PRI_DELETE_FL, PRI_VERSION_ID,
PTN_ID ) VALUES ( 
30, 5, 104, 'Y', 'N', 1, 1); 
INSERT INTO PROPERTY_INST ( PRI_ID, PIG_ID, PRD_ID, PRI_VALUE, PRI_DELETE_FL, PRI_VERSION_ID,
PTN_ID ) VALUES ( 
31, 5, 105, '10', 'N', 1, 1); 
INSERT INTO PROPERTY_INST ( PRI_ID, PIG_ID, PRD_ID, PRI_VALUE, PRI_DELETE_FL, PRI_VERSION_ID,
PTN_ID ) VALUES ( 
32, 5, 106, 'Y', 'N', 1, 1); 
INSERT INTO PROPERTY_INST ( PRI_ID, PIG_ID, PRD_ID, PRI_VALUE, PRI_DELETE_FL, PRI_VERSION_ID,
PTN_ID ) VALUES ( 
33, 5, 107, 'Y', 'N', 1, 1); 
INSERT INTO PROPERTY_INST ( PRI_ID, PIG_ID, PRD_ID, PRI_VALUE, PRI_DELETE_FL, PRI_VERSION_ID,
PTN_ID ) VALUES ( 
34, 5, 108, '6,', 'N', 2, 1); 
INSERT INTO PROPERTY_INST ( PRI_ID, PIG_ID, PRD_ID, PRI_VALUE, PRI_DELETE_FL, PRI_VERSION_ID,
PTN_ID ) VALUES ( 
35, 6, 83, 'Common', 'N', 1, 1); 
INSERT INTO PROPERTY_INST ( PRI_ID, PIG_ID, PRD_ID, PRI_VALUE, PRI_DELETE_FL, PRI_VERSION_ID,
PTN_ID ) VALUES ( 
36, 6, 84, 'LZAXC123', 'N', 3, 1); 
INSERT INTO PROPERTY_INST ( PRI_ID, PIG_ID, PRD_ID, PRI_VALUE, PRI_DELETE_FL, PRI_VERSION_ID,
PTN_ID ) VALUES ( 
37, 6, 85, '15', 'N', 1, 1); 
INSERT INTO PROPERTY_INST ( PRI_ID, PIG_ID, PRD_ID, PRI_VALUE, PRI_DELETE_FL, PRI_VERSION_ID,
PTN_ID ) VALUES ( 
38, 6, 86, 'Subex Limited', 'N', 3, 1); 
INSERT INTO PROPERTY_INST ( PRI_ID, PIG_ID, PRD_ID, PRI_VALUE, PRI_DELETE_FL, PRI_VERSION_ID,
PTN_ID ) VALUES ( 
39, 6, 87, '6', 'N', 1, 1); 
INSERT INTO PROPERTY_INST ( PRI_ID, PIG_ID, PRD_ID, PRI_VALUE, PRI_DELETE_FL, PRI_VERSION_ID,
PTN_ID ) VALUES ( 
40, 6, 88, 'Y', 'N', 1, 1); 
INSERT INTO PROPERTY_INST ( PRI_ID, PIG_ID, PRD_ID, PRI_VALUE, PRI_DELETE_FL, PRI_VERSION_ID,
PTN_ID ) VALUES ( 
41, 6, 89, '0123456789', 'N', 1, 1); 
INSERT INTO PROPERTY_INST ( PRI_ID, PIG_ID, PRD_ID, PRI_VALUE, PRI_DELETE_FL, PRI_VERSION_ID,
PTN_ID ) VALUES ( 
42, 7, 42, 'Y', 'N', 1, 1); 
INSERT INTO PROPERTY_INST ( PRI_ID, PIG_ID, PRD_ID, PRI_VALUE, PRI_DELETE_FL, PRI_VERSION_ID,
PTN_ID ) VALUES ( 
43, 7, 43, 'N', 'N', 1, 1); 
INSERT INTO PROPERTY_INST ( PRI_ID, PIG_ID, PRD_ID, PRI_VALUE, PRI_DELETE_FL, PRI_VERSION_ID,
PTN_ID ) VALUES ( 
44, 7, 44, 24*60*2, 'N', 1, 1); 
INSERT INTO PROPERTY_INST ( PRI_ID, PIG_ID, PRD_ID, PRI_VALUE, PRI_DELETE_FL, PRI_VERSION_ID,
PTN_ID ) VALUES ( 
45, 7, 45, 'DataDir;Entity Exports;', 'N', 1, 1); 
INSERT INTO PROPERTY_INST ( PRI_ID, PIG_ID, PRD_ID, PRI_VALUE, PRI_DELETE_FL, PRI_VERSION_ID,
PTN_ID ) VALUES ( 
46, 7, 46, 'DataDir;Entity Notes;', 'N', 1, 1); 
INSERT INTO PROPERTY_INST ( PRI_ID, PIG_ID, PRD_ID, PRI_VALUE, PRI_DELETE_FL, PRI_VERSION_ID,
PTN_ID ) VALUES ( 
47, 7, 47, 'DataDir;ReportsUploaded Reports;', 'N', 1, 1); 
INSERT INTO PROPERTY_INST ( PRI_ID, PIG_ID, PRD_ID, PRI_VALUE, PRI_DELETE_FL, PRI_VERSION_ID,
PTN_ID ) VALUES ( 
48, 7, 48, 'DataDir;ReportsGenerated Reports;', 'N', 1, 1); 
INSERT INTO PROPERTY_INST ( PRI_ID, PIG_ID, PRD_ID, PRI_VALUE, PRI_DELETE_FL, PRI_VERSION_ID,
PTN_ID ) VALUES ( 
49, 7, 49, 'Y', 'N', 1, 1); 
INSERT INTO PROPERTY_INST ( PRI_ID, PIG_ID, PRD_ID, PRI_VALUE, PRI_DELETE_FL, PRI_VERSION_ID,
PTN_ID ) VALUES ( 
50, 7, 50, '60', 'N', 1, 1); 
INSERT INTO PROPERTY_INST ( PRI_ID, PIG_ID, PRD_ID, PRI_VALUE, PRI_DELETE_FL, PRI_VERSION_ID,
PTN_ID ) VALUES ( 
51, 7, 51, '60', 'N', 1, 1); 
INSERT INTO PROPERTY_INST ( PRI_ID, PIG_ID, PRD_ID, PRI_VALUE, PRI_DELETE_FL, PRI_VERSION_ID,
PTN_ID ) VALUES ( 
52, 7, 52, 'noreply@server.com', 'N', 1, 1); 
INSERT INTO PROPERTY_INST ( PRI_ID, PIG_ID, PRD_ID, PRI_VALUE, PRI_DELETE_FL, PRI_VERSION_ID,
PTN_ID ) VALUES ( 
53, 7, 53, 'localhost', 'N', 1, 1); 
INSERT INTO PROPERTY_INST ( PRI_ID, PIG_ID, PRD_ID, PRI_VALUE, PRI_DELETE_FL, PRI_VERSION_ID,
PTN_ID ) VALUES ( 
54, 7, 54, NULL, 'N', 1, 1); 
INSERT INTO PROPERTY_INST ( PRI_ID, PIG_ID, PRD_ID, PRI_VALUE, PRI_DELETE_FL, PRI_VERSION_ID,
PTN_ID ) VALUES ( 
55, 7, 55, '25', 'N', 1, 1); 
INSERT INTO PROPERTY_INST ( PRI_ID, PIG_ID, PRD_ID, PRI_VALUE, PRI_DELETE_FL, PRI_VERSION_ID,
PTN_ID ) VALUES ( 
56, 7, 56, 'admin', 'N', 1, 1); 
INSERT INTO PROPERTY_INST ( PRI_ID, PIG_ID, PRD_ID, PRI_VALUE, PRI_DELETE_FL, PRI_VERSION_ID,
PTN_ID ) VALUES ( 
57, 7, 57, '60', 'N', 1, 1); 
INSERT INTO PROPERTY_INST ( PRI_ID, PIG_ID, PRD_ID, PRI_VALUE, PRI_DELETE_FL, PRI_VERSION_ID,
PTN_ID ) VALUES ( 
58, 7, 58, 'Y', 'N', 1, 1); 
INSERT INTO PROPERTY_INST ( PRI_ID, PIG_ID, PRD_ID, PRI_VALUE, PRI_DELETE_FL, PRI_VERSION_ID,
PTN_ID ) VALUES ( 
59, 7, 59, '60', 'N', 1, 1); 
INSERT INTO PROPERTY_INST ( PRI_ID, PIG_ID, PRD_ID, PRI_VALUE, PRI_DELETE_FL, PRI_VERSION_ID,
PTN_ID ) VALUES ( 
60, 7, 60, '60', 'N', 1, 1); 
INSERT INTO PROPERTY_INST ( PRI_ID, PIG_ID, PRD_ID, PRI_VALUE, PRI_DELETE_FL, PRI_VERSION_ID,
PTN_ID ) VALUES ( 
61, 7, 61, 'Y', 'N', 1, 1); 
INSERT INTO PROPERTY_INST ( PRI_ID, PIG_ID, PRD_ID, PRI_VALUE, PRI_DELETE_FL, PRI_VERSION_ID,
PTN_ID ) VALUES ( 
62, 8, 1, 'Y', 'N', 1, 1); 
INSERT INTO PROPERTY_INST ( PRI_ID, PIG_ID, PRD_ID, PRI_VALUE, PRI_DELETE_FL, PRI_VERSION_ID,
PTN_ID ) VALUES ( 
63, 8, 2, '8', 'N', 1, 1); 
INSERT INTO PROPERTY_INST ( PRI_ID, PIG_ID, PRD_ID, PRI_VALUE, PRI_DELETE_FL, PRI_VERSION_ID,
PTN_ID ) VALUES ( 
64, 8, 3, '1', 'N', 1, 1); 
INSERT INTO PROPERTY_INST ( PRI_ID, PIG_ID, PRD_ID, PRI_VALUE, PRI_DELETE_FL, PRI_VERSION_ID,
PTN_ID ) VALUES ( 
65, 165, 109, '1', 'N', 1, 1); 
INSERT INTO PROPERTY_INST ( PRI_ID, PIG_ID, PRD_ID, PRI_VALUE, PRI_DELETE_FL, PRI_VERSION_ID,
PTN_ID ) VALUES ( 
66, 165, 110, 'Y', 'N', 1, 1); 
INSERT INTO PROPERTY_INST ( PRI_ID, PIG_ID, PRD_ID, PRI_VALUE, PRI_DELETE_FL, PRI_VERSION_ID,
PTN_ID ) VALUES ( 
67, 165, 111, 'Y', 'N', 1, 1); 
INSERT INTO PROPERTY_INST ( PRI_ID, PIG_ID, PRD_ID, PRI_VALUE, PRI_DELETE_FL, PRI_VERSION_ID,
PTN_ID ) VALUES ( 
68, 165, 112, NULL, 'N', 1, 1); 
INSERT INTO PROPERTY_INST ( PRI_ID, PIG_ID, PRD_ID, PRI_VALUE, PRI_DELETE_FL, PRI_VERSION_ID,
PTN_ID ) VALUES ( 
69, 165, 113, NULL, 'N', 1, 1); 
INSERT INTO PROPERTY_INST ( PRI_ID, PIG_ID, PRD_ID, PRI_VALUE, PRI_DELETE_FL, PRI_VERSION_ID,
PTN_ID ) VALUES ( 
70, 165, 114, NULL, 'N', 1, 1); 
INSERT INTO PROPERTY_INST ( PRI_ID, PIG_ID, PRD_ID, PRI_VALUE, PRI_DELETE_FL, PRI_VERSION_ID,
PTN_ID ) VALUES ( 
71, 165, 115, NULL, 'N', 1, 1); 
INSERT INTO PROPERTY_INST ( PRI_ID, PIG_ID, PRD_ID, PRI_VALUE, PRI_DELETE_FL, PRI_VERSION_ID,
PTN_ID ) VALUES ( 
72, 165, 116, 'C0C0C0', 'N', 1, 1); 
INSERT INTO PROPERTY_INST ( PRI_ID, PIG_ID, PRD_ID, PRI_VALUE, PRI_DELETE_FL, PRI_VERSION_ID,
PTN_ID ) VALUES ( 
73, 165, 117, '0', 'N', 1, 1); 
INSERT INTO PROPERTY_INST ( PRI_ID, PIG_ID, PRD_ID, PRI_VALUE, PRI_DELETE_FL, PRI_VERSION_ID,
PTN_ID ) VALUES ( 
74, 165, 118, 'Y', 'N', 1, 1); 
INSERT INTO PROPERTY_INST ( PRI_ID, PIG_ID, PRD_ID, PRI_VALUE, PRI_DELETE_FL, PRI_VERSION_ID,
PTN_ID ) VALUES ( 
75, 165, 233, 'WRAP', 'N', 1, 1); 
INSERT INTO PROPERTY_INST ( PRI_ID, PIG_ID, PRD_ID, PRI_VALUE, PRI_DELETE_FL, PRI_VERSION_ID,
PTN_ID ) VALUES ( 
76, 165, 234, '25', 'N', 1, 1); 
INSERT INTO PROPERTY_INST ( PRI_ID, PIG_ID, PRD_ID, PRI_VALUE, PRI_DELETE_FL, PRI_VERSION_ID,
PTN_ID ) VALUES ( 
77, 165, 235, '0', 'N', 1, 1); 
INSERT INTO PROPERTY_INST ( PRI_ID, PIG_ID, PRD_ID, PRI_VALUE, PRI_DELETE_FL, PRI_VERSION_ID,
PTN_ID ) VALUES ( 
78, 165, 236, NULL, 'N', 1, 1); 
INSERT INTO PROPERTY_INST ( PRI_ID, PIG_ID, PRD_ID, PRI_VALUE, PRI_DELETE_FL, PRI_VERSION_ID,
PTN_ID ) VALUES ( 
79, 166, 119, 'Tahoma', 'N', 1, 1); 
INSERT INTO PROPERTY_INST ( PRI_ID, PIG_ID, PRD_ID, PRI_VALUE, PRI_DELETE_FL, PRI_VERSION_ID,
PTN_ID ) VALUES ( 
80, 166, 120, NULL, 'N', 1, 1); 
INSERT INTO PROPERTY_INST ( PRI_ID, PIG_ID, PRD_ID, PRI_VALUE, PRI_DELETE_FL, PRI_VERSION_ID,
PTN_ID ) VALUES ( 
81, 166, 121, '000000', 'N', 1, 1); 
INSERT INTO PROPERTY_INST ( PRI_ID, PIG_ID, PRD_ID, PRI_VALUE, PRI_DELETE_FL, PRI_VERSION_ID,
PTN_ID ) VALUES ( 
82, 166, 122, 'Y', 'N', 1, 1); 
INSERT INTO PROPERTY_INST ( PRI_ID, PIG_ID, PRD_ID, PRI_VALUE, PRI_DELETE_FL, PRI_VERSION_ID,
PTN_ID ) VALUES ( 
83, 166, 123, 'C0C0C0', 'N', 1, 1); 
INSERT INTO PROPERTY_INST ( PRI_ID, PIG_ID, PRD_ID, PRI_VALUE, PRI_DELETE_FL, PRI_VERSION_ID,
PTN_ID ) VALUES ( 
84, 166, 124, NULL, 'N', 1, 1); 
INSERT INTO PROPERTY_INST ( PRI_ID, PIG_ID, PRD_ID, PRI_VALUE, PRI_DELETE_FL, PRI_VERSION_ID,
PTN_ID ) VALUES ( 
85, 166, 125, 'Y', 'N', 1, 1); 
INSERT INTO PROPERTY_INST ( PRI_ID, PIG_ID, PRD_ID, PRI_VALUE, PRI_DELETE_FL, PRI_VERSION_ID,
PTN_ID ) VALUES ( 
86, 166, 126, 'Y', 'N', 1, 1); 
INSERT INTO PROPERTY_INST ( PRI_ID, PIG_ID, PRD_ID, PRI_VALUE, PRI_DELETE_FL, PRI_VERSION_ID,
PTN_ID ) VALUES ( 
87, 166, 127, 'FFFFFF', 'N', 1, 1); 
INSERT INTO PROPERTY_INST ( PRI_ID, PIG_ID, PRD_ID, PRI_VALUE, PRI_DELETE_FL, PRI_VERSION_ID,
PTN_ID ) VALUES ( 
88, 167, 128, 'N', 'N', 1, 1); 
INSERT INTO PROPERTY_INST ( PRI_ID, PIG_ID, PRD_ID, PRI_VALUE, PRI_DELETE_FL, PRI_VERSION_ID,
PTN_ID ) VALUES ( 
89, 167, 129, '100', 'N', 1, 1); 
INSERT INTO PROPERTY_INST ( PRI_ID, PIG_ID, PRD_ID, PRI_VALUE, PRI_DELETE_FL, PRI_VERSION_ID,
PTN_ID ) VALUES ( 
90, 167, 237, NULL, 'N', 1, 1); 
INSERT INTO PROPERTY_INST ( PRI_ID, PIG_ID, PRD_ID, PRI_VALUE, PRI_DELETE_FL, PRI_VERSION_ID,
PTN_ID ) VALUES ( 
91, 167, 238, 'Y', 'N', 1, 1); 
INSERT INTO PROPERTY_INST ( PRI_ID, PIG_ID, PRD_ID, PRI_VALUE, PRI_DELETE_FL, PRI_VERSION_ID,
PTN_ID ) VALUES ( 
92, 168, 133, NULL, 'N', 1, 1); 
INSERT INTO PROPERTY_INST ( PRI_ID, PIG_ID, PRD_ID, PRI_VALUE, PRI_DELETE_FL, PRI_VERSION_ID,
PTN_ID ) VALUES ( 
93, 168, 134, NULL, 'N', 1, 1); 
INSERT INTO PROPERTY_INST ( PRI_ID, PIG_ID, PRD_ID, PRI_VALUE, PRI_DELETE_FL, PRI_VERSION_ID,
PTN_ID ) VALUES ( 
94, 168, 135, NULL, 'N', 1, 1); 
INSERT INTO PROPERTY_INST ( PRI_ID, PIG_ID, PRD_ID, PRI_VALUE, PRI_DELETE_FL, PRI_VERSION_ID,
PTN_ID ) VALUES ( 
95, 168, 136, '808080', 'N', 1, 1); 
INSERT INTO PROPERTY_INST ( PRI_ID, PIG_ID, PRD_ID, PRI_VALUE, PRI_DELETE_FL, PRI_VERSION_ID,
PTN_ID ) VALUES ( 
96, 168, 137, '1', 'N', 1, 1); 
INSERT INTO PROPERTY_INST ( PRI_ID, PIG_ID, PRD_ID, PRI_VALUE, PRI_DELETE_FL, PRI_VERSION_ID,
PTN_ID ) VALUES ( 
97, 168, 138, 'N', 'N', 1, 1); 
INSERT INTO PROPERTY_INST ( PRI_ID, PIG_ID, PRD_ID, PRI_VALUE, PRI_DELETE_FL, PRI_VERSION_ID,
PTN_ID ) VALUES ( 
98, 169, 133, NULL, 'N', 1, 1); 
INSERT INTO PROPERTY_INST ( PRI_ID, PIG_ID, PRD_ID, PRI_VALUE, PRI_DELETE_FL, PRI_VERSION_ID,
PTN_ID ) VALUES ( 
99, 169, 134, NULL, 'N', 1, 1); 
INSERT INTO PROPERTY_INST ( PRI_ID, PIG_ID, PRD_ID, PRI_VALUE, PRI_DELETE_FL, PRI_VERSION_ID,
PTN_ID ) VALUES ( 
100, 169, 135, NULL, 'N', 1, 1); 
INSERT INTO PROPERTY_INST ( PRI_ID, PIG_ID, PRD_ID, PRI_VALUE, PRI_DELETE_FL, PRI_VERSION_ID,
PTN_ID ) VALUES ( 
101, 169, 136, '808080', 'N', 1, 1); 
INSERT INTO PROPERTY_INST ( PRI_ID, PIG_ID, PRD_ID, PRI_VALUE, PRI_DELETE_FL, PRI_VERSION_ID,
PTN_ID ) VALUES ( 
102, 169, 137, '1', 'N', 1, 1); 
INSERT INTO PROPERTY_INST ( PRI_ID, PIG_ID, PRD_ID, PRI_VALUE, PRI_DELETE_FL, PRI_VERSION_ID,
PTN_ID ) VALUES ( 
103, 169, 138, 'N', 'N', 1, 1); 
INSERT INTO PROPERTY_INST ( PRI_ID, PIG_ID, PRD_ID, PRI_VALUE, PRI_DELETE_FL, PRI_VERSION_ID,
PTN_ID ) VALUES ( 
104, 170, 109, '1', 'N', 1, 1); 
INSERT INTO PROPERTY_INST ( PRI_ID, PIG_ID, PRD_ID, PRI_VALUE, PRI_DELETE_FL, PRI_VERSION_ID,
PTN_ID ) VALUES ( 
105, 170, 110, 'Y', 'N', 1, 1); 
INSERT INTO PROPERTY_INST ( PRI_ID, PIG_ID, PRD_ID, PRI_VALUE, PRI_DELETE_FL, PRI_VERSION_ID,
PTN_ID ) VALUES ( 
106, 170, 111, 'Y', 'N', 1, 1); 
INSERT INTO PROPERTY_INST ( PRI_ID, PIG_ID, PRD_ID, PRI_VALUE, PRI_DELETE_FL, PRI_VERSION_ID,
PTN_ID ) VALUES ( 
107, 170, 112, NULL, 'N', 1, 1); 
INSERT INTO PROPERTY_INST ( PRI_ID, PIG_ID, PRD_ID, PRI_VALUE, PRI_DELETE_FL, PRI_VERSION_ID,
PTN_ID ) VALUES ( 
108, 170, 113, NULL, 'N', 1, 1); 
INSERT INTO PROPERTY_INST ( PRI_ID, PIG_ID, PRD_ID, PRI_VALUE, PRI_DELETE_FL, PRI_VERSION_ID,
PTN_ID ) VALUES ( 
109, 170, 114, NULL, 'N', 1, 1); 
INSERT INTO PROPERTY_INST ( PRI_ID, PIG_ID, PRD_ID, PRI_VALUE, PRI_DELETE_FL, PRI_VERSION_ID,
PTN_ID ) VALUES ( 
110, 170, 115, NULL, 'N', 1, 1); 
INSERT INTO PROPERTY_INST ( PRI_ID, PIG_ID, PRD_ID, PRI_VALUE, PRI_DELETE_FL, PRI_VERSION_ID,
PTN_ID ) VALUES ( 
111, 170, 116, 'C0C0C0', 'N', 1, 1); 
INSERT INTO PROPERTY_INST ( PRI_ID, PIG_ID, PRD_ID, PRI_VALUE, PRI_DELETE_FL, PRI_VERSION_ID,
PTN_ID ) VALUES ( 
112, 170, 117, '0', 'N', 1, 1); 
INSERT INTO PROPERTY_INST ( PRI_ID, PIG_ID, PRD_ID, PRI_VALUE, PRI_DELETE_FL, PRI_VERSION_ID,
PTN_ID ) VALUES ( 
113, 170, 118, 'Y', 'N', 1, 1); 
INSERT INTO PROPERTY_INST ( PRI_ID, PIG_ID, PRD_ID, PRI_VALUE, PRI_DELETE_FL, PRI_VERSION_ID,
PTN_ID ) VALUES ( 
114, 170, 233, 'WRAP', 'N', 1, 1); 
INSERT INTO PROPERTY_INST ( PRI_ID, PIG_ID, PRD_ID, PRI_VALUE, PRI_DELETE_FL, PRI_VERSION_ID,
PTN_ID ) VALUES ( 
115, 170, 234, '25', 'N', 1, 1); 
INSERT INTO PROPERTY_INST ( PRI_ID, PIG_ID, PRD_ID, PRI_VALUE, PRI_DELETE_FL, PRI_VERSION_ID,
PTN_ID ) VALUES ( 
116, 170, 235, '0', 'N', 1, 1); 
INSERT INTO PROPERTY_INST ( PRI_ID, PIG_ID, PRD_ID, PRI_VALUE, PRI_DELETE_FL, PRI_VERSION_ID,
PTN_ID ) VALUES ( 
117, 170, 236, NULL, 'N', 1, 1); 
INSERT INTO PROPERTY_INST ( PRI_ID, PIG_ID, PRD_ID, PRI_VALUE, PRI_DELETE_FL, PRI_VERSION_ID,
PTN_ID ) VALUES ( 
118, 171, 119, 'Tahoma', 'N', 1, 1); 
INSERT INTO PROPERTY_INST ( PRI_ID, PIG_ID, PRD_ID, PRI_VALUE, PRI_DELETE_FL, PRI_VERSION_ID,
PTN_ID ) VALUES ( 
119, 171, 120, NULL, 'N', 1, 1); 
INSERT INTO PROPERTY_INST ( PRI_ID, PIG_ID, PRD_ID, PRI_VALUE, PRI_DELETE_FL, PRI_VERSION_ID,
PTN_ID ) VALUES ( 
120, 171, 121, '000000', 'N', 1, 1); 
INSERT INTO PROPERTY_INST ( PRI_ID, PIG_ID, PRD_ID, PRI_VALUE, PRI_DELETE_FL, PRI_VERSION_ID,
PTN_ID ) VALUES ( 
121, 171, 122, 'Y', 'N', 1, 1); 
INSERT INTO PROPERTY_INST ( PRI_ID, PIG_ID, PRD_ID, PRI_VALUE, PRI_DELETE_FL, PRI_VERSION_ID,
PTN_ID ) VALUES ( 
122, 171, 123, 'C0C0C0', 'N', 1, 1); 
INSERT INTO PROPERTY_INST ( PRI_ID, PIG_ID, PRD_ID, PRI_VALUE, PRI_DELETE_FL, PRI_VERSION_ID,
PTN_ID ) VALUES ( 
123, 171, 124, NULL, 'N', 1, 1); 
INSERT INTO PROPERTY_INST ( PRI_ID, PIG_ID, PRD_ID, PRI_VALUE, PRI_DELETE_FL, PRI_VERSION_ID,
PTN_ID ) VALUES ( 
124, 171, 125, 'Y', 'N', 1, 1); 
INSERT INTO PROPERTY_INST ( PRI_ID, PIG_ID, PRD_ID, PRI_VALUE, PRI_DELETE_FL, PRI_VERSION_ID,
PTN_ID ) VALUES ( 
125, 171, 126, 'Y', 'N', 1, 1); 
INSERT INTO PROPERTY_INST ( PRI_ID, PIG_ID, PRD_ID, PRI_VALUE, PRI_DELETE_FL, PRI_VERSION_ID,
PTN_ID ) VALUES ( 
126, 171, 127, 'FFFFFF', 'N', 1, 1); 
INSERT INTO PROPERTY_INST ( PRI_ID, PIG_ID, PRD_ID, PRI_VALUE, PRI_DELETE_FL, PRI_VERSION_ID,
PTN_ID ) VALUES ( 
127, 172, 128, 'N', 'N', 1, 1); 
INSERT INTO PROPERTY_INST ( PRI_ID, PIG_ID, PRD_ID, PRI_VALUE, PRI_DELETE_FL, PRI_VERSION_ID,
PTN_ID ) VALUES ( 
128, 172, 129, '100', 'N', 1, 1); 
INSERT INTO PROPERTY_INST ( PRI_ID, PIG_ID, PRD_ID, PRI_VALUE, PRI_DELETE_FL, PRI_VERSION_ID,
PTN_ID ) VALUES ( 
129, 172, 237, NULL, 'N', 1, 1); 
INSERT INTO PROPERTY_INST ( PRI_ID, PIG_ID, PRD_ID, PRI_VALUE, PRI_DELETE_FL, PRI_VERSION_ID,
PTN_ID ) VALUES ( 
130, 172, 238, 'Y', 'N', 1, 1); 
INSERT INTO PROPERTY_INST ( PRI_ID, PIG_ID, PRD_ID, PRI_VALUE, PRI_DELETE_FL, PRI_VERSION_ID,
PTN_ID ) VALUES ( 
131, 173, 133, NULL, 'N', 1, 1); 
INSERT INTO PROPERTY_INST ( PRI_ID, PIG_ID, PRD_ID, PRI_VALUE, PRI_DELETE_FL, PRI_VERSION_ID,
PTN_ID ) VALUES ( 
132, 173, 134, NULL, 'N', 1, 1); 
INSERT INTO PROPERTY_INST ( PRI_ID, PIG_ID, PRD_ID, PRI_VALUE, PRI_DELETE_FL, PRI_VERSION_ID,
PTN_ID ) VALUES ( 
133, 173, 135, NULL, 'N', 1, 1); 
INSERT INTO PROPERTY_INST ( PRI_ID, PIG_ID, PRD_ID, PRI_VALUE, PRI_DELETE_FL, PRI_VERSION_ID,
PTN_ID ) VALUES ( 
134, 173, 136, '808080', 'N', 1, 1); 
INSERT INTO PROPERTY_INST ( PRI_ID, PIG_ID, PRD_ID, PRI_VALUE, PRI_DELETE_FL, PRI_VERSION_ID,
PTN_ID ) VALUES ( 
135, 173, 137, '1', 'N', 1, 1); 
INSERT INTO PROPERTY_INST ( PRI_ID, PIG_ID, PRD_ID, PRI_VALUE, PRI_DELETE_FL, PRI_VERSION_ID,
PTN_ID ) VALUES ( 
136, 173, 138, 'N', 'N', 1, 1); 
INSERT INTO PROPERTY_INST ( PRI_ID, PIG_ID, PRD_ID, PRI_VALUE, PRI_DELETE_FL, PRI_VERSION_ID,
PTN_ID ) VALUES ( 
137, 174, 133, NULL, 'N', 1, 1); 
INSERT INTO PROPERTY_INST ( PRI_ID, PIG_ID, PRD_ID, PRI_VALUE, PRI_DELETE_FL, PRI_VERSION_ID,
PTN_ID ) VALUES ( 
138, 174, 134, NULL, 'N', 1, 1); 
INSERT INTO PROPERTY_INST ( PRI_ID, PIG_ID, PRD_ID, PRI_VALUE, PRI_DELETE_FL, PRI_VERSION_ID,
PTN_ID ) VALUES ( 
139, 174, 135, NULL, 'N', 1, 1); 
INSERT INTO PROPERTY_INST ( PRI_ID, PIG_ID, PRD_ID, PRI_VALUE, PRI_DELETE_FL, PRI_VERSION_ID,
PTN_ID ) VALUES ( 
140, 174, 136, '808080', 'N', 1, 1); 
INSERT INTO PROPERTY_INST ( PRI_ID, PIG_ID, PRD_ID, PRI_VALUE, PRI_DELETE_FL, PRI_VERSION_ID,
PTN_ID ) VALUES ( 
141, 174, 137, '1', 'N', 1, 1); 
INSERT INTO PROPERTY_INST ( PRI_ID, PIG_ID, PRD_ID, PRI_VALUE, PRI_DELETE_FL, PRI_VERSION_ID,
PTN_ID ) VALUES ( 
142, 174, 138, 'N', 'N', 1, 1); 
INSERT INTO PROPERTY_INST ( PRI_ID, PIG_ID, PRD_ID, PRI_VALUE, PRI_DELETE_FL, PRI_VERSION_ID,
PTN_ID ) VALUES ( 
143, 175, 130, 'Tahoma', 'N', 1, 1); 
INSERT INTO PROPERTY_INST ( PRI_ID, PIG_ID, PRD_ID, PRI_VALUE, PRI_DELETE_FL, PRI_VERSION_ID,
PTN_ID ) VALUES ( 
144, 175, 131, NULL, 'N', 1, 1); 
INSERT INTO PROPERTY_INST ( PRI_ID, PIG_ID, PRD_ID, PRI_VALUE, PRI_DELETE_FL, PRI_VERSION_ID,
PTN_ID ) VALUES ( 
145, 175, 132, '000000', 'N', 1, 1); 
INSERT INTO PROPERTY_INST ( PRI_ID, PIG_ID, PRD_ID, PRI_VALUE, PRI_DELETE_FL, PRI_VERSION_ID,
PTN_ID ) VALUES ( 
146, 176, 109, '1', 'N', 1, 1); 
INSERT INTO PROPERTY_INST ( PRI_ID, PIG_ID, PRD_ID, PRI_VALUE, PRI_DELETE_FL, PRI_VERSION_ID,
PTN_ID ) VALUES ( 
147, 176, 110, 'Y', 'N', 1, 1); 
INSERT INTO PROPERTY_INST ( PRI_ID, PIG_ID, PRD_ID, PRI_VALUE, PRI_DELETE_FL, PRI_VERSION_ID,
PTN_ID ) VALUES ( 
148, 176, 111, 'Y', 'N', 1, 1); 
INSERT INTO PROPERTY_INST ( PRI_ID, PIG_ID, PRD_ID, PRI_VALUE, PRI_DELETE_FL, PRI_VERSION_ID,
PTN_ID ) VALUES ( 
149, 176, 112, NULL, 'N', 1, 1); 
INSERT INTO PROPERTY_INST ( PRI_ID, PIG_ID, PRD_ID, PRI_VALUE, PRI_DELETE_FL, PRI_VERSION_ID,
PTN_ID ) VALUES ( 
150, 176, 113, NULL, 'N', 1, 1); 
INSERT INTO PROPERTY_INST ( PRI_ID, PIG_ID, PRD_ID, PRI_VALUE, PRI_DELETE_FL, PRI_VERSION_ID,
PTN_ID ) VALUES ( 
151, 176, 114, NULL, 'N', 1, 1); 
INSERT INTO PROPERTY_INST ( PRI_ID, PIG_ID, PRD_ID, PRI_VALUE, PRI_DELETE_FL, PRI_VERSION_ID,
PTN_ID ) VALUES ( 
152, 176, 115, NULL, 'N', 1, 1); 
INSERT INTO PROPERTY_INST ( PRI_ID, PIG_ID, PRD_ID, PRI_VALUE, PRI_DELETE_FL, PRI_VERSION_ID,
PTN_ID ) VALUES ( 
153, 176, 116, 'C0C0C0', 'N', 1, 1); 
INSERT INTO PROPERTY_INST ( PRI_ID, PIG_ID, PRD_ID, PRI_VALUE, PRI_DELETE_FL, PRI_VERSION_ID,
PTN_ID ) VALUES ( 
154, 176, 117, '0', 'N', 1, 1); 
INSERT INTO PROPERTY_INST ( PRI_ID, PIG_ID, PRD_ID, PRI_VALUE, PRI_DELETE_FL, PRI_VERSION_ID,
PTN_ID ) VALUES ( 
155, 176, 118, 'Y', 'N', 1, 1); 
INSERT INTO PROPERTY_INST ( PRI_ID, PIG_ID, PRD_ID, PRI_VALUE, PRI_DELETE_FL, PRI_VERSION_ID,
PTN_ID ) VALUES ( 
156, 176, 239, 'WRAP', 'N', 1, 1); 
INSERT INTO PROPERTY_INST ( PRI_ID, PIG_ID, PRD_ID, PRI_VALUE, PRI_DELETE_FL, PRI_VERSION_ID,
PTN_ID ) VALUES ( 
157, 176, 240, '25', 'N', 1, 1); 
INSERT INTO PROPERTY_INST ( PRI_ID, PIG_ID, PRD_ID, PRI_VALUE, PRI_DELETE_FL, PRI_VERSION_ID,
PTN_ID ) VALUES ( 
158, 176, 241, '0', 'N', 1, 1); 
INSERT INTO PROPERTY_INST ( PRI_ID, PIG_ID, PRD_ID, PRI_VALUE, PRI_DELETE_FL, PRI_VERSION_ID,
PTN_ID ) VALUES ( 
159, 176, 242, NULL, 'N', 1, 1); 
INSERT INTO PROPERTY_INST ( PRI_ID, PIG_ID, PRD_ID, PRI_VALUE, PRI_DELETE_FL, PRI_VERSION_ID,
PTN_ID ) VALUES ( 
160, 177, 119, 'Tahoma', 'N', 1, 1); 
INSERT INTO PROPERTY_INST ( PRI_ID, PIG_ID, PRD_ID, PRI_VALUE, PRI_DELETE_FL, PRI_VERSION_ID,
PTN_ID ) VALUES ( 
161, 177, 120, NULL, 'N', 1, 1); 
INSERT INTO PROPERTY_INST ( PRI_ID, PIG_ID, PRD_ID, PRI_VALUE, PRI_DELETE_FL, PRI_VERSION_ID,
PTN_ID ) VALUES ( 
162, 177, 121, '000000', 'N', 1, 1); 
INSERT INTO PROPERTY_INST ( PRI_ID, PIG_ID, PRD_ID, PRI_VALUE, PRI_DELETE_FL, PRI_VERSION_ID,
PTN_ID ) VALUES ( 
163, 177, 122, 'Y', 'N', 1, 1); 
INSERT INTO PROPERTY_INST ( PRI_ID, PIG_ID, PRD_ID, PRI_VALUE, PRI_DELETE_FL, PRI_VERSION_ID,
PTN_ID ) VALUES ( 
164, 177, 123, 'C0C0C0', 'N', 1, 1); 
INSERT INTO PROPERTY_INST ( PRI_ID, PIG_ID, PRD_ID, PRI_VALUE, PRI_DELETE_FL, PRI_VERSION_ID,
PTN_ID ) VALUES ( 
165, 177, 124, NULL, 'N', 1, 1); 
INSERT INTO PROPERTY_INST ( PRI_ID, PIG_ID, PRD_ID, PRI_VALUE, PRI_DELETE_FL, PRI_VERSION_ID,
PTN_ID ) VALUES ( 
166, 177, 125, 'Y', 'N', 1, 1); 
INSERT INTO PROPERTY_INST ( PRI_ID, PIG_ID, PRD_ID, PRI_VALUE, PRI_DELETE_FL, PRI_VERSION_ID,
PTN_ID ) VALUES ( 
167, 177, 126, 'Y', 'N', 1, 1); 
INSERT INTO PROPERTY_INST ( PRI_ID, PIG_ID, PRD_ID, PRI_VALUE, PRI_DELETE_FL, PRI_VERSION_ID,
PTN_ID ) VALUES ( 
168, 177, 127, 'FFFFFF', 'N', 1, 1); 
INSERT INTO PROPERTY_INST ( PRI_ID, PIG_ID, PRD_ID, PRI_VALUE, PRI_DELETE_FL, PRI_VERSION_ID,
PTN_ID ) VALUES ( 
169, 177, 243, 'Y', 'N', 1, 1); 
INSERT INTO PROPERTY_INST ( PRI_ID, PIG_ID, PRD_ID, PRI_VALUE, PRI_DELETE_FL, PRI_VERSION_ID,
PTN_ID ) VALUES ( 
170, 177, 244, 'Y', 'N', 1, 1); 
INSERT INTO PROPERTY_INST ( PRI_ID, PIG_ID, PRD_ID, PRI_VALUE, PRI_DELETE_FL, PRI_VERSION_ID,
PTN_ID ) VALUES ( 
171, 178, 128, 'N', 'N', 1, 1); 
INSERT INTO PROPERTY_INST ( PRI_ID, PIG_ID, PRD_ID, PRI_VALUE, PRI_DELETE_FL, PRI_VERSION_ID,
PTN_ID ) VALUES ( 
172, 178, 129, '100', 'N', 1, 1); 
INSERT INTO PROPERTY_INST ( PRI_ID, PIG_ID, PRD_ID, PRI_VALUE, PRI_DELETE_FL, PRI_VERSION_ID,
PTN_ID ) VALUES ( 
173, 178, 245, NULL, 'N', 1, 1); 
INSERT INTO PROPERTY_INST ( PRI_ID, PIG_ID, PRD_ID, PRI_VALUE, PRI_DELETE_FL, PRI_VERSION_ID,
PTN_ID ) VALUES ( 
174, 179, 133, NULL, 'N', 1, 1); 
INSERT INTO PROPERTY_INST ( PRI_ID, PIG_ID, PRD_ID, PRI_VALUE, PRI_DELETE_FL, PRI_VERSION_ID,
PTN_ID ) VALUES ( 
175, 179, 134, NULL, 'N', 1, 1); 
INSERT INTO PROPERTY_INST ( PRI_ID, PIG_ID, PRD_ID, PRI_VALUE, PRI_DELETE_FL, PRI_VERSION_ID,
PTN_ID ) VALUES ( 
176, 179, 135, NULL, 'N', 1, 1); 
INSERT INTO PROPERTY_INST ( PRI_ID, PIG_ID, PRD_ID, PRI_VALUE, PRI_DELETE_FL, PRI_VERSION_ID,
PTN_ID ) VALUES ( 
177, 179, 136, '808080', 'N', 1, 1); 
INSERT INTO PROPERTY_INST ( PRI_ID, PIG_ID, PRD_ID, PRI_VALUE, PRI_DELETE_FL, PRI_VERSION_ID,
PTN_ID ) VALUES ( 
178, 179, 137, '1', 'N', 1, 1); 
INSERT INTO PROPERTY_INST ( PRI_ID, PIG_ID, PRD_ID, PRI_VALUE, PRI_DELETE_FL, PRI_VERSION_ID,
PTN_ID ) VALUES ( 
179, 179, 138, 'N', 'N', 1, 1); 
INSERT INTO PROPERTY_INST ( PRI_ID, PIG_ID, PRD_ID, PRI_VALUE, PRI_DELETE_FL, PRI_VERSION_ID,
PTN_ID ) VALUES ( 
180, 180, 133, NULL, 'N', 1, 1); 
INSERT INTO PROPERTY_INST ( PRI_ID, PIG_ID, PRD_ID, PRI_VALUE, PRI_DELETE_FL, PRI_VERSION_ID,
PTN_ID ) VALUES ( 
181, 180, 134, NULL, 'N', 1, 1); 
INSERT INTO PROPERTY_INST ( PRI_ID, PIG_ID, PRD_ID, PRI_VALUE, PRI_DELETE_FL, PRI_VERSION_ID,
PTN_ID ) VALUES ( 
182, 180, 135, NULL, 'N', 1, 1); 
INSERT INTO PROPERTY_INST ( PRI_ID, PIG_ID, PRD_ID, PRI_VALUE, PRI_DELETE_FL, PRI_VERSION_ID,
PTN_ID ) VALUES ( 
183, 180, 136, '808080', 'N', 1, 1); 
INSERT INTO PROPERTY_INST ( PRI_ID, PIG_ID, PRD_ID, PRI_VALUE, PRI_DELETE_FL, PRI_VERSION_ID,
PTN_ID ) VALUES ( 
184, 180, 137, '1', 'N', 1, 1); 
INSERT INTO PROPERTY_INST ( PRI_ID, PIG_ID, PRD_ID, PRI_VALUE, PRI_DELETE_FL, PRI_VERSION_ID,
PTN_ID ) VALUES ( 
185, 180, 138, 'N', 'N', 1, 1); 
INSERT INTO PROPERTY_INST ( PRI_ID, PIG_ID, PRD_ID, PRI_VALUE, PRI_DELETE_FL, PRI_VERSION_ID,
PTN_ID ) VALUES ( 
186, 103, 285, '0', 'N', 1, 1); 
INSERT INTO PROPERTY_INST ( PRI_ID, PIG_ID, PRD_ID, PRI_VALUE, PRI_DELETE_FL, PRI_VERSION_ID,
PTN_ID ) VALUES ( 
187, 103, 286, '$', 'N', 1, 1); 
INSERT INTO PROPERTY_INST ( PRI_ID, PIG_ID, PRD_ID, PRI_VALUE, PRI_DELETE_FL, PRI_VERSION_ID,
PTN_ID ) VALUES ( 
188, 103, 287, '0', 'N', 1, 1); 
INSERT INTO PROPERTY_INST ( PRI_ID, PIG_ID, PRD_ID, PRI_VALUE, PRI_DELETE_FL, PRI_VERSION_ID,
PTN_ID ) VALUES ( 
189, 104, 285, '0', 'N', 1, 1); 
INSERT INTO PROPERTY_INST ( PRI_ID, PIG_ID, PRD_ID, PRI_VALUE, PRI_DELETE_FL, PRI_VERSION_ID,
PTN_ID ) VALUES ( 
190, 104, 286, '#', 'N', 1, 1); 
INSERT INTO PROPERTY_INST ( PRI_ID, PIG_ID, PRD_ID, PRI_VALUE, PRI_DELETE_FL, PRI_VERSION_ID,
PTN_ID ) VALUES ( 
191, 104, 287, '0', 'N', 1, 1); 
INSERT INTO PROPERTY_INST ( PRI_ID, PIG_ID, PRD_ID, PRI_VALUE, PRI_DELETE_FL, PRI_VERSION_ID,
PTN_ID ) VALUES ( 
192, 105, 285, '0', 'N', 1, 1); 
INSERT INTO PROPERTY_INST ( PRI_ID, PIG_ID, PRD_ID, PRI_VALUE, PRI_DELETE_FL, PRI_VERSION_ID,
PTN_ID ) VALUES ( 
193, 105, 286, '$', 'N', 1, 1); 
INSERT INTO PROPERTY_INST ( PRI_ID, PIG_ID, PRD_ID, PRI_VALUE, PRI_DELETE_FL, PRI_VERSION_ID,
PTN_ID ) VALUES ( 
194, 105, 287, '3', 'N', 1, 1); 
INSERT INTO PROPERTY_INST ( PRI_ID, PIG_ID, PRD_ID, PRI_VALUE, PRI_DELETE_FL, PRI_VERSION_ID,
PTN_ID ) VALUES ( 
195, 106, 285, '0', 'N', 1, 1); 
INSERT INTO PROPERTY_INST ( PRI_ID, PIG_ID, PRD_ID, PRI_VALUE, PRI_DELETE_FL, PRI_VERSION_ID,
PTN_ID ) VALUES ( 
196, 106, 286, '$', 'N', 1, 1); 
INSERT INTO PROPERTY_INST ( PRI_ID, PIG_ID, PRD_ID, PRI_VALUE, PRI_DELETE_FL, PRI_VERSION_ID,
PTN_ID ) VALUES ( 
197, 106, 287, '0', 'N', 1, 1); 
INSERT INTO PROPERTY_INST ( PRI_ID, PIG_ID, PRD_ID, PRI_VALUE, PRI_DELETE_FL, PRI_VERSION_ID,
PTN_ID ) VALUES ( 
198, 107, 285, '0', 'N', 1, 1); 
INSERT INTO PROPERTY_INST ( PRI_ID, PIG_ID, PRD_ID, PRI_VALUE, PRI_DELETE_FL, PRI_VERSION_ID,
PTN_ID ) VALUES ( 
199, 107, 286, '$', 'N', 1, 1); 
INSERT INTO PROPERTY_INST ( PRI_ID, PIG_ID, PRD_ID, PRI_VALUE, PRI_DELETE_FL, PRI_VERSION_ID,
PTN_ID ) VALUES ( 
200, 107, 287, '0', 'N', 1, 1); 
INSERT INTO PROPERTY_INST ( PRI_ID, PIG_ID, PRD_ID, PRI_VALUE, PRI_DELETE_FL, PRI_VERSION_ID,
PTN_ID ) VALUES ( 
201, 181, 130, 'Tahoma', 'N', 1, 1); 
INSERT INTO PROPERTY_INST ( PRI_ID, PIG_ID, PRD_ID, PRI_VALUE, PRI_DELETE_FL, PRI_VERSION_ID,
PTN_ID ) VALUES ( 
202, 181, 131, NULL, 'N', 1, 1); 
INSERT INTO PROPERTY_INST ( PRI_ID, PIG_ID, PRD_ID, PRI_VALUE, PRI_DELETE_FL, PRI_VERSION_ID,
PTN_ID ) VALUES ( 
203, 181, 132, '000000', 'N', 1, 1); 
INSERT INTO PROPERTY_INST ( PRI_ID, PIG_ID, PRD_ID, PRI_VALUE, PRI_DELETE_FL, PRI_VERSION_ID,
PTN_ID ) VALUES ( 
204, 182, 109, 'Tahoma', 'N', 1, 1); 
INSERT INTO PROPERTY_INST ( PRI_ID, PIG_ID, PRD_ID, PRI_VALUE, PRI_DELETE_FL, PRI_VERSION_ID,
PTN_ID ) VALUES ( 
205, 182, 110, 'Y', 'N', 1, 1); 
INSERT INTO PROPERTY_INST ( PRI_ID, PIG_ID, PRD_ID, PRI_VALUE, PRI_DELETE_FL, PRI_VERSION_ID,
PTN_ID ) VALUES ( 
206, 182, 111, 'Y', 'N', 1, 1); 
INSERT INTO PROPERTY_INST ( PRI_ID, PIG_ID, PRD_ID, PRI_VALUE, PRI_DELETE_FL, PRI_VERSION_ID,
PTN_ID ) VALUES ( 
207, 182, 112, NULL, 'N', 1, 1); 
INSERT INTO PROPERTY_INST ( PRI_ID, PIG_ID, PRD_ID, PRI_VALUE, PRI_DELETE_FL, PRI_VERSION_ID,
PTN_ID ) VALUES ( 
208, 182, 113, NULL, 'N', 1, 1); 
INSERT INTO PROPERTY_INST ( PRI_ID, PIG_ID, PRD_ID, PRI_VALUE, PRI_DELETE_FL, PRI_VERSION_ID,
PTN_ID ) VALUES ( 
209, 182, 114, NULL, 'N', 1, 1); 
INSERT INTO PROPERTY_INST ( PRI_ID, PIG_ID, PRD_ID, PRI_VALUE, PRI_DELETE_FL, PRI_VERSION_ID,
PTN_ID ) VALUES ( 
210, 182, 115, NULL, 'N', 1, 1); 
INSERT INTO PROPERTY_INST ( PRI_ID, PIG_ID, PRD_ID, PRI_VALUE, PRI_DELETE_FL, PRI_VERSION_ID,
PTN_ID ) VALUES ( 
211, 182, 116, 'C0C0C0', 'N', 1, 1); 
INSERT INTO PROPERTY_INST ( PRI_ID, PIG_ID, PRD_ID, PRI_VALUE, PRI_DELETE_FL, PRI_VERSION_ID,
PTN_ID ) VALUES ( 
212, 182, 117, '0', 'N', 1, 1); 
INSERT INTO PROPERTY_INST ( PRI_ID, PIG_ID, PRD_ID, PRI_VALUE, PRI_DELETE_FL, PRI_VERSION_ID,
PTN_ID ) VALUES ( 
213, 182, 118, 'Y', 'N', 1, 1); 
INSERT INTO PROPERTY_INST ( PRI_ID, PIG_ID, PRD_ID, PRI_VALUE, PRI_DELETE_FL, PRI_VERSION_ID,
PTN_ID ) VALUES ( 
214, 182, 169, 'WRAP', 'N', 1, 1); 
INSERT INTO PROPERTY_INST ( PRI_ID, PIG_ID, PRD_ID, PRI_VALUE, PRI_DELETE_FL, PRI_VERSION_ID,
PTN_ID ) VALUES ( 
215, 182, 170, '25', 'N', 1, 1); 
INSERT INTO PROPERTY_INST ( PRI_ID, PIG_ID, PRD_ID, PRI_VALUE, PRI_DELETE_FL, PRI_VERSION_ID,
PTN_ID ) VALUES ( 
216, 182, 171, '0', 'N', 1, 1); 
INSERT INTO PROPERTY_INST ( PRI_ID, PIG_ID, PRD_ID, PRI_VALUE, PRI_DELETE_FL, PRI_VERSION_ID,
PTN_ID ) VALUES ( 
217, 182, 172, NULL, 'N', 1, 1); 
INSERT INTO PROPERTY_INST ( PRI_ID, PIG_ID, PRD_ID, PRI_VALUE, PRI_DELETE_FL, PRI_VERSION_ID,
PTN_ID ) VALUES ( 
218, 183, 119, 'Tahoma', 'N', 1, 1); 
INSERT INTO PROPERTY_INST ( PRI_ID, PIG_ID, PRD_ID, PRI_VALUE, PRI_DELETE_FL, PRI_VERSION_ID,
PTN_ID ) VALUES ( 
219, 183, 120, NULL, 'N', 1, 1); 
INSERT INTO PROPERTY_INST ( PRI_ID, PIG_ID, PRD_ID, PRI_VALUE, PRI_DELETE_FL, PRI_VERSION_ID,
PTN_ID ) VALUES ( 
220, 183, 121, '000000', 'N', 1, 1); 
INSERT INTO PROPERTY_INST ( PRI_ID, PIG_ID, PRD_ID, PRI_VALUE, PRI_DELETE_FL, PRI_VERSION_ID,
PTN_ID ) VALUES ( 
221, 183, 122, 'Y', 'N', 1, 1); 
INSERT INTO PROPERTY_INST ( PRI_ID, PIG_ID, PRD_ID, PRI_VALUE, PRI_DELETE_FL, PRI_VERSION_ID,
PTN_ID ) VALUES ( 
222, 183, 123, 'C0C0C0', 'N', 1, 1); 
INSERT INTO PROPERTY_INST ( PRI_ID, PIG_ID, PRD_ID, PRI_VALUE, PRI_DELETE_FL, PRI_VERSION_ID,
PTN_ID ) VALUES ( 
223, 183, 124, NULL, 'N', 1, 1); 
INSERT INTO PROPERTY_INST ( PRI_ID, PIG_ID, PRD_ID, PRI_VALUE, PRI_DELETE_FL, PRI_VERSION_ID,
PTN_ID ) VALUES ( 
224, 183, 125, 'Y', 'N', 1, 1); 
INSERT INTO PROPERTY_INST ( PRI_ID, PIG_ID, PRD_ID, PRI_VALUE, PRI_DELETE_FL, PRI_VERSION_ID,
PTN_ID ) VALUES ( 
225, 183, 126, 'Y', 'N', 1, 1); 
INSERT INTO PROPERTY_INST ( PRI_ID, PIG_ID, PRD_ID, PRI_VALUE, PRI_DELETE_FL, PRI_VERSION_ID,
PTN_ID ) VALUES ( 
226, 183, 127, 'FFFFFF', 'N', 1, 1); 
INSERT INTO PROPERTY_INST ( PRI_ID, PIG_ID, PRD_ID, PRI_VALUE, PRI_DELETE_FL, PRI_VERSION_ID,
PTN_ID ) VALUES ( 
227, 183, 173, 'Y', 'N', 1, 1); 
INSERT INTO PROPERTY_INST ( PRI_ID, PIG_ID, PRD_ID, PRI_VALUE, PRI_DELETE_FL, PRI_VERSION_ID,
PTN_ID ) VALUES ( 
228, 183, 174, 'Y', 'N', 1, 1); 
INSERT INTO PROPERTY_INST ( PRI_ID, PIG_ID, PRD_ID, PRI_VALUE, PRI_DELETE_FL, PRI_VERSION_ID,
PTN_ID ) VALUES ( 
229, 184, 128, 'N', 'N', 1, 1); 
INSERT INTO PROPERTY_INST ( PRI_ID, PIG_ID, PRD_ID, PRI_VALUE, PRI_DELETE_FL, PRI_VERSION_ID,
PTN_ID ) VALUES ( 
230, 184, 129, '100', 'N', 1, 1); 
INSERT INTO PROPERTY_INST ( PRI_ID, PIG_ID, PRD_ID, PRI_VALUE, PRI_DELETE_FL, PRI_VERSION_ID,
PTN_ID ) VALUES ( 
231, 184, 175, NULL, 'N', 1, 1); 
INSERT INTO PROPERTY_INST ( PRI_ID, PIG_ID, PRD_ID, PRI_VALUE, PRI_DELETE_FL, PRI_VERSION_ID,
PTN_ID ) VALUES ( 
232, 185, 133, NULL, 'N', 1, 1); 
INSERT INTO PROPERTY_INST ( PRI_ID, PIG_ID, PRD_ID, PRI_VALUE, PRI_DELETE_FL, PRI_VERSION_ID,
PTN_ID ) VALUES ( 
233, 185, 134, NULL, 'N', 1, 1); 
INSERT INTO PROPERTY_INST ( PRI_ID, PIG_ID, PRD_ID, PRI_VALUE, PRI_DELETE_FL, PRI_VERSION_ID,
PTN_ID ) VALUES ( 
234, 185, 135, NULL, 'N', 1, 1); 
INSERT INTO PROPERTY_INST ( PRI_ID, PIG_ID, PRD_ID, PRI_VALUE, PRI_DELETE_FL, PRI_VERSION_ID,
PTN_ID ) VALUES ( 
235, 185, 136, '808080', 'N', 1, 1); 
INSERT INTO PROPERTY_INST ( PRI_ID, PIG_ID, PRD_ID, PRI_VALUE, PRI_DELETE_FL, PRI_VERSION_ID,
PTN_ID ) VALUES ( 
236, 185, 137, '1', 'N', 1, 1); 
INSERT INTO PROPERTY_INST ( PRI_ID, PIG_ID, PRD_ID, PRI_VALUE, PRI_DELETE_FL, PRI_VERSION_ID,
PTN_ID ) VALUES ( 
237, 185, 138, 'N', 'N', 1, 1); 
INSERT INTO PROPERTY_INST ( PRI_ID, PIG_ID, PRD_ID, PRI_VALUE, PRI_DELETE_FL, PRI_VERSION_ID,
PTN_ID ) VALUES ( 
238, 186, 133, NULL, 'N', 1, 1); 
INSERT INTO PROPERTY_INST ( PRI_ID, PIG_ID, PRD_ID, PRI_VALUE, PRI_DELETE_FL, PRI_VERSION_ID,
PTN_ID ) VALUES ( 
239, 186, 134, NULL, 'N', 1, 1); 
INSERT INTO PROPERTY_INST ( PRI_ID, PIG_ID, PRD_ID, PRI_VALUE, PRI_DELETE_FL, PRI_VERSION_ID,
PTN_ID ) VALUES ( 
240, 186, 135, NULL, 'N', 1, 1); 
INSERT INTO PROPERTY_INST ( PRI_ID, PIG_ID, PRD_ID, PRI_VALUE, PRI_DELETE_FL, PRI_VERSION_ID,
PTN_ID ) VALUES ( 
241, 186, 136, '808080', 'N', 1, 1); 
INSERT INTO PROPERTY_INST ( PRI_ID, PIG_ID, PRD_ID, PRI_VALUE, PRI_DELETE_FL, PRI_VERSION_ID,
PTN_ID ) VALUES ( 
242, 186, 137, '1', 'N', 1, 1); 
INSERT INTO PROPERTY_INST ( PRI_ID, PIG_ID, PRD_ID, PRI_VALUE, PRI_DELETE_FL, PRI_VERSION_ID,
PTN_ID ) VALUES ( 
243, 186, 138, 'N', 'N', 1, 1); 
INSERT INTO PROPERTY_INST ( PRI_ID, PIG_ID, PRD_ID, PRI_VALUE, PRI_DELETE_FL, PRI_VERSION_ID,
PTN_ID ) VALUES ( 
244, 187, 109, '1', 'N', 1, 1); 
INSERT INTO PROPERTY_INST ( PRI_ID, PIG_ID, PRD_ID, PRI_VALUE, PRI_DELETE_FL, PRI_VERSION_ID,
PTN_ID ) VALUES ( 
245, 187, 110, 'Y', 'N', 1, 1); 
INSERT INTO PROPERTY_INST ( PRI_ID, PIG_ID, PRD_ID, PRI_VALUE, PRI_DELETE_FL, PRI_VERSION_ID,
PTN_ID ) VALUES ( 
246, 187, 111, 'Y', 'N', 1, 1); 
INSERT INTO PROPERTY_INST ( PRI_ID, PIG_ID, PRD_ID, PRI_VALUE, PRI_DELETE_FL, PRI_VERSION_ID,
PTN_ID ) VALUES ( 
247, 187, 112, NULL, 'N', 1, 1); 
INSERT INTO PROPERTY_INST ( PRI_ID, PIG_ID, PRD_ID, PRI_VALUE, PRI_DELETE_FL, PRI_VERSION_ID,
PTN_ID ) VALUES ( 
248, 187, 113, NULL, 'N', 1, 1); 
INSERT INTO PROPERTY_INST ( PRI_ID, PIG_ID, PRD_ID, PRI_VALUE, PRI_DELETE_FL, PRI_VERSION_ID,
PTN_ID ) VALUES ( 
249, 187, 114, NULL, 'N', 1, 1); 
INSERT INTO PROPERTY_INST ( PRI_ID, PIG_ID, PRD_ID, PRI_VALUE, PRI_DELETE_FL, PRI_VERSION_ID,
PTN_ID ) VALUES ( 
250, 187, 115, NULL, 'N', 1, 1); 
INSERT INTO PROPERTY_INST ( PRI_ID, PIG_ID, PRD_ID, PRI_VALUE, PRI_DELETE_FL, PRI_VERSION_ID,
PTN_ID ) VALUES ( 
251, 187, 116, 'C0C0C0', 'N', 1, 1); 
INSERT INTO PROPERTY_INST ( PRI_ID, PIG_ID, PRD_ID, PRI_VALUE, PRI_DELETE_FL, PRI_VERSION_ID,
PTN_ID ) VALUES ( 
252, 187, 117, '0', 'N', 1, 1); 
INSERT INTO PROPERTY_INST ( PRI_ID, PIG_ID, PRD_ID, PRI_VALUE, PRI_DELETE_FL, PRI_VERSION_ID,
PTN_ID ) VALUES ( 
253, 187, 118, 'Y', 'N', 1, 1); 
INSERT INTO PROPERTY_INST ( PRI_ID, PIG_ID, PRD_ID, PRI_VALUE, PRI_DELETE_FL, PRI_VERSION_ID,
PTN_ID ) VALUES ( 
254, 187, 163, 'WRAP', 'N', 1, 1); 
INSERT INTO PROPERTY_INST ( PRI_ID, PIG_ID, PRD_ID, PRI_VALUE, PRI_DELETE_FL, PRI_VERSION_ID,
PTN_ID ) VALUES ( 
255, 187, 164, '25', 'N', 1, 1); 
INSERT INTO PROPERTY_INST ( PRI_ID, PIG_ID, PRD_ID, PRI_VALUE, PRI_DELETE_FL, PRI_VERSION_ID,
PTN_ID ) VALUES ( 
256, 187, 165, '0', 'N', 1, 1); 
INSERT INTO PROPERTY_INST ( PRI_ID, PIG_ID, PRD_ID, PRI_VALUE, PRI_DELETE_FL, PRI_VERSION_ID,
PTN_ID ) VALUES ( 
257, 187, 166, NULL, 'N', 1, 1); 
INSERT INTO PROPERTY_INST ( PRI_ID, PIG_ID, PRD_ID, PRI_VALUE, PRI_DELETE_FL, PRI_VERSION_ID,
PTN_ID ) VALUES ( 
258, 188, 119, 'Tahoma', 'N', 1, 1); 
INSERT INTO PROPERTY_INST ( PRI_ID, PIG_ID, PRD_ID, PRI_VALUE, PRI_DELETE_FL, PRI_VERSION_ID,
PTN_ID ) VALUES ( 
259, 188, 120, NULL, 'N', 1, 1); 
INSERT INTO PROPERTY_INST ( PRI_ID, PIG_ID, PRD_ID, PRI_VALUE, PRI_DELETE_FL, PRI_VERSION_ID,
PTN_ID ) VALUES ( 
260, 188, 121, '000000', 'N', 1, 1); 
INSERT INTO PROPERTY_INST ( PRI_ID, PIG_ID, PRD_ID, PRI_VALUE, PRI_DELETE_FL, PRI_VERSION_ID,
PTN_ID ) VALUES ( 
261, 188, 122, 'Y', 'N', 1, 1); 
INSERT INTO PROPERTY_INST ( PRI_ID, PIG_ID, PRD_ID, PRI_VALUE, PRI_DELETE_FL, PRI_VERSION_ID,
PTN_ID ) VALUES ( 
262, 188, 123, 'C0C0C0', 'N', 1, 1); 
INSERT INTO PROPERTY_INST ( PRI_ID, PIG_ID, PRD_ID, PRI_VALUE, PRI_DELETE_FL, PRI_VERSION_ID,
PTN_ID ) VALUES ( 
263, 188, 124, NULL, 'N', 1, 1); 
INSERT INTO PROPERTY_INST ( PRI_ID, PIG_ID, PRD_ID, PRI_VALUE, PRI_DELETE_FL, PRI_VERSION_ID,
PTN_ID ) VALUES ( 
264, 188, 125, 'Y', 'N', 1, 1); 
INSERT INTO PROPERTY_INST ( PRI_ID, PIG_ID, PRD_ID, PRI_VALUE, PRI_DELETE_FL, PRI_VERSION_ID,
PTN_ID ) VALUES ( 
265, 188, 126, 'Y', 'N', 1, 1); 
INSERT INTO PROPERTY_INST ( PRI_ID, PIG_ID, PRD_ID, PRI_VALUE, PRI_DELETE_FL, PRI_VERSION_ID,
PTN_ID ) VALUES ( 
266, 188, 127, 'FFFFFF', 'N', 1, 1); 
INSERT INTO PROPERTY_INST ( PRI_ID, PIG_ID, PRD_ID, PRI_VALUE, PRI_DELETE_FL, PRI_VERSION_ID,
PTN_ID ) VALUES ( 
267, 189, 128, 'N', 'N', 1, 1); 
INSERT INTO PROPERTY_INST ( PRI_ID, PIG_ID, PRD_ID, PRI_VALUE, PRI_DELETE_FL, PRI_VERSION_ID,
PTN_ID ) VALUES ( 
268, 189, 129, '100', 'N', 1, 1); 
INSERT INTO PROPERTY_INST ( PRI_ID, PIG_ID, PRD_ID, PRI_VALUE, PRI_DELETE_FL, PRI_VERSION_ID,
PTN_ID ) VALUES ( 
269, 189, 167, NULL, 'N', 1, 1); 
INSERT INTO PROPERTY_INST ( PRI_ID, PIG_ID, PRD_ID, PRI_VALUE, PRI_DELETE_FL, PRI_VERSION_ID,
PTN_ID ) VALUES ( 
270, 189, 168, 'Y', 'N', 1, 1); 
INSERT INTO PROPERTY_INST ( PRI_ID, PIG_ID, PRD_ID, PRI_VALUE, PRI_DELETE_FL, PRI_VERSION_ID,
PTN_ID ) VALUES ( 
271, 190, 133, NULL, 'N', 1, 1); 
INSERT INTO PROPERTY_INST ( PRI_ID, PIG_ID, PRD_ID, PRI_VALUE, PRI_DELETE_FL, PRI_VERSION_ID,
PTN_ID ) VALUES ( 
272, 190, 134, NULL, 'N', 1, 1); 
INSERT INTO PROPERTY_INST ( PRI_ID, PIG_ID, PRD_ID, PRI_VALUE, PRI_DELETE_FL, PRI_VERSION_ID,
PTN_ID ) VALUES ( 
273, 190, 135, NULL, 'N', 1, 1); 
INSERT INTO PROPERTY_INST ( PRI_ID, PIG_ID, PRD_ID, PRI_VALUE, PRI_DELETE_FL, PRI_VERSION_ID,
PTN_ID ) VALUES ( 
274, 190, 136, '808080', 'N', 1, 1); 
INSERT INTO PROPERTY_INST ( PRI_ID, PIG_ID, PRD_ID, PRI_VALUE, PRI_DELETE_FL, PRI_VERSION_ID,
PTN_ID ) VALUES ( 
275, 190, 137, '1', 'N', 1, 1); 
INSERT INTO PROPERTY_INST ( PRI_ID, PIG_ID, PRD_ID, PRI_VALUE, PRI_DELETE_FL, PRI_VERSION_ID,
PTN_ID ) VALUES ( 
276, 190, 138, 'N', 'N', 1, 1); 
INSERT INTO PROPERTY_INST ( PRI_ID, PIG_ID, PRD_ID, PRI_VALUE, PRI_DELETE_FL, PRI_VERSION_ID,
PTN_ID ) VALUES ( 
277, 191, 133, NULL, 'N', 1, 1); 
INSERT INTO PROPERTY_INST ( PRI_ID, PIG_ID, PRD_ID, PRI_VALUE, PRI_DELETE_FL, PRI_VERSION_ID,
PTN_ID ) VALUES ( 
278, 191, 134, NULL, 'N', 1, 1); 
INSERT INTO PROPERTY_INST ( PRI_ID, PIG_ID, PRD_ID, PRI_VALUE, PRI_DELETE_FL, PRI_VERSION_ID,
PTN_ID ) VALUES ( 
279, 191, 135, NULL, 'N', 1, 1); 
INSERT INTO PROPERTY_INST ( PRI_ID, PIG_ID, PRD_ID, PRI_VALUE, PRI_DELETE_FL, PRI_VERSION_ID,
PTN_ID ) VALUES ( 
280, 191, 136, '808080', 'N', 1, 1); 
INSERT INTO PROPERTY_INST ( PRI_ID, PIG_ID, PRD_ID, PRI_VALUE, PRI_DELETE_FL, PRI_VERSION_ID,
PTN_ID ) VALUES ( 
281, 191, 137, '1', 'N', 1, 1); 
INSERT INTO PROPERTY_INST ( PRI_ID, PIG_ID, PRD_ID, PRI_VALUE, PRI_DELETE_FL, PRI_VERSION_ID,
PTN_ID ) VALUES ( 
282, 191, 138, 'N', 'N', 1, 1); 
INSERT INTO PROPERTY_INST ( PRI_ID, PIG_ID, PRD_ID, PRI_VALUE, PRI_DELETE_FL, PRI_VERSION_ID,
PTN_ID ) VALUES ( 
283, 192, 109, 'Tahoma', 'N', 1, 1); 
INSERT INTO PROPERTY_INST ( PRI_ID, PIG_ID, PRD_ID, PRI_VALUE, PRI_DELETE_FL, PRI_VERSION_ID,
PTN_ID ) VALUES ( 
284, 192, 110, 'Y', 'N', 1, 1); 
INSERT INTO PROPERTY_INST ( PRI_ID, PIG_ID, PRD_ID, PRI_VALUE, PRI_DELETE_FL, PRI_VERSION_ID,
PTN_ID ) VALUES ( 
285, 192, 111, 'Y', 'N', 1, 1); 
INSERT INTO PROPERTY_INST ( PRI_ID, PIG_ID, PRD_ID, PRI_VALUE, PRI_DELETE_FL, PRI_VERSION_ID,
PTN_ID ) VALUES ( 
286, 192, 112, NULL, 'N', 1, 1); 
INSERT INTO PROPERTY_INST ( PRI_ID, PIG_ID, PRD_ID, PRI_VALUE, PRI_DELETE_FL, PRI_VERSION_ID,
PTN_ID ) VALUES ( 
287, 192, 113, NULL, 'N', 1, 1); 
INSERT INTO PROPERTY_INST ( PRI_ID, PIG_ID, PRD_ID, PRI_VALUE, PRI_DELETE_FL, PRI_VERSION_ID,
PTN_ID ) VALUES ( 
288, 192, 114, NULL, 'N', 1, 1); 
INSERT INTO PROPERTY_INST ( PRI_ID, PIG_ID, PRD_ID, PRI_VALUE, PRI_DELETE_FL, PRI_VERSION_ID,
PTN_ID ) VALUES ( 
289, 192, 115, NULL, 'N', 1, 1); 
INSERT INTO PROPERTY_INST ( PRI_ID, PIG_ID, PRD_ID, PRI_VALUE, PRI_DELETE_FL, PRI_VERSION_ID,
PTN_ID ) VALUES ( 
290, 192, 116, 'C0C0C0', 'N', 1, 1); 
INSERT INTO PROPERTY_INST ( PRI_ID, PIG_ID, PRD_ID, PRI_VALUE, PRI_DELETE_FL, PRI_VERSION_ID,
PTN_ID ) VALUES ( 
291, 192, 117, '0', 'N', 1, 1); 
INSERT INTO PROPERTY_INST ( PRI_ID, PIG_ID, PRD_ID, PRI_VALUE, PRI_DELETE_FL, PRI_VERSION_ID,
PTN_ID ) VALUES ( 
292, 192, 118, 'Y', 'N', 1, 1); 
INSERT INTO PROPERTY_INST ( PRI_ID, PIG_ID, PRD_ID, PRI_VALUE, PRI_DELETE_FL, PRI_VERSION_ID,
PTN_ID ) VALUES ( 
293, 192, 152, '25', 'N', 1, 1); 
INSERT INTO PROPERTY_INST ( PRI_ID, PIG_ID, PRD_ID, PRI_VALUE, PRI_DELETE_FL, PRI_VERSION_ID,
PTN_ID ) VALUES ( 
294, 192, 153, '0', 'N', 1, 1); 
INSERT INTO PROPERTY_INST ( PRI_ID, PIG_ID, PRD_ID, PRI_VALUE, PRI_DELETE_FL, PRI_VERSION_ID,
PTN_ID ) VALUES ( 
295, 192, 154, NULL, 'N', 1, 1); 
INSERT INTO PROPERTY_INST ( PRI_ID, PIG_ID, PRD_ID, PRI_VALUE, PRI_DELETE_FL, PRI_VERSION_ID,
PTN_ID ) VALUES ( 
296, 193, 119, 'Tahoma', 'N', 1, 1); 
INSERT INTO PROPERTY_INST ( PRI_ID, PIG_ID, PRD_ID, PRI_VALUE, PRI_DELETE_FL, PRI_VERSION_ID,
PTN_ID ) VALUES ( 
297, 193, 120, NULL, 'N', 1, 1); 
INSERT INTO PROPERTY_INST ( PRI_ID, PIG_ID, PRD_ID, PRI_VALUE, PRI_DELETE_FL, PRI_VERSION_ID,
PTN_ID ) VALUES ( 
298, 193, 121, '000000', 'N', 1, 1); 
INSERT INTO PROPERTY_INST ( PRI_ID, PIG_ID, PRD_ID, PRI_VALUE, PRI_DELETE_FL, PRI_VERSION_ID,
PTN_ID ) VALUES ( 
299, 193, 122, 'Y', 'N', 1, 1); 
INSERT INTO PROPERTY_INST ( PRI_ID, PIG_ID, PRD_ID, PRI_VALUE, PRI_DELETE_FL, PRI_VERSION_ID,
PTN_ID ) VALUES ( 
300, 193, 123, 'C0C0C0', 'N', 1, 1); 
INSERT INTO PROPERTY_INST ( PRI_ID, PIG_ID, PRD_ID, PRI_VALUE, PRI_DELETE_FL, PRI_VERSION_ID,
PTN_ID ) VALUES ( 
301, 193, 124, NULL, 'N', 1, 1); 
INSERT INTO PROPERTY_INST ( PRI_ID, PIG_ID, PRD_ID, PRI_VALUE, PRI_DELETE_FL, PRI_VERSION_ID,
PTN_ID ) VALUES ( 
302, 193, 125, 'Y', 'N', 1, 1); 
INSERT INTO PROPERTY_INST ( PRI_ID, PIG_ID, PRD_ID, PRI_VALUE, PRI_DELETE_FL, PRI_VERSION_ID,
PTN_ID ) VALUES ( 
303, 193, 126, 'Y', 'N', 1, 1); 
INSERT INTO PROPERTY_INST ( PRI_ID, PIG_ID, PRD_ID, PRI_VALUE, PRI_DELETE_FL, PRI_VERSION_ID,
PTN_ID ) VALUES ( 
304, 193, 127, 'FFFFFF', 'N', 1, 1); 
INSERT INTO PROPERTY_INST ( PRI_ID, PIG_ID, PRD_ID, PRI_VALUE, PRI_DELETE_FL, PRI_VERSION_ID,
PTN_ID ) VALUES ( 
305, 194, 128, 'N', 'N', 1, 1); 
INSERT INTO PROPERTY_INST ( PRI_ID, PIG_ID, PRD_ID, PRI_VALUE, PRI_DELETE_FL, PRI_VERSION_ID,
PTN_ID ) VALUES ( 
306, 194, 129, '100', 'N', 1, 1); 
INSERT INTO PROPERTY_INST ( PRI_ID, PIG_ID, PRD_ID, PRI_VALUE, PRI_DELETE_FL, PRI_VERSION_ID,
PTN_ID ) VALUES ( 
307, 194, 155, NULL, 'N', 1, 1); 
INSERT INTO PROPERTY_INST ( PRI_ID, PIG_ID, PRD_ID, PRI_VALUE, PRI_DELETE_FL, PRI_VERSION_ID,
PTN_ID ) VALUES ( 
308, 194, 156, 'Y', 'N', 1, 1); 
INSERT INTO PROPERTY_INST ( PRI_ID, PIG_ID, PRD_ID, PRI_VALUE, PRI_DELETE_FL, PRI_VERSION_ID,
PTN_ID ) VALUES ( 
309, 195, 133, NULL, 'N', 1, 1); 
INSERT INTO PROPERTY_INST ( PRI_ID, PIG_ID, PRD_ID, PRI_VALUE, PRI_DELETE_FL, PRI_VERSION_ID,
PTN_ID ) VALUES ( 
310, 195, 134, NULL, 'N', 1, 1); 
INSERT INTO PROPERTY_INST ( PRI_ID, PIG_ID, PRD_ID, PRI_VALUE, PRI_DELETE_FL, PRI_VERSION_ID,
PTN_ID ) VALUES ( 
311, 195, 135, NULL, 'N', 1, 1); 
INSERT INTO PROPERTY_INST ( PRI_ID, PIG_ID, PRD_ID, PRI_VALUE, PRI_DELETE_FL, PRI_VERSION_ID,
PTN_ID ) VALUES ( 
312, 195, 136, '808080', 'N', 1, 1); 
INSERT INTO PROPERTY_INST ( PRI_ID, PIG_ID, PRD_ID, PRI_VALUE, PRI_DELETE_FL, PRI_VERSION_ID,
PTN_ID ) VALUES ( 
313, 195, 137, '1', 'N', 1, 1); 
INSERT INTO PROPERTY_INST ( PRI_ID, PIG_ID, PRD_ID, PRI_VALUE, PRI_DELETE_FL, PRI_VERSION_ID,
PTN_ID ) VALUES ( 
314, 195, 138, 'N', 'N', 1, 1); 
INSERT INTO PROPERTY_INST ( PRI_ID, PIG_ID, PRD_ID, PRI_VALUE, PRI_DELETE_FL, PRI_VERSION_ID,
PTN_ID ) VALUES ( 
315, 196, 133, NULL, 'N', 1, 1); 
INSERT INTO PROPERTY_INST ( PRI_ID, PIG_ID, PRD_ID, PRI_VALUE, PRI_DELETE_FL, PRI_VERSION_ID,
PTN_ID ) VALUES ( 
316, 196, 134, NULL, 'N', 1, 1); 
INSERT INTO PROPERTY_INST ( PRI_ID, PIG_ID, PRD_ID, PRI_VALUE, PRI_DELETE_FL, PRI_VERSION_ID,
PTN_ID ) VALUES ( 
317, 196, 135, NULL, 'N', 1, 1); 
INSERT INTO PROPERTY_INST ( PRI_ID, PIG_ID, PRD_ID, PRI_VALUE, PRI_DELETE_FL, PRI_VERSION_ID,
PTN_ID ) VALUES ( 
318, 196, 136, '808080', 'N', 1, 1); 
INSERT INTO PROPERTY_INST ( PRI_ID, PIG_ID, PRD_ID, PRI_VALUE, PRI_DELETE_FL, PRI_VERSION_ID,
PTN_ID ) VALUES ( 
319, 196, 137, '1', 'N', 1, 1); 
INSERT INTO PROPERTY_INST ( PRI_ID, PIG_ID, PRD_ID, PRI_VALUE, PRI_DELETE_FL, PRI_VERSION_ID,
PTN_ID ) VALUES ( 
320, 196, 138, 'N', 'N', 1, 1); 
INSERT INTO PROPERTY_INST ( PRI_ID, PIG_ID, PRD_ID, PRI_VALUE, PRI_DELETE_FL, PRI_VERSION_ID,
PTN_ID ) VALUES ( 
321, 197, 109, '1', 'N', 1, 1); 
INSERT INTO PROPERTY_INST ( PRI_ID, PIG_ID, PRD_ID, PRI_VALUE, PRI_DELETE_FL, PRI_VERSION_ID,
PTN_ID ) VALUES ( 
322, 197, 110, 'Y', 'N', 1, 1); 
INSERT INTO PROPERTY_INST ( PRI_ID, PIG_ID, PRD_ID, PRI_VALUE, PRI_DELETE_FL, PRI_VERSION_ID,
PTN_ID ) VALUES ( 
323, 197, 111, 'Y', 'N', 1, 1); 
INSERT INTO PROPERTY_INST ( PRI_ID, PIG_ID, PRD_ID, PRI_VALUE, PRI_DELETE_FL, PRI_VERSION_ID,
PTN_ID ) VALUES ( 
324, 197, 112, NULL, 'N', 1, 1); 
INSERT INTO PROPERTY_INST ( PRI_ID, PIG_ID, PRD_ID, PRI_VALUE, PRI_DELETE_FL, PRI_VERSION_ID,
PTN_ID ) VALUES ( 
325, 197, 113, NULL, 'N', 1, 1); 
INSERT INTO PROPERTY_INST ( PRI_ID, PIG_ID, PRD_ID, PRI_VALUE, PRI_DELETE_FL, PRI_VERSION_ID,
PTN_ID ) VALUES ( 
326, 197, 114, NULL, 'N', 1, 1); 
INSERT INTO PROPERTY_INST ( PRI_ID, PIG_ID, PRD_ID, PRI_VALUE, PRI_DELETE_FL, PRI_VERSION_ID,
PTN_ID ) VALUES ( 
327, 197, 115, NULL, 'N', 1, 1); 
INSERT INTO PROPERTY_INST ( PRI_ID, PIG_ID, PRD_ID, PRI_VALUE, PRI_DELETE_FL, PRI_VERSION_ID,
PTN_ID ) VALUES ( 
328, 197, 116, 'C0C0C0', 'N', 1, 1); 
INSERT INTO PROPERTY_INST ( PRI_ID, PIG_ID, PRD_ID, PRI_VALUE, PRI_DELETE_FL, PRI_VERSION_ID,
PTN_ID ) VALUES ( 
329, 197, 117, '0', 'N', 1, 1); 
INSERT INTO PROPERTY_INST ( PRI_ID, PIG_ID, PRD_ID, PRI_VALUE, PRI_DELETE_FL, PRI_VERSION_ID,
PTN_ID ) VALUES ( 
330, 197, 118, 'Y', 'N', 1, 1); 
INSERT INTO PROPERTY_INST ( PRI_ID, PIG_ID, PRD_ID, PRI_VALUE, PRI_DELETE_FL, PRI_VERSION_ID,
PTN_ID ) VALUES ( 
331, 197, 152, '25', 'N', 1, 1); 
INSERT INTO PROPERTY_INST ( PRI_ID, PIG_ID, PRD_ID, PRI_VALUE, PRI_DELETE_FL, PRI_VERSION_ID,
PTN_ID ) VALUES ( 
332, 197, 153, '0', 'N', 1, 1); 
INSERT INTO PROPERTY_INST ( PRI_ID, PIG_ID, PRD_ID, PRI_VALUE, PRI_DELETE_FL, PRI_VERSION_ID,
PTN_ID ) VALUES ( 
333, 197, 154, NULL, 'N', 1, 1); 
INSERT INTO PROPERTY_INST ( PRI_ID, PIG_ID, PRD_ID, PRI_VALUE, PRI_DELETE_FL, PRI_VERSION_ID,
PTN_ID ) VALUES ( 
334, 198, 119, 'Tahoma', 'N', 1, 1); 
INSERT INTO PROPERTY_INST ( PRI_ID, PIG_ID, PRD_ID, PRI_VALUE, PRI_DELETE_FL, PRI_VERSION_ID,
PTN_ID ) VALUES ( 
335, 198, 120, NULL, 'N', 1, 1); 
INSERT INTO PROPERTY_INST ( PRI_ID, PIG_ID, PRD_ID, PRI_VALUE, PRI_DELETE_FL, PRI_VERSION_ID,
PTN_ID ) VALUES ( 
336, 198, 121, '000000', 'N', 1, 1); 
INSERT INTO PROPERTY_INST ( PRI_ID, PIG_ID, PRD_ID, PRI_VALUE, PRI_DELETE_FL, PRI_VERSION_ID,
PTN_ID ) VALUES ( 
337, 198, 122, 'Y', 'N', 1, 1); 
INSERT INTO PROPERTY_INST ( PRI_ID, PIG_ID, PRD_ID, PRI_VALUE, PRI_DELETE_FL, PRI_VERSION_ID,
PTN_ID ) VALUES ( 
338, 198, 123, 'C0C0C0', 'N', 1, 1); 
INSERT INTO PROPERTY_INST ( PRI_ID, PIG_ID, PRD_ID, PRI_VALUE, PRI_DELETE_FL, PRI_VERSION_ID,
PTN_ID ) VALUES ( 
339, 198, 124, NULL, 'N', 1, 1); 
INSERT INTO PROPERTY_INST ( PRI_ID, PIG_ID, PRD_ID, PRI_VALUE, PRI_DELETE_FL, PRI_VERSION_ID,
PTN_ID ) VALUES ( 
340, 198, 125, 'Y', 'N', 1, 1); 
INSERT INTO PROPERTY_INST ( PRI_ID, PIG_ID, PRD_ID, PRI_VALUE, PRI_DELETE_FL, PRI_VERSION_ID,
PTN_ID ) VALUES ( 
341, 198, 126, 'Y', 'N', 1, 1); 
INSERT INTO PROPERTY_INST ( PRI_ID, PIG_ID, PRD_ID, PRI_VALUE, PRI_DELETE_FL, PRI_VERSION_ID,
PTN_ID ) VALUES ( 
342, 198, 127, 'FFFFFF', 'N', 1, 1); 
INSERT INTO PROPERTY_INST ( PRI_ID, PIG_ID, PRD_ID, PRI_VALUE, PRI_DELETE_FL, PRI_VERSION_ID,
PTN_ID ) VALUES ( 
343, 199, 128, 'N', 'N', 1, 1); 
INSERT INTO PROPERTY_INST ( PRI_ID, PIG_ID, PRD_ID, PRI_VALUE, PRI_DELETE_FL, PRI_VERSION_ID,
PTN_ID ) VALUES ( 
344, 199, 129, '100', 'N', 1, 1); 
INSERT INTO PROPERTY_INST ( PRI_ID, PIG_ID, PRD_ID, PRI_VALUE, PRI_DELETE_FL, PRI_VERSION_ID,
PTN_ID ) VALUES ( 
345, 199, 155, NULL, 'N', 1, 1); 
INSERT INTO PROPERTY_INST ( PRI_ID, PIG_ID, PRD_ID, PRI_VALUE, PRI_DELETE_FL, PRI_VERSION_ID,
PTN_ID ) VALUES ( 
346, 199, 156, 'Y', 'N', 1, 1); 
INSERT INTO PROPERTY_INST ( PRI_ID, PIG_ID, PRD_ID, PRI_VALUE, PRI_DELETE_FL, PRI_VERSION_ID,
PTN_ID ) VALUES ( 
347, 200, 133, NULL, 'N', 1, 1); 
INSERT INTO PROPERTY_INST ( PRI_ID, PIG_ID, PRD_ID, PRI_VALUE, PRI_DELETE_FL, PRI_VERSION_ID,
PTN_ID ) VALUES ( 
348, 200, 134, NULL, 'N', 1, 1); 
INSERT INTO PROPERTY_INST ( PRI_ID, PIG_ID, PRD_ID, PRI_VALUE, PRI_DELETE_FL, PRI_VERSION_ID,
PTN_ID ) VALUES ( 
349, 200, 135, NULL, 'N', 1, 1); 
INSERT INTO PROPERTY_INST ( PRI_ID, PIG_ID, PRD_ID, PRI_VALUE, PRI_DELETE_FL, PRI_VERSION_ID,
PTN_ID ) VALUES ( 
350, 200, 136, '808080', 'N', 1, 1); 
INSERT INTO PROPERTY_INST ( PRI_ID, PIG_ID, PRD_ID, PRI_VALUE, PRI_DELETE_FL, PRI_VERSION_ID,
PTN_ID ) VALUES ( 
351, 200, 137, '1', 'N', 1, 1); 
INSERT INTO PROPERTY_INST ( PRI_ID, PIG_ID, PRD_ID, PRI_VALUE, PRI_DELETE_FL, PRI_VERSION_ID,
PTN_ID ) VALUES ( 
352, 200, 138, 'N', 'N', 1, 1); 
INSERT INTO PROPERTY_INST ( PRI_ID, PIG_ID, PRD_ID, PRI_VALUE, PRI_DELETE_FL, PRI_VERSION_ID,
PTN_ID ) VALUES ( 
353, 201, 133, NULL, 'N', 1, 1); 
INSERT INTO PROPERTY_INST ( PRI_ID, PIG_ID, PRD_ID, PRI_VALUE, PRI_DELETE_FL, PRI_VERSION_ID,
PTN_ID ) VALUES ( 
354, 201, 134, NULL, 'N', 1, 1); 
INSERT INTO PROPERTY_INST ( PRI_ID, PIG_ID, PRD_ID, PRI_VALUE, PRI_DELETE_FL, PRI_VERSION_ID,
PTN_ID ) VALUES ( 
355, 201, 135, NULL, 'N', 1, 1); 
INSERT INTO PROPERTY_INST ( PRI_ID, PIG_ID, PRD_ID, PRI_VALUE, PRI_DELETE_FL, PRI_VERSION_ID,
PTN_ID ) VALUES ( 
356, 201, 136, '808080', 'N', 1, 1); 
INSERT INTO PROPERTY_INST ( PRI_ID, PIG_ID, PRD_ID, PRI_VALUE, PRI_DELETE_FL, PRI_VERSION_ID,
PTN_ID ) VALUES ( 
357, 201, 137, '1', 'N', 1, 1); 
INSERT INTO PROPERTY_INST ( PRI_ID, PIG_ID, PRD_ID, PRI_VALUE, PRI_DELETE_FL, PRI_VERSION_ID,
PTN_ID ) VALUES ( 
358, 201, 138, 'N', 'N', 1, 1); 
INSERT INTO PROPERTY_INST ( PRI_ID, PIG_ID, PRD_ID, PRI_VALUE, PRI_DELETE_FL, PRI_VERSION_ID,
PTN_ID ) VALUES ( 
359, 202, 109, '1', 'N', 1, 1); 
INSERT INTO PROPERTY_INST ( PRI_ID, PIG_ID, PRD_ID, PRI_VALUE, PRI_DELETE_FL, PRI_VERSION_ID,
PTN_ID ) VALUES ( 
360, 202, 110, 'Y', 'N', 1, 1); 
INSERT INTO PROPERTY_INST ( PRI_ID, PIG_ID, PRD_ID, PRI_VALUE, PRI_DELETE_FL, PRI_VERSION_ID,
PTN_ID ) VALUES ( 
361, 202, 111, 'Y', 'N', 1, 1); 
INSERT INTO PROPERTY_INST ( PRI_ID, PIG_ID, PRD_ID, PRI_VALUE, PRI_DELETE_FL, PRI_VERSION_ID,
PTN_ID ) VALUES ( 
362, 202, 112, NULL, 'N', 1, 1); 
INSERT INTO PROPERTY_INST ( PRI_ID, PIG_ID, PRD_ID, PRI_VALUE, PRI_DELETE_FL, PRI_VERSION_ID,
PTN_ID ) VALUES ( 
363, 202, 113, NULL, 'N', 1, 1); 
INSERT INTO PROPERTY_INST ( PRI_ID, PIG_ID, PRD_ID, PRI_VALUE, PRI_DELETE_FL, PRI_VERSION_ID,
PTN_ID ) VALUES ( 
364, 202, 114, NULL, 'N', 1, 1); 
INSERT INTO PROPERTY_INST ( PRI_ID, PIG_ID, PRD_ID, PRI_VALUE, PRI_DELETE_FL, PRI_VERSION_ID,
PTN_ID ) VALUES ( 
365, 202, 115, NULL, 'N', 1, 1); 
INSERT INTO PROPERTY_INST ( PRI_ID, PIG_ID, PRD_ID, PRI_VALUE, PRI_DELETE_FL, PRI_VERSION_ID,
PTN_ID ) VALUES ( 
366, 202, 116, 'C0C0C0', 'N', 1, 1); 
INSERT INTO PROPERTY_INST ( PRI_ID, PIG_ID, PRD_ID, PRI_VALUE, PRI_DELETE_FL, PRI_VERSION_ID,
PTN_ID ) VALUES ( 
367, 202, 117, '0', 'N', 1, 1); 
INSERT INTO PROPERTY_INST ( PRI_ID, PIG_ID, PRD_ID, PRI_VALUE, PRI_DELETE_FL, PRI_VERSION_ID,
PTN_ID ) VALUES ( 
368, 202, 118, 'Y', 'N', 1, 1); 
INSERT INTO PROPERTY_INST ( PRI_ID, PIG_ID, PRD_ID, PRI_VALUE, PRI_DELETE_FL, PRI_VERSION_ID,
PTN_ID ) VALUES ( 
369, 202, 163, 'WRAP', 'N', 1, 1); 
INSERT INTO PROPERTY_INST ( PRI_ID, PIG_ID, PRD_ID, PRI_VALUE, PRI_DELETE_FL, PRI_VERSION_ID,
PTN_ID ) VALUES ( 
370, 202, 164, '25', 'N', 1, 1); 
INSERT INTO PROPERTY_INST ( PRI_ID, PIG_ID, PRD_ID, PRI_VALUE, PRI_DELETE_FL, PRI_VERSION_ID,
PTN_ID ) VALUES ( 
371, 202, 165, '0', 'N', 1, 1); 
INSERT INTO PROPERTY_INST ( PRI_ID, PIG_ID, PRD_ID, PRI_VALUE, PRI_DELETE_FL, PRI_VERSION_ID,
PTN_ID ) VALUES ( 
372, 202, 166, NULL, 'N', 1, 1); 
COMMIT;
INSERT INTO PROPERTY_INST ( PRI_ID, PIG_ID, PRD_ID, PRI_VALUE, PRI_DELETE_FL, PRI_VERSION_ID,
PTN_ID ) VALUES ( 
373, 203, 119, 'Tahoma', 'N', 1, 1); 
INSERT INTO PROPERTY_INST ( PRI_ID, PIG_ID, PRD_ID, PRI_VALUE, PRI_DELETE_FL, PRI_VERSION_ID,
PTN_ID ) VALUES ( 
374, 203, 120, NULL, 'N', 1, 1); 
INSERT INTO PROPERTY_INST ( PRI_ID, PIG_ID, PRD_ID, PRI_VALUE, PRI_DELETE_FL, PRI_VERSION_ID,
PTN_ID ) VALUES ( 
375, 203, 121, '000000', 'N', 1, 1); 
INSERT INTO PROPERTY_INST ( PRI_ID, PIG_ID, PRD_ID, PRI_VALUE, PRI_DELETE_FL, PRI_VERSION_ID,
PTN_ID ) VALUES ( 
376, 203, 122, 'Y', 'N', 1, 1); 
INSERT INTO PROPERTY_INST ( PRI_ID, PIG_ID, PRD_ID, PRI_VALUE, PRI_DELETE_FL, PRI_VERSION_ID,
PTN_ID ) VALUES ( 
377, 203, 123, 'C0C0C0', 'N', 1, 1); 
INSERT INTO PROPERTY_INST ( PRI_ID, PIG_ID, PRD_ID, PRI_VALUE, PRI_DELETE_FL, PRI_VERSION_ID,
PTN_ID ) VALUES ( 
378, 203, 124, NULL, 'N', 1, 1); 
INSERT INTO PROPERTY_INST ( PRI_ID, PIG_ID, PRD_ID, PRI_VALUE, PRI_DELETE_FL, PRI_VERSION_ID,
PTN_ID ) VALUES ( 
379, 203, 125, 'Y', 'N', 1, 1); 
INSERT INTO PROPERTY_INST ( PRI_ID, PIG_ID, PRD_ID, PRI_VALUE, PRI_DELETE_FL, PRI_VERSION_ID,
PTN_ID ) VALUES ( 
380, 203, 126, 'Y', 'N', 1, 1); 
INSERT INTO PROPERTY_INST ( PRI_ID, PIG_ID, PRD_ID, PRI_VALUE, PRI_DELETE_FL, PRI_VERSION_ID,
PTN_ID ) VALUES ( 
381, 203, 127, 'FFFFFF', 'N', 1, 1); 
INSERT INTO PROPERTY_INST ( PRI_ID, PIG_ID, PRD_ID, PRI_VALUE, PRI_DELETE_FL, PRI_VERSION_ID,
PTN_ID ) VALUES ( 
382, 204, 128, 'N', 'N', 1, 1); 
INSERT INTO PROPERTY_INST ( PRI_ID, PIG_ID, PRD_ID, PRI_VALUE, PRI_DELETE_FL, PRI_VERSION_ID,
PTN_ID ) VALUES ( 
383, 204, 129, '100', 'N', 1, 1); 
INSERT INTO PROPERTY_INST ( PRI_ID, PIG_ID, PRD_ID, PRI_VALUE, PRI_DELETE_FL, PRI_VERSION_ID,
PTN_ID ) VALUES ( 
384, 204, 167, NULL, 'N', 1, 1); 
INSERT INTO PROPERTY_INST ( PRI_ID, PIG_ID, PRD_ID, PRI_VALUE, PRI_DELETE_FL, PRI_VERSION_ID,
PTN_ID ) VALUES ( 
385, 204, 168, 'Y', 'N', 1, 1); 
INSERT INTO PROPERTY_INST ( PRI_ID, PIG_ID, PRD_ID, PRI_VALUE, PRI_DELETE_FL, PRI_VERSION_ID,
PTN_ID ) VALUES ( 
386, 205, 133, NULL, 'N', 1, 1); 
INSERT INTO PROPERTY_INST ( PRI_ID, PIG_ID, PRD_ID, PRI_VALUE, PRI_DELETE_FL, PRI_VERSION_ID,
PTN_ID ) VALUES ( 
387, 205, 134, NULL, 'N', 1, 1); 
INSERT INTO PROPERTY_INST ( PRI_ID, PIG_ID, PRD_ID, PRI_VALUE, PRI_DELETE_FL, PRI_VERSION_ID,
PTN_ID ) VALUES ( 
388, 205, 135, NULL, 'N', 1, 1); 
INSERT INTO PROPERTY_INST ( PRI_ID, PIG_ID, PRD_ID, PRI_VALUE, PRI_DELETE_FL, PRI_VERSION_ID,
PTN_ID ) VALUES ( 
389, 205, 136, '808080', 'N', 1, 1); 
INSERT INTO PROPERTY_INST ( PRI_ID, PIG_ID, PRD_ID, PRI_VALUE, PRI_DELETE_FL, PRI_VERSION_ID,
PTN_ID ) VALUES ( 
390, 205, 137, '1', 'N', 1, 1); 
INSERT INTO PROPERTY_INST ( PRI_ID, PIG_ID, PRD_ID, PRI_VALUE, PRI_DELETE_FL, PRI_VERSION_ID,
PTN_ID ) VALUES ( 
391, 205, 138, 'N', 'N', 1, 1); 
INSERT INTO PROPERTY_INST ( PRI_ID, PIG_ID, PRD_ID, PRI_VALUE, PRI_DELETE_FL, PRI_VERSION_ID,
PTN_ID ) VALUES ( 
392, 206, 133, NULL, 'N', 1, 1); 
INSERT INTO PROPERTY_INST ( PRI_ID, PIG_ID, PRD_ID, PRI_VALUE, PRI_DELETE_FL, PRI_VERSION_ID,
PTN_ID ) VALUES ( 
393, 206, 134, NULL, 'N', 1, 1); 
INSERT INTO PROPERTY_INST ( PRI_ID, PIG_ID, PRD_ID, PRI_VALUE, PRI_DELETE_FL, PRI_VERSION_ID,
PTN_ID ) VALUES ( 
394, 206, 135, NULL, 'N', 1, 1); 
INSERT INTO PROPERTY_INST ( PRI_ID, PIG_ID, PRD_ID, PRI_VALUE, PRI_DELETE_FL, PRI_VERSION_ID,
PTN_ID ) VALUES ( 
395, 206, 136, '808080', 'N', 1, 1); 
INSERT INTO PROPERTY_INST ( PRI_ID, PIG_ID, PRD_ID, PRI_VALUE, PRI_DELETE_FL, PRI_VERSION_ID,
PTN_ID ) VALUES ( 
396, 206, 137, '1', 'N', 1, 1); 
INSERT INTO PROPERTY_INST ( PRI_ID, PIG_ID, PRD_ID, PRI_VALUE, PRI_DELETE_FL, PRI_VERSION_ID,
PTN_ID ) VALUES ( 
397, 206, 138, 'N', 'N', 1, 1); 
INSERT INTO PROPERTY_INST ( PRI_ID, PIG_ID, PRD_ID, PRI_VALUE, PRI_DELETE_FL, PRI_VERSION_ID,
PTN_ID ) VALUES ( 
398, 134, 210, '1', 'N', 1, 1); 
INSERT INTO PROPERTY_INST ( PRI_ID, PIG_ID, PRD_ID, PRI_VALUE, PRI_DELETE_FL, PRI_VERSION_ID,
PTN_ID ) VALUES ( 
399, 134, 211, 'Y', 'N', 1, 1); 
INSERT INTO PROPERTY_INST ( PRI_ID, PIG_ID, PRD_ID, PRI_VALUE, PRI_DELETE_FL, PRI_VERSION_ID,
PTN_ID ) VALUES ( 
400, 134, 212, 'Y', 'N', 1, 1); 
INSERT INTO PROPERTY_INST ( PRI_ID, PIG_ID, PRD_ID, PRI_VALUE, PRI_DELETE_FL, PRI_VERSION_ID,
PTN_ID ) VALUES ( 
401, 134, 213, 'Y', 'N', 1, 1); 
INSERT INTO PROPERTY_INST ( PRI_ID, PIG_ID, PRD_ID, PRI_VALUE, PRI_DELETE_FL, PRI_VERSION_ID,
PTN_ID ) VALUES ( 
402, 134, 214, 'Y', 'N', 1, 1); 
INSERT INTO PROPERTY_INST ( PRI_ID, PIG_ID, PRD_ID, PRI_VALUE, PRI_DELETE_FL, PRI_VERSION_ID,
PTN_ID ) VALUES ( 
403, 134, 215, 'Y', 'N', 1, 1); 
INSERT INTO PROPERTY_INST ( PRI_ID, PIG_ID, PRD_ID, PRI_VALUE, PRI_DELETE_FL, PRI_VERSION_ID,
PTN_ID ) VALUES ( 
404, 134, 216, 'Y', 'N', 1, 1); 
INSERT INTO PROPERTY_INST ( PRI_ID, PIG_ID, PRD_ID, PRI_VALUE, PRI_DELETE_FL, PRI_VERSION_ID,
PTN_ID ) VALUES ( 
405, 134, 217, 'C0C0C0', 'N', 1, 1); 
INSERT INTO PROPERTY_INST ( PRI_ID, PIG_ID, PRD_ID, PRI_VALUE, PRI_DELETE_FL, PRI_VERSION_ID,
PTN_ID ) VALUES ( 
406, 134, 218, NULL, 'N', 1, 1); 
INSERT INTO PROPERTY_INST ( PRI_ID, PIG_ID, PRD_ID, PRI_VALUE, PRI_DELETE_FL, PRI_VERSION_ID,
PTN_ID ) VALUES ( 
407, 135, 210, '4', 'N', 1, 1); 
INSERT INTO PROPERTY_INST ( PRI_ID, PIG_ID, PRD_ID, PRI_VALUE, PRI_DELETE_FL, PRI_VERSION_ID,
PTN_ID ) VALUES ( 
408, 135, 211, 'Y', 'N', 1, 1); 
INSERT INTO PROPERTY_INST ( PRI_ID, PIG_ID, PRD_ID, PRI_VALUE, PRI_DELETE_FL, PRI_VERSION_ID,
PTN_ID ) VALUES ( 
409, 135, 212, 'Y', 'N', 1, 1); 
INSERT INTO PROPERTY_INST ( PRI_ID, PIG_ID, PRD_ID, PRI_VALUE, PRI_DELETE_FL, PRI_VERSION_ID,
PTN_ID ) VALUES ( 
410, 135, 213, 'Y', 'N', 1, 1); 
INSERT INTO PROPERTY_INST ( PRI_ID, PIG_ID, PRD_ID, PRI_VALUE, PRI_DELETE_FL, PRI_VERSION_ID,
PTN_ID ) VALUES ( 
411, 135, 214, 'Y', 'N', 1, 1); 
INSERT INTO PROPERTY_INST ( PRI_ID, PIG_ID, PRD_ID, PRI_VALUE, PRI_DELETE_FL, PRI_VERSION_ID,
PTN_ID ) VALUES ( 
412, 135, 215, 'Y', 'N', 1, 1); 
INSERT INTO PROPERTY_INST ( PRI_ID, PIG_ID, PRD_ID, PRI_VALUE, PRI_DELETE_FL, PRI_VERSION_ID,
PTN_ID ) VALUES ( 
413, 135, 216, 'Y', 'N', 1, 1); 
INSERT INTO PROPERTY_INST ( PRI_ID, PIG_ID, PRD_ID, PRI_VALUE, PRI_DELETE_FL, PRI_VERSION_ID,
PTN_ID ) VALUES ( 
414, 135, 217, 'C0C0C0', 'N', 1, 1); 
INSERT INTO PROPERTY_INST ( PRI_ID, PIG_ID, PRD_ID, PRI_VALUE, PRI_DELETE_FL, PRI_VERSION_ID,
PTN_ID ) VALUES ( 
415, 135, 218, NULL, 'N', 1, 1); 
INSERT INTO PROPERTY_INST ( PRI_ID, PIG_ID, PRD_ID, PRI_VALUE, PRI_DELETE_FL, PRI_VERSION_ID,
PTN_ID ) VALUES ( 
416, 207, 109, '1', 'N', 1, 1); 
INSERT INTO PROPERTY_INST ( PRI_ID, PIG_ID, PRD_ID, PRI_VALUE, PRI_DELETE_FL, PRI_VERSION_ID,
PTN_ID ) VALUES ( 
417, 207, 110, 'Y', 'N', 1, 1); 
INSERT INTO PROPERTY_INST ( PRI_ID, PIG_ID, PRD_ID, PRI_VALUE, PRI_DELETE_FL, PRI_VERSION_ID,
PTN_ID ) VALUES ( 
418, 207, 111, 'Y', 'N', 1, 1); 
INSERT INTO PROPERTY_INST ( PRI_ID, PIG_ID, PRD_ID, PRI_VALUE, PRI_DELETE_FL, PRI_VERSION_ID,
PTN_ID ) VALUES ( 
419, 207, 112, NULL, 'N', 1, 1); 
INSERT INTO PROPERTY_INST ( PRI_ID, PIG_ID, PRD_ID, PRI_VALUE, PRI_DELETE_FL, PRI_VERSION_ID,
PTN_ID ) VALUES ( 
420, 207, 113, NULL, 'N', 1, 1); 
INSERT INTO PROPERTY_INST ( PRI_ID, PIG_ID, PRD_ID, PRI_VALUE, PRI_DELETE_FL, PRI_VERSION_ID,
PTN_ID ) VALUES ( 
421, 207, 114, NULL, 'N', 1, 1); 
INSERT INTO PROPERTY_INST ( PRI_ID, PIG_ID, PRD_ID, PRI_VALUE, PRI_DELETE_FL, PRI_VERSION_ID,
PTN_ID ) VALUES ( 
422, 207, 115, NULL, 'N', 1, 1); 
INSERT INTO PROPERTY_INST ( PRI_ID, PIG_ID, PRD_ID, PRI_VALUE, PRI_DELETE_FL, PRI_VERSION_ID,
PTN_ID ) VALUES ( 
423, 207, 116, 'C0C0C0', 'N', 1, 1); 
INSERT INTO PROPERTY_INST ( PRI_ID, PIG_ID, PRD_ID, PRI_VALUE, PRI_DELETE_FL, PRI_VERSION_ID,
PTN_ID ) VALUES ( 
424, 207, 117, '0', 'N', 1, 1); 
INSERT INTO PROPERTY_INST ( PRI_ID, PIG_ID, PRD_ID, PRI_VALUE, PRI_DELETE_FL, PRI_VERSION_ID,
PTN_ID ) VALUES ( 
425, 207, 118, 'Y', 'N', 1, 1); 
INSERT INTO PROPERTY_INST ( PRI_ID, PIG_ID, PRD_ID, PRI_VALUE, PRI_DELETE_FL, PRI_VERSION_ID,
PTN_ID ) VALUES ( 
426, 207, 152, '25', 'N', 1, 1); 
INSERT INTO PROPERTY_INST ( PRI_ID, PIG_ID, PRD_ID, PRI_VALUE, PRI_DELETE_FL, PRI_VERSION_ID,
PTN_ID ) VALUES ( 
427, 207, 153, '0', 'N', 1, 1); 
INSERT INTO PROPERTY_INST ( PRI_ID, PIG_ID, PRD_ID, PRI_VALUE, PRI_DELETE_FL, PRI_VERSION_ID,
PTN_ID ) VALUES ( 
428, 207, 154, NULL, 'N', 1, 1); 
INSERT INTO PROPERTY_INST ( PRI_ID, PIG_ID, PRD_ID, PRI_VALUE, PRI_DELETE_FL, PRI_VERSION_ID,
PTN_ID ) VALUES ( 
429, 208, 119, 'Tahoma', 'N', 1, 1); 
INSERT INTO PROPERTY_INST ( PRI_ID, PIG_ID, PRD_ID, PRI_VALUE, PRI_DELETE_FL, PRI_VERSION_ID,
PTN_ID ) VALUES ( 
430, 208, 120, NULL, 'N', 1, 1); 
INSERT INTO PROPERTY_INST ( PRI_ID, PIG_ID, PRD_ID, PRI_VALUE, PRI_DELETE_FL, PRI_VERSION_ID,
PTN_ID ) VALUES ( 
431, 208, 121, '000000', 'N', 1, 1); 
INSERT INTO PROPERTY_INST ( PRI_ID, PIG_ID, PRD_ID, PRI_VALUE, PRI_DELETE_FL, PRI_VERSION_ID,
PTN_ID ) VALUES ( 
432, 208, 122, 'Y', 'N', 1, 1); 
INSERT INTO PROPERTY_INST ( PRI_ID, PIG_ID, PRD_ID, PRI_VALUE, PRI_DELETE_FL, PRI_VERSION_ID,
PTN_ID ) VALUES ( 
433, 208, 123, 'C0C0C0', 'N', 1, 1); 
INSERT INTO PROPERTY_INST ( PRI_ID, PIG_ID, PRD_ID, PRI_VALUE, PRI_DELETE_FL, PRI_VERSION_ID,
PTN_ID ) VALUES ( 
434, 208, 124, NULL, 'N', 1, 1); 
INSERT INTO PROPERTY_INST ( PRI_ID, PIG_ID, PRD_ID, PRI_VALUE, PRI_DELETE_FL, PRI_VERSION_ID,
PTN_ID ) VALUES ( 
435, 208, 125, 'Y', 'N', 1, 1); 
INSERT INTO PROPERTY_INST ( PRI_ID, PIG_ID, PRD_ID, PRI_VALUE, PRI_DELETE_FL, PRI_VERSION_ID,
PTN_ID ) VALUES ( 
436, 208, 126, 'Y', 'N', 1, 1); 
INSERT INTO PROPERTY_INST ( PRI_ID, PIG_ID, PRD_ID, PRI_VALUE, PRI_DELETE_FL, PRI_VERSION_ID,
PTN_ID ) VALUES ( 
437, 208, 127, 'FFFFFF', 'N', 1, 1); 
INSERT INTO PROPERTY_INST ( PRI_ID, PIG_ID, PRD_ID, PRI_VALUE, PRI_DELETE_FL, PRI_VERSION_ID,
PTN_ID ) VALUES ( 
438, 209, 128, 'N', 'N', 1, 1); 
INSERT INTO PROPERTY_INST ( PRI_ID, PIG_ID, PRD_ID, PRI_VALUE, PRI_DELETE_FL, PRI_VERSION_ID,
PTN_ID ) VALUES ( 
439, 209, 129, '100', 'N', 1, 1); 
INSERT INTO PROPERTY_INST ( PRI_ID, PIG_ID, PRD_ID, PRI_VALUE, PRI_DELETE_FL, PRI_VERSION_ID,
PTN_ID ) VALUES ( 
440, 209, 155, NULL, 'N', 1, 1); 
INSERT INTO PROPERTY_INST ( PRI_ID, PIG_ID, PRD_ID, PRI_VALUE, PRI_DELETE_FL, PRI_VERSION_ID,
PTN_ID ) VALUES ( 
441, 209, 156, 'Y', 'N', 1, 1); 
INSERT INTO PROPERTY_INST ( PRI_ID, PIG_ID, PRD_ID, PRI_VALUE, PRI_DELETE_FL, PRI_VERSION_ID,
PTN_ID ) VALUES ( 
442, 210, 133, NULL, 'N', 1, 1); 
INSERT INTO PROPERTY_INST ( PRI_ID, PIG_ID, PRD_ID, PRI_VALUE, PRI_DELETE_FL, PRI_VERSION_ID,
PTN_ID ) VALUES ( 
443, 210, 134, NULL, 'N', 1, 1); 
INSERT INTO PROPERTY_INST ( PRI_ID, PIG_ID, PRD_ID, PRI_VALUE, PRI_DELETE_FL, PRI_VERSION_ID,
PTN_ID ) VALUES ( 
444, 210, 135, NULL, 'N', 1, 1); 
INSERT INTO PROPERTY_INST ( PRI_ID, PIG_ID, PRD_ID, PRI_VALUE, PRI_DELETE_FL, PRI_VERSION_ID,
PTN_ID ) VALUES ( 
445, 210, 136, '808080', 'N', 1, 1); 
INSERT INTO PROPERTY_INST ( PRI_ID, PIG_ID, PRD_ID, PRI_VALUE, PRI_DELETE_FL, PRI_VERSION_ID,
PTN_ID ) VALUES ( 
446, 210, 137, '1', 'N', 1, 1); 
INSERT INTO PROPERTY_INST ( PRI_ID, PIG_ID, PRD_ID, PRI_VALUE, PRI_DELETE_FL, PRI_VERSION_ID,
PTN_ID ) VALUES ( 
447, 210, 138, 'N', 'N', 1, 1); 
INSERT INTO PROPERTY_INST ( PRI_ID, PIG_ID, PRD_ID, PRI_VALUE, PRI_DELETE_FL, PRI_VERSION_ID,
PTN_ID ) VALUES ( 
448, 211, 133, NULL, 'N', 1, 1); 
INSERT INTO PROPERTY_INST ( PRI_ID, PIG_ID, PRD_ID, PRI_VALUE, PRI_DELETE_FL, PRI_VERSION_ID,
PTN_ID ) VALUES ( 
449, 211, 134, NULL, 'N', 1, 1); 
INSERT INTO PROPERTY_INST ( PRI_ID, PIG_ID, PRD_ID, PRI_VALUE, PRI_DELETE_FL, PRI_VERSION_ID,
PTN_ID ) VALUES ( 
450, 211, 135, NULL, 'N', 1, 1); 
INSERT INTO PROPERTY_INST ( PRI_ID, PIG_ID, PRD_ID, PRI_VALUE, PRI_DELETE_FL, PRI_VERSION_ID,
PTN_ID ) VALUES ( 
451, 211, 136, '808080', 'N', 1, 1); 
INSERT INTO PROPERTY_INST ( PRI_ID, PIG_ID, PRD_ID, PRI_VALUE, PRI_DELETE_FL, PRI_VERSION_ID,
PTN_ID ) VALUES ( 
452, 211, 137, '1', 'N', 1, 1); 
INSERT INTO PROPERTY_INST ( PRI_ID, PIG_ID, PRD_ID, PRI_VALUE, PRI_DELETE_FL, PRI_VERSION_ID,
PTN_ID ) VALUES ( 
453, 211, 138, 'N', 'N', 1, 1); 
INSERT INTO PROPERTY_INST ( PRI_ID, PIG_ID, PRD_ID, PRI_VALUE, PRI_DELETE_FL, PRI_VERSION_ID,
PTN_ID ) VALUES ( 
454, 212, 109, '1', 'N', 1, 1); 
INSERT INTO PROPERTY_INST ( PRI_ID, PIG_ID, PRD_ID, PRI_VALUE, PRI_DELETE_FL, PRI_VERSION_ID,
PTN_ID ) VALUES ( 
455, 212, 110, 'Y', 'N', 1, 1); 
INSERT INTO PROPERTY_INST ( PRI_ID, PIG_ID, PRD_ID, PRI_VALUE, PRI_DELETE_FL, PRI_VERSION_ID,
PTN_ID ) VALUES ( 
456, 212, 111, 'Y', 'N', 1, 1); 
INSERT INTO PROPERTY_INST ( PRI_ID, PIG_ID, PRD_ID, PRI_VALUE, PRI_DELETE_FL, PRI_VERSION_ID,
PTN_ID ) VALUES ( 
457, 212, 112, NULL, 'N', 1, 1); 
INSERT INTO PROPERTY_INST ( PRI_ID, PIG_ID, PRD_ID, PRI_VALUE, PRI_DELETE_FL, PRI_VERSION_ID,
PTN_ID ) VALUES ( 
458, 212, 113, NULL, 'N', 1, 1); 
INSERT INTO PROPERTY_INST ( PRI_ID, PIG_ID, PRD_ID, PRI_VALUE, PRI_DELETE_FL, PRI_VERSION_ID,
PTN_ID ) VALUES ( 
459, 212, 114, NULL, 'N', 1, 1); 
INSERT INTO PROPERTY_INST ( PRI_ID, PIG_ID, PRD_ID, PRI_VALUE, PRI_DELETE_FL, PRI_VERSION_ID,
PTN_ID ) VALUES ( 
460, 212, 115, NULL, 'N', 1, 1); 
INSERT INTO PROPERTY_INST ( PRI_ID, PIG_ID, PRD_ID, PRI_VALUE, PRI_DELETE_FL, PRI_VERSION_ID,
PTN_ID ) VALUES ( 
461, 212, 116, 'C0C0C0', 'N', 1, 1); 
INSERT INTO PROPERTY_INST ( PRI_ID, PIG_ID, PRD_ID, PRI_VALUE, PRI_DELETE_FL, PRI_VERSION_ID,
PTN_ID ) VALUES ( 
462, 212, 117, '0', 'N', 1, 1); 
INSERT INTO PROPERTY_INST ( PRI_ID, PIG_ID, PRD_ID, PRI_VALUE, PRI_DELETE_FL, PRI_VERSION_ID,
PTN_ID ) VALUES ( 
463, 212, 118, 'Y', 'N', 1, 1); 
INSERT INTO PROPERTY_INST ( PRI_ID, PIG_ID, PRD_ID, PRI_VALUE, PRI_DELETE_FL, PRI_VERSION_ID,
PTN_ID ) VALUES ( 
464, 212, 163, 'WRAP', 'N', 1, 1); 
INSERT INTO PROPERTY_INST ( PRI_ID, PIG_ID, PRD_ID, PRI_VALUE, PRI_DELETE_FL, PRI_VERSION_ID,
PTN_ID ) VALUES ( 
465, 212, 164, '25', 'N', 1, 1); 
INSERT INTO PROPERTY_INST ( PRI_ID, PIG_ID, PRD_ID, PRI_VALUE, PRI_DELETE_FL, PRI_VERSION_ID,
PTN_ID ) VALUES ( 
466, 212, 165, '0', 'N', 1, 1); 
INSERT INTO PROPERTY_INST ( PRI_ID, PIG_ID, PRD_ID, PRI_VALUE, PRI_DELETE_FL, PRI_VERSION_ID,
PTN_ID ) VALUES ( 
467, 212, 166, NULL, 'N', 1, 1); 
INSERT INTO PROPERTY_INST ( PRI_ID, PIG_ID, PRD_ID, PRI_VALUE, PRI_DELETE_FL, PRI_VERSION_ID,
PTN_ID ) VALUES ( 
468, 213, 119, 'Tahoma', 'N', 1, 1); 
INSERT INTO PROPERTY_INST ( PRI_ID, PIG_ID, PRD_ID, PRI_VALUE, PRI_DELETE_FL, PRI_VERSION_ID,
PTN_ID ) VALUES ( 
469, 213, 120, NULL, 'N', 1, 1); 
INSERT INTO PROPERTY_INST ( PRI_ID, PIG_ID, PRD_ID, PRI_VALUE, PRI_DELETE_FL, PRI_VERSION_ID,
PTN_ID ) VALUES ( 
470, 213, 121, '000000', 'N', 1, 1); 
INSERT INTO PROPERTY_INST ( PRI_ID, PIG_ID, PRD_ID, PRI_VALUE, PRI_DELETE_FL, PRI_VERSION_ID,
PTN_ID ) VALUES ( 
471, 213, 122, 'Y', 'N', 1, 1); 
commit;
 
INSERT INTO PROPERTY_INST_GROUP ( PIG_ID, PDG_ID, PIG_NAME, PIG_DELETE_FL, PIG_VERSION_ID,
PTN_ID ) VALUES ( 
253, 59, 'MSBar2D Categories Element', 'N', 1, 1); 
INSERT INTO PROPERTY_INST_GROUP ( PIG_ID, PDG_ID, PIG_NAME, PIG_DELETE_FL, PIG_VERSION_ID,
PTN_ID ) VALUES ( 
254, 54, 'MSBar2D Chart Axes Element', 'N', 1, 1); 
INSERT INTO PROPERTY_INST_GROUP ( PIG_ID, PDG_ID, PIG_NAME, PIG_DELETE_FL, PIG_VERSION_ID,
PTN_ID ) VALUES ( 
255, 55, 'MSBar2D Chart Misc Element', 'N', 1, 1); 
INSERT INTO PROPERTY_INST_GROUP ( PIG_ID, PDG_ID, PIG_NAME, PIG_DELETE_FL, PIG_VERSION_ID,
PTN_ID ) VALUES ( 
256, 56, 'MSBar2D Set Element', 'N', 1, 1); 
INSERT INTO PROPERTY_INST_GROUP ( PIG_ID, PDG_ID, PIG_NAME, PIG_DELETE_FL, PIG_VERSION_ID,
PTN_ID ) VALUES ( 
257, 60, 'Common Trendline Element', 'N', 1, 1); 
INSERT INTO PROPERTY_INST_GROUP ( PIG_ID, PDG_ID, PIG_NAME, PIG_DELETE_FL, PIG_VERSION_ID,
PTN_ID ) VALUES ( 
258, 60, 'Common Trendline Element', 'N', 1, 1); 
INSERT INTO PROPERTY_INST_GROUP ( PIG_ID, PDG_ID, PIG_NAME, PIG_DELETE_FL, PIG_VERSION_ID,
PTN_ID ) VALUES ( 
241, 59, 'MSBar2D Categories Element', 'N', 1, 1); 
INSERT INTO PROPERTY_INST_GROUP ( PIG_ID, PDG_ID, PIG_NAME, PIG_DELETE_FL, PIG_VERSION_ID,
PTN_ID ) VALUES ( 
242, 54, 'MSBar2D Chart Axes Element', 'N', 1, 1); 
INSERT INTO PROPERTY_INST_GROUP ( PIG_ID, PDG_ID, PIG_NAME, PIG_DELETE_FL, PIG_VERSION_ID,
PTN_ID ) VALUES ( 
243, 55, 'MSBar2D Chart Misc Element', 'N', 1, 1); 
INSERT INTO PROPERTY_INST_GROUP ( PIG_ID, PDG_ID, PIG_NAME, PIG_DELETE_FL, PIG_VERSION_ID,
PTN_ID ) VALUES ( 
244, 56, 'MSBar2D Set Element', 'N', 1, 1); 
INSERT INTO PROPERTY_INST_GROUP ( PIG_ID, PDG_ID, PIG_NAME, PIG_DELETE_FL, PIG_VERSION_ID,
PTN_ID ) VALUES ( 
245, 60, 'Common Trendline Element', 'N', 1, 1); 
INSERT INTO PROPERTY_INST_GROUP ( PIG_ID, PDG_ID, PIG_NAME, PIG_DELETE_FL, PIG_VERSION_ID,
PTN_ID ) VALUES ( 
246, 60, 'Common Trendline Element', 'N', 1, 1); 
INSERT INTO PROPERTY_INST_GROUP ( PIG_ID, PDG_ID, PIG_NAME, PIG_DELETE_FL, PIG_VERSION_ID,
PTN_ID ) VALUES ( 
259, 100, 'MSLine Categories Element', 'N', 1, 1); 
INSERT INTO PROPERTY_INST_GROUP ( PIG_ID, PDG_ID, PIG_NAME, PIG_DELETE_FL, PIG_VERSION_ID,
PTN_ID ) VALUES ( 
260, 95, 'MSLine Chart Axes Element', 'N', 1, 1); 
INSERT INTO PROPERTY_INST_GROUP ( PIG_ID, PDG_ID, PIG_NAME, PIG_DELETE_FL, PIG_VERSION_ID,
PTN_ID ) VALUES ( 
261, 96, 'MSLine Chart Misc Element', 'N', 1, 1); 
INSERT INTO PROPERTY_INST_GROUP ( PIG_ID, PDG_ID, PIG_NAME, PIG_DELETE_FL, PIG_VERSION_ID,
PTN_ID ) VALUES ( 
262, 97, 'MSLine Set Element', 'N', 1, 1); 
INSERT INTO PROPERTY_INST_GROUP ( PIG_ID, PDG_ID, PIG_NAME, PIG_DELETE_FL, PIG_VERSION_ID,
PTN_ID ) VALUES ( 
263, 101, 'Common Trendline Element', 'N', 1, 1); 
INSERT INTO PROPERTY_INST_GROUP ( PIG_ID, PDG_ID, PIG_NAME, PIG_DELETE_FL, PIG_VERSION_ID,
PTN_ID ) VALUES ( 
264, 101, 'Common Trendline Element', 'N', 1, 1); 
INSERT INTO PROPERTY_INST_GROUP ( PIG_ID, PDG_ID, PIG_NAME, PIG_DELETE_FL, PIG_VERSION_ID,
PTN_ID ) VALUES ( 
271, 59, 'MSBar2D Categories Element', 'N', 1, 1); 
INSERT INTO PROPERTY_INST_GROUP ( PIG_ID, PDG_ID, PIG_NAME, PIG_DELETE_FL, PIG_VERSION_ID,
PTN_ID ) VALUES ( 
272, 54, 'MSBar2D Chart Axes Element', 'N', 1, 1); 
INSERT INTO PROPERTY_INST_GROUP ( PIG_ID, PDG_ID, PIG_NAME, PIG_DELETE_FL, PIG_VERSION_ID,
PTN_ID ) VALUES ( 
273, 55, 'MSBar2D Chart Misc Element', 'N', 1, 1); 
INSERT INTO PROPERTY_INST_GROUP ( PIG_ID, PDG_ID, PIG_NAME, PIG_DELETE_FL, PIG_VERSION_ID,
PTN_ID ) VALUES ( 
274, 56, 'MSBar2D Set Element', 'N', 1, 1); 
INSERT INTO PROPERTY_INST_GROUP ( PIG_ID, PDG_ID, PIG_NAME, PIG_DELETE_FL, PIG_VERSION_ID,
PTN_ID ) VALUES ( 
275, 60, 'Common Trendline Element', 'N', 1, 1); 
INSERT INTO PROPERTY_INST_GROUP ( PIG_ID, PDG_ID, PIG_NAME, PIG_DELETE_FL, PIG_VERSION_ID,
PTN_ID ) VALUES ( 
276, 60, 'Common Trendline Element', 'N', 1, 1); 
INSERT INTO PROPERTY_INST_GROUP ( PIG_ID, PDG_ID, PIG_NAME, PIG_DELETE_FL, PIG_VERSION_ID,
PTN_ID ) VALUES ( 
278, 61, 'Column2D Chart Axes Element', 'N', 1, 1); 
INSERT INTO PROPERTY_INST_GROUP ( PIG_ID, PDG_ID, PIG_NAME, PIG_DELETE_FL, PIG_VERSION_ID,
PTN_ID ) VALUES ( 
279, 62, 'Column2D Chart Misc Element', 'N', 1, 1); 
INSERT INTO PROPERTY_INST_GROUP ( PIG_ID, PDG_ID, PIG_NAME, PIG_DELETE_FL, PIG_VERSION_ID,
PTN_ID ) VALUES ( 
280, 63, 'Column2D Set Element', 'N', 1, 1); 
INSERT INTO PROPERTY_INST_GROUP ( PIG_ID, PDG_ID, PIG_NAME, PIG_DELETE_FL, PIG_VERSION_ID,
PTN_ID ) VALUES ( 
281, 64, 'Common Trendline Element', 'N', 1, 1); 
INSERT INTO PROPERTY_INST_GROUP ( PIG_ID, PDG_ID, PIG_NAME, PIG_DELETE_FL, PIG_VERSION_ID,
PTN_ID ) VALUES ( 
282, 64, 'Common Trendline Element', 'N', 1, 1); 
INSERT INTO PROPERTY_INST_GROUP ( PIG_ID, PDG_ID, PIG_NAME, PIG_DELETE_FL, PIG_VERSION_ID,
PTN_ID ) VALUES ( 
247, 100, 'MSLine Categories Element', 'N', 1, 1); 
INSERT INTO PROPERTY_INST_GROUP ( PIG_ID, PDG_ID, PIG_NAME, PIG_DELETE_FL, PIG_VERSION_ID,
PTN_ID ) VALUES ( 
248, 95, 'MSLine Chart Axes Element', 'N', 1, 1); 
INSERT INTO PROPERTY_INST_GROUP ( PIG_ID, PDG_ID, PIG_NAME, PIG_DELETE_FL, PIG_VERSION_ID,
PTN_ID ) VALUES ( 
249, 96, 'MSLine Chart Misc Element', 'N', 1, 1); 
INSERT INTO PROPERTY_INST_GROUP ( PIG_ID, PDG_ID, PIG_NAME, PIG_DELETE_FL, PIG_VERSION_ID,
PTN_ID ) VALUES ( 
250, 97, 'MSLine Set Element', 'N', 1, 1); 
INSERT INTO PROPERTY_INST_GROUP ( PIG_ID, PDG_ID, PIG_NAME, PIG_DELETE_FL, PIG_VERSION_ID,
PTN_ID ) VALUES ( 
251, 101, 'Common Trendline Element', 'N', 1, 1); 
INSERT INTO PROPERTY_INST_GROUP ( PIG_ID, PDG_ID, PIG_NAME, PIG_DELETE_FL, PIG_VERSION_ID,
PTN_ID ) VALUES ( 
252, 101, 'Common Trendline Element', 'N', 1, 1); 
INSERT INTO PROPERTY_INST_GROUP ( PIG_ID, PDG_ID, PIG_NAME, PIG_DELETE_FL, PIG_VERSION_ID,
PTN_ID ) VALUES ( 
277, 33, 'User Properties', 'N', 2, 1); 
INSERT INTO PROPERTY_INST_GROUP ( PIG_ID, PDG_ID, PIG_NAME, PIG_DELETE_FL, PIG_VERSION_ID,
PTN_ID ) VALUES ( 
293, 91, 'Line Chart Axes Element', 'N', 1, 1); 
INSERT INTO PROPERTY_INST_GROUP ( PIG_ID, PDG_ID, PIG_NAME, PIG_DELETE_FL, PIG_VERSION_ID,
PTN_ID ) VALUES ( 
294, 92, 'Line Chart Misc Element', 'N', 1, 1); 
INSERT INTO PROPERTY_INST_GROUP ( PIG_ID, PDG_ID, PIG_NAME, PIG_DELETE_FL, PIG_VERSION_ID,
PTN_ID ) VALUES ( 
295, 93, 'Line Set Element', 'N', 1, 1); 
INSERT INTO PROPERTY_INST_GROUP ( PIG_ID, PDG_ID, PIG_NAME, PIG_DELETE_FL, PIG_VERSION_ID,
PTN_ID ) VALUES ( 
296, 94, 'Common Trendline Element', 'N', 1, 1); 
INSERT INTO PROPERTY_INST_GROUP ( PIG_ID, PDG_ID, PIG_NAME, PIG_DELETE_FL, PIG_VERSION_ID,
PTN_ID ) VALUES ( 
297, 94, 'Common Trendline Element', 'N', 1, 1); 
INSERT INTO PROPERTY_INST_GROUP ( PIG_ID, PDG_ID, PIG_NAME, PIG_DELETE_FL, PIG_VERSION_ID,
PTN_ID ) VALUES ( 
1, 12, 'MS SQL-Server Properties', 'N', 1, 1); 
INSERT INTO PROPERTY_INST_GROUP ( PIG_ID, PDG_ID, PIG_NAME, PIG_DELETE_FL, PIG_VERSION_ID,
PTN_ID ) VALUES ( 
2, 12, 'Oracle 9 Properties', 'N', 1, 1); 
INSERT INTO PROPERTY_INST_GROUP ( PIG_ID, PDG_ID, PIG_NAME, PIG_DELETE_FL, PIG_VERSION_ID,
PTN_ID ) VALUES ( 
3, 27, 'Standard User Password Validation Properties', 'N', 1, 1); 
INSERT INTO PROPERTY_INST_GROUP ( PIG_ID, PDG_ID, PIG_NAME, PIG_DELETE_FL, PIG_VERSION_ID,
PTN_ID ) VALUES ( 
4, 26, 'Standard User Name Validation Properties', 'N', 1, 1); 
INSERT INTO PROPERTY_INST_GROUP ( PIG_ID, PDG_ID, PIG_NAME, PIG_DELETE_FL, PIG_VERSION_ID,
PTN_ID ) VALUES ( 
5, 33, 'Administrator User Properties', 'N', 2, 1); 
INSERT INTO PROPERTY_INST_GROUP ( PIG_ID, PDG_ID, PIG_NAME, PIG_DELETE_FL, PIG_VERSION_ID,
PTN_ID ) VALUES ( 
6, 29, 'SystemProperties', 'N', 2, 1); 
INSERT INTO PROPERTY_INST_GROUP ( PIG_ID, PDG_ID, PIG_NAME, PIG_DELETE_FL, PIG_VERSION_ID,
PTN_ID ) VALUES ( 
7, 25, 'ServerProperties', 'N', 2, 1); 
INSERT INTO PROPERTY_INST_GROUP ( PIG_ID, PDG_ID, PIG_NAME, PIG_DELETE_FL, PIG_VERSION_ID,
PTN_ID ) VALUES ( 
8, 1, 'ClientProperties', 'N', 2, 1); 
INSERT INTO PROPERTY_INST_GROUP ( PIG_ID, PDG_ID, PIG_NAME, PIG_DELETE_FL, PIG_VERSION_ID,
PTN_ID ) VALUES ( 
103, 151, 'Angular Guage Chart Element', 'N', 1, 1); 
INSERT INTO PROPERTY_INST_GROUP ( PIG_ID, PDG_ID, PIG_NAME, PIG_DELETE_FL, PIG_VERSION_ID,
PTN_ID ) VALUES ( 
104, 151, 'Angular Guage Chart Element', 'N', 1, 1); 
INSERT INTO PROPERTY_INST_GROUP ( PIG_ID, PDG_ID, PIG_NAME, PIG_DELETE_FL, PIG_VERSION_ID,
PTN_ID ) VALUES ( 
105, 151, 'Angular Guage Chart Element', 'N', 1, 1); 
INSERT INTO PROPERTY_INST_GROUP ( PIG_ID, PDG_ID, PIG_NAME, PIG_DELETE_FL, PIG_VERSION_ID,
PTN_ID ) VALUES ( 
106, 151, 'Angular Guage Chart Element', 'N', 1, 1); 
INSERT INTO PROPERTY_INST_GROUP ( PIG_ID, PDG_ID, PIG_NAME, PIG_DELETE_FL, PIG_VERSION_ID,
PTN_ID ) VALUES ( 
107, 151, 'Angular Guage Chart Element', 'N', 1, 1); 
INSERT INTO PROPERTY_INST_GROUP ( PIG_ID, PDG_ID, PIG_NAME, PIG_DELETE_FL, PIG_VERSION_ID,
PTN_ID ) VALUES ( 
134, 87, 'Pie2D Chart Element', 'N', 1, 1); 
INSERT INTO PROPERTY_INST_GROUP ( PIG_ID, PDG_ID, PIG_NAME, PIG_DELETE_FL, PIG_VERSION_ID,
PTN_ID ) VALUES ( 
135, 87, 'Pie2D Chart Element', 'N', 1, 1); 
INSERT INTO PROPERTY_INST_GROUP ( PIG_ID, PDG_ID, PIG_NAME, PIG_DELETE_FL, PIG_VERSION_ID,
PTN_ID ) VALUES ( 
152, 87, 'Pie2D Chart Element', 'N', 1, 1); 
INSERT INTO PROPERTY_INST_GROUP ( PIG_ID, PDG_ID, PIG_NAME, PIG_DELETE_FL, PIG_VERSION_ID,
PTN_ID ) VALUES ( 
153, 87, 'Pie2D Chart Element', 'N', 1, 1); 
INSERT INTO PROPERTY_INST_GROUP ( PIG_ID, PDG_ID, PIG_NAME, PIG_DELETE_FL, PIG_VERSION_ID,
PTN_ID ) VALUES ( 
165, 91, 'Line Chart Axes Element', 'N', 1, 1); 
INSERT INTO PROPERTY_INST_GROUP ( PIG_ID, PDG_ID, PIG_NAME, PIG_DELETE_FL, PIG_VERSION_ID,
PTN_ID ) VALUES ( 
166, 92, 'Line Chart Misc Element', 'N', 1, 1); 
INSERT INTO PROPERTY_INST_GROUP ( PIG_ID, PDG_ID, PIG_NAME, PIG_DELETE_FL, PIG_VERSION_ID,
PTN_ID ) VALUES ( 
167, 93, 'Line Set Element', 'N', 1, 1); 
INSERT INTO PROPERTY_INST_GROUP ( PIG_ID, PDG_ID, PIG_NAME, PIG_DELETE_FL, PIG_VERSION_ID,
PTN_ID ) VALUES ( 
168, 94, 'Common Trendline Element', 'N', 1, 1); 
INSERT INTO PROPERTY_INST_GROUP ( PIG_ID, PDG_ID, PIG_NAME, PIG_DELETE_FL, PIG_VERSION_ID,
PTN_ID ) VALUES ( 
169, 94, 'Common Trendline Element', 'N', 1, 1); 
INSERT INTO PROPERTY_INST_GROUP ( PIG_ID, PDG_ID, PIG_NAME, PIG_DELETE_FL, PIG_VERSION_ID,
PTN_ID ) VALUES ( 
170, 91, 'Line Chart Axes Element', 'N', 1, 1); 
INSERT INTO PROPERTY_INST_GROUP ( PIG_ID, PDG_ID, PIG_NAME, PIG_DELETE_FL, PIG_VERSION_ID,
PTN_ID ) VALUES ( 
171, 92, 'Line Chart Misc Element', 'N', 1, 1); 
INSERT INTO PROPERTY_INST_GROUP ( PIG_ID, PDG_ID, PIG_NAME, PIG_DELETE_FL, PIG_VERSION_ID,
PTN_ID ) VALUES ( 
172, 93, 'Line Set Element', 'N', 1, 1); 
INSERT INTO PROPERTY_INST_GROUP ( PIG_ID, PDG_ID, PIG_NAME, PIG_DELETE_FL, PIG_VERSION_ID,
PTN_ID ) VALUES ( 
173, 94, 'Common Trendline Element', 'N', 1, 1); 
INSERT INTO PROPERTY_INST_GROUP ( PIG_ID, PDG_ID, PIG_NAME, PIG_DELETE_FL, PIG_VERSION_ID,
PTN_ID ) VALUES ( 
174, 94, 'Common Trendline Element', 'N', 1, 1); 
INSERT INTO PROPERTY_INST_GROUP ( PIG_ID, PDG_ID, PIG_NAME, PIG_DELETE_FL, PIG_VERSION_ID,
PTN_ID ) VALUES ( 
175, 100, 'MSLine Categories Element', 'N', 1, 1); 
INSERT INTO PROPERTY_INST_GROUP ( PIG_ID, PDG_ID, PIG_NAME, PIG_DELETE_FL, PIG_VERSION_ID,
PTN_ID ) VALUES ( 
176, 95, 'MSLine Chart Axes Element', 'N', 1, 1); 
INSERT INTO PROPERTY_INST_GROUP ( PIG_ID, PDG_ID, PIG_NAME, PIG_DELETE_FL, PIG_VERSION_ID,
PTN_ID ) VALUES ( 
177, 96, 'MSLine Chart Misc Element', 'N', 1, 1); 
INSERT INTO PROPERTY_INST_GROUP ( PIG_ID, PDG_ID, PIG_NAME, PIG_DELETE_FL, PIG_VERSION_ID,
PTN_ID ) VALUES ( 
178, 97, 'MSLine Set Element', 'N', 1, 1); 
INSERT INTO PROPERTY_INST_GROUP ( PIG_ID, PDG_ID, PIG_NAME, PIG_DELETE_FL, PIG_VERSION_ID,
PTN_ID ) VALUES ( 
179, 101, 'Common Trendline Element', 'N', 1, 1); 
INSERT INTO PROPERTY_INST_GROUP ( PIG_ID, PDG_ID, PIG_NAME, PIG_DELETE_FL, PIG_VERSION_ID,
PTN_ID ) VALUES ( 
180, 101, 'Common Trendline Element', 'N', 1, 1); 
INSERT INTO PROPERTY_INST_GROUP ( PIG_ID, PDG_ID, PIG_NAME, PIG_DELETE_FL, PIG_VERSION_ID,
PTN_ID ) VALUES ( 
181, 70, 'MSColumn2D Categories Element', 'N', 1, 1); 
INSERT INTO PROPERTY_INST_GROUP ( PIG_ID, PDG_ID, PIG_NAME, PIG_DELETE_FL, PIG_VERSION_ID,
PTN_ID ) VALUES ( 
182, 65, 'MSColumn2D Chart Axes Element', 'N', 1, 1); 
INSERT INTO PROPERTY_INST_GROUP ( PIG_ID, PDG_ID, PIG_NAME, PIG_DELETE_FL, PIG_VERSION_ID,
PTN_ID ) VALUES ( 
183, 66, 'MSColumn2D Chart Misc Element', 'N', 1, 1); 
INSERT INTO PROPERTY_INST_GROUP ( PIG_ID, PDG_ID, PIG_NAME, PIG_DELETE_FL, PIG_VERSION_ID,
PTN_ID ) VALUES ( 
184, 67, 'MSColumn2D Set Element', 'N', 1, 1); 
INSERT INTO PROPERTY_INST_GROUP ( PIG_ID, PDG_ID, PIG_NAME, PIG_DELETE_FL, PIG_VERSION_ID,
PTN_ID ) VALUES ( 
185, 71, 'Common Trendline Element', 'N', 1, 1); 
INSERT INTO PROPERTY_INST_GROUP ( PIG_ID, PDG_ID, PIG_NAME, PIG_DELETE_FL, PIG_VERSION_ID,
PTN_ID ) VALUES ( 
186, 71, 'Common Trendline Element', 'N', 1, 1); 
INSERT INTO PROPERTY_INST_GROUP ( PIG_ID, PDG_ID, PIG_NAME, PIG_DELETE_FL, PIG_VERSION_ID,
PTN_ID ) VALUES ( 
187, 61, 'Column2D Chart Axes Element', 'N', 1, 1); 
INSERT INTO PROPERTY_INST_GROUP ( PIG_ID, PDG_ID, PIG_NAME, PIG_DELETE_FL, PIG_VERSION_ID,
PTN_ID ) VALUES ( 
188, 62, 'Column2D Chart Misc Element', 'N', 1, 1); 
INSERT INTO PROPERTY_INST_GROUP ( PIG_ID, PDG_ID, PIG_NAME, PIG_DELETE_FL, PIG_VERSION_ID,
PTN_ID ) VALUES ( 
189, 63, 'Column2D Set Element', 'N', 1, 1); 
INSERT INTO PROPERTY_INST_GROUP ( PIG_ID, PDG_ID, PIG_NAME, PIG_DELETE_FL, PIG_VERSION_ID,
PTN_ID ) VALUES ( 
190, 64, 'Common Trendline Element', 'N', 1, 1); 
INSERT INTO PROPERTY_INST_GROUP ( PIG_ID, PDG_ID, PIG_NAME, PIG_DELETE_FL, PIG_VERSION_ID,
PTN_ID ) VALUES ( 
191, 64, 'Common Trendline Element', 'N', 1, 1); 
INSERT INTO PROPERTY_INST_GROUP ( PIG_ID, PDG_ID, PIG_NAME, PIG_DELETE_FL, PIG_VERSION_ID,
PTN_ID ) VALUES ( 
192, 50, 'Bar2D Chart Axes Element', 'N', 1, 1); 
INSERT INTO PROPERTY_INST_GROUP ( PIG_ID, PDG_ID, PIG_NAME, PIG_DELETE_FL, PIG_VERSION_ID,
PTN_ID ) VALUES ( 
193, 51, 'Bar2D Misc Element', 'N', 1, 1); 
INSERT INTO PROPERTY_INST_GROUP ( PIG_ID, PDG_ID, PIG_NAME, PIG_DELETE_FL, PIG_VERSION_ID,
PTN_ID ) VALUES ( 
194, 52, 'Bar2D Set Element', 'N', 1, 1); 
INSERT INTO PROPERTY_INST_GROUP ( PIG_ID, PDG_ID, PIG_NAME, PIG_DELETE_FL, PIG_VERSION_ID,
PTN_ID ) VALUES ( 
195, 53, 'Common Trendline Element', 'N', 1, 1); 
INSERT INTO PROPERTY_INST_GROUP ( PIG_ID, PDG_ID, PIG_NAME, PIG_DELETE_FL, PIG_VERSION_ID,
PTN_ID ) VALUES ( 
196, 53, 'Common Trendline Element', 'N', 1, 1); 
INSERT INTO PROPERTY_INST_GROUP ( PIG_ID, PDG_ID, PIG_NAME, PIG_DELETE_FL, PIG_VERSION_ID,
PTN_ID ) VALUES ( 
197, 50, 'Bar2D Chart Axes Element', 'N', 1, 1); 
INSERT INTO PROPERTY_INST_GROUP ( PIG_ID, PDG_ID, PIG_NAME, PIG_DELETE_FL, PIG_VERSION_ID,
PTN_ID ) VALUES ( 
198, 51, 'Bar2D Misc Element', 'N', 1, 1); 
INSERT INTO PROPERTY_INST_GROUP ( PIG_ID, PDG_ID, PIG_NAME, PIG_DELETE_FL, PIG_VERSION_ID,
PTN_ID ) VALUES ( 
199, 52, 'Bar2D Set Element', 'N', 1, 1); 
INSERT INTO PROPERTY_INST_GROUP ( PIG_ID, PDG_ID, PIG_NAME, PIG_DELETE_FL, PIG_VERSION_ID,
PTN_ID ) VALUES ( 
200, 53, 'Common Trendline Element', 'N', 1, 1); 
INSERT INTO PROPERTY_INST_GROUP ( PIG_ID, PDG_ID, PIG_NAME, PIG_DELETE_FL, PIG_VERSION_ID,
PTN_ID ) VALUES ( 
201, 53, 'Common Trendline Element', 'N', 1, 1); 
INSERT INTO PROPERTY_INST_GROUP ( PIG_ID, PDG_ID, PIG_NAME, PIG_DELETE_FL, PIG_VERSION_ID,
PTN_ID ) VALUES ( 
202, 61, 'Column2D Chart Axes Element', 'N', 1, 1); 
INSERT INTO PROPERTY_INST_GROUP ( PIG_ID, PDG_ID, PIG_NAME, PIG_DELETE_FL, PIG_VERSION_ID,
PTN_ID ) VALUES ( 
203, 62, 'Column2D Chart Misc Element', 'N', 1, 1); 
INSERT INTO PROPERTY_INST_GROUP ( PIG_ID, PDG_ID, PIG_NAME, PIG_DELETE_FL, PIG_VERSION_ID,
PTN_ID ) VALUES ( 
204, 63, 'Column2D Set Element', 'N', 1, 1); 
INSERT INTO PROPERTY_INST_GROUP ( PIG_ID, PDG_ID, PIG_NAME, PIG_DELETE_FL, PIG_VERSION_ID,
PTN_ID ) VALUES ( 
205, 64, 'Common Trendline Element', 'N', 1, 1); 
INSERT INTO PROPERTY_INST_GROUP ( PIG_ID, PDG_ID, PIG_NAME, PIG_DELETE_FL, PIG_VERSION_ID,
PTN_ID ) VALUES ( 
206, 64, 'Common Trendline Element', 'N', 1, 1); 
INSERT INTO PROPERTY_INST_GROUP ( PIG_ID, PDG_ID, PIG_NAME, PIG_DELETE_FL, PIG_VERSION_ID,
PTN_ID ) VALUES ( 
207, 50, 'Bar2D Chart Axes Element', 'N', 1, 1); 
INSERT INTO PROPERTY_INST_GROUP ( PIG_ID, PDG_ID, PIG_NAME, PIG_DELETE_FL, PIG_VERSION_ID,
PTN_ID ) VALUES ( 
208, 51, 'Bar2D Misc Element', 'N', 1, 1); 
INSERT INTO PROPERTY_INST_GROUP ( PIG_ID, PDG_ID, PIG_NAME, PIG_DELETE_FL, PIG_VERSION_ID,
PTN_ID ) VALUES ( 
209, 52, 'Bar2D Set Element', 'N', 1, 1); 
INSERT INTO PROPERTY_INST_GROUP ( PIG_ID, PDG_ID, PIG_NAME, PIG_DELETE_FL, PIG_VERSION_ID,
PTN_ID ) VALUES ( 
210, 53, 'Common Trendline Element', 'N', 1, 1); 
INSERT INTO PROPERTY_INST_GROUP ( PIG_ID, PDG_ID, PIG_NAME, PIG_DELETE_FL, PIG_VERSION_ID,
PTN_ID ) VALUES ( 
211, 53, 'Common Trendline Element', 'N', 1, 1); 
INSERT INTO PROPERTY_INST_GROUP ( PIG_ID, PDG_ID, PIG_NAME, PIG_DELETE_FL, PIG_VERSION_ID,
PTN_ID ) VALUES ( 
212, 61, 'Column2D Chart Axes Element', 'N', 1, 1); 
INSERT INTO PROPERTY_INST_GROUP ( PIG_ID, PDG_ID, PIG_NAME, PIG_DELETE_FL, PIG_VERSION_ID,
PTN_ID ) VALUES ( 
213, 62, 'Column2D Chart Misc Element', 'N', 1, 1); 
INSERT INTO PROPERTY_INST_GROUP ( PIG_ID, PDG_ID, PIG_NAME, PIG_DELETE_FL, PIG_VERSION_ID,
PTN_ID ) VALUES ( 
214, 63, 'Column2D Set Element', 'N', 1, 1); 
INSERT INTO PROPERTY_INST_GROUP ( PIG_ID, PDG_ID, PIG_NAME, PIG_DELETE_FL, PIG_VERSION_ID,
PTN_ID ) VALUES ( 
215, 64, 'Common Trendline Element', 'N', 1, 1); 
INSERT INTO PROPERTY_INST_GROUP ( PIG_ID, PDG_ID, PIG_NAME, PIG_DELETE_FL, PIG_VERSION_ID,
PTN_ID ) VALUES ( 
216, 64, 'Common Trendline Element', 'N', 1, 1); 
INSERT INTO PROPERTY_INST_GROUP ( PIG_ID, PDG_ID, PIG_NAME, PIG_DELETE_FL, PIG_VERSION_ID,
PTN_ID ) VALUES ( 
217, 70, 'MSColumn2D Categories Element', 'N', 1, 1); 
INSERT INTO PROPERTY_INST_GROUP ( PIG_ID, PDG_ID, PIG_NAME, PIG_DELETE_FL, PIG_VERSION_ID,
PTN_ID ) VALUES ( 
218, 65, 'MSColumn2D Chart Axes Element', 'N', 1, 1); 
INSERT INTO PROPERTY_INST_GROUP ( PIG_ID, PDG_ID, PIG_NAME, PIG_DELETE_FL, PIG_VERSION_ID,
PTN_ID ) VALUES ( 
219, 66, 'MSColumn2D Chart Misc Element', 'N', 1, 1); 
INSERT INTO PROPERTY_INST_GROUP ( PIG_ID, PDG_ID, PIG_NAME, PIG_DELETE_FL, PIG_VERSION_ID,
PTN_ID ) VALUES ( 
220, 67, 'MSColumn2D Set Element', 'N', 1, 1); 
INSERT INTO PROPERTY_INST_GROUP ( PIG_ID, PDG_ID, PIG_NAME, PIG_DELETE_FL, PIG_VERSION_ID,
PTN_ID ) VALUES ( 
221, 71, 'Common Trendline Element', 'N', 1, 1); 
INSERT INTO PROPERTY_INST_GROUP ( PIG_ID, PDG_ID, PIG_NAME, PIG_DELETE_FL, PIG_VERSION_ID,
PTN_ID ) VALUES ( 
222, 71, 'Common Trendline Element', 'N', 1, 1); 
INSERT INTO PROPERTY_INST_GROUP ( PIG_ID, PDG_ID, PIG_NAME, PIG_DELETE_FL, PIG_VERSION_ID,
PTN_ID ) VALUES ( 
223, 70, 'MSColumn2D Categories Element', 'N', 1, 1); 
INSERT INTO PROPERTY_INST_GROUP ( PIG_ID, PDG_ID, PIG_NAME, PIG_DELETE_FL, PIG_VERSION_ID,
PTN_ID ) VALUES ( 
224, 65, 'MSColumn2D Chart Axes Element', 'N', 1, 1); 
INSERT INTO PROPERTY_INST_GROUP ( PIG_ID, PDG_ID, PIG_NAME, PIG_DELETE_FL, PIG_VERSION_ID,
PTN_ID ) VALUES ( 
225, 66, 'MSColumn2D Chart Misc Element', 'N', 1, 1); 
INSERT INTO PROPERTY_INST_GROUP ( PIG_ID, PDG_ID, PIG_NAME, PIG_DELETE_FL, PIG_VERSION_ID,
PTN_ID ) VALUES ( 
226, 67, 'MSColumn2D Set Element', 'N', 1, 1); 
INSERT INTO PROPERTY_INST_GROUP ( PIG_ID, PDG_ID, PIG_NAME, PIG_DELETE_FL, PIG_VERSION_ID,
PTN_ID ) VALUES ( 
227, 71, 'Common Trendline Element', 'N', 1, 1); 
INSERT INTO PROPERTY_INST_GROUP ( PIG_ID, PDG_ID, PIG_NAME, PIG_DELETE_FL, PIG_VERSION_ID,
PTN_ID ) VALUES ( 
228, 71, 'Common Trendline Element', 'N', 1, 1); 
INSERT INTO PROPERTY_INST_GROUP ( PIG_ID, PDG_ID, PIG_NAME, PIG_DELETE_FL, PIG_VERSION_ID,
PTN_ID ) VALUES ( 
229, 61, 'Column2D Chart Axes Element', 'N', 1, 1); 
INSERT INTO PROPERTY_INST_GROUP ( PIG_ID, PDG_ID, PIG_NAME, PIG_DELETE_FL, PIG_VERSION_ID,
PTN_ID ) VALUES ( 
230, 62, 'Column2D Chart Misc Element', 'N', 1, 1); 
INSERT INTO PROPERTY_INST_GROUP ( PIG_ID, PDG_ID, PIG_NAME, PIG_DELETE_FL, PIG_VERSION_ID,
PTN_ID ) VALUES ( 
231, 63, 'Column2D Set Element', 'N', 1, 1); 
INSERT INTO PROPERTY_INST_GROUP ( PIG_ID, PDG_ID, PIG_NAME, PIG_DELETE_FL, PIG_VERSION_ID,
PTN_ID ) VALUES ( 
232, 64, 'Common Trendline Element', 'N', 1, 1); 
INSERT INTO PROPERTY_INST_GROUP ( PIG_ID, PDG_ID, PIG_NAME, PIG_DELETE_FL, PIG_VERSION_ID,
PTN_ID ) VALUES ( 
233, 64, 'Common Trendline Element', 'N', 1, 1); 
INSERT INTO PROPERTY_INST_GROUP ( PIG_ID, PDG_ID, PIG_NAME, PIG_DELETE_FL, PIG_VERSION_ID,
PTN_ID ) VALUES ( 
235, 59, 'MSBar2D Categories Element', 'N', 1, 1); 
INSERT INTO PROPERTY_INST_GROUP ( PIG_ID, PDG_ID, PIG_NAME, PIG_DELETE_FL, PIG_VERSION_ID,
PTN_ID ) VALUES ( 
236, 54, 'MSBar2D Chart Axes Element', 'N', 1, 1); 
INSERT INTO PROPERTY_INST_GROUP ( PIG_ID, PDG_ID, PIG_NAME, PIG_DELETE_FL, PIG_VERSION_ID,
PTN_ID ) VALUES ( 
237, 55, 'MSBar2D Chart Misc Element', 'N', 1, 1); 
INSERT INTO PROPERTY_INST_GROUP ( PIG_ID, PDG_ID, PIG_NAME, PIG_DELETE_FL, PIG_VERSION_ID,
PTN_ID ) VALUES ( 
238, 56, 'MSBar2D Set Element', 'N', 1, 1); 
INSERT INTO PROPERTY_INST_GROUP ( PIG_ID, PDG_ID, PIG_NAME, PIG_DELETE_FL, PIG_VERSION_ID,
PTN_ID ) VALUES ( 
239, 60, 'Common Trendline Element', 'N', 1, 1); 
INSERT INTO PROPERTY_INST_GROUP ( PIG_ID, PDG_ID, PIG_NAME, PIG_DELETE_FL, PIG_VERSION_ID,
PTN_ID ) VALUES ( 
240, 60, 'Common Trendline Element', 'N', 1, 1); 
INSERT INTO PROPERTY_INST_GROUP ( PIG_ID, PDG_ID, PIG_NAME, PIG_DELETE_FL, PIG_VERSION_ID,
PTN_ID ) VALUES ( 
265, 100, 'MSLine Categories Element', 'N', 1, 1); 
INSERT INTO PROPERTY_INST_GROUP ( PIG_ID, PDG_ID, PIG_NAME, PIG_DELETE_FL, PIG_VERSION_ID,
PTN_ID ) VALUES ( 
266, 95, 'MSLine Chart Axes Element', 'N', 1, 1); 
INSERT INTO PROPERTY_INST_GROUP ( PIG_ID, PDG_ID, PIG_NAME, PIG_DELETE_FL, PIG_VERSION_ID,
PTN_ID ) VALUES ( 
267, 96, 'MSLine Chart Misc Element', 'N', 1, 1); 
INSERT INTO PROPERTY_INST_GROUP ( PIG_ID, PDG_ID, PIG_NAME, PIG_DELETE_FL, PIG_VERSION_ID,
PTN_ID ) VALUES ( 
268, 97, 'MSLine Set Element', 'N', 1, 1); 
INSERT INTO PROPERTY_INST_GROUP ( PIG_ID, PDG_ID, PIG_NAME, PIG_DELETE_FL, PIG_VERSION_ID,
PTN_ID ) VALUES ( 
269, 101, 'Common Trendline Element', 'N', 1, 1); 
INSERT INTO PROPERTY_INST_GROUP ( PIG_ID, PDG_ID, PIG_NAME, PIG_DELETE_FL, PIG_VERSION_ID,
PTN_ID ) VALUES ( 
270, 101, 'Common Trendline Element', 'N', 1, 1); 
INSERT INTO PROPERTY_INST_GROUP ( PIG_ID, PDG_ID, PIG_NAME, PIG_DELETE_FL, PIG_VERSION_ID,
PTN_ID ) VALUES ( 
283, 61, 'Column2D Chart Axes Element', 'N', 1, 1); 
INSERT INTO PROPERTY_INST_GROUP ( PIG_ID, PDG_ID, PIG_NAME, PIG_DELETE_FL, PIG_VERSION_ID,
PTN_ID ) VALUES ( 
284, 62, 'Column2D Chart Misc Element', 'N', 1, 1); 
INSERT INTO PROPERTY_INST_GROUP ( PIG_ID, PDG_ID, PIG_NAME, PIG_DELETE_FL, PIG_VERSION_ID,
PTN_ID ) VALUES ( 
285, 63, 'Column2D Set Element', 'N', 1, 1); 
INSERT INTO PROPERTY_INST_GROUP ( PIG_ID, PDG_ID, PIG_NAME, PIG_DELETE_FL, PIG_VERSION_ID,
PTN_ID ) VALUES ( 
286, 64, 'Common Trendline Element', 'N', 1, 1); 
INSERT INTO PROPERTY_INST_GROUP ( PIG_ID, PDG_ID, PIG_NAME, PIG_DELETE_FL, PIG_VERSION_ID,
PTN_ID ) VALUES ( 
287, 64, 'Common Trendline Element', 'N', 1, 1); 
INSERT INTO PROPERTY_INST_GROUP ( PIG_ID, PDG_ID, PIG_NAME, PIG_DELETE_FL, PIG_VERSION_ID,
PTN_ID ) VALUES ( 
288, 50, 'Bar2D Chart Axes Element', 'N', 1, 1); 
INSERT INTO PROPERTY_INST_GROUP ( PIG_ID, PDG_ID, PIG_NAME, PIG_DELETE_FL, PIG_VERSION_ID,
PTN_ID ) VALUES ( 
289, 51, 'Bar2D Misc Element', 'N', 1, 1); 
INSERT INTO PROPERTY_INST_GROUP ( PIG_ID, PDG_ID, PIG_NAME, PIG_DELETE_FL, PIG_VERSION_ID,
PTN_ID ) VALUES ( 
290, 52, 'Bar2D Set Element', 'N', 1, 1); 
INSERT INTO PROPERTY_INST_GROUP ( PIG_ID, PDG_ID, PIG_NAME, PIG_DELETE_FL, PIG_VERSION_ID,
PTN_ID ) VALUES ( 
291, 53, 'Common Trendline Element', 'N', 1, 1); 
INSERT INTO PROPERTY_INST_GROUP ( PIG_ID, PDG_ID, PIG_NAME, PIG_DELETE_FL, PIG_VERSION_ID,
PTN_ID ) VALUES ( 
292, 53, 'Common Trendline Element', 'N', 1, 1); 
commit;
 
INSERT INTO REF_TABLE ( RFT_ID, ENT_ID, RFT_NAME, RFT_SITE_SPECIFIC_FL, RFT_DELETE_FL,
RFT_VERSION_ID, PTN_ID ) VALUES ( 
1, 173, 'Data Source Connection', 'N', 'N', 1, 1); 
INSERT INTO REF_TABLE ( RFT_ID, ENT_ID, RFT_NAME, RFT_SITE_SPECIFIC_FL, RFT_DELETE_FL,
RFT_VERSION_ID, PTN_ID ) VALUES ( 
2, 137, 'Data Source Location', 'N', 'N', 1, 1); 
INSERT INTO REF_TABLE ( RFT_ID, ENT_ID, RFT_NAME, RFT_SITE_SPECIFIC_FL, RFT_DELETE_FL,
RFT_VERSION_ID, PTN_ID ) VALUES ( 
3, 144, 'Data Source Type', 'N', 'N', 1, 1); 
commit;
 
INSERT INTO REF_TABLE_COLUMN ( RFC_ID, RFT_ID, RFC_LABEL, RFC_TYPE, RFC_DATA_PROPERTY, RFC_ORDER_NO,
RFC_VISIBLE_FL, RFC_SORT_FL, RFC_MANDATORY_FL, RFC_EXTRA1, RFC_EXTRA2, RFC_EXTRA3, RFC_EXTRA4,
RFC_EXTRA5, RFC_DELETE_FL, RFC_VERSION_ID, PTN_ID ) VALUES ( 
1, 1, 'Name', 'string', 'dscName', 0, 'Y', 'Y', 'Y', NULL, NULL, NULL, NULL, NULL
, 'N', 2, 1); 
INSERT INTO REF_TABLE_COLUMN ( RFC_ID, RFT_ID, RFC_LABEL, RFC_TYPE, RFC_DATA_PROPERTY, RFC_ORDER_NO,
RFC_VISIBLE_FL, RFC_SORT_FL, RFC_MANDATORY_FL, RFC_EXTRA1, RFC_EXTRA2, RFC_EXTRA3, RFC_EXTRA4,
RFC_EXTRA5, RFC_DELETE_FL, RFC_VERSION_ID, PTN_ID ) VALUES ( 
2, 1, 'Data Source Location', 'comboBox', 'dataSourceLocation', 1, 'Y', 'Y', 'Y', 'DataSourceLocation'
, 'dslName', NULL, NULL, NULL, 'N', 2, 1); 
INSERT INTO REF_TABLE_COLUMN ( RFC_ID, RFT_ID, RFC_LABEL, RFC_TYPE, RFC_DATA_PROPERTY, RFC_ORDER_NO,
RFC_VISIBLE_FL, RFC_SORT_FL, RFC_MANDATORY_FL, RFC_EXTRA1, RFC_EXTRA2, RFC_EXTRA3, RFC_EXTRA4,
RFC_EXTRA5, RFC_DELETE_FL, RFC_VERSION_ID, PTN_ID ) VALUES ( 
3, 1, 'Properties', 'propertyGroup', 'propertyInstGroup', 2, 'N', 'N', 'Y', 'DataSourceConnectionProperties'
, NULL, NULL, NULL, NULL, 'N', 2, 1); 
INSERT INTO REF_TABLE_COLUMN ( RFC_ID, RFT_ID, RFC_LABEL, RFC_TYPE, RFC_DATA_PROPERTY, RFC_ORDER_NO,
RFC_VISIBLE_FL, RFC_SORT_FL, RFC_MANDATORY_FL, RFC_EXTRA1, RFC_EXTRA2, RFC_EXTRA3, RFC_EXTRA4,
RFC_EXTRA5, RFC_DELETE_FL, RFC_VERSION_ID, PTN_ID ) VALUES ( 
4, 2, 'Data Source Type', 'comboBox', 'dataSourceType', 1, 'Y', 'Y', 'Y', 'DataSourceType'
, 'dsyName', NULL, NULL, NULL, 'N', 2, 1); 
INSERT INTO REF_TABLE_COLUMN ( RFC_ID, RFT_ID, RFC_LABEL, RFC_TYPE, RFC_DATA_PROPERTY, RFC_ORDER_NO,
RFC_VISIBLE_FL, RFC_SORT_FL, RFC_MANDATORY_FL, RFC_EXTRA1, RFC_EXTRA2, RFC_EXTRA3, RFC_EXTRA4,
RFC_EXTRA5, RFC_DELETE_FL, RFC_VERSION_ID, PTN_ID ) VALUES ( 
5, 2, 'Name', 'string', 'dslName', 0, 'Y', 'Y', 'Y', NULL, NULL, NULL, NULL, NULL
, 'N', 2, 1); 
INSERT INTO REF_TABLE_COLUMN ( RFC_ID, RFT_ID, RFC_LABEL, RFC_TYPE, RFC_DATA_PROPERTY, RFC_ORDER_NO,
RFC_VISIBLE_FL, RFC_SORT_FL, RFC_MANDATORY_FL, RFC_EXTRA1, RFC_EXTRA2, RFC_EXTRA3, RFC_EXTRA4,
RFC_EXTRA5, RFC_DELETE_FL, RFC_VERSION_ID, PTN_ID ) VALUES ( 
6, 2, 'Properties', 'propertyGroup', 'propertyInstGroup', 2, 'N', 'N', 'Y', 'DataSourceLocationProperties'
, NULL, NULL, NULL, NULL, 'N', 2, 1); 
INSERT INTO REF_TABLE_COLUMN ( RFC_ID, RFT_ID, RFC_LABEL, RFC_TYPE, RFC_DATA_PROPERTY, RFC_ORDER_NO,
RFC_VISIBLE_FL, RFC_SORT_FL, RFC_MANDATORY_FL, RFC_EXTRA1, RFC_EXTRA2, RFC_EXTRA3, RFC_EXTRA4,
RFC_EXTRA5, RFC_DELETE_FL, RFC_VERSION_ID, PTN_ID ) VALUES ( 
7, 3, 'Name', 'string', 'dsyName', 0, 'Y', 'Y', 'Y', NULL, NULL, NULL, NULL, NULL
, 'N', 2, 1); 
INSERT INTO REF_TABLE_COLUMN ( RFC_ID, RFT_ID, RFC_LABEL, RFC_TYPE, RFC_DATA_PROPERTY, RFC_ORDER_NO,
RFC_VISIBLE_FL, RFC_SORT_FL, RFC_MANDATORY_FL, RFC_EXTRA1, RFC_EXTRA2, RFC_EXTRA3, RFC_EXTRA4,
RFC_EXTRA5, RFC_DELETE_FL, RFC_VERSION_ID, PTN_ID ) VALUES ( 
8, 3, 'Properties', 'propertyGroup', 'propertyInstGroup', 1, 'N', 'N', 'Y', 'DataSourceTypeProperties'
, NULL, NULL, NULL, NULL, 'N', 2, 1); 
commit;
 
INSERT INTO ROLE_REF_TABLE ( RRF_ID, ROL_ID, RFT_ID, RRF_READ_FL, RRF_CREATE_FL, RRF_UPDATE_FL,
RRF_REMOVE_FL, RRF_DELETE_FL, RRF_VERSION_ID, PTN_ID ) VALUES ( 
7, 1, 1, 'Y', 'Y', 'Y', 'Y', 'N', 1, 1); 
INSERT INTO ROLE_REF_TABLE ( RRF_ID, ROL_ID, RFT_ID, RRF_READ_FL, RRF_CREATE_FL, RRF_UPDATE_FL,
RRF_REMOVE_FL, RRF_DELETE_FL, RRF_VERSION_ID, PTN_ID ) VALUES ( 
8, 1, 2, 'Y', 'Y', 'Y', 'Y', 'N', 1, 1); 
INSERT INTO ROLE_REF_TABLE ( RRF_ID, ROL_ID, RFT_ID, RRF_READ_FL, RRF_CREATE_FL, RRF_UPDATE_FL,
RRF_REMOVE_FL, RRF_DELETE_FL, RRF_VERSION_ID, PTN_ID ) VALUES ( 
9, 1, 3, 'Y', 'Y', 'Y', 'Y', 'N', 1, 1); 
INSERT INTO ROLE_REF_TABLE ( RRF_ID, ROL_ID, RFT_ID, RRF_READ_FL, RRF_CREATE_FL, RRF_UPDATE_FL,
RRF_REMOVE_FL, RRF_DELETE_FL, RRF_VERSION_ID, PTN_ID ) VALUES ( 
10, 2, 1, 'N', 'N', 'N', 'N', 'N', 1, 1); 
INSERT INTO ROLE_REF_TABLE ( RRF_ID, ROL_ID, RFT_ID, RRF_READ_FL, RRF_CREATE_FL, RRF_UPDATE_FL,
RRF_REMOVE_FL, RRF_DELETE_FL, RRF_VERSION_ID, PTN_ID ) VALUES ( 
11, 2, 2, 'N', 'N', 'N', 'N', 'N', 1, 1); 
INSERT INTO ROLE_REF_TABLE ( RRF_ID, ROL_ID, RFT_ID, RRF_READ_FL, RRF_CREATE_FL, RRF_UPDATE_FL,
RRF_REMOVE_FL, RRF_DELETE_FL, RRF_VERSION_ID, PTN_ID ) VALUES ( 
12, 2, 3, 'N', 'N', 'N', 'N', 'N', 1, 1); 
INSERT INTO ROLE_REF_TABLE ( RRF_ID, ROL_ID, RFT_ID, RRF_READ_FL, RRF_CREATE_FL, RRF_UPDATE_FL,
RRF_REMOVE_FL, RRF_DELETE_FL, RRF_VERSION_ID, PTN_ID ) VALUES ( 
13, 3, 1, 'N', 'N', 'N', 'N', 'N', 1, 1); 
INSERT INTO ROLE_REF_TABLE ( RRF_ID, ROL_ID, RFT_ID, RRF_READ_FL, RRF_CREATE_FL, RRF_UPDATE_FL,
RRF_REMOVE_FL, RRF_DELETE_FL, RRF_VERSION_ID, PTN_ID ) VALUES ( 
14, 3, 2, 'N', 'N', 'N', 'N', 'N', 1, 1); 
INSERT INTO ROLE_REF_TABLE ( RRF_ID, ROL_ID, RFT_ID, RRF_READ_FL, RRF_CREATE_FL, RRF_UPDATE_FL,
RRF_REMOVE_FL, RRF_DELETE_FL, RRF_VERSION_ID, PTN_ID ) VALUES ( 
15, 3, 3, 'N', 'N', 'N', 'N', 'N', 1, 1); 
INSERT INTO ROLE_REF_TABLE ( RRF_ID, ROL_ID, RFT_ID, RRF_READ_FL, RRF_CREATE_FL, RRF_UPDATE_FL,
RRF_REMOVE_FL, RRF_DELETE_FL, RRF_VERSION_ID, PTN_ID ) VALUES ( 
16, 4, 1, 'N', 'N', 'N', 'N', 'N', 1, 1); 
INSERT INTO ROLE_REF_TABLE ( RRF_ID, ROL_ID, RFT_ID, RRF_READ_FL, RRF_CREATE_FL, RRF_UPDATE_FL,
RRF_REMOVE_FL, RRF_DELETE_FL, RRF_VERSION_ID, PTN_ID ) VALUES ( 
17, 4, 2, 'N', 'N', 'N', 'N', 'N', 1, 1); 
INSERT INTO ROLE_REF_TABLE ( RRF_ID, ROL_ID, RFT_ID, RRF_READ_FL, RRF_CREATE_FL, RRF_UPDATE_FL,
RRF_REMOVE_FL, RRF_DELETE_FL, RRF_VERSION_ID, PTN_ID ) VALUES ( 
18, 4, 3, 'N', 'N', 'N', 'N', 'N', 1, 1); 
commit;
 
INSERT INTO ROLE_SECURITY_LABEL ( RSL_ID, ROL_ID, SLA_ID, RSL_DELETE_FL, RSL_VERSION_ID,
PTN_ID ) VALUES ( 
27, 1, 1, 'N', 1, 1); 
INSERT INTO ROLE_SECURITY_LABEL ( RSL_ID, ROL_ID, SLA_ID, RSL_DELETE_FL, RSL_VERSION_ID,
PTN_ID ) VALUES ( 
28, 1, 2, 'N', 1, 1); 
INSERT INTO ROLE_SECURITY_LABEL ( RSL_ID, ROL_ID, SLA_ID, RSL_DELETE_FL, RSL_VERSION_ID,
PTN_ID ) VALUES ( 
29, 1, 3, 'N', 1, 1); 
INSERT INTO ROLE_SECURITY_LABEL ( RSL_ID, ROL_ID, SLA_ID, RSL_DELETE_FL, RSL_VERSION_ID,
PTN_ID ) VALUES ( 
30, 1, 4, 'N', 1, 1); 
INSERT INTO ROLE_SECURITY_LABEL ( RSL_ID, ROL_ID, SLA_ID, RSL_DELETE_FL, RSL_VERSION_ID,
PTN_ID ) VALUES ( 
31, 1, 5, 'N', 1, 1); 
INSERT INTO ROLE_SECURITY_LABEL ( RSL_ID, ROL_ID, SLA_ID, RSL_DELETE_FL, RSL_VERSION_ID,
PTN_ID ) VALUES ( 
32, 1, 6, 'N', 1, 1); 
INSERT INTO ROLE_SECURITY_LABEL ( RSL_ID, ROL_ID, SLA_ID, RSL_DELETE_FL, RSL_VERSION_ID,
PTN_ID ) VALUES ( 
33, 1, 7, 'N', 1, 1); 
INSERT INTO ROLE_SECURITY_LABEL ( RSL_ID, ROL_ID, SLA_ID, RSL_DELETE_FL, RSL_VERSION_ID,
PTN_ID ) VALUES ( 
34, 1, 8, 'N', 1, 1); 
INSERT INTO ROLE_SECURITY_LABEL ( RSL_ID, ROL_ID, SLA_ID, RSL_DELETE_FL, RSL_VERSION_ID,
PTN_ID ) VALUES ( 
35, 1, 9, 'N', 1, 1); 
INSERT INTO ROLE_SECURITY_LABEL ( RSL_ID, ROL_ID, SLA_ID, RSL_DELETE_FL, RSL_VERSION_ID,
PTN_ID ) VALUES ( 
36, 1, 10, 'N', 1, 1); 
INSERT INTO ROLE_SECURITY_LABEL ( RSL_ID, ROL_ID, SLA_ID, RSL_DELETE_FL, RSL_VERSION_ID,
PTN_ID ) VALUES ( 
37, 1, 11, 'N', 1, 1); 
INSERT INTO ROLE_SECURITY_LABEL ( RSL_ID, ROL_ID, SLA_ID, RSL_DELETE_FL, RSL_VERSION_ID,
PTN_ID ) VALUES ( 
38, 1, 12, 'N', 1, 1); 
INSERT INTO ROLE_SECURITY_LABEL ( RSL_ID, ROL_ID, SLA_ID, RSL_DELETE_FL, RSL_VERSION_ID,
PTN_ID ) VALUES ( 
39, 1, 13, 'N', 1, 1); 
INSERT INTO ROLE_SECURITY_LABEL ( RSL_ID, ROL_ID, SLA_ID, RSL_DELETE_FL, RSL_VERSION_ID,
PTN_ID ) VALUES ( 
40, 2, 1, 'N', 1, 1); 
INSERT INTO ROLE_SECURITY_LABEL ( RSL_ID, ROL_ID, SLA_ID, RSL_DELETE_FL, RSL_VERSION_ID,
PTN_ID ) VALUES ( 
41, 2, 2, 'N', 1, 1); 
INSERT INTO ROLE_SECURITY_LABEL ( RSL_ID, ROL_ID, SLA_ID, RSL_DELETE_FL, RSL_VERSION_ID,
PTN_ID ) VALUES ( 
42, 2, 3, 'N', 1, 1); 
INSERT INTO ROLE_SECURITY_LABEL ( RSL_ID, ROL_ID, SLA_ID, RSL_DELETE_FL, RSL_VERSION_ID,
PTN_ID ) VALUES ( 
43, 2, 4, 'N', 1, 1); 
INSERT INTO ROLE_SECURITY_LABEL ( RSL_ID, ROL_ID, SLA_ID, RSL_DELETE_FL, RSL_VERSION_ID,
PTN_ID ) VALUES ( 
44, 2, 5, 'N', 1, 1); 
INSERT INTO ROLE_SECURITY_LABEL ( RSL_ID, ROL_ID, SLA_ID, RSL_DELETE_FL, RSL_VERSION_ID,
PTN_ID ) VALUES ( 
45, 2, 6, 'N', 1, 1); 
INSERT INTO ROLE_SECURITY_LABEL ( RSL_ID, ROL_ID, SLA_ID, RSL_DELETE_FL, RSL_VERSION_ID,
PTN_ID ) VALUES ( 
46, 2, 7, 'N', 1, 1); 
INSERT INTO ROLE_SECURITY_LABEL ( RSL_ID, ROL_ID, SLA_ID, RSL_DELETE_FL, RSL_VERSION_ID,
PTN_ID ) VALUES ( 
47, 2, 8, 'N', 1, 1); 
INSERT INTO ROLE_SECURITY_LABEL ( RSL_ID, ROL_ID, SLA_ID, RSL_DELETE_FL, RSL_VERSION_ID,
PTN_ID ) VALUES ( 
48, 2, 9, 'N', 1, 1); 
INSERT INTO ROLE_SECURITY_LABEL ( RSL_ID, ROL_ID, SLA_ID, RSL_DELETE_FL, RSL_VERSION_ID,
PTN_ID ) VALUES ( 
49, 2, 10, 'N', 1, 1); 
INSERT INTO ROLE_SECURITY_LABEL ( RSL_ID, ROL_ID, SLA_ID, RSL_DELETE_FL, RSL_VERSION_ID,
PTN_ID ) VALUES ( 
50, 2, 11, 'N', 1, 1); 
INSERT INTO ROLE_SECURITY_LABEL ( RSL_ID, ROL_ID, SLA_ID, RSL_DELETE_FL, RSL_VERSION_ID,
PTN_ID ) VALUES ( 
51, 2, 12, 'N', 1, 1); 
INSERT INTO ROLE_SECURITY_LABEL ( RSL_ID, ROL_ID, SLA_ID, RSL_DELETE_FL, RSL_VERSION_ID,
PTN_ID ) VALUES ( 
52, 2, 13, 'N', 1, 1); 
commit;
 
INSERT INTO ROLE_TBL ( ROL_ID, ROL_NAME, ROL_DELETE_FL, ROL_VERSION_ID,
PTN_ID ) VALUES ( 
1, 'Administrator', 'N', 1, 1); 
INSERT INTO ROLE_TBL ( ROL_ID, ROL_NAME, ROL_DELETE_FL, ROL_VERSION_ID,
PTN_ID ) VALUES ( 
2, 'Guest', 'N', 1, 1); 
INSERT INTO ROLE_TBL ( ROL_ID, ROL_NAME, ROL_DELETE_FL, ROL_VERSION_ID,
PTN_ID ) VALUES ( 
3, 'Create', 'N', 1, 1); 
INSERT INTO ROLE_TBL ( ROL_ID, ROL_NAME, ROL_DELETE_FL, ROL_VERSION_ID,
PTN_ID ) VALUES ( 
4, 'View', 'N', 1, 1); 
commit;
 
INSERT INTO ROLE_UI_ACTION_ITEM ( RAI_ID, ROL_ID, UAI_ID, RAI_BROWSE_FL, RAI_NEW_FL, RAI_EDIT_FL,
RAI_REMOVE_FL, RAI_DELETE_FL, RAI_VERSION_ID, PTN_ID ) VALUES ( 
83, 1, 2, 'Y', 'Y', 'Y', 'Y', 'N', 1, 1); 
INSERT INTO ROLE_UI_ACTION_ITEM ( RAI_ID, ROL_ID, UAI_ID, RAI_BROWSE_FL, RAI_NEW_FL, RAI_EDIT_FL,
RAI_REMOVE_FL, RAI_DELETE_FL, RAI_VERSION_ID, PTN_ID ) VALUES ( 
84, 1, 3, 'Y', 'Y', 'Y', 'Y', 'N', 1, 1); 
INSERT INTO ROLE_UI_ACTION_ITEM ( RAI_ID, ROL_ID, UAI_ID, RAI_BROWSE_FL, RAI_NEW_FL, RAI_EDIT_FL,
RAI_REMOVE_FL, RAI_DELETE_FL, RAI_VERSION_ID, PTN_ID ) VALUES ( 
85, 1, 4, 'Y', 'Y', 'Y', 'Y', 'N', 1, 1); 
INSERT INTO ROLE_UI_ACTION_ITEM ( RAI_ID, ROL_ID, UAI_ID, RAI_BROWSE_FL, RAI_NEW_FL, RAI_EDIT_FL,
RAI_REMOVE_FL, RAI_DELETE_FL, RAI_VERSION_ID, PTN_ID ) VALUES ( 
86, 1, 5, 'Y', 'Y', 'Y', 'Y', 'N', 1, 1); 
INSERT INTO ROLE_UI_ACTION_ITEM ( RAI_ID, ROL_ID, UAI_ID, RAI_BROWSE_FL, RAI_NEW_FL, RAI_EDIT_FL,
RAI_REMOVE_FL, RAI_DELETE_FL, RAI_VERSION_ID, PTN_ID ) VALUES ( 
87, 1, 6, 'Y', 'Y', 'Y', 'Y', 'N', 1, 1); 
INSERT INTO ROLE_UI_ACTION_ITEM ( RAI_ID, ROL_ID, UAI_ID, RAI_BROWSE_FL, RAI_NEW_FL, RAI_EDIT_FL,
RAI_REMOVE_FL, RAI_DELETE_FL, RAI_VERSION_ID, PTN_ID ) VALUES ( 
88, 1, 8, 'Y', 'Y', 'Y', 'Y', 'N', 1, 1); 
INSERT INTO ROLE_UI_ACTION_ITEM ( RAI_ID, ROL_ID, UAI_ID, RAI_BROWSE_FL, RAI_NEW_FL, RAI_EDIT_FL,
RAI_REMOVE_FL, RAI_DELETE_FL, RAI_VERSION_ID, PTN_ID ) VALUES ( 
89, 1, 10, 'Y', 'Y', 'Y', 'Y', 'N', 1, 1); 
INSERT INTO ROLE_UI_ACTION_ITEM ( RAI_ID, ROL_ID, UAI_ID, RAI_BROWSE_FL, RAI_NEW_FL, RAI_EDIT_FL,
RAI_REMOVE_FL, RAI_DELETE_FL, RAI_VERSION_ID, PTN_ID ) VALUES ( 
90, 1, 11, 'Y', 'Y', 'Y', 'Y', 'N', 1, 1); 
INSERT INTO ROLE_UI_ACTION_ITEM ( RAI_ID, ROL_ID, UAI_ID, RAI_BROWSE_FL, RAI_NEW_FL, RAI_EDIT_FL,
RAI_REMOVE_FL, RAI_DELETE_FL, RAI_VERSION_ID, PTN_ID ) VALUES ( 
91, 1, 12, 'Y', 'Y', 'Y', 'Y', 'N', 1, 1); 
INSERT INTO ROLE_UI_ACTION_ITEM ( RAI_ID, ROL_ID, UAI_ID, RAI_BROWSE_FL, RAI_NEW_FL, RAI_EDIT_FL,
RAI_REMOVE_FL, RAI_DELETE_FL, RAI_VERSION_ID, PTN_ID ) VALUES ( 
92, 1, 13, 'Y', 'Y', 'Y', 'Y', 'N', 1, 1); 
INSERT INTO ROLE_UI_ACTION_ITEM ( RAI_ID, ROL_ID, UAI_ID, RAI_BROWSE_FL, RAI_NEW_FL, RAI_EDIT_FL,
RAI_REMOVE_FL, RAI_DELETE_FL, RAI_VERSION_ID, PTN_ID ) VALUES ( 
93, 1, 15, 'Y', 'Y', 'Y', 'Y', 'N', 1, 1); 
INSERT INTO ROLE_UI_ACTION_ITEM ( RAI_ID, ROL_ID, UAI_ID, RAI_BROWSE_FL, RAI_NEW_FL, RAI_EDIT_FL,
RAI_REMOVE_FL, RAI_DELETE_FL, RAI_VERSION_ID, PTN_ID ) VALUES ( 
94, 1, 16, 'Y', 'Y', 'Y', 'Y', 'N', 1, 1); 
INSERT INTO ROLE_UI_ACTION_ITEM ( RAI_ID, ROL_ID, UAI_ID, RAI_BROWSE_FL, RAI_NEW_FL, RAI_EDIT_FL,
RAI_REMOVE_FL, RAI_DELETE_FL, RAI_VERSION_ID, PTN_ID ) VALUES ( 
95, 1, 17, 'Y', 'Y', 'Y', 'Y', 'N', 1, 1); 
INSERT INTO ROLE_UI_ACTION_ITEM ( RAI_ID, ROL_ID, UAI_ID, RAI_BROWSE_FL, RAI_NEW_FL, RAI_EDIT_FL,
RAI_REMOVE_FL, RAI_DELETE_FL, RAI_VERSION_ID, PTN_ID ) VALUES ( 
96, 1, 18, 'Y', 'Y', 'Y', 'Y', 'N', 1, 1); 
INSERT INTO ROLE_UI_ACTION_ITEM ( RAI_ID, ROL_ID, UAI_ID, RAI_BROWSE_FL, RAI_NEW_FL, RAI_EDIT_FL,
RAI_REMOVE_FL, RAI_DELETE_FL, RAI_VERSION_ID, PTN_ID ) VALUES ( 
97, 1, 19, 'Y', 'Y', 'Y', 'Y', 'N', 1, 1); 
INSERT INTO ROLE_UI_ACTION_ITEM ( RAI_ID, ROL_ID, UAI_ID, RAI_BROWSE_FL, RAI_NEW_FL, RAI_EDIT_FL,
RAI_REMOVE_FL, RAI_DELETE_FL, RAI_VERSION_ID, PTN_ID ) VALUES ( 
98, 1, 20, 'Y', 'Y', 'Y', 'Y', 'N', 1, 1); 
INSERT INTO ROLE_UI_ACTION_ITEM ( RAI_ID, ROL_ID, UAI_ID, RAI_BROWSE_FL, RAI_NEW_FL, RAI_EDIT_FL,
RAI_REMOVE_FL, RAI_DELETE_FL, RAI_VERSION_ID, PTN_ID ) VALUES ( 
99, 1, 21, 'Y', 'Y', 'Y', 'Y', 'N', 1, 1); 
INSERT INTO ROLE_UI_ACTION_ITEM ( RAI_ID, ROL_ID, UAI_ID, RAI_BROWSE_FL, RAI_NEW_FL, RAI_EDIT_FL,
RAI_REMOVE_FL, RAI_DELETE_FL, RAI_VERSION_ID, PTN_ID ) VALUES ( 
100, 1, 22, 'Y', 'Y', 'Y', 'Y', 'N', 1, 1); 
INSERT INTO ROLE_UI_ACTION_ITEM ( RAI_ID, ROL_ID, UAI_ID, RAI_BROWSE_FL, RAI_NEW_FL, RAI_EDIT_FL,
RAI_REMOVE_FL, RAI_DELETE_FL, RAI_VERSION_ID, PTN_ID ) VALUES ( 
101, 1, 23, 'Y', 'Y', 'Y', 'Y', 'N', 1, 1); 
INSERT INTO ROLE_UI_ACTION_ITEM ( RAI_ID, ROL_ID, UAI_ID, RAI_BROWSE_FL, RAI_NEW_FL, RAI_EDIT_FL,
RAI_REMOVE_FL, RAI_DELETE_FL, RAI_VERSION_ID, PTN_ID ) VALUES ( 
102, 1, 24, 'Y', 'Y', 'Y', 'Y', 'N', 1, 1); 
INSERT INTO ROLE_UI_ACTION_ITEM ( RAI_ID, ROL_ID, UAI_ID, RAI_BROWSE_FL, RAI_NEW_FL, RAI_EDIT_FL,
RAI_REMOVE_FL, RAI_DELETE_FL, RAI_VERSION_ID, PTN_ID ) VALUES ( 
103, 1, 25, 'Y', 'Y', 'Y', 'Y', 'N', 1, 1); 
INSERT INTO ROLE_UI_ACTION_ITEM ( RAI_ID, ROL_ID, UAI_ID, RAI_BROWSE_FL, RAI_NEW_FL, RAI_EDIT_FL,
RAI_REMOVE_FL, RAI_DELETE_FL, RAI_VERSION_ID, PTN_ID ) VALUES ( 
104, 1, 26, 'Y', 'Y', 'Y', 'Y', 'N', 1, 1); 
INSERT INTO ROLE_UI_ACTION_ITEM ( RAI_ID, ROL_ID, UAI_ID, RAI_BROWSE_FL, RAI_NEW_FL, RAI_EDIT_FL,
RAI_REMOVE_FL, RAI_DELETE_FL, RAI_VERSION_ID, PTN_ID ) VALUES ( 
105, 1, 27, 'Y', 'Y', 'Y', 'Y', 'N', 1, 1); 
INSERT INTO ROLE_UI_ACTION_ITEM ( RAI_ID, ROL_ID, UAI_ID, RAI_BROWSE_FL, RAI_NEW_FL, RAI_EDIT_FL,
RAI_REMOVE_FL, RAI_DELETE_FL, RAI_VERSION_ID, PTN_ID ) VALUES ( 
106, 1, 28, 'Y', 'Y', 'Y', 'Y', 'N', 1, 1); 
INSERT INTO ROLE_UI_ACTION_ITEM ( RAI_ID, ROL_ID, UAI_ID, RAI_BROWSE_FL, RAI_NEW_FL, RAI_EDIT_FL,
RAI_REMOVE_FL, RAI_DELETE_FL, RAI_VERSION_ID, PTN_ID ) VALUES ( 
107, 1, 29, 'Y', 'Y', 'Y', 'Y', 'N', 1, 1); 
INSERT INTO ROLE_UI_ACTION_ITEM ( RAI_ID, ROL_ID, UAI_ID, RAI_BROWSE_FL, RAI_NEW_FL, RAI_EDIT_FL,
RAI_REMOVE_FL, RAI_DELETE_FL, RAI_VERSION_ID, PTN_ID ) VALUES ( 
108, 1, 30, 'Y', 'Y', 'Y', 'Y', 'N', 1, 1); 
INSERT INTO ROLE_UI_ACTION_ITEM ( RAI_ID, ROL_ID, UAI_ID, RAI_BROWSE_FL, RAI_NEW_FL, RAI_EDIT_FL,
RAI_REMOVE_FL, RAI_DELETE_FL, RAI_VERSION_ID, PTN_ID ) VALUES ( 
109, 1, 31, 'Y', 'Y', 'Y', 'Y', 'N', 1, 1); 
INSERT INTO ROLE_UI_ACTION_ITEM ( RAI_ID, ROL_ID, UAI_ID, RAI_BROWSE_FL, RAI_NEW_FL, RAI_EDIT_FL,
RAI_REMOVE_FL, RAI_DELETE_FL, RAI_VERSION_ID, PTN_ID ) VALUES ( 
110, 1, 32, 'Y', 'Y', 'Y', 'Y', 'N', 1, 1); 
INSERT INTO ROLE_UI_ACTION_ITEM ( RAI_ID, ROL_ID, UAI_ID, RAI_BROWSE_FL, RAI_NEW_FL, RAI_EDIT_FL,
RAI_REMOVE_FL, RAI_DELETE_FL, RAI_VERSION_ID, PTN_ID ) VALUES ( 
111, 1, 33, 'Y', 'Y', 'Y', 'Y', 'N', 1, 1); 
INSERT INTO ROLE_UI_ACTION_ITEM ( RAI_ID, ROL_ID, UAI_ID, RAI_BROWSE_FL, RAI_NEW_FL, RAI_EDIT_FL,
RAI_REMOVE_FL, RAI_DELETE_FL, RAI_VERSION_ID, PTN_ID ) VALUES ( 
112, 1, 34, 'Y', 'Y', 'Y', 'Y', 'N', 1, 1); 
INSERT INTO ROLE_UI_ACTION_ITEM ( RAI_ID, ROL_ID, UAI_ID, RAI_BROWSE_FL, RAI_NEW_FL, RAI_EDIT_FL,
RAI_REMOVE_FL, RAI_DELETE_FL, RAI_VERSION_ID, PTN_ID ) VALUES ( 
113, 1, 35, 'Y', 'Y', 'Y', 'Y', 'N', 1, 1); 
INSERT INTO ROLE_UI_ACTION_ITEM ( RAI_ID, ROL_ID, UAI_ID, RAI_BROWSE_FL, RAI_NEW_FL, RAI_EDIT_FL,
RAI_REMOVE_FL, RAI_DELETE_FL, RAI_VERSION_ID, PTN_ID ) VALUES ( 
114, 1, 36, 'Y', 'Y', 'Y', 'Y', 'N', 1, 1); 
INSERT INTO ROLE_UI_ACTION_ITEM ( RAI_ID, ROL_ID, UAI_ID, RAI_BROWSE_FL, RAI_NEW_FL, RAI_EDIT_FL,
RAI_REMOVE_FL, RAI_DELETE_FL, RAI_VERSION_ID, PTN_ID ) VALUES ( 
115, 1, 37, 'Y', 'Y', 'Y', 'Y', 'N', 1, 1); 
INSERT INTO ROLE_UI_ACTION_ITEM ( RAI_ID, ROL_ID, UAI_ID, RAI_BROWSE_FL, RAI_NEW_FL, RAI_EDIT_FL,
RAI_REMOVE_FL, RAI_DELETE_FL, RAI_VERSION_ID, PTN_ID ) VALUES ( 
116, 1, 38, 'Y', 'Y', 'Y', 'Y', 'N', 1, 1); 
INSERT INTO ROLE_UI_ACTION_ITEM ( RAI_ID, ROL_ID, UAI_ID, RAI_BROWSE_FL, RAI_NEW_FL, RAI_EDIT_FL,
RAI_REMOVE_FL, RAI_DELETE_FL, RAI_VERSION_ID, PTN_ID ) VALUES ( 
117, 1, 39, 'Y', 'Y', 'Y', 'Y', 'N', 1, 1); 
INSERT INTO ROLE_UI_ACTION_ITEM ( RAI_ID, ROL_ID, UAI_ID, RAI_BROWSE_FL, RAI_NEW_FL, RAI_EDIT_FL,
RAI_REMOVE_FL, RAI_DELETE_FL, RAI_VERSION_ID, PTN_ID ) VALUES ( 
118, 1, 40, 'Y', 'Y', 'Y', 'Y', 'N', 1, 1); 
INSERT INTO ROLE_UI_ACTION_ITEM ( RAI_ID, ROL_ID, UAI_ID, RAI_BROWSE_FL, RAI_NEW_FL, RAI_EDIT_FL,
RAI_REMOVE_FL, RAI_DELETE_FL, RAI_VERSION_ID, PTN_ID ) VALUES ( 
119, 1, 41, 'Y', 'Y', 'Y', 'Y', 'N', 1, 1); 
INSERT INTO ROLE_UI_ACTION_ITEM ( RAI_ID, ROL_ID, UAI_ID, RAI_BROWSE_FL, RAI_NEW_FL, RAI_EDIT_FL,
RAI_REMOVE_FL, RAI_DELETE_FL, RAI_VERSION_ID, PTN_ID ) VALUES ( 
120, 1, 42, 'Y', 'Y', 'Y', 'Y', 'N', 1, 1); 
INSERT INTO ROLE_UI_ACTION_ITEM ( RAI_ID, ROL_ID, UAI_ID, RAI_BROWSE_FL, RAI_NEW_FL, RAI_EDIT_FL,
RAI_REMOVE_FL, RAI_DELETE_FL, RAI_VERSION_ID, PTN_ID ) VALUES ( 
121, 1, 43, 'Y', 'Y', 'Y', 'Y', 'N', 1, 1); 
INSERT INTO ROLE_UI_ACTION_ITEM ( RAI_ID, ROL_ID, UAI_ID, RAI_BROWSE_FL, RAI_NEW_FL, RAI_EDIT_FL,
RAI_REMOVE_FL, RAI_DELETE_FL, RAI_VERSION_ID, PTN_ID ) VALUES ( 
122, 1, 45, 'Y', 'Y', 'Y', 'Y', 'N', 1, 1); 
INSERT INTO ROLE_UI_ACTION_ITEM ( RAI_ID, ROL_ID, UAI_ID, RAI_BROWSE_FL, RAI_NEW_FL, RAI_EDIT_FL,
RAI_REMOVE_FL, RAI_DELETE_FL, RAI_VERSION_ID, PTN_ID ) VALUES ( 
123, 1, 46, 'Y', 'Y', 'Y', 'Y', 'N', 1, 1); 
INSERT INTO ROLE_UI_ACTION_ITEM ( RAI_ID, ROL_ID, UAI_ID, RAI_BROWSE_FL, RAI_NEW_FL, RAI_EDIT_FL,
RAI_REMOVE_FL, RAI_DELETE_FL, RAI_VERSION_ID, PTN_ID ) VALUES ( 
124, 1, 48, 'Y', 'Y', 'Y', 'Y', 'N', 1, 1); 
INSERT INTO ROLE_UI_ACTION_ITEM ( RAI_ID, ROL_ID, UAI_ID, RAI_BROWSE_FL, RAI_NEW_FL, RAI_EDIT_FL,
RAI_REMOVE_FL, RAI_DELETE_FL, RAI_VERSION_ID, PTN_ID ) VALUES ( 
125, 1, 49, 'Y', 'Y', 'Y', 'Y', 'N', 1, 1); 
INSERT INTO ROLE_UI_ACTION_ITEM ( RAI_ID, ROL_ID, UAI_ID, RAI_BROWSE_FL, RAI_NEW_FL, RAI_EDIT_FL,
RAI_REMOVE_FL, RAI_DELETE_FL, RAI_VERSION_ID, PTN_ID ) VALUES ( 
126, 1, 50, 'Y', 'Y', 'Y', 'Y', 'N', 1, 1); 
INSERT INTO ROLE_UI_ACTION_ITEM ( RAI_ID, ROL_ID, UAI_ID, RAI_BROWSE_FL, RAI_NEW_FL, RAI_EDIT_FL,
RAI_REMOVE_FL, RAI_DELETE_FL, RAI_VERSION_ID, PTN_ID ) VALUES ( 
127, 1, 51, 'Y', 'Y', 'Y', 'Y', 'N', 1, 1); 
INSERT INTO ROLE_UI_ACTION_ITEM ( RAI_ID, ROL_ID, UAI_ID, RAI_BROWSE_FL, RAI_NEW_FL, RAI_EDIT_FL,
RAI_REMOVE_FL, RAI_DELETE_FL, RAI_VERSION_ID, PTN_ID ) VALUES ( 
128, 1, 52, 'Y', 'Y', 'Y', 'Y', 'N', 1, 1); 
INSERT INTO ROLE_UI_ACTION_ITEM ( RAI_ID, ROL_ID, UAI_ID, RAI_BROWSE_FL, RAI_NEW_FL, RAI_EDIT_FL,
RAI_REMOVE_FL, RAI_DELETE_FL, RAI_VERSION_ID, PTN_ID ) VALUES ( 
129, 1, 53, 'Y', 'Y', 'Y', 'Y', 'N', 1, 1); 
INSERT INTO ROLE_UI_ACTION_ITEM ( RAI_ID, ROL_ID, UAI_ID, RAI_BROWSE_FL, RAI_NEW_FL, RAI_EDIT_FL,
RAI_REMOVE_FL, RAI_DELETE_FL, RAI_VERSION_ID, PTN_ID ) VALUES ( 
130, 1, 54, 'Y', 'Y', 'Y', 'Y', 'N', 1, 1); 
INSERT INTO ROLE_UI_ACTION_ITEM ( RAI_ID, ROL_ID, UAI_ID, RAI_BROWSE_FL, RAI_NEW_FL, RAI_EDIT_FL,
RAI_REMOVE_FL, RAI_DELETE_FL, RAI_VERSION_ID, PTN_ID ) VALUES ( 
131, 1, 55, 'Y', 'Y', 'Y', 'Y', 'N', 1, 1); 
INSERT INTO ROLE_UI_ACTION_ITEM ( RAI_ID, ROL_ID, UAI_ID, RAI_BROWSE_FL, RAI_NEW_FL, RAI_EDIT_FL,
RAI_REMOVE_FL, RAI_DELETE_FL, RAI_VERSION_ID, PTN_ID ) VALUES ( 
132, 1, 56, 'Y', 'Y', 'Y', 'Y', 'N', 1, 1); 
INSERT INTO ROLE_UI_ACTION_ITEM ( RAI_ID, ROL_ID, UAI_ID, RAI_BROWSE_FL, RAI_NEW_FL, RAI_EDIT_FL,
RAI_REMOVE_FL, RAI_DELETE_FL, RAI_VERSION_ID, PTN_ID ) VALUES ( 
133, 1, 57, 'Y', 'Y', 'Y', 'Y', 'N', 1, 1); 
INSERT INTO ROLE_UI_ACTION_ITEM ( RAI_ID, ROL_ID, UAI_ID, RAI_BROWSE_FL, RAI_NEW_FL, RAI_EDIT_FL,
RAI_REMOVE_FL, RAI_DELETE_FL, RAI_VERSION_ID, PTN_ID ) VALUES ( 
134, 1, 58, 'Y', 'Y', 'Y', 'Y', 'N', 1, 1); 
INSERT INTO ROLE_UI_ACTION_ITEM ( RAI_ID, ROL_ID, UAI_ID, RAI_BROWSE_FL, RAI_NEW_FL, RAI_EDIT_FL,
RAI_REMOVE_FL, RAI_DELETE_FL, RAI_VERSION_ID, PTN_ID ) VALUES ( 
135, 1, 59, 'Y', 'Y', 'Y', 'Y', 'N', 1, 1); 
INSERT INTO ROLE_UI_ACTION_ITEM ( RAI_ID, ROL_ID, UAI_ID, RAI_BROWSE_FL, RAI_NEW_FL, RAI_EDIT_FL,
RAI_REMOVE_FL, RAI_DELETE_FL, RAI_VERSION_ID, PTN_ID ) VALUES ( 
136, 1, 60, 'Y', 'Y', 'Y', 'Y', 'N', 1, 1); 
INSERT INTO ROLE_UI_ACTION_ITEM ( RAI_ID, ROL_ID, UAI_ID, RAI_BROWSE_FL, RAI_NEW_FL, RAI_EDIT_FL,
RAI_REMOVE_FL, RAI_DELETE_FL, RAI_VERSION_ID, PTN_ID ) VALUES ( 
137, 2, 1, 'N', 'N', 'N', 'N', 'N', 1, 1); 
INSERT INTO ROLE_UI_ACTION_ITEM ( RAI_ID, ROL_ID, UAI_ID, RAI_BROWSE_FL, RAI_NEW_FL, RAI_EDIT_FL,
RAI_REMOVE_FL, RAI_DELETE_FL, RAI_VERSION_ID, PTN_ID ) VALUES ( 
138, 2, 2, 'N', 'N', 'N', 'N', 'N', 1, 1); 
INSERT INTO ROLE_UI_ACTION_ITEM ( RAI_ID, ROL_ID, UAI_ID, RAI_BROWSE_FL, RAI_NEW_FL, RAI_EDIT_FL,
RAI_REMOVE_FL, RAI_DELETE_FL, RAI_VERSION_ID, PTN_ID ) VALUES ( 
139, 2, 3, 'N', 'N', 'N', 'N', 'N', 1, 1); 
INSERT INTO ROLE_UI_ACTION_ITEM ( RAI_ID, ROL_ID, UAI_ID, RAI_BROWSE_FL, RAI_NEW_FL, RAI_EDIT_FL,
RAI_REMOVE_FL, RAI_DELETE_FL, RAI_VERSION_ID, PTN_ID ) VALUES ( 
140, 2, 4, 'N', 'N', 'N', 'N', 'N', 1, 1); 
INSERT INTO ROLE_UI_ACTION_ITEM ( RAI_ID, ROL_ID, UAI_ID, RAI_BROWSE_FL, RAI_NEW_FL, RAI_EDIT_FL,
RAI_REMOVE_FL, RAI_DELETE_FL, RAI_VERSION_ID, PTN_ID ) VALUES ( 
141, 2, 5, 'N', 'N', 'N', 'N', 'N', 1, 1); 
INSERT INTO ROLE_UI_ACTION_ITEM ( RAI_ID, ROL_ID, UAI_ID, RAI_BROWSE_FL, RAI_NEW_FL, RAI_EDIT_FL,
RAI_REMOVE_FL, RAI_DELETE_FL, RAI_VERSION_ID, PTN_ID ) VALUES ( 
142, 2, 6, 'N', 'N', 'N', 'N', 'N', 1, 1); 
INSERT INTO ROLE_UI_ACTION_ITEM ( RAI_ID, ROL_ID, UAI_ID, RAI_BROWSE_FL, RAI_NEW_FL, RAI_EDIT_FL,
RAI_REMOVE_FL, RAI_DELETE_FL, RAI_VERSION_ID, PTN_ID ) VALUES ( 
143, 2, 7, 'N', 'N', 'N', 'N', 'N', 1, 1); 
INSERT INTO ROLE_UI_ACTION_ITEM ( RAI_ID, ROL_ID, UAI_ID, RAI_BROWSE_FL, RAI_NEW_FL, RAI_EDIT_FL,
RAI_REMOVE_FL, RAI_DELETE_FL, RAI_VERSION_ID, PTN_ID ) VALUES ( 
144, 2, 8, 'N', 'N', 'N', 'N', 'N', 1, 1); 
INSERT INTO ROLE_UI_ACTION_ITEM ( RAI_ID, ROL_ID, UAI_ID, RAI_BROWSE_FL, RAI_NEW_FL, RAI_EDIT_FL,
RAI_REMOVE_FL, RAI_DELETE_FL, RAI_VERSION_ID, PTN_ID ) VALUES ( 
145, 2, 9, 'N', 'N', 'N', 'N', 'N', 1, 1); 
INSERT INTO ROLE_UI_ACTION_ITEM ( RAI_ID, ROL_ID, UAI_ID, RAI_BROWSE_FL, RAI_NEW_FL, RAI_EDIT_FL,
RAI_REMOVE_FL, RAI_DELETE_FL, RAI_VERSION_ID, PTN_ID ) VALUES ( 
146, 2, 10, 'N', 'N', 'N', 'N', 'N', 1, 1); 
INSERT INTO ROLE_UI_ACTION_ITEM ( RAI_ID, ROL_ID, UAI_ID, RAI_BROWSE_FL, RAI_NEW_FL, RAI_EDIT_FL,
RAI_REMOVE_FL, RAI_DELETE_FL, RAI_VERSION_ID, PTN_ID ) VALUES ( 
147, 2, 11, 'N', 'N', 'N', 'N', 'N', 1, 1); 
INSERT INTO ROLE_UI_ACTION_ITEM ( RAI_ID, ROL_ID, UAI_ID, RAI_BROWSE_FL, RAI_NEW_FL, RAI_EDIT_FL,
RAI_REMOVE_FL, RAI_DELETE_FL, RAI_VERSION_ID, PTN_ID ) VALUES ( 
148, 2, 12, 'N', 'N', 'N', 'N', 'N', 1, 1); 
INSERT INTO ROLE_UI_ACTION_ITEM ( RAI_ID, ROL_ID, UAI_ID, RAI_BROWSE_FL, RAI_NEW_FL, RAI_EDIT_FL,
RAI_REMOVE_FL, RAI_DELETE_FL, RAI_VERSION_ID, PTN_ID ) VALUES ( 
149, 2, 13, 'N', 'N', 'N', 'N', 'N', 1, 1); 
INSERT INTO ROLE_UI_ACTION_ITEM ( RAI_ID, ROL_ID, UAI_ID, RAI_BROWSE_FL, RAI_NEW_FL, RAI_EDIT_FL,
RAI_REMOVE_FL, RAI_DELETE_FL, RAI_VERSION_ID, PTN_ID ) VALUES ( 
150, 2, 14, 'N', 'N', 'N', 'N', 'N', 1, 1); 
INSERT INTO ROLE_UI_ACTION_ITEM ( RAI_ID, ROL_ID, UAI_ID, RAI_BROWSE_FL, RAI_NEW_FL, RAI_EDIT_FL,
RAI_REMOVE_FL, RAI_DELETE_FL, RAI_VERSION_ID, PTN_ID ) VALUES ( 
151, 2, 15, 'N', 'N', 'N', 'N', 'N', 1, 1); 
INSERT INTO ROLE_UI_ACTION_ITEM ( RAI_ID, ROL_ID, UAI_ID, RAI_BROWSE_FL, RAI_NEW_FL, RAI_EDIT_FL,
RAI_REMOVE_FL, RAI_DELETE_FL, RAI_VERSION_ID, PTN_ID ) VALUES ( 
152, 2, 16, 'N', 'N', 'N', 'N', 'N', 1, 1); 
INSERT INTO ROLE_UI_ACTION_ITEM ( RAI_ID, ROL_ID, UAI_ID, RAI_BROWSE_FL, RAI_NEW_FL, RAI_EDIT_FL,
RAI_REMOVE_FL, RAI_DELETE_FL, RAI_VERSION_ID, PTN_ID ) VALUES ( 
153, 2, 17, 'N', 'N', 'N', 'N', 'N', 1, 1); 
INSERT INTO ROLE_UI_ACTION_ITEM ( RAI_ID, ROL_ID, UAI_ID, RAI_BROWSE_FL, RAI_NEW_FL, RAI_EDIT_FL,
RAI_REMOVE_FL, RAI_DELETE_FL, RAI_VERSION_ID, PTN_ID ) VALUES ( 
154, 2, 18, 'N', 'N', 'N', 'N', 'N', 1, 1); 
INSERT INTO ROLE_UI_ACTION_ITEM ( RAI_ID, ROL_ID, UAI_ID, RAI_BROWSE_FL, RAI_NEW_FL, RAI_EDIT_FL,
RAI_REMOVE_FL, RAI_DELETE_FL, RAI_VERSION_ID, PTN_ID ) VALUES ( 
155, 2, 19, 'N', 'N', 'N', 'N', 'N', 1, 1); 
INSERT INTO ROLE_UI_ACTION_ITEM ( RAI_ID, ROL_ID, UAI_ID, RAI_BROWSE_FL, RAI_NEW_FL, RAI_EDIT_FL,
RAI_REMOVE_FL, RAI_DELETE_FL, RAI_VERSION_ID, PTN_ID ) VALUES ( 
156, 2, 20, 'N', 'N', 'N', 'N', 'N', 1, 1); 
INSERT INTO ROLE_UI_ACTION_ITEM ( RAI_ID, ROL_ID, UAI_ID, RAI_BROWSE_FL, RAI_NEW_FL, RAI_EDIT_FL,
RAI_REMOVE_FL, RAI_DELETE_FL, RAI_VERSION_ID, PTN_ID ) VALUES ( 
157, 2, 21, 'N', 'N', 'N', 'N', 'N', 1, 1); 
INSERT INTO ROLE_UI_ACTION_ITEM ( RAI_ID, ROL_ID, UAI_ID, RAI_BROWSE_FL, RAI_NEW_FL, RAI_EDIT_FL,
RAI_REMOVE_FL, RAI_DELETE_FL, RAI_VERSION_ID, PTN_ID ) VALUES ( 
158, 2, 22, 'N', 'N', 'N', 'N', 'N', 1, 1); 
INSERT INTO ROLE_UI_ACTION_ITEM ( RAI_ID, ROL_ID, UAI_ID, RAI_BROWSE_FL, RAI_NEW_FL, RAI_EDIT_FL,
RAI_REMOVE_FL, RAI_DELETE_FL, RAI_VERSION_ID, PTN_ID ) VALUES ( 
159, 2, 23, 'N', 'N', 'N', 'N', 'N', 1, 1); 
INSERT INTO ROLE_UI_ACTION_ITEM ( RAI_ID, ROL_ID, UAI_ID, RAI_BROWSE_FL, RAI_NEW_FL, RAI_EDIT_FL,
RAI_REMOVE_FL, RAI_DELETE_FL, RAI_VERSION_ID, PTN_ID ) VALUES ( 
160, 2, 24, 'N', 'N', 'N', 'N', 'N', 1, 1); 
INSERT INTO ROLE_UI_ACTION_ITEM ( RAI_ID, ROL_ID, UAI_ID, RAI_BROWSE_FL, RAI_NEW_FL, RAI_EDIT_FL,
RAI_REMOVE_FL, RAI_DELETE_FL, RAI_VERSION_ID, PTN_ID ) VALUES ( 
161, 2, 25, 'N', 'N', 'N', 'N', 'N', 1, 1); 
INSERT INTO ROLE_UI_ACTION_ITEM ( RAI_ID, ROL_ID, UAI_ID, RAI_BROWSE_FL, RAI_NEW_FL, RAI_EDIT_FL,
RAI_REMOVE_FL, RAI_DELETE_FL, RAI_VERSION_ID, PTN_ID ) VALUES ( 
162, 2, 26, 'N', 'N', 'N', 'N', 'N', 1, 1); 
INSERT INTO ROLE_UI_ACTION_ITEM ( RAI_ID, ROL_ID, UAI_ID, RAI_BROWSE_FL, RAI_NEW_FL, RAI_EDIT_FL,
RAI_REMOVE_FL, RAI_DELETE_FL, RAI_VERSION_ID, PTN_ID ) VALUES ( 
163, 2, 27, 'N', 'N', 'N', 'N', 'N', 1, 1); 
INSERT INTO ROLE_UI_ACTION_ITEM ( RAI_ID, ROL_ID, UAI_ID, RAI_BROWSE_FL, RAI_NEW_FL, RAI_EDIT_FL,
RAI_REMOVE_FL, RAI_DELETE_FL, RAI_VERSION_ID, PTN_ID ) VALUES ( 
164, 2, 28, 'N', 'N', 'N', 'N', 'N', 1, 1); 
INSERT INTO ROLE_UI_ACTION_ITEM ( RAI_ID, ROL_ID, UAI_ID, RAI_BROWSE_FL, RAI_NEW_FL, RAI_EDIT_FL,
RAI_REMOVE_FL, RAI_DELETE_FL, RAI_VERSION_ID, PTN_ID ) VALUES ( 
165, 2, 29, 'N', 'N', 'N', 'N', 'N', 1, 1); 
INSERT INTO ROLE_UI_ACTION_ITEM ( RAI_ID, ROL_ID, UAI_ID, RAI_BROWSE_FL, RAI_NEW_FL, RAI_EDIT_FL,
RAI_REMOVE_FL, RAI_DELETE_FL, RAI_VERSION_ID, PTN_ID ) VALUES ( 
166, 2, 30, 'N', 'N', 'N', 'N', 'N', 1, 1); 
INSERT INTO ROLE_UI_ACTION_ITEM ( RAI_ID, ROL_ID, UAI_ID, RAI_BROWSE_FL, RAI_NEW_FL, RAI_EDIT_FL,
RAI_REMOVE_FL, RAI_DELETE_FL, RAI_VERSION_ID, PTN_ID ) VALUES ( 
167, 2, 31, 'N', 'N', 'N', 'N', 'N', 1, 1); 
INSERT INTO ROLE_UI_ACTION_ITEM ( RAI_ID, ROL_ID, UAI_ID, RAI_BROWSE_FL, RAI_NEW_FL, RAI_EDIT_FL,
RAI_REMOVE_FL, RAI_DELETE_FL, RAI_VERSION_ID, PTN_ID ) VALUES ( 
168, 2, 32, 'N', 'N', 'N', 'N', 'N', 1, 1); 
INSERT INTO ROLE_UI_ACTION_ITEM ( RAI_ID, ROL_ID, UAI_ID, RAI_BROWSE_FL, RAI_NEW_FL, RAI_EDIT_FL,
RAI_REMOVE_FL, RAI_DELETE_FL, RAI_VERSION_ID, PTN_ID ) VALUES ( 
169, 2, 33, 'N', 'N', 'N', 'N', 'N', 1, 1); 
INSERT INTO ROLE_UI_ACTION_ITEM ( RAI_ID, ROL_ID, UAI_ID, RAI_BROWSE_FL, RAI_NEW_FL, RAI_EDIT_FL,
RAI_REMOVE_FL, RAI_DELETE_FL, RAI_VERSION_ID, PTN_ID ) VALUES ( 
170, 2, 34, 'N', 'N', 'N', 'N', 'N', 1, 1); 
INSERT INTO ROLE_UI_ACTION_ITEM ( RAI_ID, ROL_ID, UAI_ID, RAI_BROWSE_FL, RAI_NEW_FL, RAI_EDIT_FL,
RAI_REMOVE_FL, RAI_DELETE_FL, RAI_VERSION_ID, PTN_ID ) VALUES ( 
171, 2, 35, 'N', 'N', 'N', 'N', 'N', 1, 1); 
INSERT INTO ROLE_UI_ACTION_ITEM ( RAI_ID, ROL_ID, UAI_ID, RAI_BROWSE_FL, RAI_NEW_FL, RAI_EDIT_FL,
RAI_REMOVE_FL, RAI_DELETE_FL, RAI_VERSION_ID, PTN_ID ) VALUES ( 
172, 2, 36, 'N', 'N', 'N', 'N', 'N', 1, 1); 
INSERT INTO ROLE_UI_ACTION_ITEM ( RAI_ID, ROL_ID, UAI_ID, RAI_BROWSE_FL, RAI_NEW_FL, RAI_EDIT_FL,
RAI_REMOVE_FL, RAI_DELETE_FL, RAI_VERSION_ID, PTN_ID ) VALUES ( 
173, 2, 37, 'N', 'N', 'N', 'N', 'N', 1, 1); 
INSERT INTO ROLE_UI_ACTION_ITEM ( RAI_ID, ROL_ID, UAI_ID, RAI_BROWSE_FL, RAI_NEW_FL, RAI_EDIT_FL,
RAI_REMOVE_FL, RAI_DELETE_FL, RAI_VERSION_ID, PTN_ID ) VALUES ( 
174, 2, 38, 'N', 'N', 'N', 'N', 'N', 1, 1); 
INSERT INTO ROLE_UI_ACTION_ITEM ( RAI_ID, ROL_ID, UAI_ID, RAI_BROWSE_FL, RAI_NEW_FL, RAI_EDIT_FL,
RAI_REMOVE_FL, RAI_DELETE_FL, RAI_VERSION_ID, PTN_ID ) VALUES ( 
175, 2, 39, 'N', 'N', 'N', 'N', 'N', 1, 1); 
INSERT INTO ROLE_UI_ACTION_ITEM ( RAI_ID, ROL_ID, UAI_ID, RAI_BROWSE_FL, RAI_NEW_FL, RAI_EDIT_FL,
RAI_REMOVE_FL, RAI_DELETE_FL, RAI_VERSION_ID, PTN_ID ) VALUES ( 
176, 2, 40, 'N', 'N', 'N', 'N', 'N', 1, 1); 
INSERT INTO ROLE_UI_ACTION_ITEM ( RAI_ID, ROL_ID, UAI_ID, RAI_BROWSE_FL, RAI_NEW_FL, RAI_EDIT_FL,
RAI_REMOVE_FL, RAI_DELETE_FL, RAI_VERSION_ID, PTN_ID ) VALUES ( 
177, 2, 41, 'N', 'N', 'N', 'N', 'N', 1, 1); 
INSERT INTO ROLE_UI_ACTION_ITEM ( RAI_ID, ROL_ID, UAI_ID, RAI_BROWSE_FL, RAI_NEW_FL, RAI_EDIT_FL,
RAI_REMOVE_FL, RAI_DELETE_FL, RAI_VERSION_ID, PTN_ID ) VALUES ( 
178, 2, 42, 'N', 'N', 'N', 'N', 'N', 1, 1); 
INSERT INTO ROLE_UI_ACTION_ITEM ( RAI_ID, ROL_ID, UAI_ID, RAI_BROWSE_FL, RAI_NEW_FL, RAI_EDIT_FL,
RAI_REMOVE_FL, RAI_DELETE_FL, RAI_VERSION_ID, PTN_ID ) VALUES ( 
179, 2, 43, 'N', 'N', 'N', 'N', 'N', 1, 1); 
INSERT INTO ROLE_UI_ACTION_ITEM ( RAI_ID, ROL_ID, UAI_ID, RAI_BROWSE_FL, RAI_NEW_FL, RAI_EDIT_FL,
RAI_REMOVE_FL, RAI_DELETE_FL, RAI_VERSION_ID, PTN_ID ) VALUES ( 
180, 2, 44, 'N', 'N', 'N', 'N', 'N', 1, 1); 
INSERT INTO ROLE_UI_ACTION_ITEM ( RAI_ID, ROL_ID, UAI_ID, RAI_BROWSE_FL, RAI_NEW_FL, RAI_EDIT_FL,
RAI_REMOVE_FL, RAI_DELETE_FL, RAI_VERSION_ID, PTN_ID ) VALUES ( 
181, 2, 45, 'N', 'N', 'N', 'N', 'N', 1, 1); 
INSERT INTO ROLE_UI_ACTION_ITEM ( RAI_ID, ROL_ID, UAI_ID, RAI_BROWSE_FL, RAI_NEW_FL, RAI_EDIT_FL,
RAI_REMOVE_FL, RAI_DELETE_FL, RAI_VERSION_ID, PTN_ID ) VALUES ( 
182, 2, 46, 'N', 'N', 'N', 'N', 'N', 1, 1); 
INSERT INTO ROLE_UI_ACTION_ITEM ( RAI_ID, ROL_ID, UAI_ID, RAI_BROWSE_FL, RAI_NEW_FL, RAI_EDIT_FL,
RAI_REMOVE_FL, RAI_DELETE_FL, RAI_VERSION_ID, PTN_ID ) VALUES ( 
183, 2, 47, 'N', 'N', 'N', 'N', 'N', 1, 1); 
INSERT INTO ROLE_UI_ACTION_ITEM ( RAI_ID, ROL_ID, UAI_ID, RAI_BROWSE_FL, RAI_NEW_FL, RAI_EDIT_FL,
RAI_REMOVE_FL, RAI_DELETE_FL, RAI_VERSION_ID, PTN_ID ) VALUES ( 
184, 2, 48, 'N', 'N', 'N', 'N', 'N', 1, 1); 
INSERT INTO ROLE_UI_ACTION_ITEM ( RAI_ID, ROL_ID, UAI_ID, RAI_BROWSE_FL, RAI_NEW_FL, RAI_EDIT_FL,
RAI_REMOVE_FL, RAI_DELETE_FL, RAI_VERSION_ID, PTN_ID ) VALUES ( 
185, 2, 49, 'N', 'N', 'N', 'N', 'N', 1, 1); 
INSERT INTO ROLE_UI_ACTION_ITEM ( RAI_ID, ROL_ID, UAI_ID, RAI_BROWSE_FL, RAI_NEW_FL, RAI_EDIT_FL,
RAI_REMOVE_FL, RAI_DELETE_FL, RAI_VERSION_ID, PTN_ID ) VALUES ( 
186, 2, 50, 'N', 'N', 'N', 'N', 'N', 1, 1); 
INSERT INTO ROLE_UI_ACTION_ITEM ( RAI_ID, ROL_ID, UAI_ID, RAI_BROWSE_FL, RAI_NEW_FL, RAI_EDIT_FL,
RAI_REMOVE_FL, RAI_DELETE_FL, RAI_VERSION_ID, PTN_ID ) VALUES ( 
187, 2, 51, 'N', 'N', 'N', 'N', 'N', 1, 1); 
INSERT INTO ROLE_UI_ACTION_ITEM ( RAI_ID, ROL_ID, UAI_ID, RAI_BROWSE_FL, RAI_NEW_FL, RAI_EDIT_FL,
RAI_REMOVE_FL, RAI_DELETE_FL, RAI_VERSION_ID, PTN_ID ) VALUES ( 
188, 2, 52, 'N', 'N', 'N', 'N', 'N', 1, 1); 
INSERT INTO ROLE_UI_ACTION_ITEM ( RAI_ID, ROL_ID, UAI_ID, RAI_BROWSE_FL, RAI_NEW_FL, RAI_EDIT_FL,
RAI_REMOVE_FL, RAI_DELETE_FL, RAI_VERSION_ID, PTN_ID ) VALUES ( 
189, 2, 53, 'N', 'N', 'N', 'N', 'N', 1, 1); 
INSERT INTO ROLE_UI_ACTION_ITEM ( RAI_ID, ROL_ID, UAI_ID, RAI_BROWSE_FL, RAI_NEW_FL, RAI_EDIT_FL,
RAI_REMOVE_FL, RAI_DELETE_FL, RAI_VERSION_ID, PTN_ID ) VALUES ( 
190, 2, 54, 'N', 'N', 'N', 'N', 'N', 1, 1); 
INSERT INTO ROLE_UI_ACTION_ITEM ( RAI_ID, ROL_ID, UAI_ID, RAI_BROWSE_FL, RAI_NEW_FL, RAI_EDIT_FL,
RAI_REMOVE_FL, RAI_DELETE_FL, RAI_VERSION_ID, PTN_ID ) VALUES ( 
191, 2, 55, 'N', 'N', 'N', 'N', 'N', 1, 1); 
INSERT INTO ROLE_UI_ACTION_ITEM ( RAI_ID, ROL_ID, UAI_ID, RAI_BROWSE_FL, RAI_NEW_FL, RAI_EDIT_FL,
RAI_REMOVE_FL, RAI_DELETE_FL, RAI_VERSION_ID, PTN_ID ) VALUES ( 
192, 2, 56, 'N', 'N', 'N', 'N', 'N', 1, 1); 
INSERT INTO ROLE_UI_ACTION_ITEM ( RAI_ID, ROL_ID, UAI_ID, RAI_BROWSE_FL, RAI_NEW_FL, RAI_EDIT_FL,
RAI_REMOVE_FL, RAI_DELETE_FL, RAI_VERSION_ID, PTN_ID ) VALUES ( 
193, 2, 57, 'N', 'N', 'N', 'N', 'N', 1, 1); 
INSERT INTO ROLE_UI_ACTION_ITEM ( RAI_ID, ROL_ID, UAI_ID, RAI_BROWSE_FL, RAI_NEW_FL, RAI_EDIT_FL,
RAI_REMOVE_FL, RAI_DELETE_FL, RAI_VERSION_ID, PTN_ID ) VALUES ( 
194, 2, 58, 'N', 'N', 'N', 'N', 'N', 1, 1); 
INSERT INTO ROLE_UI_ACTION_ITEM ( RAI_ID, ROL_ID, UAI_ID, RAI_BROWSE_FL, RAI_NEW_FL, RAI_EDIT_FL,
RAI_REMOVE_FL, RAI_DELETE_FL, RAI_VERSION_ID, PTN_ID ) VALUES ( 
195, 2, 59, 'N', 'N', 'N', 'N', 'N', 1, 1); 
INSERT INTO ROLE_UI_ACTION_ITEM ( RAI_ID, ROL_ID, UAI_ID, RAI_BROWSE_FL, RAI_NEW_FL, RAI_EDIT_FL,
RAI_REMOVE_FL, RAI_DELETE_FL, RAI_VERSION_ID, PTN_ID ) VALUES ( 
196, 2, 60, 'N', 'N', 'N', 'N', 'N', 1, 1); 
INSERT INTO ROLE_UI_ACTION_ITEM ( RAI_ID, ROL_ID, UAI_ID, RAI_BROWSE_FL, RAI_NEW_FL, RAI_EDIT_FL,
RAI_REMOVE_FL, RAI_DELETE_FL, RAI_VERSION_ID, PTN_ID ) VALUES ( 
197, 3, 2, 'N', 'N', 'N', 'N', 'N', 1, 1); 
INSERT INTO ROLE_UI_ACTION_ITEM ( RAI_ID, ROL_ID, UAI_ID, RAI_BROWSE_FL, RAI_NEW_FL, RAI_EDIT_FL,
RAI_REMOVE_FL, RAI_DELETE_FL, RAI_VERSION_ID, PTN_ID ) VALUES ( 
198, 3, 3, 'N', 'N', 'N', 'N', 'N', 1, 1); 
INSERT INTO ROLE_UI_ACTION_ITEM ( RAI_ID, ROL_ID, UAI_ID, RAI_BROWSE_FL, RAI_NEW_FL, RAI_EDIT_FL,
RAI_REMOVE_FL, RAI_DELETE_FL, RAI_VERSION_ID, PTN_ID ) VALUES ( 
199, 3, 4, 'N', 'N', 'N', 'N', 'N', 1, 1); 
INSERT INTO ROLE_UI_ACTION_ITEM ( RAI_ID, ROL_ID, UAI_ID, RAI_BROWSE_FL, RAI_NEW_FL, RAI_EDIT_FL,
RAI_REMOVE_FL, RAI_DELETE_FL, RAI_VERSION_ID, PTN_ID ) VALUES ( 
200, 3, 5, 'N', 'N', 'N', 'N', 'N', 1, 1); 
INSERT INTO ROLE_UI_ACTION_ITEM ( RAI_ID, ROL_ID, UAI_ID, RAI_BROWSE_FL, RAI_NEW_FL, RAI_EDIT_FL,
RAI_REMOVE_FL, RAI_DELETE_FL, RAI_VERSION_ID, PTN_ID ) VALUES ( 
201, 3, 6, 'N', 'N', 'N', 'N', 'N', 1, 1); 
INSERT INTO ROLE_UI_ACTION_ITEM ( RAI_ID, ROL_ID, UAI_ID, RAI_BROWSE_FL, RAI_NEW_FL, RAI_EDIT_FL,
RAI_REMOVE_FL, RAI_DELETE_FL, RAI_VERSION_ID, PTN_ID ) VALUES ( 
202, 3, 8, 'N', 'N', 'N', 'N', 'N', 1, 1); 
INSERT INTO ROLE_UI_ACTION_ITEM ( RAI_ID, ROL_ID, UAI_ID, RAI_BROWSE_FL, RAI_NEW_FL, RAI_EDIT_FL,
RAI_REMOVE_FL, RAI_DELETE_FL, RAI_VERSION_ID, PTN_ID ) VALUES ( 
203, 3, 10, 'Y', 'Y', 'Y', 'Y', 'N', 1, 1); 
INSERT INTO ROLE_UI_ACTION_ITEM ( RAI_ID, ROL_ID, UAI_ID, RAI_BROWSE_FL, RAI_NEW_FL, RAI_EDIT_FL,
RAI_REMOVE_FL, RAI_DELETE_FL, RAI_VERSION_ID, PTN_ID ) VALUES ( 
204, 3, 11, 'Y', 'Y', 'Y', 'Y', 'N', 1, 1); 
INSERT INTO ROLE_UI_ACTION_ITEM ( RAI_ID, ROL_ID, UAI_ID, RAI_BROWSE_FL, RAI_NEW_FL, RAI_EDIT_FL,
RAI_REMOVE_FL, RAI_DELETE_FL, RAI_VERSION_ID, PTN_ID ) VALUES ( 
205, 3, 12, 'Y', 'Y', 'Y', 'Y', 'N', 1, 1); 
INSERT INTO ROLE_UI_ACTION_ITEM ( RAI_ID, ROL_ID, UAI_ID, RAI_BROWSE_FL, RAI_NEW_FL, RAI_EDIT_FL,
RAI_REMOVE_FL, RAI_DELETE_FL, RAI_VERSION_ID, PTN_ID ) VALUES ( 
206, 3, 13, 'N', 'N', 'N', 'N', 'N', 1, 1); 
INSERT INTO ROLE_UI_ACTION_ITEM ( RAI_ID, ROL_ID, UAI_ID, RAI_BROWSE_FL, RAI_NEW_FL, RAI_EDIT_FL,
RAI_REMOVE_FL, RAI_DELETE_FL, RAI_VERSION_ID, PTN_ID ) VALUES ( 
207, 3, 15, 'Y', 'Y', 'Y', 'Y', 'N', 1, 1); 
INSERT INTO ROLE_UI_ACTION_ITEM ( RAI_ID, ROL_ID, UAI_ID, RAI_BROWSE_FL, RAI_NEW_FL, RAI_EDIT_FL,
RAI_REMOVE_FL, RAI_DELETE_FL, RAI_VERSION_ID, PTN_ID ) VALUES ( 
208, 3, 16, 'Y', 'Y', 'Y', 'Y', 'N', 1, 1); 
INSERT INTO ROLE_UI_ACTION_ITEM ( RAI_ID, ROL_ID, UAI_ID, RAI_BROWSE_FL, RAI_NEW_FL, RAI_EDIT_FL,
RAI_REMOVE_FL, RAI_DELETE_FL, RAI_VERSION_ID, PTN_ID ) VALUES ( 
209, 3, 17, 'N', 'N', 'N', 'N', 'N', 1, 1); 
INSERT INTO ROLE_UI_ACTION_ITEM ( RAI_ID, ROL_ID, UAI_ID, RAI_BROWSE_FL, RAI_NEW_FL, RAI_EDIT_FL,
RAI_REMOVE_FL, RAI_DELETE_FL, RAI_VERSION_ID, PTN_ID ) VALUES ( 
210, 3, 18, 'N', 'N', 'N', 'N', 'N', 1, 1); 
INSERT INTO ROLE_UI_ACTION_ITEM ( RAI_ID, ROL_ID, UAI_ID, RAI_BROWSE_FL, RAI_NEW_FL, RAI_EDIT_FL,
RAI_REMOVE_FL, RAI_DELETE_FL, RAI_VERSION_ID, PTN_ID ) VALUES ( 
211, 3, 19, 'N', 'N', 'N', 'N', 'N', 1, 1); 
INSERT INTO ROLE_UI_ACTION_ITEM ( RAI_ID, ROL_ID, UAI_ID, RAI_BROWSE_FL, RAI_NEW_FL, RAI_EDIT_FL,
RAI_REMOVE_FL, RAI_DELETE_FL, RAI_VERSION_ID, PTN_ID ) VALUES ( 
212, 3, 20, 'N', 'N', 'N', 'N', 'N', 1, 1); 
INSERT INTO ROLE_UI_ACTION_ITEM ( RAI_ID, ROL_ID, UAI_ID, RAI_BROWSE_FL, RAI_NEW_FL, RAI_EDIT_FL,
RAI_REMOVE_FL, RAI_DELETE_FL, RAI_VERSION_ID, PTN_ID ) VALUES ( 
213, 3, 21, 'Y', 'N', 'N', 'N', 'N', 1, 1); 
INSERT INTO ROLE_UI_ACTION_ITEM ( RAI_ID, ROL_ID, UAI_ID, RAI_BROWSE_FL, RAI_NEW_FL, RAI_EDIT_FL,
RAI_REMOVE_FL, RAI_DELETE_FL, RAI_VERSION_ID, PTN_ID ) VALUES ( 
214, 3, 22, 'Y', 'N', 'N', 'N', 'N', 1, 1); 
INSERT INTO ROLE_UI_ACTION_ITEM ( RAI_ID, ROL_ID, UAI_ID, RAI_BROWSE_FL, RAI_NEW_FL, RAI_EDIT_FL,
RAI_REMOVE_FL, RAI_DELETE_FL, RAI_VERSION_ID, PTN_ID ) VALUES ( 
215, 3, 23, 'Y', 'N', 'N', 'N', 'N', 1, 1); 
INSERT INTO ROLE_UI_ACTION_ITEM ( RAI_ID, ROL_ID, UAI_ID, RAI_BROWSE_FL, RAI_NEW_FL, RAI_EDIT_FL,
RAI_REMOVE_FL, RAI_DELETE_FL, RAI_VERSION_ID, PTN_ID ) VALUES ( 
216, 3, 24, 'Y', 'N', 'N', 'N', 'N', 1, 1); 
INSERT INTO ROLE_UI_ACTION_ITEM ( RAI_ID, ROL_ID, UAI_ID, RAI_BROWSE_FL, RAI_NEW_FL, RAI_EDIT_FL,
RAI_REMOVE_FL, RAI_DELETE_FL, RAI_VERSION_ID, PTN_ID ) VALUES ( 
217, 3, 25, 'Y', 'N', 'N', 'N', 'N', 1, 1); 
INSERT INTO ROLE_UI_ACTION_ITEM ( RAI_ID, ROL_ID, UAI_ID, RAI_BROWSE_FL, RAI_NEW_FL, RAI_EDIT_FL,
RAI_REMOVE_FL, RAI_DELETE_FL, RAI_VERSION_ID, PTN_ID ) VALUES ( 
218, 3, 26, 'Y', 'N', 'N', 'N', 'N', 1, 1); 
INSERT INTO ROLE_UI_ACTION_ITEM ( RAI_ID, ROL_ID, UAI_ID, RAI_BROWSE_FL, RAI_NEW_FL, RAI_EDIT_FL,
RAI_REMOVE_FL, RAI_DELETE_FL, RAI_VERSION_ID, PTN_ID ) VALUES ( 
219, 3, 27, 'Y', 'N', 'N', 'N', 'N', 1, 1); 
INSERT INTO ROLE_UI_ACTION_ITEM ( RAI_ID, ROL_ID, UAI_ID, RAI_BROWSE_FL, RAI_NEW_FL, RAI_EDIT_FL,
RAI_REMOVE_FL, RAI_DELETE_FL, RAI_VERSION_ID, PTN_ID ) VALUES ( 
220, 3, 28, 'Y', 'N', 'N', 'N', 'N', 1, 1); 
INSERT INTO ROLE_UI_ACTION_ITEM ( RAI_ID, ROL_ID, UAI_ID, RAI_BROWSE_FL, RAI_NEW_FL, RAI_EDIT_FL,
RAI_REMOVE_FL, RAI_DELETE_FL, RAI_VERSION_ID, PTN_ID ) VALUES ( 
221, 3, 29, 'Y', 'N', 'N', 'N', 'N', 1, 1); 
INSERT INTO ROLE_UI_ACTION_ITEM ( RAI_ID, ROL_ID, UAI_ID, RAI_BROWSE_FL, RAI_NEW_FL, RAI_EDIT_FL,
RAI_REMOVE_FL, RAI_DELETE_FL, RAI_VERSION_ID, PTN_ID ) VALUES ( 
222, 3, 30, 'Y', 'N', 'N', 'N', 'N', 1, 1); 
INSERT INTO ROLE_UI_ACTION_ITEM ( RAI_ID, ROL_ID, UAI_ID, RAI_BROWSE_FL, RAI_NEW_FL, RAI_EDIT_FL,
RAI_REMOVE_FL, RAI_DELETE_FL, RAI_VERSION_ID, PTN_ID ) VALUES ( 
223, 3, 31, 'Y', 'N', 'N', 'N', 'N', 1, 1); 
INSERT INTO ROLE_UI_ACTION_ITEM ( RAI_ID, ROL_ID, UAI_ID, RAI_BROWSE_FL, RAI_NEW_FL, RAI_EDIT_FL,
RAI_REMOVE_FL, RAI_DELETE_FL, RAI_VERSION_ID, PTN_ID ) VALUES ( 
224, 3, 32, 'Y', 'N', 'N', 'N', 'N', 1, 1); 
INSERT INTO ROLE_UI_ACTION_ITEM ( RAI_ID, ROL_ID, UAI_ID, RAI_BROWSE_FL, RAI_NEW_FL, RAI_EDIT_FL,
RAI_REMOVE_FL, RAI_DELETE_FL, RAI_VERSION_ID, PTN_ID ) VALUES ( 
225, 3, 33, 'Y', 'N', 'N', 'N', 'N', 1, 1); 
INSERT INTO ROLE_UI_ACTION_ITEM ( RAI_ID, ROL_ID, UAI_ID, RAI_BROWSE_FL, RAI_NEW_FL, RAI_EDIT_FL,
RAI_REMOVE_FL, RAI_DELETE_FL, RAI_VERSION_ID, PTN_ID ) VALUES ( 
226, 3, 34, 'Y', 'N', 'N', 'N', 'N', 1, 1); 
INSERT INTO ROLE_UI_ACTION_ITEM ( RAI_ID, ROL_ID, UAI_ID, RAI_BROWSE_FL, RAI_NEW_FL, RAI_EDIT_FL,
RAI_REMOVE_FL, RAI_DELETE_FL, RAI_VERSION_ID, PTN_ID ) VALUES ( 
227, 3, 35, 'Y', 'N', 'N', 'N', 'N', 1, 1); 
INSERT INTO ROLE_UI_ACTION_ITEM ( RAI_ID, ROL_ID, UAI_ID, RAI_BROWSE_FL, RAI_NEW_FL, RAI_EDIT_FL,
RAI_REMOVE_FL, RAI_DELETE_FL, RAI_VERSION_ID, PTN_ID ) VALUES ( 
228, 3, 36, 'Y', 'N', 'N', 'N', 'N', 1, 1); 
INSERT INTO ROLE_UI_ACTION_ITEM ( RAI_ID, ROL_ID, UAI_ID, RAI_BROWSE_FL, RAI_NEW_FL, RAI_EDIT_FL,
RAI_REMOVE_FL, RAI_DELETE_FL, RAI_VERSION_ID, PTN_ID ) VALUES ( 
229, 3, 37, 'Y', 'N', 'N', 'N', 'N', 1, 1); 
INSERT INTO ROLE_UI_ACTION_ITEM ( RAI_ID, ROL_ID, UAI_ID, RAI_BROWSE_FL, RAI_NEW_FL, RAI_EDIT_FL,
RAI_REMOVE_FL, RAI_DELETE_FL, RAI_VERSION_ID, PTN_ID ) VALUES ( 
230, 3, 38, 'Y', 'N', 'N', 'N', 'N', 1, 1); 
INSERT INTO ROLE_UI_ACTION_ITEM ( RAI_ID, ROL_ID, UAI_ID, RAI_BROWSE_FL, RAI_NEW_FL, RAI_EDIT_FL,
RAI_REMOVE_FL, RAI_DELETE_FL, RAI_VERSION_ID, PTN_ID ) VALUES ( 
231, 3, 39, 'Y', 'N', 'N', 'N', 'N', 1, 1); 
INSERT INTO ROLE_UI_ACTION_ITEM ( RAI_ID, ROL_ID, UAI_ID, RAI_BROWSE_FL, RAI_NEW_FL, RAI_EDIT_FL,
RAI_REMOVE_FL, RAI_DELETE_FL, RAI_VERSION_ID, PTN_ID ) VALUES ( 
232, 3, 40, 'Y', 'N', 'N', 'N', 'N', 1, 1); 
INSERT INTO ROLE_UI_ACTION_ITEM ( RAI_ID, ROL_ID, UAI_ID, RAI_BROWSE_FL, RAI_NEW_FL, RAI_EDIT_FL,
RAI_REMOVE_FL, RAI_DELETE_FL, RAI_VERSION_ID, PTN_ID ) VALUES ( 
233, 3, 41, 'Y', 'N', 'N', 'N', 'N', 1, 1); 
INSERT INTO ROLE_UI_ACTION_ITEM ( RAI_ID, ROL_ID, UAI_ID, RAI_BROWSE_FL, RAI_NEW_FL, RAI_EDIT_FL,
RAI_REMOVE_FL, RAI_DELETE_FL, RAI_VERSION_ID, PTN_ID ) VALUES ( 
234, 3, 42, 'Y', 'N', 'N', 'N', 'N', 1, 1); 
INSERT INTO ROLE_UI_ACTION_ITEM ( RAI_ID, ROL_ID, UAI_ID, RAI_BROWSE_FL, RAI_NEW_FL, RAI_EDIT_FL,
RAI_REMOVE_FL, RAI_DELETE_FL, RAI_VERSION_ID, PTN_ID ) VALUES ( 
235, 3, 43, 'Y', 'N', 'N', 'N', 'N', 1, 1); 
INSERT INTO ROLE_UI_ACTION_ITEM ( RAI_ID, ROL_ID, UAI_ID, RAI_BROWSE_FL, RAI_NEW_FL, RAI_EDIT_FL,
RAI_REMOVE_FL, RAI_DELETE_FL, RAI_VERSION_ID, PTN_ID ) VALUES ( 
236, 3, 45, 'N', 'N', 'N', 'N', 'N', 1, 1); 
INSERT INTO ROLE_UI_ACTION_ITEM ( RAI_ID, ROL_ID, UAI_ID, RAI_BROWSE_FL, RAI_NEW_FL, RAI_EDIT_FL,
RAI_REMOVE_FL, RAI_DELETE_FL, RAI_VERSION_ID, PTN_ID ) VALUES ( 
237, 3, 46, 'N', 'N', 'N', 'N', 'N', 1, 1); 
INSERT INTO ROLE_UI_ACTION_ITEM ( RAI_ID, ROL_ID, UAI_ID, RAI_BROWSE_FL, RAI_NEW_FL, RAI_EDIT_FL,
RAI_REMOVE_FL, RAI_DELETE_FL, RAI_VERSION_ID, PTN_ID ) VALUES ( 
238, 3, 48, 'N', 'N', 'N', 'N', 'N', 1, 1); 
INSERT INTO ROLE_UI_ACTION_ITEM ( RAI_ID, ROL_ID, UAI_ID, RAI_BROWSE_FL, RAI_NEW_FL, RAI_EDIT_FL,
RAI_REMOVE_FL, RAI_DELETE_FL, RAI_VERSION_ID, PTN_ID ) VALUES ( 
239, 3, 49, 'N', 'N', 'N', 'N', 'N', 1, 1); 
INSERT INTO ROLE_UI_ACTION_ITEM ( RAI_ID, ROL_ID, UAI_ID, RAI_BROWSE_FL, RAI_NEW_FL, RAI_EDIT_FL,
RAI_REMOVE_FL, RAI_DELETE_FL, RAI_VERSION_ID, PTN_ID ) VALUES ( 
240, 3, 50, 'N', 'N', 'N', 'N', 'N', 1, 1); 
INSERT INTO ROLE_UI_ACTION_ITEM ( RAI_ID, ROL_ID, UAI_ID, RAI_BROWSE_FL, RAI_NEW_FL, RAI_EDIT_FL,
RAI_REMOVE_FL, RAI_DELETE_FL, RAI_VERSION_ID, PTN_ID ) VALUES ( 
241, 3, 51, 'N', 'N', 'N', 'N', 'N', 1, 1); 
INSERT INTO ROLE_UI_ACTION_ITEM ( RAI_ID, ROL_ID, UAI_ID, RAI_BROWSE_FL, RAI_NEW_FL, RAI_EDIT_FL,
RAI_REMOVE_FL, RAI_DELETE_FL, RAI_VERSION_ID, PTN_ID ) VALUES ( 
242, 3, 52, 'N', 'N', 'N', 'N', 'N', 1, 1); 
INSERT INTO ROLE_UI_ACTION_ITEM ( RAI_ID, ROL_ID, UAI_ID, RAI_BROWSE_FL, RAI_NEW_FL, RAI_EDIT_FL,
RAI_REMOVE_FL, RAI_DELETE_FL, RAI_VERSION_ID, PTN_ID ) VALUES ( 
243, 3, 53, 'N', 'N', 'N', 'N', 'N', 1, 1); 
INSERT INTO ROLE_UI_ACTION_ITEM ( RAI_ID, ROL_ID, UAI_ID, RAI_BROWSE_FL, RAI_NEW_FL, RAI_EDIT_FL,
RAI_REMOVE_FL, RAI_DELETE_FL, RAI_VERSION_ID, PTN_ID ) VALUES ( 
244, 3, 54, 'N', 'N', 'N', 'N', 'N', 1, 1); 
INSERT INTO ROLE_UI_ACTION_ITEM ( RAI_ID, ROL_ID, UAI_ID, RAI_BROWSE_FL, RAI_NEW_FL, RAI_EDIT_FL,
RAI_REMOVE_FL, RAI_DELETE_FL, RAI_VERSION_ID, PTN_ID ) VALUES ( 
245, 3, 55, 'N', 'N', 'N', 'N', 'N', 1, 1); 
INSERT INTO ROLE_UI_ACTION_ITEM ( RAI_ID, ROL_ID, UAI_ID, RAI_BROWSE_FL, RAI_NEW_FL, RAI_EDIT_FL,
RAI_REMOVE_FL, RAI_DELETE_FL, RAI_VERSION_ID, PTN_ID ) VALUES ( 
246, 3, 56, 'N', 'N', 'N', 'N', 'N', 1, 1); 
INSERT INTO ROLE_UI_ACTION_ITEM ( RAI_ID, ROL_ID, UAI_ID, RAI_BROWSE_FL, RAI_NEW_FL, RAI_EDIT_FL,
RAI_REMOVE_FL, RAI_DELETE_FL, RAI_VERSION_ID, PTN_ID ) VALUES ( 
247, 3, 57, 'N', 'N', 'N', 'N', 'N', 1, 1); 
INSERT INTO ROLE_UI_ACTION_ITEM ( RAI_ID, ROL_ID, UAI_ID, RAI_BROWSE_FL, RAI_NEW_FL, RAI_EDIT_FL,
RAI_REMOVE_FL, RAI_DELETE_FL, RAI_VERSION_ID, PTN_ID ) VALUES ( 
248, 3, 58, 'N', 'N', 'N', 'N', 'N', 1, 1); 
INSERT INTO ROLE_UI_ACTION_ITEM ( RAI_ID, ROL_ID, UAI_ID, RAI_BROWSE_FL, RAI_NEW_FL, RAI_EDIT_FL,
RAI_REMOVE_FL, RAI_DELETE_FL, RAI_VERSION_ID, PTN_ID ) VALUES ( 
249, 3, 59, 'N', 'N', 'N', 'N', 'N', 1, 1); 
INSERT INTO ROLE_UI_ACTION_ITEM ( RAI_ID, ROL_ID, UAI_ID, RAI_BROWSE_FL, RAI_NEW_FL, RAI_EDIT_FL,
RAI_REMOVE_FL, RAI_DELETE_FL, RAI_VERSION_ID, PTN_ID ) VALUES ( 
250, 3, 60, 'N', 'N', 'N', 'N', 'N', 1, 1); 
INSERT INTO ROLE_UI_ACTION_ITEM ( RAI_ID, ROL_ID, UAI_ID, RAI_BROWSE_FL, RAI_NEW_FL, RAI_EDIT_FL,
RAI_REMOVE_FL, RAI_DELETE_FL, RAI_VERSION_ID, PTN_ID ) VALUES ( 
251, 4, 2, 'N', 'N', 'N', 'N', 'N', 1, 1); 
INSERT INTO ROLE_UI_ACTION_ITEM ( RAI_ID, ROL_ID, UAI_ID, RAI_BROWSE_FL, RAI_NEW_FL, RAI_EDIT_FL,
RAI_REMOVE_FL, RAI_DELETE_FL, RAI_VERSION_ID, PTN_ID ) VALUES ( 
252, 4, 3, 'N', 'N', 'N', 'N', 'N', 1, 1); 
INSERT INTO ROLE_UI_ACTION_ITEM ( RAI_ID, ROL_ID, UAI_ID, RAI_BROWSE_FL, RAI_NEW_FL, RAI_EDIT_FL,
RAI_REMOVE_FL, RAI_DELETE_FL, RAI_VERSION_ID, PTN_ID ) VALUES ( 
253, 4, 4, 'N', 'N', 'N', 'N', 'N', 1, 1); 
INSERT INTO ROLE_UI_ACTION_ITEM ( RAI_ID, ROL_ID, UAI_ID, RAI_BROWSE_FL, RAI_NEW_FL, RAI_EDIT_FL,
RAI_REMOVE_FL, RAI_DELETE_FL, RAI_VERSION_ID, PTN_ID ) VALUES ( 
254, 4, 5, 'N', 'N', 'N', 'N', 'N', 1, 1); 
INSERT INTO ROLE_UI_ACTION_ITEM ( RAI_ID, ROL_ID, UAI_ID, RAI_BROWSE_FL, RAI_NEW_FL, RAI_EDIT_FL,
RAI_REMOVE_FL, RAI_DELETE_FL, RAI_VERSION_ID, PTN_ID ) VALUES ( 
255, 4, 6, 'N', 'N', 'N', 'N', 'N', 1, 1); 
INSERT INTO ROLE_UI_ACTION_ITEM ( RAI_ID, ROL_ID, UAI_ID, RAI_BROWSE_FL, RAI_NEW_FL, RAI_EDIT_FL,
RAI_REMOVE_FL, RAI_DELETE_FL, RAI_VERSION_ID, PTN_ID ) VALUES ( 
256, 4, 8, 'N', 'N', 'N', 'N', 'N', 1, 1); 
INSERT INTO ROLE_UI_ACTION_ITEM ( RAI_ID, ROL_ID, UAI_ID, RAI_BROWSE_FL, RAI_NEW_FL, RAI_EDIT_FL,
RAI_REMOVE_FL, RAI_DELETE_FL, RAI_VERSION_ID, PTN_ID ) VALUES ( 
257, 4, 10, 'Y', 'N', 'N', 'N', 'N', 1, 1); 
INSERT INTO ROLE_UI_ACTION_ITEM ( RAI_ID, ROL_ID, UAI_ID, RAI_BROWSE_FL, RAI_NEW_FL, RAI_EDIT_FL,
RAI_REMOVE_FL, RAI_DELETE_FL, RAI_VERSION_ID, PTN_ID ) VALUES ( 
258, 4, 11, 'Y', 'N', 'N', 'N', 'N', 1, 1); 
INSERT INTO ROLE_UI_ACTION_ITEM ( RAI_ID, ROL_ID, UAI_ID, RAI_BROWSE_FL, RAI_NEW_FL, RAI_EDIT_FL,
RAI_REMOVE_FL, RAI_DELETE_FL, RAI_VERSION_ID, PTN_ID ) VALUES ( 
259, 4, 12, 'Y', 'N', 'N', 'N', 'N', 1, 1); 
INSERT INTO ROLE_UI_ACTION_ITEM ( RAI_ID, ROL_ID, UAI_ID, RAI_BROWSE_FL, RAI_NEW_FL, RAI_EDIT_FL,
RAI_REMOVE_FL, RAI_DELETE_FL, RAI_VERSION_ID, PTN_ID ) VALUES ( 
260, 4, 13, 'N', 'N', 'N', 'N', 'N', 1, 1); 
INSERT INTO ROLE_UI_ACTION_ITEM ( RAI_ID, ROL_ID, UAI_ID, RAI_BROWSE_FL, RAI_NEW_FL, RAI_EDIT_FL,
RAI_REMOVE_FL, RAI_DELETE_FL, RAI_VERSION_ID, PTN_ID ) VALUES ( 
261, 4, 15, 'Y', 'N', 'N', 'N', 'N', 1, 1); 
INSERT INTO ROLE_UI_ACTION_ITEM ( RAI_ID, ROL_ID, UAI_ID, RAI_BROWSE_FL, RAI_NEW_FL, RAI_EDIT_FL,
RAI_REMOVE_FL, RAI_DELETE_FL, RAI_VERSION_ID, PTN_ID ) VALUES ( 
262, 4, 16, 'Y', 'N', 'N', 'N', 'N', 1, 1); 
INSERT INTO ROLE_UI_ACTION_ITEM ( RAI_ID, ROL_ID, UAI_ID, RAI_BROWSE_FL, RAI_NEW_FL, RAI_EDIT_FL,
RAI_REMOVE_FL, RAI_DELETE_FL, RAI_VERSION_ID, PTN_ID ) VALUES ( 
263, 4, 17, 'N', 'N', 'N', 'N', 'N', 1, 1); 
INSERT INTO ROLE_UI_ACTION_ITEM ( RAI_ID, ROL_ID, UAI_ID, RAI_BROWSE_FL, RAI_NEW_FL, RAI_EDIT_FL,
RAI_REMOVE_FL, RAI_DELETE_FL, RAI_VERSION_ID, PTN_ID ) VALUES ( 
264, 4, 18, 'N', 'N', 'N', 'N', 'N', 1, 1); 
INSERT INTO ROLE_UI_ACTION_ITEM ( RAI_ID, ROL_ID, UAI_ID, RAI_BROWSE_FL, RAI_NEW_FL, RAI_EDIT_FL,
RAI_REMOVE_FL, RAI_DELETE_FL, RAI_VERSION_ID, PTN_ID ) VALUES ( 
265, 4, 19, 'N', 'N', 'N', 'N', 'N', 1, 1); 
INSERT INTO ROLE_UI_ACTION_ITEM ( RAI_ID, ROL_ID, UAI_ID, RAI_BROWSE_FL, RAI_NEW_FL, RAI_EDIT_FL,
RAI_REMOVE_FL, RAI_DELETE_FL, RAI_VERSION_ID, PTN_ID ) VALUES ( 
266, 4, 20, 'N', 'N', 'N', 'N', 'N', 1, 1); 
INSERT INTO ROLE_UI_ACTION_ITEM ( RAI_ID, ROL_ID, UAI_ID, RAI_BROWSE_FL, RAI_NEW_FL, RAI_EDIT_FL,
RAI_REMOVE_FL, RAI_DELETE_FL, RAI_VERSION_ID, PTN_ID ) VALUES ( 
267, 4, 21, 'Y', 'N', 'N', 'N', 'N', 1, 1); 
INSERT INTO ROLE_UI_ACTION_ITEM ( RAI_ID, ROL_ID, UAI_ID, RAI_BROWSE_FL, RAI_NEW_FL, RAI_EDIT_FL,
RAI_REMOVE_FL, RAI_DELETE_FL, RAI_VERSION_ID, PTN_ID ) VALUES ( 
268, 4, 22, 'N', 'N', 'N', 'N', 'N', 1, 1); 
INSERT INTO ROLE_UI_ACTION_ITEM ( RAI_ID, ROL_ID, UAI_ID, RAI_BROWSE_FL, RAI_NEW_FL, RAI_EDIT_FL,
RAI_REMOVE_FL, RAI_DELETE_FL, RAI_VERSION_ID, PTN_ID ) VALUES ( 
269, 4, 23, 'Y', 'N', 'N', 'N', 'N', 2, 1); 
INSERT INTO ROLE_UI_ACTION_ITEM ( RAI_ID, ROL_ID, UAI_ID, RAI_BROWSE_FL, RAI_NEW_FL, RAI_EDIT_FL,
RAI_REMOVE_FL, RAI_DELETE_FL, RAI_VERSION_ID, PTN_ID ) VALUES ( 
270, 4, 24, 'N', 'N', 'N', 'N', 'N', 1, 1); 
INSERT INTO ROLE_UI_ACTION_ITEM ( RAI_ID, ROL_ID, UAI_ID, RAI_BROWSE_FL, RAI_NEW_FL, RAI_EDIT_FL,
RAI_REMOVE_FL, RAI_DELETE_FL, RAI_VERSION_ID, PTN_ID ) VALUES ( 
271, 4, 25, 'N', 'N', 'N', 'N', 'N', 1, 1); 
INSERT INTO ROLE_UI_ACTION_ITEM ( RAI_ID, ROL_ID, UAI_ID, RAI_BROWSE_FL, RAI_NEW_FL, RAI_EDIT_FL,
RAI_REMOVE_FL, RAI_DELETE_FL, RAI_VERSION_ID, PTN_ID ) VALUES ( 
272, 4, 26, 'Y', 'N', 'N', 'N', 'N', 1, 1); 
INSERT INTO ROLE_UI_ACTION_ITEM ( RAI_ID, ROL_ID, UAI_ID, RAI_BROWSE_FL, RAI_NEW_FL, RAI_EDIT_FL,
RAI_REMOVE_FL, RAI_DELETE_FL, RAI_VERSION_ID, PTN_ID ) VALUES ( 
273, 4, 27, 'N', 'N', 'N', 'N', 'N', 1, 1); 
INSERT INTO ROLE_UI_ACTION_ITEM ( RAI_ID, ROL_ID, UAI_ID, RAI_BROWSE_FL, RAI_NEW_FL, RAI_EDIT_FL,
RAI_REMOVE_FL, RAI_DELETE_FL, RAI_VERSION_ID, PTN_ID ) VALUES ( 
274, 4, 28, 'N', 'N', 'N', 'N', 'N', 1, 1); 
INSERT INTO ROLE_UI_ACTION_ITEM ( RAI_ID, ROL_ID, UAI_ID, RAI_BROWSE_FL, RAI_NEW_FL, RAI_EDIT_FL,
RAI_REMOVE_FL, RAI_DELETE_FL, RAI_VERSION_ID, PTN_ID ) VALUES ( 
275, 4, 29, 'Y', 'N', 'N', 'N', 'N', 1, 1); 
INSERT INTO ROLE_UI_ACTION_ITEM ( RAI_ID, ROL_ID, UAI_ID, RAI_BROWSE_FL, RAI_NEW_FL, RAI_EDIT_FL,
RAI_REMOVE_FL, RAI_DELETE_FL, RAI_VERSION_ID, PTN_ID ) VALUES ( 
276, 4, 30, 'Y', 'N', 'N', 'N', 'N', 1, 1); 
INSERT INTO ROLE_UI_ACTION_ITEM ( RAI_ID, ROL_ID, UAI_ID, RAI_BROWSE_FL, RAI_NEW_FL, RAI_EDIT_FL,
RAI_REMOVE_FL, RAI_DELETE_FL, RAI_VERSION_ID, PTN_ID ) VALUES ( 
277, 4, 31, 'Y', 'N', 'N', 'N', 'N', 1, 1); 
INSERT INTO ROLE_UI_ACTION_ITEM ( RAI_ID, ROL_ID, UAI_ID, RAI_BROWSE_FL, RAI_NEW_FL, RAI_EDIT_FL,
RAI_REMOVE_FL, RAI_DELETE_FL, RAI_VERSION_ID, PTN_ID ) VALUES ( 
278, 4, 32, 'Y', 'N', 'N', 'N', 'N', 1, 1); 
INSERT INTO ROLE_UI_ACTION_ITEM ( RAI_ID, ROL_ID, UAI_ID, RAI_BROWSE_FL, RAI_NEW_FL, RAI_EDIT_FL,
RAI_REMOVE_FL, RAI_DELETE_FL, RAI_VERSION_ID, PTN_ID ) VALUES ( 
279, 4, 33, 'N', 'N', 'N', 'N', 'N', 1, 1); 
INSERT INTO ROLE_UI_ACTION_ITEM ( RAI_ID, ROL_ID, UAI_ID, RAI_BROWSE_FL, RAI_NEW_FL, RAI_EDIT_FL,
RAI_REMOVE_FL, RAI_DELETE_FL, RAI_VERSION_ID, PTN_ID ) VALUES ( 
280, 4, 34, 'N', 'N', 'N', 'N', 'N', 1, 1); 
INSERT INTO ROLE_UI_ACTION_ITEM ( RAI_ID, ROL_ID, UAI_ID, RAI_BROWSE_FL, RAI_NEW_FL, RAI_EDIT_FL,
RAI_REMOVE_FL, RAI_DELETE_FL, RAI_VERSION_ID, PTN_ID ) VALUES ( 
281, 4, 35, 'N', 'N', 'N', 'N', 'N', 1, 1); 
INSERT INTO ROLE_UI_ACTION_ITEM ( RAI_ID, ROL_ID, UAI_ID, RAI_BROWSE_FL, RAI_NEW_FL, RAI_EDIT_FL,
RAI_REMOVE_FL, RAI_DELETE_FL, RAI_VERSION_ID, PTN_ID ) VALUES ( 
282, 4, 36, 'Y', 'N', 'N', 'N', 'N', 1, 1); 
INSERT INTO ROLE_UI_ACTION_ITEM ( RAI_ID, ROL_ID, UAI_ID, RAI_BROWSE_FL, RAI_NEW_FL, RAI_EDIT_FL,
RAI_REMOVE_FL, RAI_DELETE_FL, RAI_VERSION_ID, PTN_ID ) VALUES ( 
283, 4, 37, 'N', 'N', 'N', 'N', 'N', 1, 1); 
INSERT INTO ROLE_UI_ACTION_ITEM ( RAI_ID, ROL_ID, UAI_ID, RAI_BROWSE_FL, RAI_NEW_FL, RAI_EDIT_FL,
RAI_REMOVE_FL, RAI_DELETE_FL, RAI_VERSION_ID, PTN_ID ) VALUES ( 
284, 4, 38, 'Y', 'N', 'N', 'N', 'N', 1, 1); 
INSERT INTO ROLE_UI_ACTION_ITEM ( RAI_ID, ROL_ID, UAI_ID, RAI_BROWSE_FL, RAI_NEW_FL, RAI_EDIT_FL,
RAI_REMOVE_FL, RAI_DELETE_FL, RAI_VERSION_ID, PTN_ID ) VALUES ( 
285, 4, 39, 'Y', 'N', 'N', 'N', 'N', 1, 1); 
INSERT INTO ROLE_UI_ACTION_ITEM ( RAI_ID, ROL_ID, UAI_ID, RAI_BROWSE_FL, RAI_NEW_FL, RAI_EDIT_FL,
RAI_REMOVE_FL, RAI_DELETE_FL, RAI_VERSION_ID, PTN_ID ) VALUES ( 
286, 4, 40, 'N', 'N', 'N', 'N', 'N', 1, 1); 
INSERT INTO ROLE_UI_ACTION_ITEM ( RAI_ID, ROL_ID, UAI_ID, RAI_BROWSE_FL, RAI_NEW_FL, RAI_EDIT_FL,
RAI_REMOVE_FL, RAI_DELETE_FL, RAI_VERSION_ID, PTN_ID ) VALUES ( 
287, 4, 41, 'Y', 'N', 'N', 'N', 'N', 1, 1); 
INSERT INTO ROLE_UI_ACTION_ITEM ( RAI_ID, ROL_ID, UAI_ID, RAI_BROWSE_FL, RAI_NEW_FL, RAI_EDIT_FL,
RAI_REMOVE_FL, RAI_DELETE_FL, RAI_VERSION_ID, PTN_ID ) VALUES ( 
288, 4, 42, 'N', 'N', 'N', 'N', 'N', 1, 1); 
INSERT INTO ROLE_UI_ACTION_ITEM ( RAI_ID, ROL_ID, UAI_ID, RAI_BROWSE_FL, RAI_NEW_FL, RAI_EDIT_FL,
RAI_REMOVE_FL, RAI_DELETE_FL, RAI_VERSION_ID, PTN_ID ) VALUES ( 
289, 4, 43, 'N', 'N', 'N', 'N', 'N', 1, 1); 
INSERT INTO ROLE_UI_ACTION_ITEM ( RAI_ID, ROL_ID, UAI_ID, RAI_BROWSE_FL, RAI_NEW_FL, RAI_EDIT_FL,
RAI_REMOVE_FL, RAI_DELETE_FL, RAI_VERSION_ID, PTN_ID ) VALUES ( 
290, 4, 45, 'N', 'N', 'N', 'N', 'N', 1, 1); 
INSERT INTO ROLE_UI_ACTION_ITEM ( RAI_ID, ROL_ID, UAI_ID, RAI_BROWSE_FL, RAI_NEW_FL, RAI_EDIT_FL,
RAI_REMOVE_FL, RAI_DELETE_FL, RAI_VERSION_ID, PTN_ID ) VALUES ( 
291, 4, 46, 'N', 'N', 'N', 'N', 'N', 1, 1); 
INSERT INTO ROLE_UI_ACTION_ITEM ( RAI_ID, ROL_ID, UAI_ID, RAI_BROWSE_FL, RAI_NEW_FL, RAI_EDIT_FL,
RAI_REMOVE_FL, RAI_DELETE_FL, RAI_VERSION_ID, PTN_ID ) VALUES ( 
292, 4, 48, 'N', 'N', 'N', 'N', 'N', 1, 1); 
INSERT INTO ROLE_UI_ACTION_ITEM ( RAI_ID, ROL_ID, UAI_ID, RAI_BROWSE_FL, RAI_NEW_FL, RAI_EDIT_FL,
RAI_REMOVE_FL, RAI_DELETE_FL, RAI_VERSION_ID, PTN_ID ) VALUES ( 
293, 4, 49, 'N', 'N', 'N', 'N', 'N', 1, 1); 
INSERT INTO ROLE_UI_ACTION_ITEM ( RAI_ID, ROL_ID, UAI_ID, RAI_BROWSE_FL, RAI_NEW_FL, RAI_EDIT_FL,
RAI_REMOVE_FL, RAI_DELETE_FL, RAI_VERSION_ID, PTN_ID ) VALUES ( 
294, 4, 50, 'N', 'N', 'N', 'N', 'N', 1, 1); 
INSERT INTO ROLE_UI_ACTION_ITEM ( RAI_ID, ROL_ID, UAI_ID, RAI_BROWSE_FL, RAI_NEW_FL, RAI_EDIT_FL,
RAI_REMOVE_FL, RAI_DELETE_FL, RAI_VERSION_ID, PTN_ID ) VALUES ( 
295, 4, 51, 'N', 'N', 'N', 'N', 'N', 1, 1); 
INSERT INTO ROLE_UI_ACTION_ITEM ( RAI_ID, ROL_ID, UAI_ID, RAI_BROWSE_FL, RAI_NEW_FL, RAI_EDIT_FL,
RAI_REMOVE_FL, RAI_DELETE_FL, RAI_VERSION_ID, PTN_ID ) VALUES ( 
296, 4, 52, 'N', 'N', 'N', 'N', 'N', 1, 1); 
INSERT INTO ROLE_UI_ACTION_ITEM ( RAI_ID, ROL_ID, UAI_ID, RAI_BROWSE_FL, RAI_NEW_FL, RAI_EDIT_FL,
RAI_REMOVE_FL, RAI_DELETE_FL, RAI_VERSION_ID, PTN_ID ) VALUES ( 
297, 4, 53, 'N', 'N', 'N', 'N', 'N', 1, 1); 
INSERT INTO ROLE_UI_ACTION_ITEM ( RAI_ID, ROL_ID, UAI_ID, RAI_BROWSE_FL, RAI_NEW_FL, RAI_EDIT_FL,
RAI_REMOVE_FL, RAI_DELETE_FL, RAI_VERSION_ID, PTN_ID ) VALUES ( 
298, 4, 54, 'N', 'N', 'N', 'N', 'N', 1, 1); 
INSERT INTO ROLE_UI_ACTION_ITEM ( RAI_ID, ROL_ID, UAI_ID, RAI_BROWSE_FL, RAI_NEW_FL, RAI_EDIT_FL,
RAI_REMOVE_FL, RAI_DELETE_FL, RAI_VERSION_ID, PTN_ID ) VALUES ( 
299, 4, 55, 'N', 'N', 'N', 'N', 'N', 1, 1); 
INSERT INTO ROLE_UI_ACTION_ITEM ( RAI_ID, ROL_ID, UAI_ID, RAI_BROWSE_FL, RAI_NEW_FL, RAI_EDIT_FL,
RAI_REMOVE_FL, RAI_DELETE_FL, RAI_VERSION_ID, PTN_ID ) VALUES ( 
300, 4, 56, 'N', 'N', 'N', 'N', 'N', 1, 1); 
INSERT INTO ROLE_UI_ACTION_ITEM ( RAI_ID, ROL_ID, UAI_ID, RAI_BROWSE_FL, RAI_NEW_FL, RAI_EDIT_FL,
RAI_REMOVE_FL, RAI_DELETE_FL, RAI_VERSION_ID, PTN_ID ) VALUES ( 
301, 4, 57, 'N', 'N', 'N', 'N', 'N', 1, 1); 
INSERT INTO ROLE_UI_ACTION_ITEM ( RAI_ID, ROL_ID, UAI_ID, RAI_BROWSE_FL, RAI_NEW_FL, RAI_EDIT_FL,
RAI_REMOVE_FL, RAI_DELETE_FL, RAI_VERSION_ID, PTN_ID ) VALUES ( 
302, 4, 58, 'N', 'N', 'N', 'N', 'N', 1, 1); 
INSERT INTO ROLE_UI_ACTION_ITEM ( RAI_ID, ROL_ID, UAI_ID, RAI_BROWSE_FL, RAI_NEW_FL, RAI_EDIT_FL,
RAI_REMOVE_FL, RAI_DELETE_FL, RAI_VERSION_ID, PTN_ID ) VALUES ( 
303, 4, 59, 'N', 'N', 'N', 'N', 'N', 1, 1); 
INSERT INTO ROLE_UI_ACTION_ITEM ( RAI_ID, ROL_ID, UAI_ID, RAI_BROWSE_FL, RAI_NEW_FL, RAI_EDIT_FL,
RAI_REMOVE_FL, RAI_DELETE_FL, RAI_VERSION_ID, PTN_ID ) VALUES ( 
304, 4, 60, 'N', 'N', 'N', 'N', 'N', 1, 1); 
commit;
 
INSERT INTO SCHEMA_TBL ( SCH_ID, SCT_ID, USG_ID, SCH_NAME, SCH_DELETE_FL, SCH_VERSION_ID,
PTN_ID ) VALUES ( 
1, 1, NULL, 'Reference', 'N', 1, 1); 
INSERT INTO SCHEMA_TBL ( SCH_ID, SCT_ID, USG_ID, SCH_NAME, SCH_DELETE_FL, SCH_VERSION_ID,
PTN_ID ) VALUES ( 
2, 2, NULL, 'Usage', 'N', 1, 1); 
commit;
 
INSERT INTO SCHEMA_TYPE ( SCT_ID, CMP_ID, SCT_NAME, SCT_DELETE_FL, SCT_VERSION_ID,
PTN_ID ) VALUES ( 
1, 66, 'Standard', 'N', 1, 1); 
INSERT INTO SCHEMA_TYPE ( SCT_ID, CMP_ID, SCT_NAME, SCT_DELETE_FL, SCT_VERSION_ID,
PTN_ID ) VALUES ( 
2, 67, 'Partitioned', 'N', 1, 1); 
commit;
 
INSERT INTO SECURITY_LABEL ( SLA_ID, SLA_NAME, SLA_LABEL, SLA_DELETE_FL, SLA_VERSION_ID,
PTN_ID ) VALUES ( 
1, 'Allow Disconnect User', 'AllowDisconnectUser', 'N', 2, 1); 
INSERT INTO SECURITY_LABEL ( SLA_ID, SLA_NAME, SLA_LABEL, SLA_DELETE_FL, SLA_VERSION_ID,
PTN_ID ) VALUES ( 
2, 'Allow Object Lock Override', 'AllowObjectLockOverride', 'N', 2, 1); 
INSERT INTO SECURITY_LABEL ( SLA_ID, SLA_NAME, SLA_LABEL, SLA_DELETE_FL, SLA_VERSION_ID,
PTN_ID ) VALUES ( 
3, 'Allow Schema Update', 'AllowSchemaUpdate', 'N', 2, 1); 
INSERT INTO SECURITY_LABEL ( SLA_ID, SLA_NAME, SLA_LABEL, SLA_DELETE_FL, SLA_VERSION_ID,
PTN_ID ) VALUES ( 
4, 'Allow Forward Rate Update', 'AllowForwardRateUpdate', 'N', 2, 1); 
INSERT INTO SECURITY_LABEL ( SLA_ID, SLA_NAME, SLA_LABEL, SLA_DELETE_FL, SLA_VERSION_ID,
PTN_ID ) VALUES ( 
5, 'Allow Rate Currency Changes', 'AllowRateCurrencyChanges', 'N', 2, 1); 
INSERT INTO SECURITY_LABEL ( SLA_ID, SLA_NAME, SLA_LABEL, SLA_DELETE_FL, SLA_VERSION_ID,
PTN_ID ) VALUES ( 
6, 'Allow Zero Rates', 'AllowZeroRates', 'N', 2, 1); 
INSERT INTO SECURITY_LABEL ( SLA_ID, SLA_NAME, SLA_LABEL, SLA_DELETE_FL, SLA_VERSION_ID,
PTN_ID ) VALUES ( 
7, 'Allow Update Retrospective Tariff Period', 'UpdateRetrospectiveTariffPeriod', 'N'
, 2, 1); 
INSERT INTO SECURITY_LABEL ( SLA_ID, SLA_NAME, SLA_LABEL, SLA_DELETE_FL, SLA_VERSION_ID,
PTN_ID ) VALUES ( 
8, 'Edit Advanced User Properties', 'AllowEditReadOnlyProperties', 'N', 2, 1); 
INSERT INTO SECURITY_LABEL ( SLA_ID, SLA_NAME, SLA_LABEL, SLA_DELETE_FL, SLA_VERSION_ID,
PTN_ID ) VALUES ( 
9, 'New Parent From Period', 'NewParentFromPeriod', 'N', 2, 1); 
INSERT INTO SECURITY_LABEL ( SLA_ID, SLA_NAME, SLA_LABEL, SLA_DELETE_FL, SLA_VERSION_ID,
PTN_ID ) VALUES ( 
10, 'Case Administrator', 'CaseAdministrator', 'N', 2, 1); 
INSERT INTO SECURITY_LABEL ( SLA_ID, SLA_NAME, SLA_LABEL, SLA_DELETE_FL, SLA_VERSION_ID,
PTN_ID ) VALUES ( 
11, 'Client Properties', 'ClientProperties', 'N', 2, 1); 
INSERT INTO SECURITY_LABEL ( SLA_ID, SLA_NAME, SLA_LABEL, SLA_DELETE_FL, SLA_VERSION_ID,
PTN_ID ) VALUES ( 
12, 'Server Properties', 'ServerProperties', 'N', 2, 1); 
INSERT INTO SECURITY_LABEL ( SLA_ID, SLA_NAME, SLA_LABEL, SLA_DELETE_FL, SLA_VERSION_ID,
PTN_ID ) VALUES ( 
13, 'Common Properties', 'CommonProperties', 'N', 2, 1); 
commit;
 
INSERT INTO SEQUENTIAL_NUMBER_GROUP ( SNG_ID, CMP_ID, SNG_NAME, SNG_NUMBER, SNG_DELETE_FL,
SNG_VERSION_ID, PTN_ID ) VALUES ( 
1, 70, 'Case Number Group', 0, 'N', 1, 0); 
commit;
 
INSERT INTO STREAM_STAGE_TYPE ( SST_ID, PDG_ID, SST_TASK_FACTORY_CMP_ID, SST_CONFIG_CMP_ID,
SST_CODE, SST_NAME, SST_DELETE_FL, SST_VERSION_ID, PTN_ID ) VALUES ( 
1, 167, 224, NULL, 'GenerateReport', 'Generate Report', 'N', 1, 1); 
commit;
 
INSERT INTO TABLE_COLUMN ( TCL_ID, TBD_ID, ENT_ID, TCL_NAME, TCL_DISPLAY, TCL_ORDER_NO,
TCL_PRIMARY_KEY_FL, TCL_TYPE, TCL_LENGTH, TCL_MANDATORY_FL, TCL_DELETE_FL, TCL_VERSION_ID,
PTN_ID ) VALUES ( 
178, 21, NULL, 'rrf_create_fl', 'rrf_create_fl', 4, 'N', 'bool', 1, 'Y', 'N', 1, 1); 
INSERT INTO TABLE_COLUMN ( TCL_ID, TBD_ID, ENT_ID, TCL_NAME, TCL_DISPLAY, TCL_ORDER_NO,
TCL_PRIMARY_KEY_FL, TCL_TYPE, TCL_LENGTH, TCL_MANDATORY_FL, TCL_DELETE_FL, TCL_VERSION_ID,
PTN_ID ) VALUES ( 
179, 21, NULL, 'rrf_update_fl', 'rrf_update_fl', 5, 'N', 'bool', 1, 'Y', 'N', 1, 1); 
INSERT INTO TABLE_COLUMN ( TCL_ID, TBD_ID, ENT_ID, TCL_NAME, TCL_DISPLAY, TCL_ORDER_NO,
TCL_PRIMARY_KEY_FL, TCL_TYPE, TCL_LENGTH, TCL_MANDATORY_FL, TCL_DELETE_FL, TCL_VERSION_ID,
PTN_ID ) VALUES ( 
180, 21, NULL, 'rrf_remove_fl', 'rrf_remove_fl', 6, 'N', 'bool', 1, 'Y', 'N', 1, 1); 
INSERT INTO TABLE_COLUMN ( TCL_ID, TBD_ID, ENT_ID, TCL_NAME, TCL_DISPLAY, TCL_ORDER_NO,
TCL_PRIMARY_KEY_FL, TCL_TYPE, TCL_LENGTH, TCL_MANDATORY_FL, TCL_DELETE_FL, TCL_VERSION_ID,
PTN_ID ) VALUES ( 
181, 21, NULL, 'rrf_delete_fl', 'rrf_delete_fl', 7, 'N', 'bool', 1, 'Y', 'N', 1, 1); 
INSERT INTO TABLE_COLUMN ( TCL_ID, TBD_ID, ENT_ID, TCL_NAME, TCL_DISPLAY, TCL_ORDER_NO,
TCL_PRIMARY_KEY_FL, TCL_TYPE, TCL_LENGTH, TCL_MANDATORY_FL, TCL_DELETE_FL, TCL_VERSION_ID,
PTN_ID ) VALUES ( 
182, 21, NULL, 'rrf_version_id', 'rrf_version_id', 8, 'N', 'int', 10, 'Y', 'N', 1
, 1); 
INSERT INTO TABLE_COLUMN ( TCL_ID, TBD_ID, ENT_ID, TCL_NAME, TCL_DISPLAY, TCL_ORDER_NO,
TCL_PRIMARY_KEY_FL, TCL_TYPE, TCL_LENGTH, TCL_MANDATORY_FL, TCL_DELETE_FL, TCL_VERSION_ID,
PTN_ID ) VALUES ( 
183, 21, NULL, 'ptn_id', 'ptn_id', 9, 'N', 'int', 10, 'Y', 'N', 1, 1); 
INSERT INTO TABLE_COLUMN ( TCL_ID, TBD_ID, ENT_ID, TCL_NAME, TCL_DISPLAY, TCL_ORDER_NO,
TCL_PRIMARY_KEY_FL, TCL_TYPE, TCL_LENGTH, TCL_MANDATORY_FL, TCL_DELETE_FL, TCL_VERSION_ID,
PTN_ID ) VALUES ( 
517, 53, NULL, 'ass_version_id', 'ass_version_id', 9, 'N', 'int', 10, 'Y', 'N', 1
, 1); 
INSERT INTO TABLE_COLUMN ( TCL_ID, TBD_ID, ENT_ID, TCL_NAME, TCL_DISPLAY, TCL_ORDER_NO,
TCL_PRIMARY_KEY_FL, TCL_TYPE, TCL_LENGTH, TCL_MANDATORY_FL, TCL_DELETE_FL, TCL_VERSION_ID,
PTN_ID ) VALUES ( 
518, 53, NULL, 'ptn_id', 'ptn_id', 10, 'N', 'int', 10, 'Y', 'N', 1, 1); 
INSERT INTO TABLE_COLUMN ( TCL_ID, TBD_ID, ENT_ID, TCL_NAME, TCL_DISPLAY, TCL_ORDER_NO,
TCL_PRIMARY_KEY_FL, TCL_TYPE, TCL_LENGTH, TCL_MANDATORY_FL, TCL_DELETE_FL, TCL_VERSION_ID,
PTN_ID ) VALUES ( 
519, 54, NULL, 'ald_id', 'ald_id', 0, 'Y', 'int', 10, 'Y', 'N', 1, 1); 
INSERT INTO TABLE_COLUMN ( TCL_ID, TBD_ID, ENT_ID, TCL_NAME, TCL_DISPLAY, TCL_ORDER_NO,
TCL_PRIMARY_KEY_FL, TCL_TYPE, TCL_LENGTH, TCL_MANDATORY_FL, TCL_DELETE_FL, TCL_VERSION_ID,
PTN_ID ) VALUES ( 
520, 54, NULL, 'alg_id', 'alg_id', 1, 'N', 'int', 10, 'Y', 'N', 1, 1); 
INSERT INTO TABLE_COLUMN ( TCL_ID, TBD_ID, ENT_ID, TCL_NAME, TCL_DISPLAY, TCL_ORDER_NO,
TCL_PRIMARY_KEY_FL, TCL_TYPE, TCL_LENGTH, TCL_MANDATORY_FL, TCL_DELETE_FL, TCL_VERSION_ID,
PTN_ID ) VALUES ( 
521, 54, NULL, 'asv_id', 'asv_id', 2, 'N', 'int', 10, 'Y', 'N', 1, 1); 
INSERT INTO TABLE_COLUMN ( TCL_ID, TBD_ID, ENT_ID, TCL_NAME, TCL_DISPLAY, TCL_ORDER_NO,
TCL_PRIMARY_KEY_FL, TCL_TYPE, TCL_LENGTH, TCL_MANDATORY_FL, TCL_DELETE_FL, TCL_VERSION_ID,
PTN_ID ) VALUES ( 
522, 54, NULL, 'ald_alert_no', 'ald_alert_no', 3, 'N', 'int', 10, 'Y', 'N', 1, 1); 
INSERT INTO TABLE_COLUMN ( TCL_ID, TBD_ID, ENT_ID, TCL_NAME, TCL_DISPLAY, TCL_ORDER_NO,
TCL_PRIMARY_KEY_FL, TCL_TYPE, TCL_LENGTH, TCL_MANDATORY_FL, TCL_DELETE_FL, TCL_VERSION_ID,
PTN_ID ) VALUES ( 
523, 54, NULL, 'ald_alert_text', 'ald_alert_text', 4, 'N', 'string', 255, 'Y', 'N'
, 1, 1); 
INSERT INTO TABLE_COLUMN ( TCL_ID, TBD_ID, ENT_ID, TCL_NAME, TCL_DISPLAY, TCL_ORDER_NO,
TCL_PRIMARY_KEY_FL, TCL_TYPE, TCL_LENGTH, TCL_MANDATORY_FL, TCL_DELETE_FL, TCL_VERSION_ID,
PTN_ID ) VALUES ( 
524, 54, NULL, 'ald_delete_fl', 'ald_delete_fl', 5, 'N', 'bool', 1, 'Y', 'N', 1, 1); 
INSERT INTO TABLE_COLUMN ( TCL_ID, TBD_ID, ENT_ID, TCL_NAME, TCL_DISPLAY, TCL_ORDER_NO,
TCL_PRIMARY_KEY_FL, TCL_TYPE, TCL_LENGTH, TCL_MANDATORY_FL, TCL_DELETE_FL, TCL_VERSION_ID,
PTN_ID ) VALUES ( 
525, 54, NULL, 'ald_version_id', 'ald_version_id', 6, 'N', 'int', 10, 'Y', 'N', 1
, 1); 
INSERT INTO TABLE_COLUMN ( TCL_ID, TBD_ID, ENT_ID, TCL_NAME, TCL_DISPLAY, TCL_ORDER_NO,
TCL_PRIMARY_KEY_FL, TCL_TYPE, TCL_LENGTH, TCL_MANDATORY_FL, TCL_DELETE_FL, TCL_VERSION_ID,
PTN_ID ) VALUES ( 
526, 54, NULL, 'ptn_id', 'ptn_id', 7, 'N', 'int', 10, 'Y', 'N', 1, 1); 
INSERT INTO TABLE_COLUMN ( TCL_ID, TBD_ID, ENT_ID, TCL_NAME, TCL_DISPLAY, TCL_ORDER_NO,
TCL_PRIMARY_KEY_FL, TCL_TYPE, TCL_LENGTH, TCL_MANDATORY_FL, TCL_DELETE_FL, TCL_VERSION_ID,
PTN_ID ) VALUES ( 
527, 55, NULL, 'usr_id', 'usr_id', 0, 'Y', 'int', 10, 'Y', 'N', 1, 1); 
INSERT INTO TABLE_COLUMN ( TCL_ID, TBD_ID, ENT_ID, TCL_NAME, TCL_DISPLAY, TCL_ORDER_NO,
TCL_PRIMARY_KEY_FL, TCL_TYPE, TCL_LENGTH, TCL_MANDATORY_FL, TCL_DELETE_FL, TCL_VERSION_ID,
PTN_ID ) VALUES ( 
528, 55, NULL, 'pig_id', 'pig_id', 1, 'N', 'int', 10, 'Y', 'N', 1, 1); 
INSERT INTO TABLE_COLUMN ( TCL_ID, TBD_ID, ENT_ID, TCL_NAME, TCL_DISPLAY, TCL_ORDER_NO,
TCL_PRIMARY_KEY_FL, TCL_TYPE, TCL_LENGTH, TCL_MANDATORY_FL, TCL_DELETE_FL, TCL_VERSION_ID,
PTN_ID ) VALUES ( 
529, 55, NULL, 'usr_name', 'usr_name', 2, 'N', 'string', 255, 'Y', 'N', 1, 1); 
INSERT INTO TABLE_COLUMN ( TCL_ID, TBD_ID, ENT_ID, TCL_NAME, TCL_DISPLAY, TCL_ORDER_NO,
TCL_PRIMARY_KEY_FL, TCL_TYPE, TCL_LENGTH, TCL_MANDATORY_FL, TCL_DELETE_FL, TCL_VERSION_ID,
PTN_ID ) VALUES ( 
530, 55, NULL, 'usr_password', 'usr_password', 3, 'N', 'string', 255, 'Y', 'N', 1
, 1); 
INSERT INTO TABLE_COLUMN ( TCL_ID, TBD_ID, ENT_ID, TCL_NAME, TCL_DISPLAY, TCL_ORDER_NO,
TCL_PRIMARY_KEY_FL, TCL_TYPE, TCL_LENGTH, TCL_MANDATORY_FL, TCL_DELETE_FL, TCL_VERSION_ID,
PTN_ID ) VALUES ( 
531, 55, NULL, 'usr_forename', 'usr_forename', 4, 'N', 'string', 255, 'Y', 'N', 1
, 1); 
INSERT INTO TABLE_COLUMN ( TCL_ID, TBD_ID, ENT_ID, TCL_NAME, TCL_DISPLAY, TCL_ORDER_NO,
TCL_PRIMARY_KEY_FL, TCL_TYPE, TCL_LENGTH, TCL_MANDATORY_FL, TCL_DELETE_FL, TCL_VERSION_ID,
PTN_ID ) VALUES ( 
532, 55, NULL, 'usr_surname', 'usr_surname', 5, 'N', 'string', 255, 'Y', 'N', 1, 1); 
INSERT INTO TABLE_COLUMN ( TCL_ID, TBD_ID, ENT_ID, TCL_NAME, TCL_DISPLAY, TCL_ORDER_NO,
TCL_PRIMARY_KEY_FL, TCL_TYPE, TCL_LENGTH, TCL_MANDATORY_FL, TCL_DELETE_FL, TCL_VERSION_ID,
PTN_ID ) VALUES ( 
533, 55, NULL, 'usr_email_address', 'usr_email_address', 6, 'N', 'string', 255, 'N'
, 'N', 1, 1); 
INSERT INTO TABLE_COLUMN ( TCL_ID, TBD_ID, ENT_ID, TCL_NAME, TCL_DISPLAY, TCL_ORDER_NO,
TCL_PRIMARY_KEY_FL, TCL_TYPE, TCL_LENGTH, TCL_MANDATORY_FL, TCL_DELETE_FL, TCL_VERSION_ID,
PTN_ID ) VALUES ( 
534, 55, NULL, 'usr_disabled_fl', 'usr_disabled_fl', 7, 'N', 'bool', 1, 'Y', 'N', 1
, 1); 
INSERT INTO TABLE_COLUMN ( TCL_ID, TBD_ID, ENT_ID, TCL_NAME, TCL_DISPLAY, TCL_ORDER_NO,
TCL_PRIMARY_KEY_FL, TCL_TYPE, TCL_LENGTH, TCL_MANDATORY_FL, TCL_DELETE_FL, TCL_VERSION_ID,
PTN_ID ) VALUES ( 
535, 55, NULL, 'usr_delete_fl', 'usr_delete_fl', 8, 'N', 'bool', 1, 'Y', 'N', 1, 1); 
INSERT INTO TABLE_COLUMN ( TCL_ID, TBD_ID, ENT_ID, TCL_NAME, TCL_DISPLAY, TCL_ORDER_NO,
TCL_PRIMARY_KEY_FL, TCL_TYPE, TCL_LENGTH, TCL_MANDATORY_FL, TCL_DELETE_FL, TCL_VERSION_ID,
PTN_ID ) VALUES ( 
536, 55, NULL, 'usr_version_id', 'usr_version_id', 9, 'N', 'int', 10, 'Y', 'N', 1
, 1); 
INSERT INTO TABLE_COLUMN ( TCL_ID, TBD_ID, ENT_ID, TCL_NAME, TCL_DISPLAY, TCL_ORDER_NO,
TCL_PRIMARY_KEY_FL, TCL_TYPE, TCL_LENGTH, TCL_MANDATORY_FL, TCL_DELETE_FL, TCL_VERSION_ID,
PTN_ID ) VALUES ( 
537, 55, NULL, 'ptn_id', 'ptn_id', 10, 'N', 'int', 10, 'Y', 'N', 1, 1); 
INSERT INTO TABLE_COLUMN ( TCL_ID, TBD_ID, ENT_ID, TCL_NAME, TCL_DISPLAY, TCL_ORDER_NO,
TCL_PRIMARY_KEY_FL, TCL_TYPE, TCL_LENGTH, TCL_MANDATORY_FL, TCL_DELETE_FL, TCL_VERSION_ID,
PTN_ID ) VALUES ( 
538, 56, NULL, 'cdn_id', 'cdn_id', 0, 'Y', 'int', 10, 'Y', 'N', 1, 1); 
INSERT INTO TABLE_COLUMN ( TCL_ID, TBD_ID, ENT_ID, TCL_NAME, TCL_DISPLAY, TCL_ORDER_NO,
TCL_PRIMARY_KEY_FL, TCL_TYPE, TCL_LENGTH, TCL_MANDATORY_FL, TCL_DELETE_FL, TCL_VERSION_ID,
PTN_ID ) VALUES ( 
539, 56, NULL, 'cdn_name', 'cdn_name', 1, 'N', 'string', 255, 'Y', 'N', 1, 1); 
INSERT INTO TABLE_COLUMN ( TCL_ID, TBD_ID, ENT_ID, TCL_NAME, TCL_DISPLAY, TCL_ORDER_NO,
TCL_PRIMARY_KEY_FL, TCL_TYPE, TCL_LENGTH, TCL_MANDATORY_FL, TCL_DELETE_FL, TCL_VERSION_ID,
PTN_ID ) VALUES ( 
540, 56, NULL, 'cdn_due_dttm_multiplier', 'cdn_due_dttm_multiplier', 2, 'N', 'int'
, 10, 'N', 'N', 1, 1); 
INSERT INTO TABLE_COLUMN ( TCL_ID, TBD_ID, ENT_ID, TCL_NAME, TCL_DISPLAY, TCL_ORDER_NO,
TCL_PRIMARY_KEY_FL, TCL_TYPE, TCL_LENGTH, TCL_MANDATORY_FL, TCL_DELETE_FL, TCL_VERSION_ID,
PTN_ID ) VALUES ( 
541, 56, NULL, 'cdn_due_dttm_period', 'cdn_due_dttm_period', 3, 'N', 'string', 255
, 'N', 'N', 1, 1); 
INSERT INTO TABLE_COLUMN ( TCL_ID, TBD_ID, ENT_ID, TCL_NAME, TCL_DISPLAY, TCL_ORDER_NO,
TCL_PRIMARY_KEY_FL, TCL_TYPE, TCL_LENGTH, TCL_MANDATORY_FL, TCL_DELETE_FL, TCL_VERSION_ID,
PTN_ID ) VALUES ( 
542, 56, NULL, 'cdn_new_fl', 'cdn_new_fl', 4, 'N', 'bool', 1, 'Y', 'N', 1, 1); 
INSERT INTO TABLE_COLUMN ( TCL_ID, TBD_ID, ENT_ID, TCL_NAME, TCL_DISPLAY, TCL_ORDER_NO,
TCL_PRIMARY_KEY_FL, TCL_TYPE, TCL_LENGTH, TCL_MANDATORY_FL, TCL_DELETE_FL, TCL_VERSION_ID,
PTN_ID ) VALUES ( 
543, 56, NULL, 'cdn_external_reference', 'cdn_external_reference', 5, 'N', 'string'
, 255, 'N', 'N', 1, 1); 
INSERT INTO TABLE_COLUMN ( TCL_ID, TBD_ID, ENT_ID, TCL_NAME, TCL_DISPLAY, TCL_ORDER_NO,
TCL_PRIMARY_KEY_FL, TCL_TYPE, TCL_LENGTH, TCL_MANDATORY_FL, TCL_DELETE_FL, TCL_VERSION_ID,
PTN_ID ) VALUES ( 
544, 56, NULL, 'cdn_delete_fl', 'cdn_delete_fl', 6, 'N', 'bool', 1, 'Y', 'N', 1, 1); 
INSERT INTO TABLE_COLUMN ( TCL_ID, TBD_ID, ENT_ID, TCL_NAME, TCL_DISPLAY, TCL_ORDER_NO,
TCL_PRIMARY_KEY_FL, TCL_TYPE, TCL_LENGTH, TCL_MANDATORY_FL, TCL_DELETE_FL, TCL_VERSION_ID,
PTN_ID ) VALUES ( 
545, 56, NULL, 'cdn_version_id', 'cdn_version_id', 7, 'N', 'int', 10, 'Y', 'N', 1
, 1); 
INSERT INTO TABLE_COLUMN ( TCL_ID, TBD_ID, ENT_ID, TCL_NAME, TCL_DISPLAY, TCL_ORDER_NO,
TCL_PRIMARY_KEY_FL, TCL_TYPE, TCL_LENGTH, TCL_MANDATORY_FL, TCL_DELETE_FL, TCL_VERSION_ID,
PTN_ID ) VALUES ( 
546, 56, NULL, 'ptn_id', 'ptn_id', 8, 'N', 'int', 10, 'Y', 'N', 1, 1); 
INSERT INTO TABLE_COLUMN ( TCL_ID, TBD_ID, ENT_ID, TCL_NAME, TCL_DISPLAY, TCL_ORDER_NO,
TCL_PRIMARY_KEY_FL, TCL_TYPE, TCL_LENGTH, TCL_MANDATORY_FL, TCL_DELETE_FL, TCL_VERSION_ID,
PTN_ID ) VALUES ( 
547, 57, NULL, 'pom_id', 'pom_id', 0, 'Y', 'int', 10, 'Y', 'N', 1, 1); 
INSERT INTO TABLE_COLUMN ( TCL_ID, TBD_ID, ENT_ID, TCL_NAME, TCL_DISPLAY, TCL_ORDER_NO,
TCL_PRIMARY_KEY_FL, TCL_TYPE, TCL_LENGTH, TCL_MANDATORY_FL, TCL_DELETE_FL, TCL_VERSION_ID,
PTN_ID ) VALUES ( 
548, 57, NULL, 'sts_id', 'sts_id', 1, 'N', 'int', 10, 'Y', 'N', 1, 1); 
INSERT INTO TABLE_COLUMN ( TCL_ID, TBD_ID, ENT_ID, TCL_NAME, TCL_DISPLAY, TCL_ORDER_NO,
TCL_PRIMARY_KEY_FL, TCL_TYPE, TCL_LENGTH, TCL_MANDATORY_FL, TCL_DELETE_FL, TCL_VERSION_ID,
PTN_ID ) VALUES ( 
549, 57, NULL, 'tin_id', 'tin_id', 2, 'N', 'int', 10, 'Y', 'N', 1, 1); 
INSERT INTO TABLE_COLUMN ( TCL_ID, TBD_ID, ENT_ID, TCL_NAME, TCL_DISPLAY, TCL_ORDER_NO,
TCL_PRIMARY_KEY_FL, TCL_TYPE, TCL_LENGTH, TCL_MANDATORY_FL, TCL_DELETE_FL, TCL_VERSION_ID,
PTN_ID ) VALUES ( 
550, 57, NULL, 'pom_output_key', 'pom_output_key', 3, 'N', 'string', 255, 'Y', 'N'
, 1, 1); 
INSERT INTO TABLE_COLUMN ( TCL_ID, TBD_ID, ENT_ID, TCL_NAME, TCL_DISPLAY, TCL_ORDER_NO,
TCL_PRIMARY_KEY_FL, TCL_TYPE, TCL_LENGTH, TCL_MANDATORY_FL, TCL_DELETE_FL, TCL_VERSION_ID,
PTN_ID ) VALUES ( 
551, 57, NULL, 'pom_data_load_fl', 'pom_data_load_fl', 4, 'N', 'bool', 1, 'Y', 'N'
, 1, 1); 
INSERT INTO TABLE_COLUMN ( TCL_ID, TBD_ID, ENT_ID, TCL_NAME, TCL_DISPLAY, TCL_ORDER_NO,
TCL_PRIMARY_KEY_FL, TCL_TYPE, TCL_LENGTH, TCL_MANDATORY_FL, TCL_DELETE_FL, TCL_VERSION_ID,
PTN_ID ) VALUES ( 
552, 57, NULL, 'pom_delete_fl', 'pom_delete_fl', 5, 'N', 'bool', 1, 'Y', 'N', 1, 1); 
INSERT INTO TABLE_COLUMN ( TCL_ID, TBD_ID, ENT_ID, TCL_NAME, TCL_DISPLAY, TCL_ORDER_NO,
TCL_PRIMARY_KEY_FL, TCL_TYPE, TCL_LENGTH, TCL_MANDATORY_FL, TCL_DELETE_FL, TCL_VERSION_ID,
PTN_ID ) VALUES ( 
553, 57, NULL, 'pom_version_id', 'pom_version_id', 6, 'N', 'int', 10, 'Y', 'N', 1
, 1); 
INSERT INTO TABLE_COLUMN ( TCL_ID, TBD_ID, ENT_ID, TCL_NAME, TCL_DISPLAY, TCL_ORDER_NO,
TCL_PRIMARY_KEY_FL, TCL_TYPE, TCL_LENGTH, TCL_MANDATORY_FL, TCL_DELETE_FL, TCL_VERSION_ID,
PTN_ID ) VALUES ( 
554, 57, NULL, 'ptn_id', 'ptn_id', 7, 'N', 'int', 10, 'Y', 'N', 1, 1); 
INSERT INTO TABLE_COLUMN ( TCL_ID, TBD_ID, ENT_ID, TCL_NAME, TCL_DISPLAY, TCL_ORDER_NO,
TCL_PRIMARY_KEY_FL, TCL_TYPE, TCL_LENGTH, TCL_MANDATORY_FL, TCL_DELETE_FL, TCL_VERSION_ID,
PTN_ID ) VALUES ( 
555, 58, NULL, 'tes_id', 'tes_id', 0, 'Y', 'int', 10, 'Y', 'N', 1, 1); 
INSERT INTO TABLE_COLUMN ( TCL_ID, TBD_ID, ENT_ID, TCL_NAME, TCL_DISPLAY, TCL_ORDER_NO,
TCL_PRIMARY_KEY_FL, TCL_TYPE, TCL_LENGTH, TCL_MANDATORY_FL, TCL_DELETE_FL, TCL_VERSION_ID,
PTN_ID ) VALUES ( 
556, 58, NULL, 'tff_id', 'tff_id', 1, 'N', 'int', 10, 'Y', 'N', 1, 1); 
INSERT INTO TABLE_COLUMN ( TCL_ID, TBD_ID, ENT_ID, TCL_NAME, TCL_DISPLAY, TCL_ORDER_NO,
TCL_PRIMARY_KEY_FL, TCL_TYPE, TCL_LENGTH, TCL_MANDATORY_FL, TCL_DELETE_FL, TCL_VERSION_ID,
PTN_ID ) VALUES ( 
557, 58, NULL, 'est_id', 'est_id', 2, 'N', 'int', 10, 'Y', 'N', 1, 1); 
INSERT INTO TABLE_COLUMN ( TCL_ID, TBD_ID, ENT_ID, TCL_NAME, TCL_DISPLAY, TCL_ORDER_NO,
TCL_PRIMARY_KEY_FL, TCL_TYPE, TCL_LENGTH, TCL_MANDATORY_FL, TCL_DELETE_FL, TCL_VERSION_ID,
PTN_ID ) VALUES ( 
558, 58, NULL, 'tes_order_no', 'tes_order_no', 3, 'N', 'int', 10, 'Y', 'N', 1, 1); 
INSERT INTO TABLE_COLUMN ( TCL_ID, TBD_ID, ENT_ID, TCL_NAME, TCL_DISPLAY, TCL_ORDER_NO,
TCL_PRIMARY_KEY_FL, TCL_TYPE, TCL_LENGTH, TCL_MANDATORY_FL, TCL_DELETE_FL, TCL_VERSION_ID,
PTN_ID ) VALUES ( 
559, 58, NULL, 'tes_version_id', 'tes_version_id', 4, 'N', 'int', 10, 'Y', 'N', 1
, 1); 
INSERT INTO TABLE_COLUMN ( TCL_ID, TBD_ID, ENT_ID, TCL_NAME, TCL_DISPLAY, TCL_ORDER_NO,
TCL_PRIMARY_KEY_FL, TCL_TYPE, TCL_LENGTH, TCL_MANDATORY_FL, TCL_DELETE_FL, TCL_VERSION_ID,
PTN_ID ) VALUES ( 
560, 58, NULL, 'tes_delete_fl', 'tes_delete_fl', 5, 'N', 'bool', 1, 'Y', 'N', 1, 1); 
INSERT INTO TABLE_COLUMN ( TCL_ID, TBD_ID, ENT_ID, TCL_NAME, TCL_DISPLAY, TCL_ORDER_NO,
TCL_PRIMARY_KEY_FL, TCL_TYPE, TCL_LENGTH, TCL_MANDATORY_FL, TCL_DELETE_FL, TCL_VERSION_ID,
PTN_ID ) VALUES ( 
561, 58, NULL, 'ptn_id', 'ptn_id', 6, 'N', 'int', 10, 'Y', 'N', 1, 1); 
INSERT INTO TABLE_COLUMN ( TCL_ID, TBD_ID, ENT_ID, TCL_NAME, TCL_DISPLAY, TCL_ORDER_NO,
TCL_PRIMARY_KEY_FL, TCL_TYPE, TCL_LENGTH, TCL_MANDATORY_FL, TCL_DELETE_FL, TCL_VERSION_ID,
PTN_ID ) VALUES ( 
562, 59, NULL, 'dgp_id', 'dgp_id', 0, 'Y', 'int', 10, 'Y', 'N', 1, 1); 
INSERT INTO TABLE_COLUMN ( TCL_ID, TBD_ID, ENT_ID, TCL_NAME, TCL_DISPLAY, TCL_ORDER_NO,
TCL_PRIMARY_KEY_FL, TCL_TYPE, TCL_LENGTH, TCL_MANDATORY_FL, TCL_DELETE_FL, TCL_VERSION_ID,
PTN_ID ) VALUES ( 
563, 59, NULL, 'dgp_name', 'dgp_name', 1, 'N', 'string', 255, 'Y', 'N', 1, 1); 
INSERT INTO TABLE_COLUMN ( TCL_ID, TBD_ID, ENT_ID, TCL_NAME, TCL_DISPLAY, TCL_ORDER_NO,
TCL_PRIMARY_KEY_FL, TCL_TYPE, TCL_LENGTH, TCL_MANDATORY_FL, TCL_DELETE_FL, TCL_VERSION_ID,
PTN_ID ) VALUES ( 
564, 59, NULL, 'cmp_id', 'cmp_id', 2, 'N', 'int', 10, 'Y', 'N', 1, 1); 
INSERT INTO TABLE_COLUMN ( TCL_ID, TBD_ID, ENT_ID, TCL_NAME, TCL_DISPLAY, TCL_ORDER_NO,
TCL_PRIMARY_KEY_FL, TCL_TYPE, TCL_LENGTH, TCL_MANDATORY_FL, TCL_DELETE_FL, TCL_VERSION_ID,
PTN_ID ) VALUES ( 
565, 59, NULL, 'dgp_extra1', 'dgp_extra1', 3, 'N', 'string', 255, 'N', 'N', 1, 1); 
INSERT INTO TABLE_COLUMN ( TCL_ID, TBD_ID, ENT_ID, TCL_NAME, TCL_DISPLAY, TCL_ORDER_NO,
TCL_PRIMARY_KEY_FL, TCL_TYPE, TCL_LENGTH, TCL_MANDATORY_FL, TCL_DELETE_FL, TCL_VERSION_ID,
PTN_ID ) VALUES ( 
566, 59, NULL, 'dgp_extra2', 'dgp_extra2', 4, 'N', 'string', 255, 'N', 'N', 1, 1); 
INSERT INTO TABLE_COLUMN ( TCL_ID, TBD_ID, ENT_ID, TCL_NAME, TCL_DISPLAY, TCL_ORDER_NO,
TCL_PRIMARY_KEY_FL, TCL_TYPE, TCL_LENGTH, TCL_MANDATORY_FL, TCL_DELETE_FL, TCL_VERSION_ID,
PTN_ID ) VALUES ( 
567, 59, NULL, 'dgp_extra3', 'dgp_extra3', 5, 'N', 'string', 255, 'N', 'N', 1, 1); 
INSERT INTO TABLE_COLUMN ( TCL_ID, TBD_ID, ENT_ID, TCL_NAME, TCL_DISPLAY, TCL_ORDER_NO,
TCL_PRIMARY_KEY_FL, TCL_TYPE, TCL_LENGTH, TCL_MANDATORY_FL, TCL_DELETE_FL, TCL_VERSION_ID,
PTN_ID ) VALUES ( 
568, 59, NULL, 'dgp_extra4', 'dgp_extra4', 6, 'N', 'string', 255, 'N', 'N', 1, 1); 
INSERT INTO TABLE_COLUMN ( TCL_ID, TBD_ID, ENT_ID, TCL_NAME, TCL_DISPLAY, TCL_ORDER_NO,
TCL_PRIMARY_KEY_FL, TCL_TYPE, TCL_LENGTH, TCL_MANDATORY_FL, TCL_DELETE_FL, TCL_VERSION_ID,
PTN_ID ) VALUES ( 
569, 59, NULL, 'dgp_extra5', 'dgp_extra5', 7, 'N', 'string', 255, 'N', 'N', 1, 1); 
INSERT INTO TABLE_COLUMN ( TCL_ID, TBD_ID, ENT_ID, TCL_NAME, TCL_DISPLAY, TCL_ORDER_NO,
TCL_PRIMARY_KEY_FL, TCL_TYPE, TCL_LENGTH, TCL_MANDATORY_FL, TCL_DELETE_FL, TCL_VERSION_ID,
PTN_ID ) VALUES ( 
570, 59, NULL, 'dgp_extra6', 'dgp_extra6', 8, 'N', 'string', 255, 'N', 'N', 1, 1); 
INSERT INTO TABLE_COLUMN ( TCL_ID, TBD_ID, ENT_ID, TCL_NAME, TCL_DISPLAY, TCL_ORDER_NO,
TCL_PRIMARY_KEY_FL, TCL_TYPE, TCL_LENGTH, TCL_MANDATORY_FL, TCL_DELETE_FL, TCL_VERSION_ID,
PTN_ID ) VALUES ( 
571, 59, NULL, 'dgp_extra7', 'dgp_extra7', 9, 'N', 'string', 255, 'N', 'N', 1, 1); 
INSERT INTO TABLE_COLUMN ( TCL_ID, TBD_ID, ENT_ID, TCL_NAME, TCL_DISPLAY, TCL_ORDER_NO,
TCL_PRIMARY_KEY_FL, TCL_TYPE, TCL_LENGTH, TCL_MANDATORY_FL, TCL_DELETE_FL, TCL_VERSION_ID,
PTN_ID ) VALUES ( 
572, 59, NULL, 'dgp_extra8', 'dgp_extra8', 10, 'N', 'string', 255, 'N', 'N', 1, 1); 
INSERT INTO TABLE_COLUMN ( TCL_ID, TBD_ID, ENT_ID, TCL_NAME, TCL_DISPLAY, TCL_ORDER_NO,
TCL_PRIMARY_KEY_FL, TCL_TYPE, TCL_LENGTH, TCL_MANDATORY_FL, TCL_DELETE_FL, TCL_VERSION_ID,
PTN_ID ) VALUES ( 
573, 59, NULL, 'dgp_extra9', 'dgp_extra9', 11, 'N', 'string', 255, 'N', 'N', 1, 1); 
INSERT INTO TABLE_COLUMN ( TCL_ID, TBD_ID, ENT_ID, TCL_NAME, TCL_DISPLAY, TCL_ORDER_NO,
TCL_PRIMARY_KEY_FL, TCL_TYPE, TCL_LENGTH, TCL_MANDATORY_FL, TCL_DELETE_FL, TCL_VERSION_ID,
PTN_ID ) VALUES ( 
574, 59, NULL, 'dgp_extra10', 'dgp_extra10', 12, 'N', 'string', 255, 'N', 'N', 1, 1); 
INSERT INTO TABLE_COLUMN ( TCL_ID, TBD_ID, ENT_ID, TCL_NAME, TCL_DISPLAY, TCL_ORDER_NO,
TCL_PRIMARY_KEY_FL, TCL_TYPE, TCL_LENGTH, TCL_MANDATORY_FL, TCL_DELETE_FL, TCL_VERSION_ID,
PTN_ID ) VALUES ( 
575, 59, NULL, 'dgp_delete_fl', 'dgp_delete_fl', 13, 'N', 'bool', 1, 'Y', 'N', 1, 1); 
INSERT INTO TABLE_COLUMN ( TCL_ID, TBD_ID, ENT_ID, TCL_NAME, TCL_DISPLAY, TCL_ORDER_NO,
TCL_PRIMARY_KEY_FL, TCL_TYPE, TCL_LENGTH, TCL_MANDATORY_FL, TCL_DELETE_FL, TCL_VERSION_ID,
PTN_ID ) VALUES ( 
576, 59, NULL, 'dgp_version_id', 'dgp_version_id', 14, 'N', 'int', 10, 'Y', 'N', 1
, 1); 
INSERT INTO TABLE_COLUMN ( TCL_ID, TBD_ID, ENT_ID, TCL_NAME, TCL_DISPLAY, TCL_ORDER_NO,
TCL_PRIMARY_KEY_FL, TCL_TYPE, TCL_LENGTH, TCL_MANDATORY_FL, TCL_DELETE_FL, TCL_VERSION_ID,
PTN_ID ) VALUES ( 
577, 59, NULL, 'ptn_id', 'ptn_id', 15, 'N', 'int', 10, 'Y', 'N', 1, 1); 
INSERT INTO TABLE_COLUMN ( TCL_ID, TBD_ID, ENT_ID, TCL_NAME, TCL_DISPLAY, TCL_ORDER_NO,
TCL_PRIMARY_KEY_FL, TCL_TYPE, TCL_LENGTH, TCL_MANDATORY_FL, TCL_DELETE_FL, TCL_VERSION_ID,
PTN_ID ) VALUES ( 
578, 60, NULL, 'csb_id', 'csb_id', 0, 'Y', 'int', 10, 'Y', 'N', 1, 1); 
INSERT INTO TABLE_COLUMN ( TCL_ID, TBD_ID, ENT_ID, TCL_NAME, TCL_DISPLAY, TCL_ORDER_NO,
TCL_PRIMARY_KEY_FL, TCL_TYPE, TCL_LENGTH, TCL_MANDATORY_FL, TCL_DELETE_FL, TCL_VERSION_ID,
PTN_ID ) VALUES ( 
579, 60, NULL, 'typ_id', 'typ_id', 1, 'N', 'int', 10, 'Y', 'N', 1, 1); 
INSERT INTO TABLE_COLUMN ( TCL_ID, TBD_ID, ENT_ID, TCL_NAME, TCL_DISPLAY, TCL_ORDER_NO,
TCL_PRIMARY_KEY_FL, TCL_TYPE, TCL_LENGTH, TCL_MANDATORY_FL, TCL_DELETE_FL, TCL_VERSION_ID,
PTN_ID ) VALUES ( 
580, 60, NULL, 'csb_name', 'csb_name', 2, 'N', 'string', 255, 'Y', 'N', 1, 1); 
INSERT INTO TABLE_COLUMN ( TCL_ID, TBD_ID, ENT_ID, TCL_NAME, TCL_DISPLAY, TCL_ORDER_NO,
TCL_PRIMARY_KEY_FL, TCL_TYPE, TCL_LENGTH, TCL_MANDATORY_FL, TCL_DELETE_FL, TCL_VERSION_ID,
PTN_ID ) VALUES ( 
581, 60, NULL, 'cht_id', 'cht_id', 3, 'N', 'int', 10, 'Y', 'N', 1, 1); 
INSERT INTO TABLE_COLUMN ( TCL_ID, TBD_ID, ENT_ID, TCL_NAME, TCL_DISPLAY, TCL_ORDER_NO,
TCL_PRIMARY_KEY_FL, TCL_TYPE, TCL_LENGTH, TCL_MANDATORY_FL, TCL_DELETE_FL, TCL_VERSION_ID,
PTN_ID ) VALUES ( 
582, 60, NULL, 'cmp_id', 'cmp_id', 4, 'N', 'int', 10, 'Y', 'N', 1, 1); 
INSERT INTO TABLE_COLUMN ( TCL_ID, TBD_ID, ENT_ID, TCL_NAME, TCL_DISPLAY, TCL_ORDER_NO,
TCL_PRIMARY_KEY_FL, TCL_TYPE, TCL_LENGTH, TCL_MANDATORY_FL, TCL_DELETE_FL, TCL_VERSION_ID,
PTN_ID ) VALUES ( 
583, 60, NULL, 'csb_swf', 'csb_swf', 5, 'N', 'string', 255, 'Y', 'N', 1, 1); 
INSERT INTO TABLE_COLUMN ( TCL_ID, TBD_ID, ENT_ID, TCL_NAME, TCL_DISPLAY, TCL_ORDER_NO,
TCL_PRIMARY_KEY_FL, TCL_TYPE, TCL_LENGTH, TCL_MANDATORY_FL, TCL_DELETE_FL, TCL_VERSION_ID,
PTN_ID ) VALUES ( 
584, 60, NULL, 'csb_default_data_x_m_l', 'csb_default_data_x_m_l', 6, 'N', 'string'
, 255, 'N', 'N', 1, 1); 
INSERT INTO TABLE_COLUMN ( TCL_ID, TBD_ID, ENT_ID, TCL_NAME, TCL_DISPLAY, TCL_ORDER_NO,
TCL_PRIMARY_KEY_FL, TCL_TYPE, TCL_LENGTH, TCL_MANDATORY_FL, TCL_DELETE_FL, TCL_VERSION_ID,
PTN_ID ) VALUES ( 
585, 60, NULL, 'csb_description', 'csb_description', 7, 'N', 'string', 255, 'N', 'N'
, 1, 1); 
INSERT INTO TABLE_COLUMN ( TCL_ID, TBD_ID, ENT_ID, TCL_NAME, TCL_DISPLAY, TCL_ORDER_NO,
TCL_PRIMARY_KEY_FL, TCL_TYPE, TCL_LENGTH, TCL_MANDATORY_FL, TCL_DELETE_FL, TCL_VERSION_ID,
PTN_ID ) VALUES ( 
586, 60, NULL, 'csb_delete_fl', 'csb_delete_fl', 8, 'N', 'bool', 1, 'Y', 'N', 1, 1); 
INSERT INTO TABLE_COLUMN ( TCL_ID, TBD_ID, ENT_ID, TCL_NAME, TCL_DISPLAY, TCL_ORDER_NO,
TCL_PRIMARY_KEY_FL, TCL_TYPE, TCL_LENGTH, TCL_MANDATORY_FL, TCL_DELETE_FL, TCL_VERSION_ID,
PTN_ID ) VALUES ( 
587, 60, NULL, 'csb_version_id', 'csb_version_id', 9, 'N', 'int', 10, 'Y', 'N', 1
, 1); 
INSERT INTO TABLE_COLUMN ( TCL_ID, TBD_ID, ENT_ID, TCL_NAME, TCL_DISPLAY, TCL_ORDER_NO,
TCL_PRIMARY_KEY_FL, TCL_TYPE, TCL_LENGTH, TCL_MANDATORY_FL, TCL_DELETE_FL, TCL_VERSION_ID,
PTN_ID ) VALUES ( 
588, 60, NULL, 'ptn_id', 'ptn_id', 10, 'N', 'int', 10, 'Y', 'N', 1, 1); 
INSERT INTO TABLE_COLUMN ( TCL_ID, TBD_ID, ENT_ID, TCL_NAME, TCL_DISPLAY, TCL_ORDER_NO,
TCL_PRIMARY_KEY_FL, TCL_TYPE, TCL_LENGTH, TCL_MANDATORY_FL, TCL_DELETE_FL, TCL_VERSION_ID,
PTN_ID ) VALUES ( 
589, 61, NULL, 'bnd_id', 'bnd_id', 0, 'Y', 'int', 10, 'Y', 'N', 1, 1); 
INSERT INTO TABLE_COLUMN ( TCL_ID, TBD_ID, ENT_ID, TCL_NAME, TCL_DISPLAY, TCL_ORDER_NO,
TCL_PRIMARY_KEY_FL, TCL_TYPE, TCL_LENGTH, TCL_MANDATORY_FL, TCL_DELETE_FL, TCL_VERSION_ID,
PTN_ID ) VALUES ( 
590, 61, NULL, 'est_id', 'est_id', 1, 'N', 'int', 10, 'Y', 'N', 1, 1); 
INSERT INTO TABLE_COLUMN ( TCL_ID, TBD_ID, ENT_ID, TCL_NAME, TCL_DISPLAY, TCL_ORDER_NO,
TCL_PRIMARY_KEY_FL, TCL_TYPE, TCL_LENGTH, TCL_MANDATORY_FL, TCL_DELETE_FL, TCL_VERSION_ID,
PTN_ID ) VALUES ( 
591, 61, NULL, 'bdt_id', 'bdt_id', 2, 'N', 'int', 10, 'Y', 'N', 1, 1); 
INSERT INTO TABLE_COLUMN ( TCL_ID, TBD_ID, ENT_ID, TCL_NAME, TCL_DISPLAY, TCL_ORDER_NO,
TCL_PRIMARY_KEY_FL, TCL_TYPE, TCL_LENGTH, TCL_MANDATORY_FL, TCL_DELETE_FL, TCL_VERSION_ID,
PTN_ID ) VALUES ( 
592, 61, NULL, 'cmp_id', 'cmp_id', 3, 'N', 'int', 10, 'N', 'N', 1, 1); 
INSERT INTO TABLE_COLUMN ( TCL_ID, TBD_ID, ENT_ID, TCL_NAME, TCL_DISPLAY, TCL_ORDER_NO,
TCL_PRIMARY_KEY_FL, TCL_TYPE, TCL_LENGTH, TCL_MANDATORY_FL, TCL_DELETE_FL, TCL_VERSION_ID,
PTN_ID ) VALUES ( 
593, 61, NULL, 'bnd_name', 'bnd_name', 4, 'N', 'string', 255, 'Y', 'N', 1, 1); 
INSERT INTO TABLE_COLUMN ( TCL_ID, TBD_ID, ENT_ID, TCL_NAME, TCL_DISPLAY, TCL_ORDER_NO,
TCL_PRIMARY_KEY_FL, TCL_TYPE, TCL_LENGTH, TCL_MANDATORY_FL, TCL_DELETE_FL, TCL_VERSION_ID,
PTN_ID ) VALUES ( 
594, 61, NULL, 'bnd_point_to_point_fl', 'bnd_point_to_point_fl', 5, 'N', 'bool', 1
, 'Y', 'N', 1, 1); 
INSERT INTO TABLE_COLUMN ( TCL_ID, TBD_ID, ENT_ID, TCL_NAME, TCL_DISPLAY, TCL_ORDER_NO,
TCL_PRIMARY_KEY_FL, TCL_TYPE, TCL_LENGTH, TCL_MANDATORY_FL, TCL_DELETE_FL, TCL_VERSION_ID,
PTN_ID ) VALUES ( 
595, 61, NULL, 'bnd_external_reference', 'bnd_external_reference', 6, 'N', 'string'
, 255, 'N', 'N', 1, 1); 
INSERT INTO TABLE_COLUMN ( TCL_ID, TBD_ID, ENT_ID, TCL_NAME, TCL_DISPLAY, TCL_ORDER_NO,
TCL_PRIMARY_KEY_FL, TCL_TYPE, TCL_LENGTH, TCL_MANDATORY_FL, TCL_DELETE_FL, TCL_VERSION_ID,
PTN_ID ) VALUES ( 
596, 61, NULL, 'bnd_delete_fl', 'bnd_delete_fl', 7, 'N', 'bool', 1, 'Y', 'N', 1, 1); 
INSERT INTO TABLE_COLUMN ( TCL_ID, TBD_ID, ENT_ID, TCL_NAME, TCL_DISPLAY, TCL_ORDER_NO,
TCL_PRIMARY_KEY_FL, TCL_TYPE, TCL_LENGTH, TCL_MANDATORY_FL, TCL_DELETE_FL, TCL_VERSION_ID,
PTN_ID ) VALUES ( 
597, 61, NULL, 'bnd_version_id', 'bnd_version_id', 8, 'N', 'int', 10, 'Y', 'N', 1
, 1); 
INSERT INTO TABLE_COLUMN ( TCL_ID, TBD_ID, ENT_ID, TCL_NAME, TCL_DISPLAY, TCL_ORDER_NO,
TCL_PRIMARY_KEY_FL, TCL_TYPE, TCL_LENGTH, TCL_MANDATORY_FL, TCL_DELETE_FL, TCL_VERSION_ID,
PTN_ID ) VALUES ( 
598, 61, NULL, 'ptn_id', 'ptn_id', 9, 'N', 'int', 10, 'Y', 'N', 1, 1); 
INSERT INTO TABLE_COLUMN ( TCL_ID, TBD_ID, ENT_ID, TCL_NAME, TCL_DISPLAY, TCL_ORDER_NO,
TCL_PRIMARY_KEY_FL, TCL_TYPE, TCL_LENGTH, TCL_MANDATORY_FL, TCL_DELETE_FL, TCL_VERSION_ID,
PTN_ID ) VALUES ( 
599, 62, NULL, 'ptk_id', 'ptk_id', 0, 'Y', 'int', 10, 'Y', 'N', 1, 1); 
INSERT INTO TABLE_COLUMN ( TCL_ID, TBD_ID, ENT_ID, TCL_NAME, TCL_DISPLAY, TCL_ORDER_NO,
TCL_PRIMARY_KEY_FL, TCL_TYPE, TCL_LENGTH, TCL_MANDATORY_FL, TCL_DELETE_FL, TCL_VERSION_ID,
PTN_ID ) VALUES ( 
600, 62, NULL, 'tsk_id', 'tsk_id', 1, 'N', 'int', 10, 'Y', 'N', 1, 1); 
INSERT INTO TABLE_COLUMN ( TCL_ID, TBD_ID, ENT_ID, TCL_NAME, TCL_DISPLAY, TCL_ORDER_NO,
TCL_PRIMARY_KEY_FL, TCL_TYPE, TCL_LENGTH, TCL_MANDATORY_FL, TCL_DELETE_FL, TCL_VERSION_ID,
PTN_ID ) VALUES ( 
601, 62, NULL, 'ptk_delete_fl', 'ptk_delete_fl', 2, 'N', 'bool', 1, 'Y', 'N', 1, 1); 
INSERT INTO TABLE_COLUMN ( TCL_ID, TBD_ID, ENT_ID, TCL_NAME, TCL_DISPLAY, TCL_ORDER_NO,
TCL_PRIMARY_KEY_FL, TCL_TYPE, TCL_LENGTH, TCL_MANDATORY_FL, TCL_DELETE_FL, TCL_VERSION_ID,
PTN_ID ) VALUES ( 
602, 62, NULL, 'ptk_version_id', 'ptk_version_id', 3, 'N', 'int', 10, 'Y', 'N', 1
, 1); 
INSERT INTO TABLE_COLUMN ( TCL_ID, TBD_ID, ENT_ID, TCL_NAME, TCL_DISPLAY, TCL_ORDER_NO,
TCL_PRIMARY_KEY_FL, TCL_TYPE, TCL_LENGTH, TCL_MANDATORY_FL, TCL_DELETE_FL, TCL_VERSION_ID,
PTN_ID ) VALUES ( 
603, 62, NULL, 'ptn_id', 'ptn_id', 4, 'N', 'int', 10, 'Y', 'N', 1, 1); 
INSERT INTO TABLE_COLUMN ( TCL_ID, TBD_ID, ENT_ID, TCL_NAME, TCL_DISPLAY, TCL_ORDER_NO,
TCL_PRIMARY_KEY_FL, TCL_TYPE, TCL_LENGTH, TCL_MANDATORY_FL, TCL_DELETE_FL, TCL_VERSION_ID,
PTN_ID ) VALUES ( 
604, 63, NULL, 'tcs_id', 'tcs_id', 0, 'Y', 'int', 10, 'Y', 'N', 1, 1); 
INSERT INTO TABLE_COLUMN ( TCL_ID, TBD_ID, ENT_ID, TCL_NAME, TCL_DISPLAY, TCL_ORDER_NO,
TCL_PRIMARY_KEY_FL, TCL_TYPE, TCL_LENGTH, TCL_MANDATORY_FL, TCL_DELETE_FL, TCL_VERSION_ID,
PTN_ID ) VALUES ( 
605, 63, NULL, 'tft_id', 'tft_id', 1, 'N', 'int', 10, 'Y', 'N', 1, 1); 
INSERT INTO TABLE_COLUMN ( TCL_ID, TBD_ID, ENT_ID, TCL_NAME, TCL_DISPLAY, TCL_ORDER_NO,
TCL_PRIMARY_KEY_FL, TCL_TYPE, TCL_LENGTH, TCL_MANDATORY_FL, TCL_DELETE_FL, TCL_VERSION_ID,
PTN_ID ) VALUES ( 
606, 63, NULL, 'est_id', 'est_id', 2, 'N', 'int', 10, 'Y', 'N', 1, 1); 
INSERT INTO TABLE_COLUMN ( TCL_ID, TBD_ID, ENT_ID, TCL_NAME, TCL_DISPLAY, TCL_ORDER_NO,
TCL_PRIMARY_KEY_FL, TCL_TYPE, TCL_LENGTH, TCL_MANDATORY_FL, TCL_DELETE_FL, TCL_VERSION_ID,
PTN_ID ) VALUES ( 
607, 63, NULL, 'tfm_id', 'tfm_id', 3, 'N', 'int', 10, 'Y', 'N', 1, 1); 
INSERT INTO TABLE_COLUMN ( TCL_ID, TBD_ID, ENT_ID, TCL_NAME, TCL_DISPLAY, TCL_ORDER_NO,
TCL_PRIMARY_KEY_FL, TCL_TYPE, TCL_LENGTH, TCL_MANDATORY_FL, TCL_DELETE_FL, TCL_VERSION_ID,
PTN_ID ) VALUES ( 
608, 63, NULL, 'tcs_name', 'tcs_name', 4, 'N', 'string', 255, 'Y', 'N', 1, 1); 
INSERT INTO TABLE_COLUMN ( TCL_ID, TBD_ID, ENT_ID, TCL_NAME, TCL_DISPLAY, TCL_ORDER_NO,
TCL_PRIMARY_KEY_FL, TCL_TYPE, TCL_LENGTH, TCL_MANDATORY_FL, TCL_DELETE_FL, TCL_VERSION_ID,
PTN_ID ) VALUES ( 
609, 63, NULL, 'tcs_delete_fl', 'tcs_delete_fl', 5, 'N', 'bool', 1, 'Y', 'N', 1, 1); 
INSERT INTO TABLE_COLUMN ( TCL_ID, TBD_ID, ENT_ID, TCL_NAME, TCL_DISPLAY, TCL_ORDER_NO,
TCL_PRIMARY_KEY_FL, TCL_TYPE, TCL_LENGTH, TCL_MANDATORY_FL, TCL_DELETE_FL, TCL_VERSION_ID,
PTN_ID ) VALUES ( 
610, 63, NULL, 'tcs_version_id', 'tcs_version_id', 6, 'N', 'int', 10, 'Y', 'N', 1
, 1); 
INSERT INTO TABLE_COLUMN ( TCL_ID, TBD_ID, ENT_ID, TCL_NAME, TCL_DISPLAY, TCL_ORDER_NO,
TCL_PRIMARY_KEY_FL, TCL_TYPE, TCL_LENGTH, TCL_MANDATORY_FL, TCL_DELETE_FL, TCL_VERSION_ID,
PTN_ID ) VALUES ( 
611, 63, NULL, 'ptn_id', 'ptn_id', 7, 'N', 'int', 10, 'Y', 'N', 1, 1); 
INSERT INTO TABLE_COLUMN ( TCL_ID, TBD_ID, ENT_ID, TCL_NAME, TCL_DISPLAY, TCL_ORDER_NO,
TCL_PRIMARY_KEY_FL, TCL_TYPE, TCL_LENGTH, TCL_MANDATORY_FL, TCL_DELETE_FL, TCL_VERSION_ID,
PTN_ID ) VALUES ( 
612, 64, NULL, 'ugs_id', 'ugs_id', 0, 'Y', 'int', 10, 'Y', 'N', 1, 1); 
INSERT INTO TABLE_COLUMN ( TCL_ID, TBD_ID, ENT_ID, TCL_NAME, TCL_DISPLAY, TCL_ORDER_NO,
TCL_PRIMARY_KEY_FL, TCL_TYPE, TCL_LENGTH, TCL_MANDATORY_FL, TCL_DELETE_FL, TCL_VERSION_ID,
PTN_ID ) VALUES ( 
613, 64, NULL, 'usg_id', 'usg_id', 1, 'N', 'int', 10, 'Y', 'N', 1, 1); 
INSERT INTO TABLE_COLUMN ( TCL_ID, TBD_ID, ENT_ID, TCL_NAME, TCL_DISPLAY, TCL_ORDER_NO,
TCL_PRIMARY_KEY_FL, TCL_TYPE, TCL_LENGTH, TCL_MANDATORY_FL, TCL_DELETE_FL, TCL_VERSION_ID,
PTN_ID ) VALUES ( 
614, 64, NULL, 'usv_id', 'usv_id', 2, 'N', 'int', 10, 'Y', 'N', 1, 1); 
INSERT INTO TABLE_COLUMN ( TCL_ID, TBD_ID, ENT_ID, TCL_NAME, TCL_DISPLAY, TCL_ORDER_NO,
TCL_PRIMARY_KEY_FL, TCL_TYPE, TCL_LENGTH, TCL_MANDATORY_FL, TCL_DELETE_FL, TCL_VERSION_ID,
PTN_ID ) VALUES ( 
615, 64, NULL, 'ugs_delete_fl', 'ugs_delete_fl', 3, 'N', 'bool', 1, 'Y', 'N', 1, 1); 
INSERT INTO TABLE_COLUMN ( TCL_ID, TBD_ID, ENT_ID, TCL_NAME, TCL_DISPLAY, TCL_ORDER_NO,
TCL_PRIMARY_KEY_FL, TCL_TYPE, TCL_LENGTH, TCL_MANDATORY_FL, TCL_DELETE_FL, TCL_VERSION_ID,
PTN_ID ) VALUES ( 
616, 64, NULL, 'ugs_version_id', 'ugs_version_id', 4, 'N', 'int', 10, 'Y', 'N', 1
, 1); 
INSERT INTO TABLE_COLUMN ( TCL_ID, TBD_ID, ENT_ID, TCL_NAME, TCL_DISPLAY, TCL_ORDER_NO,
TCL_PRIMARY_KEY_FL, TCL_TYPE, TCL_LENGTH, TCL_MANDATORY_FL, TCL_DELETE_FL, TCL_VERSION_ID,
PTN_ID ) VALUES ( 
617, 64, NULL, 'ptn_id', 'ptn_id', 5, 'N', 'int', 10, 'Y', 'N', 1, 1); 
INSERT INTO TABLE_COLUMN ( TCL_ID, TBD_ID, ENT_ID, TCL_NAME, TCL_DISPLAY, TCL_ORDER_NO,
TCL_PRIMARY_KEY_FL, TCL_TYPE, TCL_LENGTH, TCL_MANDATORY_FL, TCL_DELETE_FL, TCL_VERSION_ID,
PTN_ID ) VALUES ( 
618, 65, NULL, 'agu_id', 'agu_id', 0, 'Y', 'int', 10, 'Y', 'N', 1, 1); 
INSERT INTO TABLE_COLUMN ( TCL_ID, TBD_ID, ENT_ID, TCL_NAME, TCL_DISPLAY, TCL_ORDER_NO,
TCL_PRIMARY_KEY_FL, TCL_TYPE, TCL_LENGTH, TCL_MANDATORY_FL, TCL_DELETE_FL, TCL_VERSION_ID,
PTN_ID ) VALUES ( 
619, 65, NULL, 'alg_id', 'alg_id', 1, 'N', 'int', 10, 'Y', 'N', 1, 1); 
INSERT INTO TABLE_COLUMN ( TCL_ID, TBD_ID, ENT_ID, TCL_NAME, TCL_DISPLAY, TCL_ORDER_NO,
TCL_PRIMARY_KEY_FL, TCL_TYPE, TCL_LENGTH, TCL_MANDATORY_FL, TCL_DELETE_FL, TCL_VERSION_ID,
PTN_ID ) VALUES ( 
620, 65, NULL, 'usr_id', 'usr_id', 2, 'N', 'int', 10, 'Y', 'N', 1, 1); 
INSERT INTO TABLE_COLUMN ( TCL_ID, TBD_ID, ENT_ID, TCL_NAME, TCL_DISPLAY, TCL_ORDER_NO,
TCL_PRIMARY_KEY_FL, TCL_TYPE, TCL_LENGTH, TCL_MANDATORY_FL, TCL_DELETE_FL, TCL_VERSION_ID,
PTN_ID ) VALUES ( 
621, 65, NULL, 'agu_delete_fl', 'agu_delete_fl', 3, 'N', 'bool', 1, 'Y', 'N', 1, 1); 
INSERT INTO TABLE_COLUMN ( TCL_ID, TBD_ID, ENT_ID, TCL_NAME, TCL_DISPLAY, TCL_ORDER_NO,
TCL_PRIMARY_KEY_FL, TCL_TYPE, TCL_LENGTH, TCL_MANDATORY_FL, TCL_DELETE_FL, TCL_VERSION_ID,
PTN_ID ) VALUES ( 
622, 65, NULL, 'agu_version_id', 'agu_version_id', 4, 'N', 'int', 10, 'Y', 'N', 1
, 1); 
INSERT INTO TABLE_COLUMN ( TCL_ID, TBD_ID, ENT_ID, TCL_NAME, TCL_DISPLAY, TCL_ORDER_NO,
TCL_PRIMARY_KEY_FL, TCL_TYPE, TCL_LENGTH, TCL_MANDATORY_FL, TCL_DELETE_FL, TCL_VERSION_ID,
PTN_ID ) VALUES ( 
623, 65, NULL, 'ptn_id', 'ptn_id', 5, 'N', 'int', 10, 'Y', 'N', 1, 1); 
INSERT INTO TABLE_COLUMN ( TCL_ID, TBD_ID, ENT_ID, TCL_NAME, TCL_DISPLAY, TCL_ORDER_NO,
TCL_PRIMARY_KEY_FL, TCL_TYPE, TCL_LENGTH, TCL_MANDATORY_FL, TCL_DELETE_FL, TCL_VERSION_ID,
PTN_ID ) VALUES ( 
624, 66, NULL, 'cdu_id', 'cdu_id', 0, 'Y', 'int', 10, 'Y', 'N', 1, 1); 
INSERT INTO TABLE_COLUMN ( TCL_ID, TBD_ID, ENT_ID, TCL_NAME, TCL_DISPLAY, TCL_ORDER_NO,
TCL_PRIMARY_KEY_FL, TCL_TYPE, TCL_LENGTH, TCL_MANDATORY_FL, TCL_DELETE_FL, TCL_VERSION_ID,
PTN_ID ) VALUES ( 
625, 66, NULL, 'cdn_id', 'cdn_id', 1, 'N', 'int', 10, 'Y', 'N', 1, 1); 
INSERT INTO TABLE_COLUMN ( TCL_ID, TBD_ID, ENT_ID, TCL_NAME, TCL_DISPLAY, TCL_ORDER_NO,
TCL_PRIMARY_KEY_FL, TCL_TYPE, TCL_LENGTH, TCL_MANDATORY_FL, TCL_DELETE_FL, TCL_VERSION_ID,
PTN_ID ) VALUES ( 
626, 66, NULL, 'usr_id', 'usr_id', 2, 'N', 'int', 10, 'Y', 'N', 1, 1); 
INSERT INTO TABLE_COLUMN ( TCL_ID, TBD_ID, ENT_ID, TCL_NAME, TCL_DISPLAY, TCL_ORDER_NO,
TCL_PRIMARY_KEY_FL, TCL_TYPE, TCL_LENGTH, TCL_MANDATORY_FL, TCL_DELETE_FL, TCL_VERSION_ID,
PTN_ID ) VALUES ( 
627, 66, NULL, 'cdu_delete_fl', 'cdu_delete_fl', 3, 'N', 'bool', 1, 'Y', 'N', 1, 1); 
INSERT INTO TABLE_COLUMN ( TCL_ID, TBD_ID, ENT_ID, TCL_NAME, TCL_DISPLAY, TCL_ORDER_NO,
TCL_PRIMARY_KEY_FL, TCL_TYPE, TCL_LENGTH, TCL_MANDATORY_FL, TCL_DELETE_FL, TCL_VERSION_ID,
PTN_ID ) VALUES ( 
628, 66, NULL, 'cdu_version_id', 'cdu_version_id', 4, 'N', 'int', 10, 'Y', 'N', 1
, 1); 
INSERT INTO TABLE_COLUMN ( TCL_ID, TBD_ID, ENT_ID, TCL_NAME, TCL_DISPLAY, TCL_ORDER_NO,
TCL_PRIMARY_KEY_FL, TCL_TYPE, TCL_LENGTH, TCL_MANDATORY_FL, TCL_DELETE_FL, TCL_VERSION_ID,
PTN_ID ) VALUES ( 
629, 66, NULL, 'ptn_id', 'ptn_id', 5, 'N', 'int', 10, 'Y', 'N', 1, 1); 
INSERT INTO TABLE_COLUMN ( TCL_ID, TBD_ID, ENT_ID, TCL_NAME, TCL_DISPLAY, TCL_ORDER_NO,
TCL_PRIMARY_KEY_FL, TCL_TYPE, TCL_LENGTH, TCL_MANDATORY_FL, TCL_DELETE_FL, TCL_VERSION_ID,
PTN_ID ) VALUES ( 
630, 67, NULL, 'img_id', 'img_id', 0, 'Y', 'int', 10, 'Y', 'N', 1, 1); 
INSERT INTO TABLE_COLUMN ( TCL_ID, TBD_ID, ENT_ID, TCL_NAME, TCL_DISPLAY, TCL_ORDER_NO,
TCL_PRIMARY_KEY_FL, TCL_TYPE, TCL_LENGTH, TCL_MANDATORY_FL, TCL_DELETE_FL, TCL_VERSION_ID,
PTN_ID ) VALUES ( 
631, 67, NULL, 'igp_id', 'igp_id', 1, 'N', 'int', 10, 'Y', 'N', 1, 1); 
INSERT INTO TABLE_COLUMN ( TCL_ID, TBD_ID, ENT_ID, TCL_NAME, TCL_DISPLAY, TCL_ORDER_NO,
TCL_PRIMARY_KEY_FL, TCL_TYPE, TCL_LENGTH, TCL_MANDATORY_FL, TCL_DELETE_FL, TCL_VERSION_ID,
PTN_ID ) VALUES ( 
632, 67, NULL, 'img_name', 'img_name', 2, 'N', 'string', 255, 'Y', 'N', 1, 1); 
INSERT INTO TABLE_COLUMN ( TCL_ID, TBD_ID, ENT_ID, TCL_NAME, TCL_DISPLAY, TCL_ORDER_NO,
TCL_PRIMARY_KEY_FL, TCL_TYPE, TCL_LENGTH, TCL_MANDATORY_FL, TCL_DELETE_FL, TCL_VERSION_ID,
PTN_ID ) VALUES ( 
633, 67, NULL, 'img_filename', 'img_filename', 3, 'N', 'string', 255, 'Y', 'N', 1
, 1); 
INSERT INTO TABLE_COLUMN ( TCL_ID, TBD_ID, ENT_ID, TCL_NAME, TCL_DISPLAY, TCL_ORDER_NO,
TCL_PRIMARY_KEY_FL, TCL_TYPE, TCL_LENGTH, TCL_MANDATORY_FL, TCL_DELETE_FL, TCL_VERSION_ID,
PTN_ID ) VALUES ( 
634, 67, NULL, 'img_delete_fl', 'img_delete_fl', 4, 'N', 'bool', 1, 'Y', 'N', 1, 1); 
INSERT INTO TABLE_COLUMN ( TCL_ID, TBD_ID, ENT_ID, TCL_NAME, TCL_DISPLAY, TCL_ORDER_NO,
TCL_PRIMARY_KEY_FL, TCL_TYPE, TCL_LENGTH, TCL_MANDATORY_FL, TCL_DELETE_FL, TCL_VERSION_ID,
PTN_ID ) VALUES ( 
635, 67, NULL, 'img_version_id', 'img_version_id', 5, 'N', 'int', 10, 'Y', 'N', 1
, 1); 
INSERT INTO TABLE_COLUMN ( TCL_ID, TBD_ID, ENT_ID, TCL_NAME, TCL_DISPLAY, TCL_ORDER_NO,
TCL_PRIMARY_KEY_FL, TCL_TYPE, TCL_LENGTH, TCL_MANDATORY_FL, TCL_DELETE_FL, TCL_VERSION_ID,
PTN_ID ) VALUES ( 
636, 67, NULL, 'ptn_id', 'ptn_id', 6, 'N', 'int', 10, 'Y', 'N', 1, 1); 
INSERT INTO TABLE_COLUMN ( TCL_ID, TBD_ID, ENT_ID, TCL_NAME, TCL_DISPLAY, TCL_ORDER_NO,
TCL_PRIMARY_KEY_FL, TCL_TYPE, TCL_LENGTH, TCL_MANDATORY_FL, TCL_DELETE_FL, TCL_VERSION_ID,
PTN_ID ) VALUES ( 
637, 68, NULL, 'srp_id', 'srp_id', 0, 'Y', 'int', 10, 'Y', 'N', 1, 1); 
INSERT INTO TABLE_COLUMN ( TCL_ID, TBD_ID, ENT_ID, TCL_NAME, TCL_DISPLAY, TCL_ORDER_NO,
TCL_PRIMARY_KEY_FL, TCL_TYPE, TCL_LENGTH, TCL_MANDATORY_FL, TCL_DELETE_FL, TCL_VERSION_ID,
PTN_ID ) VALUES ( 
638, 68, NULL, 'srl_id', 'srl_id', 1, 'N', 'int', 10, 'Y', 'N', 1, 1); 
INSERT INTO TABLE_COLUMN ( TCL_ID, TBD_ID, ENT_ID, TCL_NAME, TCL_DISPLAY, TCL_ORDER_NO,
TCL_PRIMARY_KEY_FL, TCL_TYPE, TCL_LENGTH, TCL_MANDATORY_FL, TCL_DELETE_FL, TCL_VERSION_ID,
PTN_ID ) VALUES ( 
639, 68, NULL, 'srp_order_no', 'srp_order_no', 2, 'N', 'int', 10, 'Y', 'N', 1, 1); 
INSERT INTO TABLE_COLUMN ( TCL_ID, TBD_ID, ENT_ID, TCL_NAME, TCL_DISPLAY, TCL_ORDER_NO,
TCL_PRIMARY_KEY_FL, TCL_TYPE, TCL_LENGTH, TCL_MANDATORY_FL, TCL_DELETE_FL, TCL_VERSION_ID,
PTN_ID ) VALUES ( 
640, 68, NULL, 'srp_match_string', 'srp_match_string', 3, 'N', 'string', 255, 'Y'
, 'N', 1, 1); 
INSERT INTO TABLE_COLUMN ( TCL_ID, TBD_ID, ENT_ID, TCL_NAME, TCL_DISPLAY, TCL_ORDER_NO,
TCL_PRIMARY_KEY_FL, TCL_TYPE, TCL_LENGTH, TCL_MANDATORY_FL, TCL_DELETE_FL, TCL_VERSION_ID,
PTN_ID ) VALUES ( 
641, 68, NULL, 'srp_output_string', 'srp_output_string', 4, 'N', 'string', 255, 'Y'
, 'N', 1, 1); 
INSERT INTO TABLE_COLUMN ( TCL_ID, TBD_ID, ENT_ID, TCL_NAME, TCL_DISPLAY, TCL_ORDER_NO,
TCL_PRIMARY_KEY_FL, TCL_TYPE, TCL_LENGTH, TCL_MANDATORY_FL, TCL_DELETE_FL, TCL_VERSION_ID,
PTN_ID ) VALUES ( 
642, 68, NULL, 'srp_field_string', 'srp_field_string', 5, 'N', 'string', 255, 'N'
, 'N', 1, 1); 
INSERT INTO TABLE_COLUMN ( TCL_ID, TBD_ID, ENT_ID, TCL_NAME, TCL_DISPLAY, TCL_ORDER_NO,
TCL_PRIMARY_KEY_FL, TCL_TYPE, TCL_LENGTH, TCL_MANDATORY_FL, TCL_DELETE_FL, TCL_VERSION_ID,
PTN_ID ) VALUES ( 
643, 68, NULL, 'srp_matched_srp_id', 'srp_matched_srp_id', 6, 'N', 'int', 10, 'N'
, 'N', 1, 1); 
INSERT INTO TABLE_COLUMN ( TCL_ID, TBD_ID, ENT_ID, TCL_NAME, TCL_DISPLAY, TCL_ORDER_NO,
TCL_PRIMARY_KEY_FL, TCL_TYPE, TCL_LENGTH, TCL_MANDATORY_FL, TCL_DELETE_FL, TCL_VERSION_ID,
PTN_ID ) VALUES ( 
644, 68, NULL, 'srp_non_matched_srp_id', 'srp_non_matched_srp_id', 7, 'N', 'int', 10
, 'N', 'N', 1, 1); 
INSERT INTO TABLE_COLUMN ( TCL_ID, TBD_ID, ENT_ID, TCL_NAME, TCL_DISPLAY, TCL_ORDER_NO,
TCL_PRIMARY_KEY_FL, TCL_TYPE, TCL_LENGTH, TCL_MANDATORY_FL, TCL_DELETE_FL, TCL_VERSION_ID,
PTN_ID ) VALUES ( 
645, 68, NULL, 'srp_delete_fl', 'srp_delete_fl', 8, 'N', 'bool', 1, 'Y', 'N', 1, 1); 
INSERT INTO TABLE_COLUMN ( TCL_ID, TBD_ID, ENT_ID, TCL_NAME, TCL_DISPLAY, TCL_ORDER_NO,
TCL_PRIMARY_KEY_FL, TCL_TYPE, TCL_LENGTH, TCL_MANDATORY_FL, TCL_DELETE_FL, TCL_VERSION_ID,
PTN_ID ) VALUES ( 
646, 68, NULL, 'srp_version_id', 'srp_version_id', 9, 'N', 'int', 10, 'Y', 'N', 1
, 1); 
INSERT INTO TABLE_COLUMN ( TCL_ID, TBD_ID, ENT_ID, TCL_NAME, TCL_DISPLAY, TCL_ORDER_NO,
TCL_PRIMARY_KEY_FL, TCL_TYPE, TCL_LENGTH, TCL_MANDATORY_FL, TCL_DELETE_FL, TCL_VERSION_ID,
PTN_ID ) VALUES ( 
647, 68, NULL, 'ptn_id', 'ptn_id', 10, 'N', 'int', 10, 'Y', 'N', 1, 1); 
INSERT INTO TABLE_COLUMN ( TCL_ID, TBD_ID, ENT_ID, TCL_NAME, TCL_DISPLAY, TCL_ORDER_NO,
TCL_PRIMARY_KEY_FL, TCL_TYPE, TCL_LENGTH, TCL_MANDATORY_FL, TCL_DELETE_FL, TCL_VERSION_ID,
PTN_ID ) VALUES ( 
648, 69, NULL, 'sfl_id', 'sfl_id', 0, 'Y', 'int', 10, 'Y', 'N', 1, 1); 
INSERT INTO TABLE_COLUMN ( TCL_ID, TBD_ID, ENT_ID, TCL_NAME, TCL_DISPLAY, TCL_ORDER_NO,
TCL_PRIMARY_KEY_FL, TCL_TYPE, TCL_LENGTH, TCL_MANDATORY_FL, TCL_DELETE_FL, TCL_VERSION_ID,
PTN_ID ) VALUES ( 
649, 69, NULL, 'stm_id', 'stm_id', 1, 'N', 'int', 10, 'Y', 'N', 1, 1); 
INSERT INTO TABLE_COLUMN ( TCL_ID, TBD_ID, ENT_ID, TCL_NAME, TCL_DISPLAY, TCL_ORDER_NO,
TCL_PRIMARY_KEY_FL, TCL_TYPE, TCL_LENGTH, TCL_MANDATORY_FL, TCL_DELETE_FL, TCL_VERSION_ID,
PTN_ID ) VALUES ( 
650, 69, NULL, 'fil_id', 'fil_id', 2, 'N', 'int', 10, 'Y', 'N', 1, 1); 
INSERT INTO TABLE_COLUMN ( TCL_ID, TBD_ID, ENT_ID, TCL_NAME, TCL_DISPLAY, TCL_ORDER_NO,
TCL_PRIMARY_KEY_FL, TCL_TYPE, TCL_LENGTH, TCL_MANDATORY_FL, TCL_DELETE_FL, TCL_VERSION_ID,
PTN_ID ) VALUES ( 
651, 69, NULL, 'sfl_delete_fl', 'sfl_delete_fl', 3, 'N', 'bool', 1, 'Y', 'N', 1, 1); 
INSERT INTO TABLE_COLUMN ( TCL_ID, TBD_ID, ENT_ID, TCL_NAME, TCL_DISPLAY, TCL_ORDER_NO,
TCL_PRIMARY_KEY_FL, TCL_TYPE, TCL_LENGTH, TCL_MANDATORY_FL, TCL_DELETE_FL, TCL_VERSION_ID,
PTN_ID ) VALUES ( 
652, 69, NULL, 'sfl_version_id', 'sfl_version_id', 4, 'N', 'int', 10, 'Y', 'N', 1
, 1); 
INSERT INTO TABLE_COLUMN ( TCL_ID, TBD_ID, ENT_ID, TCL_NAME, TCL_DISPLAY, TCL_ORDER_NO,
TCL_PRIMARY_KEY_FL, TCL_TYPE, TCL_LENGTH, TCL_MANDATORY_FL, TCL_DELETE_FL, TCL_VERSION_ID,
PTN_ID ) VALUES ( 
653, 69, NULL, 'ptn_id', 'ptn_id', 5, 'N', 'int', 10, 'Y', 'N', 1, 1); 
INSERT INTO TABLE_COLUMN ( TCL_ID, TBD_ID, ENT_ID, TCL_NAME, TCL_DISPLAY, TCL_ORDER_NO,
TCL_PRIMARY_KEY_FL, TCL_TYPE, TCL_LENGTH, TCL_MANDATORY_FL, TCL_DELETE_FL, TCL_VERSION_ID,
PTN_ID ) VALUES ( 
654, 70, NULL, 'tfc_id', 'tfc_id', 0, 'Y', 'int', 10, 'Y', 'N', 1, 1); 
INSERT INTO TABLE_COLUMN ( TCL_ID, TBD_ID, ENT_ID, TCL_NAME, TCL_DISPLAY, TCL_ORDER_NO,
TCL_PRIMARY_KEY_FL, TCL_TYPE, TCL_LENGTH, TCL_MANDATORY_FL, TCL_DELETE_FL, TCL_VERSION_ID,
PTN_ID ) VALUES ( 
655, 70, NULL, 'tfr_id', 'tfr_id', 1, 'N', 'int', 10, 'Y', 'N', 1, 1); 
INSERT INTO TABLE_COLUMN ( TCL_ID, TBD_ID, ENT_ID, TCL_NAME, TCL_DISPLAY, TCL_ORDER_NO,
TCL_PRIMARY_KEY_FL, TCL_TYPE, TCL_LENGTH, TCL_MANDATORY_FL, TCL_DELETE_FL, TCL_VERSION_ID,
PTN_ID ) VALUES ( 
656, 70, NULL, 'tcl_id', 'tcl_id', 2, 'N', 'int', 10, 'Y', 'N', 1, 1); 
INSERT INTO TABLE_COLUMN ( TCL_ID, TBD_ID, ENT_ID, TCL_NAME, TCL_DISPLAY, TCL_ORDER_NO,
TCL_PRIMARY_KEY_FL, TCL_TYPE, TCL_LENGTH, TCL_MANDATORY_FL, TCL_DELETE_FL, TCL_VERSION_ID,
PTN_ID ) VALUES ( 
657, 70, NULL, 'tfc_label', 'tfc_label', 3, 'N', 'string', 255, 'Y', 'N', 1, 1); 
INSERT INTO TABLE_COLUMN ( TCL_ID, TBD_ID, ENT_ID, TCL_NAME, TCL_DISPLAY, TCL_ORDER_NO,
TCL_PRIMARY_KEY_FL, TCL_TYPE, TCL_LENGTH, TCL_MANDATORY_FL, TCL_DELETE_FL, TCL_VERSION_ID,
PTN_ID ) VALUES ( 
658, 70, NULL, 'tfc_order_no', 'tfc_order_no', 4, 'N', 'int', 10, 'Y', 'N', 1, 1); 
INSERT INTO TABLE_COLUMN ( TCL_ID, TBD_ID, ENT_ID, TCL_NAME, TCL_DISPLAY, TCL_ORDER_NO,
TCL_PRIMARY_KEY_FL, TCL_TYPE, TCL_LENGTH, TCL_MANDATORY_FL, TCL_DELETE_FL, TCL_VERSION_ID,
PTN_ID ) VALUES ( 
659, 70, NULL, 'tfc_visible_fl', 'tfc_visible_fl', 5, 'N', 'bool', 1, 'Y', 'N', 1
, 1); 
INSERT INTO TABLE_COLUMN ( TCL_ID, TBD_ID, ENT_ID, TCL_NAME, TCL_DISPLAY, TCL_ORDER_NO,
TCL_PRIMARY_KEY_FL, TCL_TYPE, TCL_LENGTH, TCL_MANDATORY_FL, TCL_DELETE_FL, TCL_VERSION_ID,
PTN_ID ) VALUES ( 
660, 70, NULL, 'tfc_delete_fl', 'tfc_delete_fl', 6, 'N', 'bool', 1, 'Y', 'N', 1, 1); 
INSERT INTO TABLE_COLUMN ( TCL_ID, TBD_ID, ENT_ID, TCL_NAME, TCL_DISPLAY, TCL_ORDER_NO,
TCL_PRIMARY_KEY_FL, TCL_TYPE, TCL_LENGTH, TCL_MANDATORY_FL, TCL_DELETE_FL, TCL_VERSION_ID,
PTN_ID ) VALUES ( 
661, 70, NULL, 'tfc_version_id', 'tfc_version_id', 7, 'N', 'int', 10, 'Y', 'N', 1
, 1); 
INSERT INTO TABLE_COLUMN ( TCL_ID, TBD_ID, ENT_ID, TCL_NAME, TCL_DISPLAY, TCL_ORDER_NO,
TCL_PRIMARY_KEY_FL, TCL_TYPE, TCL_LENGTH, TCL_MANDATORY_FL, TCL_DELETE_FL, TCL_VERSION_ID,
PTN_ID ) VALUES ( 
662, 70, NULL, 'ptn_id', 'ptn_id', 8, 'N', 'int', 10, 'Y', 'N', 1, 1); 
INSERT INTO TABLE_COLUMN ( TCL_ID, TBD_ID, ENT_ID, TCL_NAME, TCL_DISPLAY, TCL_ORDER_NO,
TCL_PRIMARY_KEY_FL, TCL_TYPE, TCL_LENGTH, TCL_MANDATORY_FL, TCL_DELETE_FL, TCL_VERSION_ID,
PTN_ID ) VALUES ( 
663, 71, NULL, 'cos_id', 'cos_id', 0, 'Y', 'int', 10, 'Y', 'N', 1, 1); 
INSERT INTO TABLE_COLUMN ( TCL_ID, TBD_ID, ENT_ID, TCL_NAME, TCL_DISPLAY, TCL_ORDER_NO,
TCL_PRIMARY_KEY_FL, TCL_TYPE, TCL_LENGTH, TCL_MANDATORY_FL, TCL_DELETE_FL, TCL_VERSION_ID,
PTN_ID ) VALUES ( 
664, 71, NULL, 'cog_id', 'cog_id', 1, 'N', 'int', 10, 'Y', 'N', 1, 1); 
INSERT INTO TABLE_COLUMN ( TCL_ID, TBD_ID, ENT_ID, TCL_NAME, TCL_DISPLAY, TCL_ORDER_NO,
TCL_PRIMARY_KEY_FL, TCL_TYPE, TCL_LENGTH, TCL_MANDATORY_FL, TCL_DELETE_FL, TCL_VERSION_ID,
PTN_ID ) VALUES ( 
665, 71, NULL, 'cos_name', 'cos_name', 2, 'N', 'string', 255, 'Y', 'N', 1, 1); 
INSERT INTO TABLE_COLUMN ( TCL_ID, TBD_ID, ENT_ID, TCL_NAME, TCL_DISPLAY, TCL_ORDER_NO,
TCL_PRIMARY_KEY_FL, TCL_TYPE, TCL_LENGTH, TCL_MANDATORY_FL, TCL_DELETE_FL, TCL_VERSION_ID,
PTN_ID ) VALUES ( 
666, 71, NULL, 'cos_type', 'cos_type', 3, 'N', 'string', 255, 'N', 'N', 1, 1); 
INSERT INTO TABLE_COLUMN ( TCL_ID, TBD_ID, ENT_ID, TCL_NAME, TCL_DISPLAY, TCL_ORDER_NO,
TCL_PRIMARY_KEY_FL, TCL_TYPE, TCL_LENGTH, TCL_MANDATORY_FL, TCL_DELETE_FL, TCL_VERSION_ID,
PTN_ID ) VALUES ( 
667, 71, NULL, 'cos_horizontal_pos', 'cos_horizontal_pos', 4, 'N', 'string', 255, 'N'
, 'N', 1, 1); 
INSERT INTO TABLE_COLUMN ( TCL_ID, TBD_ID, ENT_ID, TCL_NAME, TCL_DISPLAY, TCL_ORDER_NO,
TCL_PRIMARY_KEY_FL, TCL_TYPE, TCL_LENGTH, TCL_MANDATORY_FL, TCL_DELETE_FL, TCL_VERSION_ID,
PTN_ID ) VALUES ( 
668, 71, NULL, 'cos_vertical_pos', 'cos_vertical_pos', 5, 'N', 'string', 255, 'N'
, 'N', 1, 1); 
INSERT INTO TABLE_COLUMN ( TCL_ID, TBD_ID, ENT_ID, TCL_NAME, TCL_DISPLAY, TCL_ORDER_NO,
TCL_PRIMARY_KEY_FL, TCL_TYPE, TCL_LENGTH, TCL_MANDATORY_FL, TCL_DELETE_FL, TCL_VERSION_ID,
PTN_ID ) VALUES ( 
669, 71, NULL, 'cos_radius', 'cos_radius', 6, 'N', 'string', 255, 'N', 'N', 1, 1); 
INSERT INTO TABLE_COLUMN ( TCL_ID, TBD_ID, ENT_ID, TCL_NAME, TCL_DISPLAY, TCL_ORDER_NO,
TCL_PRIMARY_KEY_FL, TCL_TYPE, TCL_LENGTH, TCL_MANDATORY_FL, TCL_DELETE_FL, TCL_VERSION_ID,
PTN_ID ) VALUES ( 
670, 71, NULL, 'cos_start_angle', 'cos_start_angle', 7, 'N', 'string', 255, 'N', 'N'
, 1, 1); 
INSERT INTO TABLE_COLUMN ( TCL_ID, TBD_ID, ENT_ID, TCL_NAME, TCL_DISPLAY, TCL_ORDER_NO,
TCL_PRIMARY_KEY_FL, TCL_TYPE, TCL_LENGTH, TCL_MANDATORY_FL, TCL_DELETE_FL, TCL_VERSION_ID,
PTN_ID ) VALUES ( 
671, 71, NULL, 'cos_end_angle', 'cos_end_angle', 8, 'N', 'string', 255, 'N', 'N', 1
, 1); 
INSERT INTO TABLE_COLUMN ( TCL_ID, TBD_ID, ENT_ID, TCL_NAME, TCL_DISPLAY, TCL_ORDER_NO,
TCL_PRIMARY_KEY_FL, TCL_TYPE, TCL_LENGTH, TCL_MANDATORY_FL, TCL_DELETE_FL, TCL_VERSION_ID,
PTN_ID ) VALUES ( 
672, 71, NULL, 'cos_fill_as_gradient', 'cos_fill_as_gradient', 9, 'N', 'string', 255
, 'N', 'N', 1, 1); 
INSERT INTO TABLE_COLUMN ( TCL_ID, TBD_ID, ENT_ID, TCL_NAME, TCL_DISPLAY, TCL_ORDER_NO,
TCL_PRIMARY_KEY_FL, TCL_TYPE, TCL_LENGTH, TCL_MANDATORY_FL, TCL_DELETE_FL, TCL_VERSION_ID,
PTN_ID ) VALUES ( 
673, 71, NULL, 'cos_fill_color', 'cos_fill_color', 10, 'N', 'string', 255, 'N', 'N'
, 1, 1); 
INSERT INTO TABLE_COLUMN ( TCL_ID, TBD_ID, ENT_ID, TCL_NAME, TCL_DISPLAY, TCL_ORDER_NO,
TCL_PRIMARY_KEY_FL, TCL_TYPE, TCL_LENGTH, TCL_MANDATORY_FL, TCL_DELETE_FL, TCL_VERSION_ID,
PTN_ID ) VALUES ( 
674, 71, NULL, 'cos_fill_pattern', 'cos_fill_pattern', 11, 'N', 'string', 255, 'N'
, 'N', 1, 1); 
INSERT INTO TABLE_COLUMN ( TCL_ID, TBD_ID, ENT_ID, TCL_NAME, TCL_DISPLAY, TCL_ORDER_NO,
TCL_PRIMARY_KEY_FL, TCL_TYPE, TCL_LENGTH, TCL_MANDATORY_FL, TCL_DELETE_FL, TCL_VERSION_ID,
PTN_ID ) VALUES ( 
675, 71, NULL, 'cos_fill_alpha', 'cos_fill_alpha', 12, 'N', 'string', 255, 'N', 'N'
, 1, 1); 
INSERT INTO TABLE_COLUMN ( TCL_ID, TBD_ID, ENT_ID, TCL_NAME, TCL_DISPLAY, TCL_ORDER_NO,
TCL_PRIMARY_KEY_FL, TCL_TYPE, TCL_LENGTH, TCL_MANDATORY_FL, TCL_DELETE_FL, TCL_VERSION_ID,
PTN_ID ) VALUES ( 
676, 71, NULL, 'cos_fill_ratio', 'cos_fill_ratio', 13, 'N', 'string', 255, 'N', 'N'
, 1, 1); 
INSERT INTO TABLE_COLUMN ( TCL_ID, TBD_ID, ENT_ID, TCL_NAME, TCL_DISPLAY, TCL_ORDER_NO,
TCL_PRIMARY_KEY_FL, TCL_TYPE, TCL_LENGTH, TCL_MANDATORY_FL, TCL_DELETE_FL, TCL_VERSION_ID,
PTN_ID ) VALUES ( 
677, 71, NULL, 'cos_fill_degree', 'cos_fill_degree', 14, 'N', 'string', 255, 'N', 'N'
, 1, 1); 
INSERT INTO TABLE_COLUMN ( TCL_ID, TBD_ID, ENT_ID, TCL_NAME, TCL_DISPLAY, TCL_ORDER_NO,
TCL_PRIMARY_KEY_FL, TCL_TYPE, TCL_LENGTH, TCL_MANDATORY_FL, TCL_DELETE_FL, TCL_VERSION_ID,
PTN_ID ) VALUES ( 
678, 71, NULL, 'cos_color', 'cos_color', 15, 'N', 'string', 255, 'N', 'N', 1, 1); 
INSERT INTO TABLE_COLUMN ( TCL_ID, TBD_ID, ENT_ID, TCL_NAME, TCL_DISPLAY, TCL_ORDER_NO,
TCL_PRIMARY_KEY_FL, TCL_TYPE, TCL_LENGTH, TCL_MANDATORY_FL, TCL_DELETE_FL, TCL_VERSION_ID,
PTN_ID ) VALUES ( 
679, 71, NULL, 'cos_border_color', 'cos_border_color', 16, 'N', 'string', 255, 'N'
, 'N', 1, 1); 
INSERT INTO TABLE_COLUMN ( TCL_ID, TBD_ID, ENT_ID, TCL_NAME, TCL_DISPLAY, TCL_ORDER_NO,
TCL_PRIMARY_KEY_FL, TCL_TYPE, TCL_LENGTH, TCL_MANDATORY_FL, TCL_DELETE_FL, TCL_VERSION_ID,
PTN_ID ) VALUES ( 
680, 71, NULL, 'cos_label', 'cos_label', 17, 'N', 'string', 255, 'N', 'N', 1, 1); 
INSERT INTO TABLE_COLUMN ( TCL_ID, TBD_ID, ENT_ID, TCL_NAME, TCL_DISPLAY, TCL_ORDER_NO,
TCL_PRIMARY_KEY_FL, TCL_TYPE, TCL_LENGTH, TCL_MANDATORY_FL, TCL_DELETE_FL, TCL_VERSION_ID,
PTN_ID ) VALUES ( 
681, 71, NULL, 'cos_align', 'cos_align', 18, 'N', 'string', 255, 'N', 'N', 1, 1); 
INSERT INTO TABLE_COLUMN ( TCL_ID, TBD_ID, ENT_ID, TCL_NAME, TCL_DISPLAY, TCL_ORDER_NO,
TCL_PRIMARY_KEY_FL, TCL_TYPE, TCL_LENGTH, TCL_MANDATORY_FL, TCL_DELETE_FL, TCL_VERSION_ID,
PTN_ID ) VALUES ( 
682, 71, NULL, 'cos_font_face', 'cos_font_face', 19, 'N', 'string', 255, 'N', 'N'
, 1, 1); 
INSERT INTO TABLE_COLUMN ( TCL_ID, TBD_ID, ENT_ID, TCL_NAME, TCL_DISPLAY, TCL_ORDER_NO,
TCL_PRIMARY_KEY_FL, TCL_TYPE, TCL_LENGTH, TCL_MANDATORY_FL, TCL_DELETE_FL, TCL_VERSION_ID,
PTN_ID ) VALUES ( 
683, 71, NULL, 'cos_is_bold', 'cos_is_bold', 20, 'N', 'string', 255, 'N', 'N', 1, 1); 
INSERT INTO TABLE_COLUMN ( TCL_ID, TBD_ID, ENT_ID, TCL_NAME, TCL_DISPLAY, TCL_ORDER_NO,
TCL_PRIMARY_KEY_FL, TCL_TYPE, TCL_LENGTH, TCL_MANDATORY_FL, TCL_DELETE_FL, TCL_VERSION_ID,
PTN_ID ) VALUES ( 
684, 71, NULL, 'cos_font_color', 'cos_font_color', 21, 'N', 'string', 255, 'N', 'N'
, 1, 1); 
INSERT INTO TABLE_COLUMN ( TCL_ID, TBD_ID, ENT_ID, TCL_NAME, TCL_DISPLAY, TCL_ORDER_NO,
TCL_PRIMARY_KEY_FL, TCL_TYPE, TCL_LENGTH, TCL_MANDATORY_FL, TCL_DELETE_FL, TCL_VERSION_ID,
PTN_ID ) VALUES ( 
685, 71, NULL, 'cos_delete_fl', 'cos_delete_fl', 22, 'N', 'bool', 1, 'Y', 'N', 1, 1); 
INSERT INTO TABLE_COLUMN ( TCL_ID, TBD_ID, ENT_ID, TCL_NAME, TCL_DISPLAY, TCL_ORDER_NO,
TCL_PRIMARY_KEY_FL, TCL_TYPE, TCL_LENGTH, TCL_MANDATORY_FL, TCL_DELETE_FL, TCL_VERSION_ID,
PTN_ID ) VALUES ( 
186, 22, NULL, 'msf_file_seq', 'msf_file_seq', 2, 'N', 'int', 10, 'Y', 'N', 1, 1); 
INSERT INTO TABLE_COLUMN ( TCL_ID, TBD_ID, ENT_ID, TCL_NAME, TCL_DISPLAY, TCL_ORDER_NO,
TCL_PRIMARY_KEY_FL, TCL_TYPE, TCL_LENGTH, TCL_MANDATORY_FL, TCL_DELETE_FL, TCL_VERSION_ID,
PTN_ID ) VALUES ( 
187, 22, NULL, 'msf_time', 'msf_time', 3, 'N', 'datetime', -1, 'Y', 'N', 1, 1); 
INSERT INTO TABLE_COLUMN ( TCL_ID, TBD_ID, ENT_ID, TCL_NAME, TCL_DISPLAY, TCL_ORDER_NO,
TCL_PRIMARY_KEY_FL, TCL_TYPE, TCL_LENGTH, TCL_MANDATORY_FL, TCL_DELETE_FL, TCL_VERSION_ID,
PTN_ID ) VALUES ( 
188, 22, NULL, 'msf_delete_fl', 'msf_delete_fl', 4, 'N', 'bool', 1, 'Y', 'N', 1, 1); 
INSERT INTO TABLE_COLUMN ( TCL_ID, TBD_ID, ENT_ID, TCL_NAME, TCL_DISPLAY, TCL_ORDER_NO,
TCL_PRIMARY_KEY_FL, TCL_TYPE, TCL_LENGTH, TCL_MANDATORY_FL, TCL_DELETE_FL, TCL_VERSION_ID,
PTN_ID ) VALUES ( 
189, 22, NULL, 'msf_version_id', 'msf_version_id', 5, 'N', 'int', 10, 'Y', 'N', 1
, 1); 
INSERT INTO TABLE_COLUMN ( TCL_ID, TBD_ID, ENT_ID, TCL_NAME, TCL_DISPLAY, TCL_ORDER_NO,
TCL_PRIMARY_KEY_FL, TCL_TYPE, TCL_LENGTH, TCL_MANDATORY_FL, TCL_DELETE_FL, TCL_VERSION_ID,
PTN_ID ) VALUES ( 
190, 22, NULL, 'ptn_id', 'ptn_id', 6, 'N', 'int', 10, 'Y', 'N', 1, 1); 
INSERT INTO TABLE_COLUMN ( TCL_ID, TBD_ID, ENT_ID, TCL_NAME, TCL_DISPLAY, TCL_ORDER_NO,
TCL_PRIMARY_KEY_FL, TCL_TYPE, TCL_LENGTH, TCL_MANDATORY_FL, TCL_DELETE_FL, TCL_VERSION_ID,
PTN_ID ) VALUES ( 
191, 23, NULL, 'egp_id', 'egp_id', 0, 'Y', 'int', 10, 'Y', 'N', 1, 1); 
INSERT INTO TABLE_COLUMN ( TCL_ID, TBD_ID, ENT_ID, TCL_NAME, TCL_DISPLAY, TCL_ORDER_NO,
TCL_PRIMARY_KEY_FL, TCL_TYPE, TCL_LENGTH, TCL_MANDATORY_FL, TCL_DELETE_FL, TCL_VERSION_ID,
PTN_ID ) VALUES ( 
192, 23, NULL, 'egp_name', 'egp_name', 1, 'N', 'string', 255, 'Y', 'N', 1, 1); 
INSERT INTO TABLE_COLUMN ( TCL_ID, TBD_ID, ENT_ID, TCL_NAME, TCL_DISPLAY, TCL_ORDER_NO,
TCL_PRIMARY_KEY_FL, TCL_TYPE, TCL_LENGTH, TCL_MANDATORY_FL, TCL_DELETE_FL, TCL_VERSION_ID,
PTN_ID ) VALUES ( 
193, 23, NULL, 'egp_delete_fl', 'egp_delete_fl', 2, 'N', 'bool', 1, 'Y', 'N', 1, 1); 
INSERT INTO TABLE_COLUMN ( TCL_ID, TBD_ID, ENT_ID, TCL_NAME, TCL_DISPLAY, TCL_ORDER_NO,
TCL_PRIMARY_KEY_FL, TCL_TYPE, TCL_LENGTH, TCL_MANDATORY_FL, TCL_DELETE_FL, TCL_VERSION_ID,
PTN_ID ) VALUES ( 
194, 23, NULL, 'egp_version_id', 'egp_version_id', 3, 'N', 'int', 10, 'Y', 'N', 1
, 1); 
INSERT INTO TABLE_COLUMN ( TCL_ID, TBD_ID, ENT_ID, TCL_NAME, TCL_DISPLAY, TCL_ORDER_NO,
TCL_PRIMARY_KEY_FL, TCL_TYPE, TCL_LENGTH, TCL_MANDATORY_FL, TCL_DELETE_FL, TCL_VERSION_ID,
PTN_ID ) VALUES ( 
195, 23, NULL, 'ptn_id', 'ptn_id', 4, 'N', 'int', 10, 'Y', 'N', 1, 1); 
INSERT INTO TABLE_COLUMN ( TCL_ID, TBD_ID, ENT_ID, TCL_NAME, TCL_DISPLAY, TCL_ORDER_NO,
TCL_PRIMARY_KEY_FL, TCL_TYPE, TCL_LENGTH, TCL_MANDATORY_FL, TCL_DELETE_FL, TCL_VERSION_ID,
PTN_ID ) VALUES ( 
196, 24, NULL, 'stc_id', 'stc_id', 0, 'Y', 'int', 10, 'Y', 'N', 1, 1); 
INSERT INTO TABLE_COLUMN ( TCL_ID, TBD_ID, ENT_ID, TCL_NAME, TCL_DISPLAY, TCL_ORDER_NO,
TCL_PRIMARY_KEY_FL, TCL_TYPE, TCL_LENGTH, TCL_MANDATORY_FL, TCL_DELETE_FL, TCL_VERSION_ID,
PTN_ID ) VALUES ( 
197, 24, NULL, 'stc_name', 'stc_name', 1, 'N', 'string', 255, 'Y', 'N', 1, 1); 
INSERT INTO TABLE_COLUMN ( TCL_ID, TBD_ID, ENT_ID, TCL_NAME, TCL_DISPLAY, TCL_ORDER_NO,
TCL_PRIMARY_KEY_FL, TCL_TYPE, TCL_LENGTH, TCL_MANDATORY_FL, TCL_DELETE_FL, TCL_VERSION_ID,
PTN_ID ) VALUES ( 
198, 24, NULL, 'stc_configured_pig_id', 'stc_configured_pig_id', 2, 'N', 'int', 10
, 'Y', 'N', 1, 1); 
INSERT INTO TABLE_COLUMN ( TCL_ID, TBD_ID, ENT_ID, TCL_NAME, TCL_DISPLAY, TCL_ORDER_NO,
TCL_PRIMARY_KEY_FL, TCL_TYPE, TCL_LENGTH, TCL_MANDATORY_FL, TCL_DELETE_FL, TCL_VERSION_ID,
PTN_ID ) VALUES ( 
199, 24, NULL, 'stc_running_pig_id', 'stc_running_pig_id', 3, 'N', 'int', 10, 'N'
, 'N', 1, 1); 
INSERT INTO TABLE_COLUMN ( TCL_ID, TBD_ID, ENT_ID, TCL_NAME, TCL_DISPLAY, TCL_ORDER_NO,
TCL_PRIMARY_KEY_FL, TCL_TYPE, TCL_LENGTH, TCL_MANDATORY_FL, TCL_DELETE_FL, TCL_VERSION_ID,
PTN_ID ) VALUES ( 
200, 24, NULL, 'stc_reinitialise_fl', 'stc_reinitialise_fl', 4, 'N', 'bool', 1, 'Y'
, 'N', 1, 1); 
INSERT INTO TABLE_COLUMN ( TCL_ID, TBD_ID, ENT_ID, TCL_NAME, TCL_DISPLAY, TCL_ORDER_NO,
TCL_PRIMARY_KEY_FL, TCL_TYPE, TCL_LENGTH, TCL_MANDATORY_FL, TCL_DELETE_FL, TCL_VERSION_ID,
PTN_ID ) VALUES ( 
201, 24, NULL, 'stc_delete_fl', 'stc_delete_fl', 5, 'N', 'bool', 1, 'Y', 'N', 1, 1); 
INSERT INTO TABLE_COLUMN ( TCL_ID, TBD_ID, ENT_ID, TCL_NAME, TCL_DISPLAY, TCL_ORDER_NO,
TCL_PRIMARY_KEY_FL, TCL_TYPE, TCL_LENGTH, TCL_MANDATORY_FL, TCL_DELETE_FL, TCL_VERSION_ID,
PTN_ID ) VALUES ( 
202, 24, NULL, 'stc_version_id', 'stc_version_id', 6, 'N', 'int', 10, 'Y', 'N', 1
, 1); 
INSERT INTO TABLE_COLUMN ( TCL_ID, TBD_ID, ENT_ID, TCL_NAME, TCL_DISPLAY, TCL_ORDER_NO,
TCL_PRIMARY_KEY_FL, TCL_TYPE, TCL_LENGTH, TCL_MANDATORY_FL, TCL_DELETE_FL, TCL_VERSION_ID,
PTN_ID ) VALUES ( 
203, 24, NULL, 'ptn_id', 'ptn_id', 7, 'N', 'int', 10, 'Y', 'N', 1, 1); 
INSERT INTO TABLE_COLUMN ( TCL_ID, TBD_ID, ENT_ID, TCL_NAME, TCL_DISPLAY, TCL_ORDER_NO,
TCL_PRIMARY_KEY_FL, TCL_TYPE, TCL_LENGTH, TCL_MANDATORY_FL, TCL_DELETE_FL, TCL_VERSION_ID,
PTN_ID ) VALUES ( 
204, 25, NULL, 'tlb_id', 'tlb_id', 0, 'Y', 'int', 10, 'Y', 'N', 1, 1); 
INSERT INTO TABLE_COLUMN ( TCL_ID, TBD_ID, ENT_ID, TCL_NAME, TCL_DISPLAY, TCL_ORDER_NO,
TCL_PRIMARY_KEY_FL, TCL_TYPE, TCL_LENGTH, TCL_MANDATORY_FL, TCL_DELETE_FL, TCL_VERSION_ID,
PTN_ID ) VALUES ( 
205, 25, NULL, 'app_id', 'app_id', 1, 'N', 'int', 10, 'Y', 'N', 1, 1); 
INSERT INTO TABLE_COLUMN ( TCL_ID, TBD_ID, ENT_ID, TCL_NAME, TCL_DISPLAY, TCL_ORDER_NO,
TCL_PRIMARY_KEY_FL, TCL_TYPE, TCL_LENGTH, TCL_MANDATORY_FL, TCL_DELETE_FL, TCL_VERSION_ID,
PTN_ID ) VALUES ( 
206, 25, NULL, 'uai_id', 'uai_id', 2, 'N', 'int', 10, 'Y', 'N', 1, 1); 
INSERT INTO TABLE_COLUMN ( TCL_ID, TBD_ID, ENT_ID, TCL_NAME, TCL_DISPLAY, TCL_ORDER_NO,
TCL_PRIMARY_KEY_FL, TCL_TYPE, TCL_LENGTH, TCL_MANDATORY_FL, TCL_DELETE_FL, TCL_VERSION_ID,
PTN_ID ) VALUES ( 
207, 25, NULL, 'tlb_code', 'tlb_code', 3, 'N', 'string', 255, 'Y', 'N', 1, 1); 
INSERT INTO TABLE_COLUMN ( TCL_ID, TBD_ID, ENT_ID, TCL_NAME, TCL_DISPLAY, TCL_ORDER_NO,
TCL_PRIMARY_KEY_FL, TCL_TYPE, TCL_LENGTH, TCL_MANDATORY_FL, TCL_DELETE_FL, TCL_VERSION_ID,
PTN_ID ) VALUES ( 
208, 25, NULL, 'tlb_delete_fl', 'tlb_delete_fl', 4, 'N', 'bool', 1, 'Y', 'N', 1, 1); 
INSERT INTO TABLE_COLUMN ( TCL_ID, TBD_ID, ENT_ID, TCL_NAME, TCL_DISPLAY, TCL_ORDER_NO,
TCL_PRIMARY_KEY_FL, TCL_TYPE, TCL_LENGTH, TCL_MANDATORY_FL, TCL_DELETE_FL, TCL_VERSION_ID,
PTN_ID ) VALUES ( 
209, 25, NULL, 'tlb_version_id', 'tlb_version_id', 5, 'N', 'int', 10, 'Y', 'N', 1
, 1); 
INSERT INTO TABLE_COLUMN ( TCL_ID, TBD_ID, ENT_ID, TCL_NAME, TCL_DISPLAY, TCL_ORDER_NO,
TCL_PRIMARY_KEY_FL, TCL_TYPE, TCL_LENGTH, TCL_MANDATORY_FL, TCL_DELETE_FL, TCL_VERSION_ID,
PTN_ID ) VALUES ( 
210, 25, NULL, 'ptn_id', 'ptn_id', 6, 'N', 'int', 10, 'Y', 'N', 1, 1); 
INSERT INTO TABLE_COLUMN ( TCL_ID, TBD_ID, ENT_ID, TCL_NAME, TCL_DISPLAY, TCL_ORDER_NO,
TCL_PRIMARY_KEY_FL, TCL_TYPE, TCL_LENGTH, TCL_MANDATORY_FL, TCL_DELETE_FL, TCL_VERSION_ID,
PTN_ID ) VALUES ( 
211, 26, NULL, 'cth_id', 'cth_id', 0, 'Y', 'int', 10, 'Y', 'N', 1, 1); 
INSERT INTO TABLE_COLUMN ( TCL_ID, TBD_ID, ENT_ID, TCL_NAME, TCL_DISPLAY, TCL_ORDER_NO,
TCL_PRIMARY_KEY_FL, TCL_TYPE, TCL_LENGTH, TCL_MANDATORY_FL, TCL_DELETE_FL, TCL_VERSION_ID,
PTN_ID ) VALUES ( 
212, 26, NULL, 'cit_id', 'cit_id', 1, 'N', 'int', 10, 'Y', 'N', 1, 1); 
INSERT INTO TABLE_COLUMN ( TCL_ID, TBD_ID, ENT_ID, TCL_NAME, TCL_DISPLAY, TCL_ORDER_NO,
TCL_PRIMARY_KEY_FL, TCL_TYPE, TCL_LENGTH, TCL_MANDATORY_FL, TCL_DELETE_FL, TCL_VERSION_ID,
PTN_ID ) VALUES ( 
213, 26, NULL, 'cth_dttm', 'cth_dttm', 2, 'N', 'datetime', -1, 'Y', 'N', 1, 1); 
INSERT INTO TABLE_COLUMN ( TCL_ID, TBD_ID, ENT_ID, TCL_NAME, TCL_DISPLAY, TCL_ORDER_NO,
TCL_PRIMARY_KEY_FL, TCL_TYPE, TCL_LENGTH, TCL_MANDATORY_FL, TCL_DELETE_FL, TCL_VERSION_ID,
PTN_ID ) VALUES ( 
214, 26, NULL, 'cth_code', 'cth_code', 3, 'N', 'string', 255, 'Y', 'N', 1, 1); 
INSERT INTO TABLE_COLUMN ( TCL_ID, TBD_ID, ENT_ID, TCL_NAME, TCL_DISPLAY, TCL_ORDER_NO,
TCL_PRIMARY_KEY_FL, TCL_TYPE, TCL_LENGTH, TCL_MANDATORY_FL, TCL_DELETE_FL, TCL_VERSION_ID,
PTN_ID ) VALUES ( 
215, 26, NULL, 'usr_id', 'usr_id', 4, 'N', 'int', 10, 'N', 'N', 1, 1); 
INSERT INTO TABLE_COLUMN ( TCL_ID, TBD_ID, ENT_ID, TCL_NAME, TCL_DISPLAY, TCL_ORDER_NO,
TCL_PRIMARY_KEY_FL, TCL_TYPE, TCL_LENGTH, TCL_MANDATORY_FL, TCL_DELETE_FL, TCL_VERSION_ID,
PTN_ID ) VALUES ( 
216, 26, NULL, 'cth_delete_fl', 'cth_delete_fl', 5, 'N', 'bool', 1, 'Y', 'N', 1, 1); 
INSERT INTO TABLE_COLUMN ( TCL_ID, TBD_ID, ENT_ID, TCL_NAME, TCL_DISPLAY, TCL_ORDER_NO,
TCL_PRIMARY_KEY_FL, TCL_TYPE, TCL_LENGTH, TCL_MANDATORY_FL, TCL_DELETE_FL, TCL_VERSION_ID,
PTN_ID ) VALUES ( 
217, 26, NULL, 'cth_version_id', 'cth_version_id', 6, 'N', 'int', 10, 'Y', 'N', 1
, 1); 
INSERT INTO TABLE_COLUMN ( TCL_ID, TBD_ID, ENT_ID, TCL_NAME, TCL_DISPLAY, TCL_ORDER_NO,
TCL_PRIMARY_KEY_FL, TCL_TYPE, TCL_LENGTH, TCL_MANDATORY_FL, TCL_DELETE_FL, TCL_VERSION_ID,
PTN_ID ) VALUES ( 
218, 26, NULL, 'ptn_id', 'ptn_id', 7, 'N', 'int', 10, 'Y', 'N', 1, 1); 
INSERT INTO TABLE_COLUMN ( TCL_ID, TBD_ID, ENT_ID, TCL_NAME, TCL_DISPLAY, TCL_ORDER_NO,
TCL_PRIMARY_KEY_FL, TCL_TYPE, TCL_LENGTH, TCL_MANDATORY_FL, TCL_DELETE_FL, TCL_VERSION_ID,
PTN_ID ) VALUES ( 
219, 27, NULL, 'tix_id', 'tix_id', 0, 'Y', 'int', 10, 'Y', 'N', 1, 1); 
INSERT INTO TABLE_COLUMN ( TCL_ID, TBD_ID, ENT_ID, TCL_NAME, TCL_DISPLAY, TCL_ORDER_NO,
TCL_PRIMARY_KEY_FL, TCL_TYPE, TCL_LENGTH, TCL_MANDATORY_FL, TCL_DELETE_FL, TCL_VERSION_ID,
PTN_ID ) VALUES ( 
220, 27, NULL, 'tbd_id', 'tbd_id', 1, 'N', 'int', 10, 'Y', 'N', 1, 1); 
INSERT INTO TABLE_COLUMN ( TCL_ID, TBD_ID, ENT_ID, TCL_NAME, TCL_DISPLAY, TCL_ORDER_NO,
TCL_PRIMARY_KEY_FL, TCL_TYPE, TCL_LENGTH, TCL_MANDATORY_FL, TCL_DELETE_FL, TCL_VERSION_ID,
PTN_ID ) VALUES ( 
221, 27, NULL, 'tix_suffix', 'tix_suffix', 2, 'N', 'string', 255, 'Y', 'N', 1, 1); 
INSERT INTO TABLE_COLUMN ( TCL_ID, TBD_ID, ENT_ID, TCL_NAME, TCL_DISPLAY, TCL_ORDER_NO,
TCL_PRIMARY_KEY_FL, TCL_TYPE, TCL_LENGTH, TCL_MANDATORY_FL, TCL_DELETE_FL, TCL_VERSION_ID,
PTN_ID ) VALUES ( 
222, 27, NULL, 'tix_unique_fl', 'tix_unique_fl', 3, 'N', 'bool', 1, 'Y', 'N', 1, 1); 
INSERT INTO TABLE_COLUMN ( TCL_ID, TBD_ID, ENT_ID, TCL_NAME, TCL_DISPLAY, TCL_ORDER_NO,
TCL_PRIMARY_KEY_FL, TCL_TYPE, TCL_LENGTH, TCL_MANDATORY_FL, TCL_DELETE_FL, TCL_VERSION_ID,
PTN_ID ) VALUES ( 
223, 27, NULL, 'tix_clustered_fl', 'tix_clustered_fl', 4, 'N', 'bool', 1, 'Y', 'N'
, 1, 1); 
INSERT INTO TABLE_COLUMN ( TCL_ID, TBD_ID, ENT_ID, TCL_NAME, TCL_DISPLAY, TCL_ORDER_NO,
TCL_PRIMARY_KEY_FL, TCL_TYPE, TCL_LENGTH, TCL_MANDATORY_FL, TCL_DELETE_FL, TCL_VERSION_ID,
PTN_ID ) VALUES ( 
224, 27, NULL, 'tix_delete_fl', 'tix_delete_fl', 5, 'N', 'bool', 1, 'Y', 'N', 1, 1); 
INSERT INTO TABLE_COLUMN ( TCL_ID, TBD_ID, ENT_ID, TCL_NAME, TCL_DISPLAY, TCL_ORDER_NO,
TCL_PRIMARY_KEY_FL, TCL_TYPE, TCL_LENGTH, TCL_MANDATORY_FL, TCL_DELETE_FL, TCL_VERSION_ID,
PTN_ID ) VALUES ( 
225, 27, NULL, 'tix_version_id', 'tix_version_id', 6, 'N', 'int', 10, 'Y', 'N', 1
, 1); 
INSERT INTO TABLE_COLUMN ( TCL_ID, TBD_ID, ENT_ID, TCL_NAME, TCL_DISPLAY, TCL_ORDER_NO,
TCL_PRIMARY_KEY_FL, TCL_TYPE, TCL_LENGTH, TCL_MANDATORY_FL, TCL_DELETE_FL, TCL_VERSION_ID,
PTN_ID ) VALUES ( 
226, 27, NULL, 'ptn_id', 'ptn_id', 7, 'N', 'int', 10, 'Y', 'N', 1, 1); 
INSERT INTO TABLE_COLUMN ( TCL_ID, TBD_ID, ENT_ID, TCL_NAME, TCL_DISPLAY, TCL_ORDER_NO,
TCL_PRIMARY_KEY_FL, TCL_TYPE, TCL_LENGTH, TCL_MANDATORY_FL, TCL_DELETE_FL, TCL_VERSION_ID,
PTN_ID ) VALUES ( 
227, 28, NULL, 'qbr_id', 'qbr_id', 0, 'Y', 'int', 10, 'Y', 'N', 1, 1); 
INSERT INTO TABLE_COLUMN ( TCL_ID, TBD_ID, ENT_ID, TCL_NAME, TCL_DISPLAY, TCL_ORDER_NO,
TCL_PRIMARY_KEY_FL, TCL_TYPE, TCL_LENGTH, TCL_MANDATORY_FL, TCL_DELETE_FL, TCL_VERSION_ID,
PTN_ID ) VALUES ( 
228, 28, NULL, 'sql_id', 'sql_id', 1, 'N', 'int', 10, 'Y', 'N', 1, 1); 
INSERT INTO TABLE_COLUMN ( TCL_ID, TBD_ID, ENT_ID, TCL_NAME, TCL_DISPLAY, TCL_ORDER_NO,
TCL_PRIMARY_KEY_FL, TCL_TYPE, TCL_LENGTH, TCL_MANDATORY_FL, TCL_DELETE_FL, TCL_VERSION_ID,
PTN_ID ) VALUES ( 
229, 28, NULL, 'qbr_name', 'qbr_name', 2, 'N', 'string', 255, 'Y', 'N', 1, 1); 
INSERT INTO TABLE_COLUMN ( TCL_ID, TBD_ID, ENT_ID, TCL_NAME, TCL_DISPLAY, TCL_ORDER_NO,
TCL_PRIMARY_KEY_FL, TCL_TYPE, TCL_LENGTH, TCL_MANDATORY_FL, TCL_DELETE_FL, TCL_VERSION_ID,
PTN_ID ) VALUES ( 
230, 28, NULL, 'qbr_delete_fl', 'qbr_delete_fl', 3, 'N', 'bool', 1, 'Y', 'N', 1, 1); 
INSERT INTO TABLE_COLUMN ( TCL_ID, TBD_ID, ENT_ID, TCL_NAME, TCL_DISPLAY, TCL_ORDER_NO,
TCL_PRIMARY_KEY_FL, TCL_TYPE, TCL_LENGTH, TCL_MANDATORY_FL, TCL_DELETE_FL, TCL_VERSION_ID,
PTN_ID ) VALUES ( 
231, 28, NULL, 'qbr_version_id', 'qbr_version_id', 4, 'N', 'int', 10, 'Y', 'N', 1
, 1); 
INSERT INTO TABLE_COLUMN ( TCL_ID, TBD_ID, ENT_ID, TCL_NAME, TCL_DISPLAY, TCL_ORDER_NO,
TCL_PRIMARY_KEY_FL, TCL_TYPE, TCL_LENGTH, TCL_MANDATORY_FL, TCL_DELETE_FL, TCL_VERSION_ID,
PTN_ID ) VALUES ( 
232, 28, NULL, 'ptn_id', 'ptn_id', 5, 'N', 'int', 10, 'Y', 'N', 1, 1); 
INSERT INTO TABLE_COLUMN ( TCL_ID, TBD_ID, ENT_ID, TCL_NAME, TCL_DISPLAY, TCL_ORDER_NO,
TCL_PRIMARY_KEY_FL, TCL_TYPE, TCL_LENGTH, TCL_MANDATORY_FL, TCL_DELETE_FL, TCL_VERSION_ID,
PTN_ID ) VALUES ( 
233, 29, NULL, 'ali_id', 'ali_id', 0, 'Y', 'int', 10, 'Y', 'N', 1, 1); 
INSERT INTO TABLE_COLUMN ( TCL_ID, TBD_ID, ENT_ID, TCL_NAME, TCL_DISPLAY, TCL_ORDER_NO,
TCL_PRIMARY_KEY_FL, TCL_TYPE, TCL_LENGTH, TCL_MANDATORY_FL, TCL_DELETE_FL, TCL_VERSION_ID,
PTN_ID ) VALUES ( 
234, 29, NULL, 'ald_id', 'ald_id', 1, 'N', 'int', 10, 'Y', 'N', 1, 1); 
INSERT INTO TABLE_COLUMN ( TCL_ID, TBD_ID, ENT_ID, TCL_NAME, TCL_DISPLAY, TCL_ORDER_NO,
TCL_PRIMARY_KEY_FL, TCL_TYPE, TCL_LENGTH, TCL_MANDATORY_FL, TCL_DELETE_FL, TCL_VERSION_ID,
PTN_ID ) VALUES ( 
235, 29, NULL, 'ali_guide_pk', 'ali_guide_pk', 2, 'N', 'int', 10, 'Y', 'N', 1, 1); 
INSERT INTO TABLE_COLUMN ( TCL_ID, TBD_ID, ENT_ID, TCL_NAME, TCL_DISPLAY, TCL_ORDER_NO,
TCL_PRIMARY_KEY_FL, TCL_TYPE, TCL_LENGTH, TCL_MANDATORY_FL, TCL_DELETE_FL, TCL_VERSION_ID,
PTN_ID ) VALUES ( 
236, 29, NULL, 'ali_result_pk', 'ali_result_pk', 3, 'N', 'int', 10, 'N', 'N', 1, 1); 
INSERT INTO TABLE_COLUMN ( TCL_ID, TBD_ID, ENT_ID, TCL_NAME, TCL_DISPLAY, TCL_ORDER_NO,
TCL_PRIMARY_KEY_FL, TCL_TYPE, TCL_LENGTH, TCL_MANDATORY_FL, TCL_DELETE_FL, TCL_VERSION_ID,
PTN_ID ) VALUES ( 
237, 29, NULL, 'ali_raised_dttm', 'ali_raised_dttm', 4, 'N', 'datetime', -1, 'Y', 'N'
, 1, 1); 
INSERT INTO TABLE_COLUMN ( TCL_ID, TBD_ID, ENT_ID, TCL_NAME, TCL_DISPLAY, TCL_ORDER_NO,
TCL_PRIMARY_KEY_FL, TCL_TYPE, TCL_LENGTH, TCL_MANDATORY_FL, TCL_DELETE_FL, TCL_VERSION_ID,
PTN_ID ) VALUES ( 
238, 29, NULL, 'ali_param1', 'ali_param1', 5, 'N', 'string', 255, 'N', 'N', 1, 1); 
INSERT INTO TABLE_COLUMN ( TCL_ID, TBD_ID, ENT_ID, TCL_NAME, TCL_DISPLAY, TCL_ORDER_NO,
TCL_PRIMARY_KEY_FL, TCL_TYPE, TCL_LENGTH, TCL_MANDATORY_FL, TCL_DELETE_FL, TCL_VERSION_ID,
PTN_ID ) VALUES ( 
239, 29, NULL, 'ali_param2', 'ali_param2', 6, 'N', 'string', 255, 'N', 'N', 1, 1); 
INSERT INTO TABLE_COLUMN ( TCL_ID, TBD_ID, ENT_ID, TCL_NAME, TCL_DISPLAY, TCL_ORDER_NO,
TCL_PRIMARY_KEY_FL, TCL_TYPE, TCL_LENGTH, TCL_MANDATORY_FL, TCL_DELETE_FL, TCL_VERSION_ID,
PTN_ID ) VALUES ( 
240, 29, NULL, 'ali_param3', 'ali_param3', 7, 'N', 'string', 255, 'N', 'N', 1, 1); 
INSERT INTO TABLE_COLUMN ( TCL_ID, TBD_ID, ENT_ID, TCL_NAME, TCL_DISPLAY, TCL_ORDER_NO,
TCL_PRIMARY_KEY_FL, TCL_TYPE, TCL_LENGTH, TCL_MANDATORY_FL, TCL_DELETE_FL, TCL_VERSION_ID,
PTN_ID ) VALUES ( 
241, 29, NULL, 'ali_param4', 'ali_param4', 8, 'N', 'string', 255, 'N', 'N', 1, 1); 
INSERT INTO TABLE_COLUMN ( TCL_ID, TBD_ID, ENT_ID, TCL_NAME, TCL_DISPLAY, TCL_ORDER_NO,
TCL_PRIMARY_KEY_FL, TCL_TYPE, TCL_LENGTH, TCL_MANDATORY_FL, TCL_DELETE_FL, TCL_VERSION_ID,
PTN_ID ) VALUES ( 
242, 29, NULL, 'ali_param5', 'ali_param5', 9, 'N', 'string', 255, 'N', 'N', 1, 1); 
INSERT INTO TABLE_COLUMN ( TCL_ID, TBD_ID, ENT_ID, TCL_NAME, TCL_DISPLAY, TCL_ORDER_NO,
TCL_PRIMARY_KEY_FL, TCL_TYPE, TCL_LENGTH, TCL_MANDATORY_FL, TCL_DELETE_FL, TCL_VERSION_ID,
PTN_ID ) VALUES ( 
243, 29, NULL, 'seg_id', 'seg_id', 10, 'N', 'int', 10, 'N', 'N', 1, 1); 
INSERT INTO TABLE_COLUMN ( TCL_ID, TBD_ID, ENT_ID, TCL_NAME, TCL_DISPLAY, TCL_ORDER_NO,
TCL_PRIMARY_KEY_FL, TCL_TYPE, TCL_LENGTH, TCL_MANDATORY_FL, TCL_DELETE_FL, TCL_VERSION_ID,
PTN_ID ) VALUES ( 
244, 29, NULL, 'ali_delete_fl', 'ali_delete_fl', 11, 'N', 'bool', 1, 'Y', 'N', 1, 1); 
INSERT INTO TABLE_COLUMN ( TCL_ID, TBD_ID, ENT_ID, TCL_NAME, TCL_DISPLAY, TCL_ORDER_NO,
TCL_PRIMARY_KEY_FL, TCL_TYPE, TCL_LENGTH, TCL_MANDATORY_FL, TCL_DELETE_FL, TCL_VERSION_ID,
PTN_ID ) VALUES ( 
245, 29, NULL, 'ali_version_id', 'ali_version_id', 12, 'N', 'int', 10, 'Y', 'N', 1
, 1); 
INSERT INTO TABLE_COLUMN ( TCL_ID, TBD_ID, ENT_ID, TCL_NAME, TCL_DISPLAY, TCL_ORDER_NO,
TCL_PRIMARY_KEY_FL, TCL_TYPE, TCL_LENGTH, TCL_MANDATORY_FL, TCL_DELETE_FL, TCL_VERSION_ID,
PTN_ID ) VALUES ( 
246, 29, NULL, 'ptn_id', 'ptn_id', 13, 'N', 'int', 10, 'Y', 'N', 1, 1); 
INSERT INTO TABLE_COLUMN ( TCL_ID, TBD_ID, ENT_ID, TCL_NAME, TCL_DISPLAY, TCL_ORDER_NO,
TCL_PRIMARY_KEY_FL, TCL_TYPE, TCL_LENGTH, TCL_MANDATORY_FL, TCL_DELETE_FL, TCL_VERSION_ID,
PTN_ID ) VALUES ( 
247, 30, NULL, 'trg_id', 'trg_id', 0, 'Y', 'int', 10, 'Y', 'N', 1, 1); 
INSERT INTO TABLE_COLUMN ( TCL_ID, TBD_ID, ENT_ID, TCL_NAME, TCL_DISPLAY, TCL_ORDER_NO,
TCL_PRIMARY_KEY_FL, TCL_TYPE, TCL_LENGTH, TCL_MANDATORY_FL, TCL_DELETE_FL, TCL_VERSION_ID,
PTN_ID ) VALUES ( 
248, 30, NULL, 'stm_id', 'stm_id', 1, 'N', 'int', 10, 'N', 'N', 1, 1); 
INSERT INTO TABLE_COLUMN ( TCL_ID, TBD_ID, ENT_ID, TCL_NAME, TCL_DISPLAY, TCL_ORDER_NO,
TCL_PRIMARY_KEY_FL, TCL_TYPE, TCL_LENGTH, TCL_MANDATORY_FL, TCL_DELETE_FL, TCL_VERSION_ID,
PTN_ID ) VALUES ( 
249, 30, NULL, 'trt_id', 'trt_id', 2, 'N', 'int', 10, 'Y', 'N', 1, 1); 
INSERT INTO TABLE_COLUMN ( TCL_ID, TBD_ID, ENT_ID, TCL_NAME, TCL_DISPLAY, TCL_ORDER_NO,
TCL_PRIMARY_KEY_FL, TCL_TYPE, TCL_LENGTH, TCL_MANDATORY_FL, TCL_DELETE_FL, TCL_VERSION_ID,
PTN_ID ) VALUES ( 
250, 30, NULL, 'trg_configured_pig_id', 'trg_configured_pig_id', 3, 'N', 'int', 10
, 'Y', 'N', 1, 1); 
INSERT INTO TABLE_COLUMN ( TCL_ID, TBD_ID, ENT_ID, TCL_NAME, TCL_DISPLAY, TCL_ORDER_NO,
TCL_PRIMARY_KEY_FL, TCL_TYPE, TCL_LENGTH, TCL_MANDATORY_FL, TCL_DELETE_FL, TCL_VERSION_ID,
PTN_ID ) VALUES ( 
251, 30, NULL, 'trg_running_pig_id', 'trg_running_pig_id', 4, 'N', 'int', 10, 'N'
, 'N', 1, 1); 
INSERT INTO TABLE_COLUMN ( TCL_ID, TBD_ID, ENT_ID, TCL_NAME, TCL_DISPLAY, TCL_ORDER_NO,
TCL_PRIMARY_KEY_FL, TCL_TYPE, TCL_LENGTH, TCL_MANDATORY_FL, TCL_DELETE_FL, TCL_VERSION_ID,
PTN_ID ) VALUES ( 
252, 30, NULL, 'trg_name', 'trg_name', 5, 'N', 'string', 255, 'Y', 'N', 1, 1); 
INSERT INTO TABLE_COLUMN ( TCL_ID, TBD_ID, ENT_ID, TCL_NAME, TCL_DISPLAY, TCL_ORDER_NO,
TCL_PRIMARY_KEY_FL, TCL_TYPE, TCL_LENGTH, TCL_MANDATORY_FL, TCL_DELETE_FL, TCL_VERSION_ID,
PTN_ID ) VALUES ( 
253, 30, NULL, 'trg_delete_fl', 'trg_delete_fl', 6, 'N', 'bool', 1, 'Y', 'N', 1, 1); 
INSERT INTO TABLE_COLUMN ( TCL_ID, TBD_ID, ENT_ID, TCL_NAME, TCL_DISPLAY, TCL_ORDER_NO,
TCL_PRIMARY_KEY_FL, TCL_TYPE, TCL_LENGTH, TCL_MANDATORY_FL, TCL_DELETE_FL, TCL_VERSION_ID,
PTN_ID ) VALUES ( 
254, 30, NULL, 'trg_version_id', 'trg_version_id', 7, 'N', 'int', 10, 'Y', 'N', 1
, 1); 
INSERT INTO TABLE_COLUMN ( TCL_ID, TBD_ID, ENT_ID, TCL_NAME, TCL_DISPLAY, TCL_ORDER_NO,
TCL_PRIMARY_KEY_FL, TCL_TYPE, TCL_LENGTH, TCL_MANDATORY_FL, TCL_DELETE_FL, TCL_VERSION_ID,
PTN_ID ) VALUES ( 
255, 30, NULL, 'ptn_id', 'ptn_id', 8, 'N', 'int', 10, 'Y', 'N', 1, 1); 
INSERT INTO TABLE_COLUMN ( TCL_ID, TBD_ID, ENT_ID, TCL_NAME, TCL_DISPLAY, TCL_ORDER_NO,
TCL_PRIMARY_KEY_FL, TCL_TYPE, TCL_LENGTH, TCL_MANDATORY_FL, TCL_DELETE_FL, TCL_VERSION_ID,
PTN_ID ) VALUES ( 
256, 31, NULL, 'srt_id', 'srt_id', 0, 'Y', 'int', 10, 'Y', 'N', 1, 1); 
INSERT INTO TABLE_COLUMN ( TCL_ID, TBD_ID, ENT_ID, TCL_NAME, TCL_DISPLAY, TCL_ORDER_NO,
TCL_PRIMARY_KEY_FL, TCL_TYPE, TCL_LENGTH, TCL_MANDATORY_FL, TCL_DELETE_FL, TCL_VERSION_ID,
PTN_ID ) VALUES ( 
257, 31, NULL, 'sts_id', 'sts_id', 1, 'N', 'int', 10, 'Y', 'N', 1, 1); 
INSERT INTO TABLE_COLUMN ( TCL_ID, TBD_ID, ENT_ID, TCL_NAME, TCL_DISPLAY, TCL_ORDER_NO,
TCL_PRIMARY_KEY_FL, TCL_TYPE, TCL_LENGTH, TCL_MANDATORY_FL, TCL_DELETE_FL, TCL_VERSION_ID,
PTN_ID ) VALUES ( 
258, 31, NULL, 'rsh_id', 'rsh_id', 2, 'N', 'int', 10, 'Y', 'N', 1, 1); 
INSERT INTO TABLE_COLUMN ( TCL_ID, TBD_ID, ENT_ID, TCL_NAME, TCL_DISPLAY, TCL_ORDER_NO,
TCL_PRIMARY_KEY_FL, TCL_TYPE, TCL_LENGTH, TCL_MANDATORY_FL, TCL_DELETE_FL, TCL_VERSION_ID,
PTN_ID ) VALUES ( 
259, 31, NULL, 'srt_name', 'srt_name', 3, 'N', 'string', 255, 'Y', 'N', 1, 1); 
INSERT INTO TABLE_COLUMN ( TCL_ID, TBD_ID, ENT_ID, TCL_NAME, TCL_DISPLAY, TCL_ORDER_NO,
TCL_PRIMARY_KEY_FL, TCL_TYPE, TCL_LENGTH, TCL_MANDATORY_FL, TCL_DELETE_FL, TCL_VERSION_ID,
PTN_ID ) VALUES ( 
260, 31, NULL, 'srt_priority', 'srt_priority', 4, 'N', 'int', 10, 'Y', 'N', 1, 1); 
INSERT INTO TABLE_COLUMN ( TCL_ID, TBD_ID, ENT_ID, TCL_NAME, TCL_DISPLAY, TCL_ORDER_NO,
TCL_PRIMARY_KEY_FL, TCL_TYPE, TCL_LENGTH, TCL_MANDATORY_FL, TCL_DELETE_FL, TCL_VERSION_ID,
PTN_ID ) VALUES ( 
261, 31, NULL, 'srt_reuse_task_fl', 'srt_reuse_task_fl', 5, 'N', 'bool', 1, 'Y', 'N'
, 1, 1); 
INSERT INTO TABLE_COLUMN ( TCL_ID, TBD_ID, ENT_ID, TCL_NAME, TCL_DISPLAY, TCL_ORDER_NO,
TCL_PRIMARY_KEY_FL, TCL_TYPE, TCL_LENGTH, TCL_MANDATORY_FL, TCL_DELETE_FL, TCL_VERSION_ID,
PTN_ID ) VALUES ( 
262, 31, NULL, 'srt_run_after_fail_fl', 'srt_run_after_fail_fl', 6, 'N', 'bool', 1
, 'Y', 'N', 1, 1); 
INSERT INTO TABLE_COLUMN ( TCL_ID, TBD_ID, ENT_ID, TCL_NAME, TCL_DISPLAY, TCL_ORDER_NO,
TCL_PRIMARY_KEY_FL, TCL_TYPE, TCL_LENGTH, TCL_MANDATORY_FL, TCL_DELETE_FL, TCL_VERSION_ID,
PTN_ID ) VALUES ( 
263, 31, NULL, 'srt_delete_fl', 'srt_delete_fl', 7, 'N', 'bool', 1, 'Y', 'N', 1, 1); 
INSERT INTO TABLE_COLUMN ( TCL_ID, TBD_ID, ENT_ID, TCL_NAME, TCL_DISPLAY, TCL_ORDER_NO,
TCL_PRIMARY_KEY_FL, TCL_TYPE, TCL_LENGTH, TCL_MANDATORY_FL, TCL_DELETE_FL, TCL_VERSION_ID,
PTN_ID ) VALUES ( 
264, 31, NULL, 'srt_version_id', 'srt_version_id', 8, 'N', 'int', 10, 'Y', 'N', 1
, 1); 
INSERT INTO TABLE_COLUMN ( TCL_ID, TBD_ID, ENT_ID, TCL_NAME, TCL_DISPLAY, TCL_ORDER_NO,
TCL_PRIMARY_KEY_FL, TCL_TYPE, TCL_LENGTH, TCL_MANDATORY_FL, TCL_DELETE_FL, TCL_VERSION_ID,
PTN_ID ) VALUES ( 
265, 31, NULL, 'ptn_id', 'ptn_id', 9, 'N', 'int', 10, 'Y', 'N', 1, 1); 
INSERT INTO TABLE_COLUMN ( TCL_ID, TBD_ID, ENT_ID, TCL_NAME, TCL_DISPLAY, TCL_ORDER_NO,
TCL_PRIMARY_KEY_FL, TCL_TYPE, TCL_LENGTH, TCL_MANDATORY_FL, TCL_DELETE_FL, TCL_VERSION_ID,
PTN_ID ) VALUES ( 
266, 32, NULL, 'cds_id', 'cds_id', 0, 'Y', 'int', 10, 'Y', 'N', 1, 1); 
INSERT INTO TABLE_COLUMN ( TCL_ID, TBD_ID, ENT_ID, TCL_NAME, TCL_DISPLAY, TCL_ORDER_NO,
TCL_PRIMARY_KEY_FL, TCL_TYPE, TCL_LENGTH, TCL_MANDATORY_FL, TCL_DELETE_FL, TCL_VERSION_ID,
PTN_ID ) VALUES ( 
267, 32, NULL, 'cdi_id', 'cdi_id', 1, 'N', 'int', 10, 'Y', 'N', 1, 1); 
INSERT INTO TABLE_COLUMN ( TCL_ID, TBD_ID, ENT_ID, TCL_NAME, TCL_DISPLAY, TCL_ORDER_NO,
TCL_PRIMARY_KEY_FL, TCL_TYPE, TCL_LENGTH, TCL_MANDATORY_FL, TCL_DELETE_FL, TCL_VERSION_ID,
PTN_ID ) VALUES ( 
268, 32, NULL, 'cmp_id', 'cmp_id', 2, 'N', 'int', 10, 'Y', 'N', 1, 1); 
INSERT INTO TABLE_COLUMN ( TCL_ID, TBD_ID, ENT_ID, TCL_NAME, TCL_DISPLAY, TCL_ORDER_NO,
TCL_PRIMARY_KEY_FL, TCL_TYPE, TCL_LENGTH, TCL_MANDATORY_FL, TCL_DELETE_FL, TCL_VERSION_ID,
PTN_ID ) VALUES ( 
269, 32, NULL, 'pdg_id', 'pdg_id', 3, 'N', 'int', 10, 'N', 'N', 1, 1); 
INSERT INTO TABLE_COLUMN ( TCL_ID, TBD_ID, ENT_ID, TCL_NAME, TCL_DISPLAY, TCL_ORDER_NO,
TCL_PRIMARY_KEY_FL, TCL_TYPE, TCL_LENGTH, TCL_MANDATORY_FL, TCL_DELETE_FL, TCL_VERSION_ID,
PTN_ID ) VALUES ( 
270, 32, NULL, 'cds_name', 'cds_name', 4, 'N', 'string', 255, 'Y', 'N', 1, 1); 
INSERT INTO TABLE_COLUMN ( TCL_ID, TBD_ID, ENT_ID, TCL_NAME, TCL_DISPLAY, TCL_ORDER_NO,
TCL_PRIMARY_KEY_FL, TCL_TYPE, TCL_LENGTH, TCL_MANDATORY_FL, TCL_DELETE_FL, TCL_VERSION_ID,
PTN_ID ) VALUES ( 
271, 32, NULL, 'cds_initial_fl', 'cds_initial_fl', 5, 'N', 'bool', 1, 'Y', 'N', 1
, 1); 
INSERT INTO TABLE_COLUMN ( TCL_ID, TBD_ID, ENT_ID, TCL_NAME, TCL_DISPLAY, TCL_ORDER_NO,
TCL_PRIMARY_KEY_FL, TCL_TYPE, TCL_LENGTH, TCL_MANDATORY_FL, TCL_DELETE_FL, TCL_VERSION_ID,
PTN_ID ) VALUES ( 
272, 32, NULL, 'cds_automatic_fl', 'cds_automatic_fl', 6, 'N', 'bool', 1, 'Y', 'N'
, 1, 1); 
INSERT INTO TABLE_COLUMN ( TCL_ID, TBD_ID, ENT_ID, TCL_NAME, TCL_DISPLAY, TCL_ORDER_NO,
TCL_PRIMARY_KEY_FL, TCL_TYPE, TCL_LENGTH, TCL_MANDATORY_FL, TCL_DELETE_FL, TCL_VERSION_ID,
PTN_ID ) VALUES ( 
273, 32, NULL, 'cds_resolved_fl', 'cds_resolved_fl', 7, 'N', 'bool', 1, 'Y', 'N', 1
, 1); 
INSERT INTO TABLE_COLUMN ( TCL_ID, TBD_ID, ENT_ID, TCL_NAME, TCL_DISPLAY, TCL_ORDER_NO,
TCL_PRIMARY_KEY_FL, TCL_TYPE, TCL_LENGTH, TCL_MANDATORY_FL, TCL_DELETE_FL, TCL_VERSION_ID,
PTN_ID ) VALUES ( 
274, 32, NULL, 'cds_external_reference', 'cds_external_reference', 8, 'N', 'string'
, 255, 'N', 'N', 1, 1); 
INSERT INTO TABLE_COLUMN ( TCL_ID, TBD_ID, ENT_ID, TCL_NAME, TCL_DISPLAY, TCL_ORDER_NO,
TCL_PRIMARY_KEY_FL, TCL_TYPE, TCL_LENGTH, TCL_MANDATORY_FL, TCL_DELETE_FL, TCL_VERSION_ID,
PTN_ID ) VALUES ( 
275, 32, NULL, 'cds_allocate_cmp_id', 'cds_allocate_cmp_id', 9, 'N', 'int', 10, 'N'
, 'N', 1, 1); 
INSERT INTO TABLE_COLUMN ( TCL_ID, TBD_ID, ENT_ID, TCL_NAME, TCL_DISPLAY, TCL_ORDER_NO,
TCL_PRIMARY_KEY_FL, TCL_TYPE, TCL_LENGTH, TCL_MANDATORY_FL, TCL_DELETE_FL, TCL_VERSION_ID,
PTN_ID ) VALUES ( 
276, 32, NULL, 'cds_delete_fl', 'cds_delete_fl', 10, 'N', 'bool', 1, 'Y', 'N', 1, 1); 
INSERT INTO TABLE_COLUMN ( TCL_ID, TBD_ID, ENT_ID, TCL_NAME, TCL_DISPLAY, TCL_ORDER_NO,
TCL_PRIMARY_KEY_FL, TCL_TYPE, TCL_LENGTH, TCL_MANDATORY_FL, TCL_DELETE_FL, TCL_VERSION_ID,
PTN_ID ) VALUES ( 
277, 32, NULL, 'cds_version_id', 'cds_version_id', 11, 'N', 'int', 10, 'Y', 'N', 1
, 1); 
INSERT INTO TABLE_COLUMN ( TCL_ID, TBD_ID, ENT_ID, TCL_NAME, TCL_DISPLAY, TCL_ORDER_NO,
TCL_PRIMARY_KEY_FL, TCL_TYPE, TCL_LENGTH, TCL_MANDATORY_FL, TCL_DELETE_FL, TCL_VERSION_ID,
PTN_ID ) VALUES ( 
278, 32, NULL, 'ptn_id', 'ptn_id', 12, 'N', 'int', 10, 'Y', 'N', 1, 1); 
INSERT INTO TABLE_COLUMN ( TCL_ID, TBD_ID, ENT_ID, TCL_NAME, TCL_DISPLAY, TCL_ORDER_NO,
TCL_PRIMARY_KEY_FL, TCL_TYPE, TCL_LENGTH, TCL_MANDATORY_FL, TCL_DELETE_FL, TCL_VERSION_ID,
PTN_ID ) VALUES ( 
279, 33, NULL, 'udd_id', 'udd_id', 0, 'Y', 'int', 10, 'Y', 'N', 1, 1); 
INSERT INTO TABLE_COLUMN ( TCL_ID, TBD_ID, ENT_ID, TCL_NAME, TCL_DISPLAY, TCL_ORDER_NO,
TCL_PRIMARY_KEY_FL, TCL_TYPE, TCL_LENGTH, TCL_MANDATORY_FL, TCL_DELETE_FL, TCL_VERSION_ID,
PTN_ID ) VALUES ( 
280, 33, NULL, 'usr_id', 'usr_id', 1, 'N', 'int', 10, 'Y', 'N', 1, 1); 
INSERT INTO TABLE_COLUMN ( TCL_ID, TBD_ID, ENT_ID, TCL_NAME, TCL_DISPLAY, TCL_ORDER_NO,
TCL_PRIMARY_KEY_FL, TCL_TYPE, TCL_LENGTH, TCL_MANDATORY_FL, TCL_DELETE_FL, TCL_VERSION_ID,
PTN_ID ) VALUES ( 
281, 33, NULL, 'pmd_id', 'pmd_id', 2, 'N', 'int', 10, 'Y', 'N', 1, 1); 
INSERT INTO TABLE_COLUMN ( TCL_ID, TBD_ID, ENT_ID, TCL_NAME, TCL_DISPLAY, TCL_ORDER_NO,
TCL_PRIMARY_KEY_FL, TCL_TYPE, TCL_LENGTH, TCL_MANDATORY_FL, TCL_DELETE_FL, TCL_VERSION_ID,
PTN_ID ) VALUES ( 
282, 33, NULL, 'udd_object_pk', 'udd_object_pk', 3, 'N', 'int', 10, 'Y', 'N', 1, 1); 
INSERT INTO TABLE_COLUMN ( TCL_ID, TBD_ID, ENT_ID, TCL_NAME, TCL_DISPLAY, TCL_ORDER_NO,
TCL_PRIMARY_KEY_FL, TCL_TYPE, TCL_LENGTH, TCL_MANDATORY_FL, TCL_DELETE_FL, TCL_VERSION_ID,
PTN_ID ) VALUES ( 
283, 33, NULL, 'udd_delete_fl', 'udd_delete_fl', 4, 'N', 'bool', 1, 'Y', 'N', 1, 1); 
INSERT INTO TABLE_COLUMN ( TCL_ID, TBD_ID, ENT_ID, TCL_NAME, TCL_DISPLAY, TCL_ORDER_NO,
TCL_PRIMARY_KEY_FL, TCL_TYPE, TCL_LENGTH, TCL_MANDATORY_FL, TCL_DELETE_FL, TCL_VERSION_ID,
PTN_ID ) VALUES ( 
284, 33, NULL, 'udd_version_id', 'udd_version_id', 5, 'N', 'int', 10, 'Y', 'N', 1
, 1); 
INSERT INTO TABLE_COLUMN ( TCL_ID, TBD_ID, ENT_ID, TCL_NAME, TCL_DISPLAY, TCL_ORDER_NO,
TCL_PRIMARY_KEY_FL, TCL_TYPE, TCL_LENGTH, TCL_MANDATORY_FL, TCL_DELETE_FL, TCL_VERSION_ID,
PTN_ID ) VALUES ( 
285, 33, NULL, 'ptn_id', 'ptn_id', 6, 'N', 'int', 10, 'Y', 'N', 1, 1); 
INSERT INTO TABLE_COLUMN ( TCL_ID, TBD_ID, ENT_ID, TCL_NAME, TCL_DISPLAY, TCL_ORDER_NO,
TCL_PRIMARY_KEY_FL, TCL_TYPE, TCL_LENGTH, TCL_MANDATORY_FL, TCL_DELETE_FL, TCL_VERSION_ID,
PTN_ID ) VALUES ( 
286, 34, NULL, 'tgc_id', 'tgc_id', 0, 'Y', 'int', 10, 'Y', 'N', 1, 1); 
INSERT INTO TABLE_COLUMN ( TCL_ID, TBD_ID, ENT_ID, TCL_NAME, TCL_DISPLAY, TCL_ORDER_NO,
TCL_PRIMARY_KEY_FL, TCL_TYPE, TCL_LENGTH, TCL_MANDATORY_FL, TCL_DELETE_FL, TCL_VERSION_ID,
PTN_ID ) VALUES ( 
287, 34, NULL, 'tgr_id', 'tgr_id', 1, 'N', 'int', 10, 'Y', 'N', 1, 1); 
INSERT INTO TABLE_COLUMN ( TCL_ID, TBD_ID, ENT_ID, TCL_NAME, TCL_DISPLAY, TCL_ORDER_NO,
TCL_PRIMARY_KEY_FL, TCL_TYPE, TCL_LENGTH, TCL_MANDATORY_FL, TCL_DELETE_FL, TCL_VERSION_ID,
PTN_ID ) VALUES ( 
288, 34, NULL, 'tcl_id', 'tcl_id', 2, 'N', 'int', 10, 'Y', 'N', 1, 1); 
INSERT INTO TABLE_COLUMN ( TCL_ID, TBD_ID, ENT_ID, TCL_NAME, TCL_DISPLAY, TCL_ORDER_NO,
TCL_PRIMARY_KEY_FL, TCL_TYPE, TCL_LENGTH, TCL_MANDATORY_FL, TCL_DELETE_FL, TCL_VERSION_ID,
PTN_ID ) VALUES ( 
289, 34, NULL, 'tgc_label', 'tgc_label', 3, 'N', 'string', 255, 'N', 'N', 1, 1); 
INSERT INTO TABLE_COLUMN ( TCL_ID, TBD_ID, ENT_ID, TCL_NAME, TCL_DISPLAY, TCL_ORDER_NO,
TCL_PRIMARY_KEY_FL, TCL_TYPE, TCL_LENGTH, TCL_MANDATORY_FL, TCL_DELETE_FL, TCL_VERSION_ID,
PTN_ID ) VALUES ( 
290, 34, NULL, 'tgc_width', 'tgc_width', 4, 'N', 'int', 10, 'Y', 'N', 1, 1); 
INSERT INTO TABLE_COLUMN ( TCL_ID, TBD_ID, ENT_ID, TCL_NAME, TCL_DISPLAY, TCL_ORDER_NO,
TCL_PRIMARY_KEY_FL, TCL_TYPE, TCL_LENGTH, TCL_MANDATORY_FL, TCL_DELETE_FL, TCL_VERSION_ID,
PTN_ID ) VALUES ( 
291, 34, NULL, 'tgc_order_no', 'tgc_order_no', 5, 'N', 'int', 10, 'Y', 'N', 1, 1); 
INSERT INTO TABLE_COLUMN ( TCL_ID, TBD_ID, ENT_ID, TCL_NAME, TCL_DISPLAY, TCL_ORDER_NO,
TCL_PRIMARY_KEY_FL, TCL_TYPE, TCL_LENGTH, TCL_MANDATORY_FL, TCL_DELETE_FL, TCL_VERSION_ID,
PTN_ID ) VALUES ( 
292, 34, NULL, 'tgc_type', 'tgc_type', 6, 'N', 'string', 255, 'Y', 'N', 1, 1); 
INSERT INTO TABLE_COLUMN ( TCL_ID, TBD_ID, ENT_ID, TCL_NAME, TCL_DISPLAY, TCL_ORDER_NO,
TCL_PRIMARY_KEY_FL, TCL_TYPE, TCL_LENGTH, TCL_MANDATORY_FL, TCL_DELETE_FL, TCL_VERSION_ID,
PTN_ID ) VALUES ( 
293, 34, NULL, 'tgc_visible_fl', 'tgc_visible_fl', 7, 'N', 'bool', 1, 'Y', 'N', 1
, 1); 
INSERT INTO TABLE_COLUMN ( TCL_ID, TBD_ID, ENT_ID, TCL_NAME, TCL_DISPLAY, TCL_ORDER_NO,
TCL_PRIMARY_KEY_FL, TCL_TYPE, TCL_LENGTH, TCL_MANDATORY_FL, TCL_DELETE_FL, TCL_VERSION_ID,
PTN_ID ) VALUES ( 
294, 34, NULL, 'tgc_sort', 'tgc_sort', 8, 'N', 'string', 255, 'Y', 'N', 1, 1); 
INSERT INTO TABLE_COLUMN ( TCL_ID, TBD_ID, ENT_ID, TCL_NAME, TCL_DISPLAY, TCL_ORDER_NO,
TCL_PRIMARY_KEY_FL, TCL_TYPE, TCL_LENGTH, TCL_MANDATORY_FL, TCL_DELETE_FL, TCL_VERSION_ID,
PTN_ID ) VALUES ( 
295, 34, NULL, 'tgc_text_align', 'tgc_text_align', 9, 'N', 'string', 255, 'Y', 'N'
, 1, 1); 
INSERT INTO TABLE_COLUMN ( TCL_ID, TBD_ID, ENT_ID, TCL_NAME, TCL_DISPLAY, TCL_ORDER_NO,
TCL_PRIMARY_KEY_FL, TCL_TYPE, TCL_LENGTH, TCL_MANDATORY_FL, TCL_DELETE_FL, TCL_VERSION_ID,
PTN_ID ) VALUES ( 
296, 34, NULL, 'tgc_null_display', 'tgc_null_display', 10, 'N', 'string', 255, 'N'
, 'N', 1, 1); 
INSERT INTO TABLE_COLUMN ( TCL_ID, TBD_ID, ENT_ID, TCL_NAME, TCL_DISPLAY, TCL_ORDER_NO,
TCL_PRIMARY_KEY_FL, TCL_TYPE, TCL_LENGTH, TCL_MANDATORY_FL, TCL_DELETE_FL, TCL_VERSION_ID,
PTN_ID ) VALUES ( 
297, 34, NULL, 'tgc_delete_fl', 'tgc_delete_fl', 11, 'N', 'bool', 1, 'Y', 'N', 1, 1); 
INSERT INTO TABLE_COLUMN ( TCL_ID, TBD_ID, ENT_ID, TCL_NAME, TCL_DISPLAY, TCL_ORDER_NO,
TCL_PRIMARY_KEY_FL, TCL_TYPE, TCL_LENGTH, TCL_MANDATORY_FL, TCL_DELETE_FL, TCL_VERSION_ID,
PTN_ID ) VALUES ( 
298, 34, NULL, 'tgc_version_id', 'tgc_version_id', 12, 'N', 'int', 10, 'Y', 'N', 1
, 1); 
INSERT INTO TABLE_COLUMN ( TCL_ID, TBD_ID, ENT_ID, TCL_NAME, TCL_DISPLAY, TCL_ORDER_NO,
TCL_PRIMARY_KEY_FL, TCL_TYPE, TCL_LENGTH, TCL_MANDATORY_FL, TCL_DELETE_FL, TCL_VERSION_ID,
PTN_ID ) VALUES ( 
299, 34, NULL, 'ptn_id', 'ptn_id', 13, 'N', 'int', 10, 'Y', 'N', 1, 1); 
INSERT INTO TABLE_COLUMN ( TCL_ID, TBD_ID, ENT_ID, TCL_NAME, TCL_DISPLAY, TCL_ORDER_NO,
TCL_PRIMARY_KEY_FL, TCL_TYPE, TCL_LENGTH, TCL_MANDATORY_FL, TCL_DELETE_FL, TCL_VERSION_ID,
PTN_ID ) VALUES ( 
300, 35, NULL, 'mac_id', 'mac_id', 0, 'Y', 'int', 10, 'Y', 'N', 1, 1); 
INSERT INTO TABLE_COLUMN ( TCL_ID, TBD_ID, ENT_ID, TCL_NAME, TCL_DISPLAY, TCL_ORDER_NO,
TCL_PRIMARY_KEY_FL, TCL_TYPE, TCL_LENGTH, TCL_MANDATORY_FL, TCL_DELETE_FL, TCL_VERSION_ID,
PTN_ID ) VALUES ( 
301, 35, NULL, 'mac_name', 'mac_name', 1, 'N', 'string', 255, 'Y', 'N', 1, 1); 
INSERT INTO TABLE_COLUMN ( TCL_ID, TBD_ID, ENT_ID, TCL_NAME, TCL_DISPLAY, TCL_ORDER_NO,
TCL_PRIMARY_KEY_FL, TCL_TYPE, TCL_LENGTH, TCL_MANDATORY_FL, TCL_DELETE_FL, TCL_VERSION_ID,
PTN_ID ) VALUES ( 
302, 35, NULL, 'mac_delete_fl', 'mac_delete_fl', 2, 'N', 'bool', 1, 'Y', 'N', 1, 1); 
INSERT INTO TABLE_COLUMN ( TCL_ID, TBD_ID, ENT_ID, TCL_NAME, TCL_DISPLAY, TCL_ORDER_NO,
TCL_PRIMARY_KEY_FL, TCL_TYPE, TCL_LENGTH, TCL_MANDATORY_FL, TCL_DELETE_FL, TCL_VERSION_ID,
PTN_ID ) VALUES ( 
303, 35, NULL, 'mac_version_id', 'mac_version_id', 3, 'N', 'int', 10, 'Y', 'N', 1
, 1); 
INSERT INTO TABLE_COLUMN ( TCL_ID, TBD_ID, ENT_ID, TCL_NAME, TCL_DISPLAY, TCL_ORDER_NO,
TCL_PRIMARY_KEY_FL, TCL_TYPE, TCL_LENGTH, TCL_MANDATORY_FL, TCL_DELETE_FL, TCL_VERSION_ID,
PTN_ID ) VALUES ( 
304, 35, NULL, 'ptn_id', 'ptn_id', 4, 'N', 'int', 10, 'Y', 'N', 1, 1); 
INSERT INTO TABLE_COLUMN ( TCL_ID, TBD_ID, ENT_ID, TCL_NAME, TCL_DISPLAY, TCL_ORDER_NO,
TCL_PRIMARY_KEY_FL, TCL_TYPE, TCL_LENGTH, TCL_MANDATORY_FL, TCL_DELETE_FL, TCL_VERSION_ID,
PTN_ID ) VALUES ( 
305, 36, NULL, 'usg_id', 'usg_id', 0, 'Y', 'int', 10, 'Y', 'N', 1, 1); 
INSERT INTO TABLE_COLUMN ( TCL_ID, TBD_ID, ENT_ID, TCL_NAME, TCL_DISPLAY, TCL_ORDER_NO,
TCL_PRIMARY_KEY_FL, TCL_TYPE, TCL_LENGTH, TCL_MANDATORY_FL, TCL_DELETE_FL, TCL_VERSION_ID,
PTN_ID ) VALUES ( 
306, 36, NULL, 'cmp_id', 'cmp_id', 1, 'N', 'int', 10, 'Y', 'N', 1, 1); 
INSERT INTO TABLE_COLUMN ( TCL_ID, TBD_ID, ENT_ID, TCL_NAME, TCL_DISPLAY, TCL_ORDER_NO,
TCL_PRIMARY_KEY_FL, TCL_TYPE, TCL_LENGTH, TCL_MANDATORY_FL, TCL_DELETE_FL, TCL_VERSION_ID,
PTN_ID ) VALUES ( 
307, 36, NULL, 'usg_name', 'usg_name', 2, 'N', 'string', 255, 'Y', 'N', 1, 1); 
INSERT INTO TABLE_COLUMN ( TCL_ID, TBD_ID, ENT_ID, TCL_NAME, TCL_DISPLAY, TCL_ORDER_NO,
TCL_PRIMARY_KEY_FL, TCL_TYPE, TCL_LENGTH, TCL_MANDATORY_FL, TCL_DELETE_FL, TCL_VERSION_ID,
PTN_ID ) VALUES ( 
308, 36, NULL, 'usg_delete_fl', 'usg_delete_fl', 3, 'N', 'bool', 1, 'Y', 'N', 1, 1); 
INSERT INTO TABLE_COLUMN ( TCL_ID, TBD_ID, ENT_ID, TCL_NAME, TCL_DISPLAY, TCL_ORDER_NO,
TCL_PRIMARY_KEY_FL, TCL_TYPE, TCL_LENGTH, TCL_MANDATORY_FL, TCL_DELETE_FL, TCL_VERSION_ID,
PTN_ID ) VALUES ( 
309, 36, NULL, 'usg_version_id', 'usg_version_id', 4, 'N', 'int', 10, 'Y', 'N', 1
, 1); 
INSERT INTO TABLE_COLUMN ( TCL_ID, TBD_ID, ENT_ID, TCL_NAME, TCL_DISPLAY, TCL_ORDER_NO,
TCL_PRIMARY_KEY_FL, TCL_TYPE, TCL_LENGTH, TCL_MANDATORY_FL, TCL_DELETE_FL, TCL_VERSION_ID,
PTN_ID ) VALUES ( 
310, 36, NULL, 'ptn_id', 'ptn_id', 5, 'N', 'int', 10, 'Y', 'N', 1, 1); 
INSERT INTO TABLE_COLUMN ( TCL_ID, TBD_ID, ENT_ID, TCL_NAME, TCL_DISPLAY, TCL_ORDER_NO,
TCL_PRIMARY_KEY_FL, TCL_TYPE, TCL_LENGTH, TCL_MANDATORY_FL, TCL_DELETE_FL, TCL_VERSION_ID,
PTN_ID ) VALUES ( 
311, 37, NULL, 'rtt_id', 'rtt_id', 0, 'Y', 'int', 10, 'Y', 'N', 1, 1); 
INSERT INTO TABLE_COLUMN ( TCL_ID, TBD_ID, ENT_ID, TCL_NAME, TCL_DISPLAY, TCL_ORDER_NO,
TCL_PRIMARY_KEY_FL, TCL_TYPE, TCL_LENGTH, TCL_MANDATORY_FL, TCL_DELETE_FL, TCL_VERSION_ID,
PTN_ID ) VALUES ( 
312, 37, NULL, 'rtt_code', 'rtt_code', 1, 'N', 'string', 255, 'Y', 'N', 1, 1); 
INSERT INTO TABLE_COLUMN ( TCL_ID, TBD_ID, ENT_ID, TCL_NAME, TCL_DISPLAY, TCL_ORDER_NO,
TCL_PRIMARY_KEY_FL, TCL_TYPE, TCL_LENGTH, TCL_MANDATORY_FL, TCL_DELETE_FL, TCL_VERSION_ID,
PTN_ID ) VALUES ( 
313, 37, NULL, 'rtt_name', 'rtt_name', 2, 'N', 'string', 255, 'Y', 'N', 1, 1); 
INSERT INTO TABLE_COLUMN ( TCL_ID, TBD_ID, ENT_ID, TCL_NAME, TCL_DISPLAY, TCL_ORDER_NO,
TCL_PRIMARY_KEY_FL, TCL_TYPE, TCL_LENGTH, TCL_MANDATORY_FL, TCL_DELETE_FL, TCL_VERSION_ID,
PTN_ID ) VALUES ( 
314, 37, NULL, 'rtt_delete_fl', 'rtt_delete_fl', 3, 'N', 'bool', 1, 'Y', 'N', 1, 1); 
INSERT INTO TABLE_COLUMN ( TCL_ID, TBD_ID, ENT_ID, TCL_NAME, TCL_DISPLAY, TCL_ORDER_NO,
TCL_PRIMARY_KEY_FL, TCL_TYPE, TCL_LENGTH, TCL_MANDATORY_FL, TCL_DELETE_FL, TCL_VERSION_ID,
PTN_ID ) VALUES ( 
315, 37, NULL, 'rtt_version_id', 'rtt_version_id', 4, 'N', 'int', 10, 'Y', 'N', 1
, 1); 
INSERT INTO TABLE_COLUMN ( TCL_ID, TBD_ID, ENT_ID, TCL_NAME, TCL_DISPLAY, TCL_ORDER_NO,
TCL_PRIMARY_KEY_FL, TCL_TYPE, TCL_LENGTH, TCL_MANDATORY_FL, TCL_DELETE_FL, TCL_VERSION_ID,
PTN_ID ) VALUES ( 
316, 37, NULL, 'ptn_id', 'ptn_id', 5, 'N', 'int', 10, 'Y', 'N', 1, 1); 
INSERT INTO TABLE_COLUMN ( TCL_ID, TBD_ID, ENT_ID, TCL_NAME, TCL_DISPLAY, TCL_ORDER_NO,
TCL_PRIMARY_KEY_FL, TCL_TYPE, TCL_LENGTH, TCL_MANDATORY_FL, TCL_DELETE_FL, TCL_VERSION_ID,
PTN_ID ) VALUES ( 
317, 38, NULL, 'eei_id', 'eei_id', 0, 'Y', 'int', 10, 'Y', 'N', 1, 1); 
INSERT INTO TABLE_COLUMN ( TCL_ID, TBD_ID, ENT_ID, TCL_NAME, TCL_DISPLAY, TCL_ORDER_NO,
TCL_PRIMARY_KEY_FL, TCL_TYPE, TCL_LENGTH, TCL_MANDATORY_FL, TCL_DELETE_FL, TCL_VERSION_ID,
PTN_ID ) VALUES ( 
318, 38, NULL, 'eeg_id', 'eeg_id', 1, 'N', 'int', 10, 'Y', 'N', 1, 1); 
INSERT INTO TABLE_COLUMN ( TCL_ID, TBD_ID, ENT_ID, TCL_NAME, TCL_DISPLAY, TCL_ORDER_NO,
TCL_PRIMARY_KEY_FL, TCL_TYPE, TCL_LENGTH, TCL_MANDATORY_FL, TCL_DELETE_FL, TCL_VERSION_ID,
PTN_ID ) VALUES ( 
319, 38, NULL, 'eei_object_pk', 'eei_object_pk', 2, 'N', 'int', 10, 'Y', 'N', 1, 1); 
INSERT INTO TABLE_COLUMN ( TCL_ID, TBD_ID, ENT_ID, TCL_NAME, TCL_DISPLAY, TCL_ORDER_NO,
TCL_PRIMARY_KEY_FL, TCL_TYPE, TCL_LENGTH, TCL_MANDATORY_FL, TCL_DELETE_FL, TCL_VERSION_ID,
PTN_ID ) VALUES ( 
320, 38, NULL, 'eei_display', 'eei_display', 3, 'N', 'string', 255, 'N', 'N', 1, 1); 
INSERT INTO TABLE_COLUMN ( TCL_ID, TBD_ID, ENT_ID, TCL_NAME, TCL_DISPLAY, TCL_ORDER_NO,
TCL_PRIMARY_KEY_FL, TCL_TYPE, TCL_LENGTH, TCL_MANDATORY_FL, TCL_DELETE_FL, TCL_VERSION_ID,
PTN_ID ) VALUES ( 
321, 38, NULL, 'eei_include_fl', 'eei_include_fl', 4, 'N', 'bool', 1, 'Y', 'N', 1
, 1); 
INSERT INTO TABLE_COLUMN ( TCL_ID, TBD_ID, ENT_ID, TCL_NAME, TCL_DISPLAY, TCL_ORDER_NO,
TCL_PRIMARY_KEY_FL, TCL_TYPE, TCL_LENGTH, TCL_MANDATORY_FL, TCL_DELETE_FL, TCL_VERSION_ID,
PTN_ID ) VALUES ( 
322, 38, NULL, 'eei_action', 'eei_action', 5, 'N', 'string', 255, 'N', 'N', 1, 1); 
INSERT INTO TABLE_COLUMN ( TCL_ID, TBD_ID, ENT_ID, TCL_NAME, TCL_DISPLAY, TCL_ORDER_NO,
TCL_PRIMARY_KEY_FL, TCL_TYPE, TCL_LENGTH, TCL_MANDATORY_FL, TCL_DELETE_FL, TCL_VERSION_ID,
PTN_ID ) VALUES ( 
323, 38, NULL, 'eei_data1', 'eei_data1', 6, 'N', 'string', 255, 'N', 'N', 1, 1); 
INSERT INTO TABLE_COLUMN ( TCL_ID, TBD_ID, ENT_ID, TCL_NAME, TCL_DISPLAY, TCL_ORDER_NO,
TCL_PRIMARY_KEY_FL, TCL_TYPE, TCL_LENGTH, TCL_MANDATORY_FL, TCL_DELETE_FL, TCL_VERSION_ID,
PTN_ID ) VALUES ( 
324, 38, NULL, 'eei_data2', 'eei_data2', 7, 'N', 'string', 255, 'N', 'N', 1, 1); 
INSERT INTO TABLE_COLUMN ( TCL_ID, TBD_ID, ENT_ID, TCL_NAME, TCL_DISPLAY, TCL_ORDER_NO,
TCL_PRIMARY_KEY_FL, TCL_TYPE, TCL_LENGTH, TCL_MANDATORY_FL, TCL_DELETE_FL, TCL_VERSION_ID,
PTN_ID ) VALUES ( 
325, 38, NULL, 'eei_data3', 'eei_data3', 8, 'N', 'string', 255, 'N', 'N', 1, 1); 
INSERT INTO TABLE_COLUMN ( TCL_ID, TBD_ID, ENT_ID, TCL_NAME, TCL_DISPLAY, TCL_ORDER_NO,
TCL_PRIMARY_KEY_FL, TCL_TYPE, TCL_LENGTH, TCL_MANDATORY_FL, TCL_DELETE_FL, TCL_VERSION_ID,
PTN_ID ) VALUES ( 
326, 38, NULL, 'eei_data4', 'eei_data4', 9, 'N', 'string', 255, 'N', 'N', 1, 1); 
INSERT INTO TABLE_COLUMN ( TCL_ID, TBD_ID, ENT_ID, TCL_NAME, TCL_DISPLAY, TCL_ORDER_NO,
TCL_PRIMARY_KEY_FL, TCL_TYPE, TCL_LENGTH, TCL_MANDATORY_FL, TCL_DELETE_FL, TCL_VERSION_ID,
PTN_ID ) VALUES ( 
327, 38, NULL, 'eei_data5', 'eei_data5', 10, 'N', 'string', 255, 'N', 'N', 1, 1); 
INSERT INTO TABLE_COLUMN ( TCL_ID, TBD_ID, ENT_ID, TCL_NAME, TCL_DISPLAY, TCL_ORDER_NO,
TCL_PRIMARY_KEY_FL, TCL_TYPE, TCL_LENGTH, TCL_MANDATORY_FL, TCL_DELETE_FL, TCL_VERSION_ID,
PTN_ID ) VALUES ( 
328, 38, NULL, 'eei_delete_fl', 'eei_delete_fl', 11, 'N', 'bool', 1, 'Y', 'N', 1, 1); 
INSERT INTO TABLE_COLUMN ( TCL_ID, TBD_ID, ENT_ID, TCL_NAME, TCL_DISPLAY, TCL_ORDER_NO,
TCL_PRIMARY_KEY_FL, TCL_TYPE, TCL_LENGTH, TCL_MANDATORY_FL, TCL_DELETE_FL, TCL_VERSION_ID,
PTN_ID ) VALUES ( 
329, 38, NULL, 'eei_version_id', 'eei_version_id', 12, 'N', 'int', 10, 'Y', 'N', 1
, 1); 
INSERT INTO TABLE_COLUMN ( TCL_ID, TBD_ID, ENT_ID, TCL_NAME, TCL_DISPLAY, TCL_ORDER_NO,
TCL_PRIMARY_KEY_FL, TCL_TYPE, TCL_LENGTH, TCL_MANDATORY_FL, TCL_DELETE_FL, TCL_VERSION_ID,
PTN_ID ) VALUES ( 
330, 38, NULL, 'ptn_id', 'ptn_id', 13, 'N', 'int', 10, 'Y', 'N', 1, 1); 
INSERT INTO TABLE_COLUMN ( TCL_ID, TBD_ID, ENT_ID, TCL_NAME, TCL_DISPLAY, TCL_ORDER_NO,
TCL_PRIMARY_KEY_FL, TCL_TYPE, TCL_LENGTH, TCL_MANDATORY_FL, TCL_DELETE_FL, TCL_VERSION_ID,
PTN_ID ) VALUES ( 
331, 39, NULL, 'tok_id', 'tok_id', 0, 'Y', 'int', 10, 'Y', 'N', 1, 1); 
INSERT INTO TABLE_COLUMN ( TCL_ID, TBD_ID, ENT_ID, TCL_NAME, TCL_DISPLAY, TCL_ORDER_NO,
TCL_PRIMARY_KEY_FL, TCL_TYPE, TCL_LENGTH, TCL_MANDATORY_FL, TCL_DELETE_FL, TCL_VERSION_ID,
PTN_ID ) VALUES ( 
332, 39, NULL, 'tok_token', 'tok_token', 1, 'N', 'string', 255, 'Y', 'N', 1, 1); 
INSERT INTO TABLE_COLUMN ( TCL_ID, TBD_ID, ENT_ID, TCL_NAME, TCL_DISPLAY, TCL_ORDER_NO,
TCL_PRIMARY_KEY_FL, TCL_TYPE, TCL_LENGTH, TCL_MANDATORY_FL, TCL_DELETE_FL, TCL_VERSION_ID,
PTN_ID ) VALUES ( 
333, 39, NULL, 'tok_machine_fl', 'tok_machine_fl', 2, 'N', 'bool', 1, 'Y', 'N', 1
, 1); 
INSERT INTO TABLE_COLUMN ( TCL_ID, TBD_ID, ENT_ID, TCL_NAME, TCL_DISPLAY, TCL_ORDER_NO,
TCL_PRIMARY_KEY_FL, TCL_TYPE, TCL_LENGTH, TCL_MANDATORY_FL, TCL_DELETE_FL, TCL_VERSION_ID,
PTN_ID ) VALUES ( 
334, 39, NULL, 'tok_delete_fl', 'tok_delete_fl', 3, 'N', 'bool', 1, 'Y', 'N', 1, 1); 
INSERT INTO TABLE_COLUMN ( TCL_ID, TBD_ID, ENT_ID, TCL_NAME, TCL_DISPLAY, TCL_ORDER_NO,
TCL_PRIMARY_KEY_FL, TCL_TYPE, TCL_LENGTH, TCL_MANDATORY_FL, TCL_DELETE_FL, TCL_VERSION_ID,
PTN_ID ) VALUES ( 
335, 39, NULL, 'tok_version_id', 'tok_version_id', 4, 'N', 'int', 10, 'Y', 'N', 1
, 1); 
INSERT INTO TABLE_COLUMN ( TCL_ID, TBD_ID, ENT_ID, TCL_NAME, TCL_DISPLAY, TCL_ORDER_NO,
TCL_PRIMARY_KEY_FL, TCL_TYPE, TCL_LENGTH, TCL_MANDATORY_FL, TCL_DELETE_FL, TCL_VERSION_ID,
PTN_ID ) VALUES ( 
336, 39, NULL, 'ptn_id', 'ptn_id', 5, 'N', 'int', 10, 'Y', 'N', 1, 1); 
INSERT INTO TABLE_COLUMN ( TCL_ID, TBD_ID, ENT_ID, TCL_NAME, TCL_DISPLAY, TCL_ORDER_NO,
TCL_PRIMARY_KEY_FL, TCL_TYPE, TCL_LENGTH, TCL_MANDATORY_FL, TCL_DELETE_FL, TCL_VERSION_ID,
PTN_ID ) VALUES ( 
337, 40, NULL, 'sql_id', 'sql_id', 0, 'Y', 'int', 10, 'Y', 'N', 1, 1); 
INSERT INTO TABLE_COLUMN ( TCL_ID, TBD_ID, ENT_ID, TCL_NAME, TCL_DISPLAY, TCL_ORDER_NO,
TCL_PRIMARY_KEY_FL, TCL_TYPE, TCL_LENGTH, TCL_MANDATORY_FL, TCL_DELETE_FL, TCL_VERSION_ID,
PTN_ID ) VALUES ( 
338, 40, NULL, 'sql_output_tbd_id', 'sql_output_tbd_id', 1, 'N', 'int', 10, 'N', 'N'
, 1, 1); 
INSERT INTO TABLE_COLUMN ( TCL_ID, TBD_ID, ENT_ID, TCL_NAME, TCL_DISPLAY, TCL_ORDER_NO,
TCL_PRIMARY_KEY_FL, TCL_TYPE, TCL_LENGTH, TCL_MANDATORY_FL, TCL_DELETE_FL, TCL_VERSION_ID,
PTN_ID ) VALUES ( 
339, 40, NULL, 'pdg_id', 'pdg_id', 2, 'N', 'int', 10, 'N', 'N', 1, 1); 
INSERT INTO TABLE_COLUMN ( TCL_ID, TBD_ID, ENT_ID, TCL_NAME, TCL_DISPLAY, TCL_ORDER_NO,
TCL_PRIMARY_KEY_FL, TCL_TYPE, TCL_LENGTH, TCL_MANDATORY_FL, TCL_DELETE_FL, TCL_VERSION_ID,
PTN_ID ) VALUES ( 
340, 40, NULL, 'sql_max_rows', 'sql_max_rows', 3, 'N', 'int', 10, 'N', 'N', 1, 1); 
INSERT INTO TABLE_COLUMN ( TCL_ID, TBD_ID, ENT_ID, TCL_NAME, TCL_DISPLAY, TCL_ORDER_NO,
TCL_PRIMARY_KEY_FL, TCL_TYPE, TCL_LENGTH, TCL_MANDATORY_FL, TCL_DELETE_FL, TCL_VERSION_ID,
PTN_ID ) VALUES ( 
341, 40, NULL, 'sql_distinct_fl', 'sql_distinct_fl', 4, 'N', 'bool', 1, 'Y', 'N', 1
, 1); 
INSERT INTO TABLE_COLUMN ( TCL_ID, TBD_ID, ENT_ID, TCL_NAME, TCL_DISPLAY, TCL_ORDER_NO,
TCL_PRIMARY_KEY_FL, TCL_TYPE, TCL_LENGTH, TCL_MANDATORY_FL, TCL_DELETE_FL, TCL_VERSION_ID,
PTN_ID ) VALUES ( 
342, 40, NULL, 'sql_hidden_fl', 'sql_hidden_fl', 5, 'N', 'bool', 1, 'Y', 'N', 1, 1); 
INSERT INTO TABLE_COLUMN ( TCL_ID, TBD_ID, ENT_ID, TCL_NAME, TCL_DISPLAY, TCL_ORDER_NO,
TCL_PRIMARY_KEY_FL, TCL_TYPE, TCL_LENGTH, TCL_MANDATORY_FL, TCL_DELETE_FL, TCL_VERSION_ID,
PTN_ID ) VALUES ( 
343, 40, NULL, 'sql_delete_fl', 'sql_delete_fl', 6, 'N', 'bool', 1, 'Y', 'N', 1, 1); 
INSERT INTO TABLE_COLUMN ( TCL_ID, TBD_ID, ENT_ID, TCL_NAME, TCL_DISPLAY, TCL_ORDER_NO,
TCL_PRIMARY_KEY_FL, TCL_TYPE, TCL_LENGTH, TCL_MANDATORY_FL, TCL_DELETE_FL, TCL_VERSION_ID,
PTN_ID ) VALUES ( 
344, 40, NULL, 'sql_version_id', 'sql_version_id', 7, 'N', 'int', 10, 'Y', 'N', 1
, 1); 
INSERT INTO TABLE_COLUMN ( TCL_ID, TBD_ID, ENT_ID, TCL_NAME, TCL_DISPLAY, TCL_ORDER_NO,
TCL_PRIMARY_KEY_FL, TCL_TYPE, TCL_LENGTH, TCL_MANDATORY_FL, TCL_DELETE_FL, TCL_VERSION_ID,
PTN_ID ) VALUES ( 
345, 40, NULL, 'ptn_id', 'ptn_id', 8, 'N', 'int', 10, 'Y', 'N', 1, 1); 
INSERT INTO TABLE_COLUMN ( TCL_ID, TBD_ID, ENT_ID, TCL_NAME, TCL_DISPLAY, TCL_ORDER_NO,
TCL_PRIMARY_KEY_FL, TCL_TYPE, TCL_LENGTH, TCL_MANDATORY_FL, TCL_DELETE_FL, TCL_VERSION_ID,
PTN_ID ) VALUES ( 
346, 41, NULL, 'uai_id', 'uai_id', 0, 'Y', 'int', 10, 'Y', 'N', 1, 1); 
INSERT INTO TABLE_COLUMN ( TCL_ID, TBD_ID, ENT_ID, TCL_NAME, TCL_DISPLAY, TCL_ORDER_NO,
TCL_PRIMARY_KEY_FL, TCL_TYPE, TCL_LENGTH, TCL_MANDATORY_FL, TCL_DELETE_FL, TCL_VERSION_ID,
PTN_ID ) VALUES ( 
347, 41, NULL, 'eag_id', 'eag_id', 1, 'N', 'int', 10, 'N', 'N', 1, 1); 
INSERT INTO TABLE_COLUMN ( TCL_ID, TBD_ID, ENT_ID, TCL_NAME, TCL_DISPLAY, TCL_ORDER_NO,
TCL_PRIMARY_KEY_FL, TCL_TYPE, TCL_LENGTH, TCL_MANDATORY_FL, TCL_DELETE_FL, TCL_VERSION_ID,
PTN_ID ) VALUES ( 
348, 41, NULL, 'uai_parent_uai_id', 'uai_parent_uai_id', 2, 'N', 'int', 10, 'N', 'N'
, 1, 1); 
INSERT INTO TABLE_COLUMN ( TCL_ID, TBD_ID, ENT_ID, TCL_NAME, TCL_DISPLAY, TCL_ORDER_NO,
TCL_PRIMARY_KEY_FL, TCL_TYPE, TCL_LENGTH, TCL_MANDATORY_FL, TCL_DELETE_FL, TCL_VERSION_ID,
PTN_ID ) VALUES ( 
349, 41, NULL, 'cmp_id', 'cmp_id', 3, 'N', 'int', 10, 'Y', 'N', 1, 1); 
INSERT INTO TABLE_COLUMN ( TCL_ID, TBD_ID, ENT_ID, TCL_NAME, TCL_DISPLAY, TCL_ORDER_NO,
TCL_PRIMARY_KEY_FL, TCL_TYPE, TCL_LENGTH, TCL_MANDATORY_FL, TCL_DELETE_FL, TCL_VERSION_ID,
PTN_ID ) VALUES ( 
350, 41, NULL, 'img_id', 'img_id', 4, 'N', 'int', 10, 'N', 'N', 1, 1); 
INSERT INTO TABLE_COLUMN ( TCL_ID, TBD_ID, ENT_ID, TCL_NAME, TCL_DISPLAY, TCL_ORDER_NO,
TCL_PRIMARY_KEY_FL, TCL_TYPE, TCL_LENGTH, TCL_MANDATORY_FL, TCL_DELETE_FL, TCL_VERSION_ID,
PTN_ID ) VALUES ( 
351, 41, NULL, 'uai_code', 'uai_code', 5, 'N', 'string', 255, 'Y', 'N', 1, 1); 
INSERT INTO TABLE_COLUMN ( TCL_ID, TBD_ID, ENT_ID, TCL_NAME, TCL_DISPLAY, TCL_ORDER_NO,
TCL_PRIMARY_KEY_FL, TCL_TYPE, TCL_LENGTH, TCL_MANDATORY_FL, TCL_DELETE_FL, TCL_VERSION_ID,
PTN_ID ) VALUES ( 
352, 41, NULL, 'uai_display', 'uai_display', 6, 'N', 'string', 255, 'Y', 'N', 1, 1); 
INSERT INTO TABLE_COLUMN ( TCL_ID, TBD_ID, ENT_ID, TCL_NAME, TCL_DISPLAY, TCL_ORDER_NO,
TCL_PRIMARY_KEY_FL, TCL_TYPE, TCL_LENGTH, TCL_MANDATORY_FL, TCL_DELETE_FL, TCL_VERSION_ID,
PTN_ID ) VALUES ( 
353, 41, NULL, 'uai_description', 'uai_description', 7, 'N', 'string', 255, 'Y', 'N'
, 1, 1); 
INSERT INTO TABLE_COLUMN ( TCL_ID, TBD_ID, ENT_ID, TCL_NAME, TCL_DISPLAY, TCL_ORDER_NO,
TCL_PRIMARY_KEY_FL, TCL_TYPE, TCL_LENGTH, TCL_MANDATORY_FL, TCL_DELETE_FL, TCL_VERSION_ID,
PTN_ID ) VALUES ( 
354, 41, NULL, 'uai_order_no', 'uai_order_no', 8, 'N', 'int', 10, 'Y', 'N', 1, 1); 
INSERT INTO TABLE_COLUMN ( TCL_ID, TBD_ID, ENT_ID, TCL_NAME, TCL_DISPLAY, TCL_ORDER_NO,
TCL_PRIMARY_KEY_FL, TCL_TYPE, TCL_LENGTH, TCL_MANDATORY_FL, TCL_DELETE_FL, TCL_VERSION_ID,
PTN_ID ) VALUES ( 
355, 41, NULL, 'ent_id', 'ent_id', 9, 'N', 'int', 10, 'N', 'N', 1, 1); 
INSERT INTO TABLE_COLUMN ( TCL_ID, TBD_ID, ENT_ID, TCL_NAME, TCL_DISPLAY, TCL_ORDER_NO,
TCL_PRIMARY_KEY_FL, TCL_TYPE, TCL_LENGTH, TCL_MANDATORY_FL, TCL_DELETE_FL, TCL_VERSION_ID,
PTN_ID ) VALUES ( 
356, 41, NULL, 'uai_extra1', 'uai_extra1', 10, 'N', 'string', 255, 'N', 'N', 1, 1); 
INSERT INTO TABLE_COLUMN ( TCL_ID, TBD_ID, ENT_ID, TCL_NAME, TCL_DISPLAY, TCL_ORDER_NO,
TCL_PRIMARY_KEY_FL, TCL_TYPE, TCL_LENGTH, TCL_MANDATORY_FL, TCL_DELETE_FL, TCL_VERSION_ID,
PTN_ID ) VALUES ( 
357, 41, NULL, 'uai_extra2', 'uai_extra2', 11, 'N', 'string', 255, 'N', 'N', 1, 1); 
INSERT INTO TABLE_COLUMN ( TCL_ID, TBD_ID, ENT_ID, TCL_NAME, TCL_DISPLAY, TCL_ORDER_NO,
TCL_PRIMARY_KEY_FL, TCL_TYPE, TCL_LENGTH, TCL_MANDATORY_FL, TCL_DELETE_FL, TCL_VERSION_ID,
PTN_ID ) VALUES ( 
358, 41, NULL, 'uai_extra3', 'uai_extra3', 12, 'N', 'string', 255, 'N', 'N', 1, 1); 
INSERT INTO TABLE_COLUMN ( TCL_ID, TBD_ID, ENT_ID, TCL_NAME, TCL_DISPLAY, TCL_ORDER_NO,
TCL_PRIMARY_KEY_FL, TCL_TYPE, TCL_LENGTH, TCL_MANDATORY_FL, TCL_DELETE_FL, TCL_VERSION_ID,
PTN_ID ) VALUES ( 
359, 41, NULL, 'uai_extra4', 'uai_extra4', 13, 'N', 'string', 255, 'N', 'N', 1, 1); 
INSERT INTO TABLE_COLUMN ( TCL_ID, TBD_ID, ENT_ID, TCL_NAME, TCL_DISPLAY, TCL_ORDER_NO,
TCL_PRIMARY_KEY_FL, TCL_TYPE, TCL_LENGTH, TCL_MANDATORY_FL, TCL_DELETE_FL, TCL_VERSION_ID,
PTN_ID ) VALUES ( 
360, 41, NULL, 'uai_extra5', 'uai_extra5', 14, 'N', 'string', 255, 'N', 'N', 1, 1); 
INSERT INTO TABLE_COLUMN ( TCL_ID, TBD_ID, ENT_ID, TCL_NAME, TCL_DISPLAY, TCL_ORDER_NO,
TCL_PRIMARY_KEY_FL, TCL_TYPE, TCL_LENGTH, TCL_MANDATORY_FL, TCL_DELETE_FL, TCL_VERSION_ID,
PTN_ID ) VALUES ( 
361, 41, NULL, 'uai_system_fl', 'uai_system_fl', 15, 'N', 'bool', 1, 'Y', 'N', 1, 1); 
INSERT INTO TABLE_COLUMN ( TCL_ID, TBD_ID, ENT_ID, TCL_NAME, TCL_DISPLAY, TCL_ORDER_NO,
TCL_PRIMARY_KEY_FL, TCL_TYPE, TCL_LENGTH, TCL_MANDATORY_FL, TCL_DELETE_FL, TCL_VERSION_ID,
PTN_ID ) VALUES ( 
362, 41, NULL, 'uai_delete_fl', 'uai_delete_fl', 16, 'N', 'bool', 1, 'Y', 'N', 1, 1); 
INSERT INTO TABLE_COLUMN ( TCL_ID, TBD_ID, ENT_ID, TCL_NAME, TCL_DISPLAY, TCL_ORDER_NO,
TCL_PRIMARY_KEY_FL, TCL_TYPE, TCL_LENGTH, TCL_MANDATORY_FL, TCL_DELETE_FL, TCL_VERSION_ID,
PTN_ID ) VALUES ( 
363, 41, NULL, 'uai_version_id', 'uai_version_id', 17, 'N', 'int', 10, 'Y', 'N', 1
, 1); 
INSERT INTO TABLE_COLUMN ( TCL_ID, TBD_ID, ENT_ID, TCL_NAME, TCL_DISPLAY, TCL_ORDER_NO,
TCL_PRIMARY_KEY_FL, TCL_TYPE, TCL_LENGTH, TCL_MANDATORY_FL, TCL_DELETE_FL, TCL_VERSION_ID,
PTN_ID ) VALUES ( 
364, 41, NULL, 'ptn_id', 'ptn_id', 18, 'N', 'int', 10, 'Y', 'N', 1, 1); 
INSERT INTO TABLE_COLUMN ( TCL_ID, TBD_ID, ENT_ID, TCL_NAME, TCL_DISPLAY, TCL_ORDER_NO,
TCL_PRIMARY_KEY_FL, TCL_TYPE, TCL_LENGTH, TCL_MANDATORY_FL, TCL_DELETE_FL, TCL_VERSION_ID,
PTN_ID ) VALUES ( 
365, 42, NULL, 'cxt_id', 'cxt_id', 0, 'Y', 'int', 10, 'Y', 'N', 1, 1); 
INSERT INTO TABLE_COLUMN ( TCL_ID, TBD_ID, ENT_ID, TCL_NAME, TCL_DISPLAY, TCL_ORDER_NO,
TCL_PRIMARY_KEY_FL, TCL_TYPE, TCL_LENGTH, TCL_MANDATORY_FL, TCL_DELETE_FL, TCL_VERSION_ID,
PTN_ID ) VALUES ( 
366, 42, NULL, 'cxt_name', 'cxt_name', 1, 'N', 'string', 255, 'Y', 'N', 1, 1); 
INSERT INTO TABLE_COLUMN ( TCL_ID, TBD_ID, ENT_ID, TCL_NAME, TCL_DISPLAY, TCL_ORDER_NO,
TCL_PRIMARY_KEY_FL, TCL_TYPE, TCL_LENGTH, TCL_MANDATORY_FL, TCL_DELETE_FL, TCL_VERSION_ID,
PTN_ID ) VALUES ( 
367, 42, NULL, 'cxt_delete_fl', 'cxt_delete_fl', 2, 'N', 'bool', 1, 'Y', 'N', 1, 1); 
INSERT INTO TABLE_COLUMN ( TCL_ID, TBD_ID, ENT_ID, TCL_NAME, TCL_DISPLAY, TCL_ORDER_NO,
TCL_PRIMARY_KEY_FL, TCL_TYPE, TCL_LENGTH, TCL_MANDATORY_FL, TCL_DELETE_FL, TCL_VERSION_ID,
PTN_ID ) VALUES ( 
368, 42, NULL, 'cxt_version_id', 'cxt_version_id', 3, 'N', 'int', 10, 'Y', 'N', 1
, 1); 
INSERT INTO TABLE_COLUMN ( TCL_ID, TBD_ID, ENT_ID, TCL_NAME, TCL_DISPLAY, TCL_ORDER_NO,
TCL_PRIMARY_KEY_FL, TCL_TYPE, TCL_LENGTH, TCL_MANDATORY_FL, TCL_DELETE_FL, TCL_VERSION_ID,
PTN_ID ) VALUES ( 
369, 42, NULL, 'ptn_id', 'ptn_id', 4, 'N', 'int', 10, 'Y', 'N', 1, 1); 
INSERT INTO TABLE_COLUMN ( TCL_ID, TBD_ID, ENT_ID, TCL_NAME, TCL_DISPLAY, TCL_ORDER_NO,
TCL_PRIMARY_KEY_FL, TCL_TYPE, TCL_LENGTH, TCL_MANDATORY_FL, TCL_DELETE_FL, TCL_VERSION_ID,
PTN_ID ) VALUES ( 
370, 43, NULL, 'gnr_id', 'gnr_id', 0, 'Y', 'int', 10, 'Y', 'N', 1, 1); 
INSERT INTO TABLE_COLUMN ( TCL_ID, TBD_ID, ENT_ID, TCL_NAME, TCL_DISPLAY, TCL_ORDER_NO,
TCL_PRIMARY_KEY_FL, TCL_TYPE, TCL_LENGTH, TCL_MANDATORY_FL, TCL_DELETE_FL, TCL_VERSION_ID,
PTN_ID ) VALUES ( 
371, 43, NULL, 'rpt_id', 'rpt_id', 1, 'N', 'int', 10, 'Y', 'N', 1, 1); 
INSERT INTO TABLE_COLUMN ( TCL_ID, TBD_ID, ENT_ID, TCL_NAME, TCL_DISPLAY, TCL_ORDER_NO,
TCL_PRIMARY_KEY_FL, TCL_TYPE, TCL_LENGTH, TCL_MANDATORY_FL, TCL_DELETE_FL, TCL_VERSION_ID,
PTN_ID ) VALUES ( 
372, 43, NULL, 'gnr_name', 'gnr_name', 2, 'N', 'string', 255, 'Y', 'N', 1, 1); 
INSERT INTO TABLE_COLUMN ( TCL_ID, TBD_ID, ENT_ID, TCL_NAME, TCL_DISPLAY, TCL_ORDER_NO,
TCL_PRIMARY_KEY_FL, TCL_TYPE, TCL_LENGTH, TCL_MANDATORY_FL, TCL_DELETE_FL, TCL_VERSION_ID,
PTN_ID ) VALUES ( 
373, 43, NULL, 'gnr_delete_fl', 'gnr_delete_fl', 3, 'N', 'bool', 1, 'Y', 'N', 1, 1); 
INSERT INTO TABLE_COLUMN ( TCL_ID, TBD_ID, ENT_ID, TCL_NAME, TCL_DISPLAY, TCL_ORDER_NO,
TCL_PRIMARY_KEY_FL, TCL_TYPE, TCL_LENGTH, TCL_MANDATORY_FL, TCL_DELETE_FL, TCL_VERSION_ID,
PTN_ID ) VALUES ( 
374, 43, NULL, 'gnr_version_id', 'gnr_version_id', 4, 'N', 'int', 10, 'Y', 'N', 1
, 1); 
INSERT INTO TABLE_COLUMN ( TCL_ID, TBD_ID, ENT_ID, TCL_NAME, TCL_DISPLAY, TCL_ORDER_NO,
TCL_PRIMARY_KEY_FL, TCL_TYPE, TCL_LENGTH, TCL_MANDATORY_FL, TCL_DELETE_FL, TCL_VERSION_ID,
PTN_ID ) VALUES ( 
375, 43, NULL, 'ptn_id', 'ptn_id', 5, 'N', 'int', 10, 'Y', 'N', 1, 1); 
INSERT INTO TABLE_COLUMN ( TCL_ID, TBD_ID, ENT_ID, TCL_NAME, TCL_DISPLAY, TCL_ORDER_NO,
TCL_PRIMARY_KEY_FL, TCL_TYPE, TCL_LENGTH, TCL_MANDATORY_FL, TCL_DELETE_FL, TCL_VERSION_ID,
PTN_ID ) VALUES ( 
376, 44, NULL, 'dgr_id', 'dgr_id', 0, 'Y', 'int', 10, 'Y', 'N', 1, 1); 
INSERT INTO TABLE_COLUMN ( TCL_ID, TBD_ID, ENT_ID, TCL_NAME, TCL_DISPLAY, TCL_ORDER_NO,
TCL_PRIMARY_KEY_FL, TCL_TYPE, TCL_LENGTH, TCL_MANDATORY_FL, TCL_DELETE_FL, TCL_VERSION_ID,
PTN_ID ) VALUES ( 
377, 44, NULL, 'ent_id', 'ent_id', 1, 'N', 'int', 10, 'Y', 'N', 1, 1); 
INSERT INTO TABLE_COLUMN ( TCL_ID, TBD_ID, ENT_ID, TCL_NAME, TCL_DISPLAY, TCL_ORDER_NO,
TCL_PRIMARY_KEY_FL, TCL_TYPE, TCL_LENGTH, TCL_MANDATORY_FL, TCL_DELETE_FL, TCL_VERSION_ID,
PTN_ID ) VALUES ( 
378, 44, NULL, 'dgr_delete_fl', 'dgr_delete_fl', 2, 'N', 'bool', 1, 'Y', 'N', 1, 1); 
INSERT INTO TABLE_COLUMN ( TCL_ID, TBD_ID, ENT_ID, TCL_NAME, TCL_DISPLAY, TCL_ORDER_NO,
TCL_PRIMARY_KEY_FL, TCL_TYPE, TCL_LENGTH, TCL_MANDATORY_FL, TCL_DELETE_FL, TCL_VERSION_ID,
PTN_ID ) VALUES ( 
379, 44, NULL, 'dgr_version_id', 'dgr_version_id', 3, 'N', 'int', 10, 'Y', 'N', 1
, 1); 
INSERT INTO TABLE_COLUMN ( TCL_ID, TBD_ID, ENT_ID, TCL_NAME, TCL_DISPLAY, TCL_ORDER_NO,
TCL_PRIMARY_KEY_FL, TCL_TYPE, TCL_LENGTH, TCL_MANDATORY_FL, TCL_DELETE_FL, TCL_VERSION_ID,
PTN_ID ) VALUES ( 
380, 44, NULL, 'ptn_id', 'ptn_id', 4, 'N', 'int', 10, 'Y', 'N', 1, 1); 
INSERT INTO TABLE_COLUMN ( TCL_ID, TBD_ID, ENT_ID, TCL_NAME, TCL_DISPLAY, TCL_ORDER_NO,
TCL_PRIMARY_KEY_FL, TCL_TYPE, TCL_LENGTH, TCL_MANDATORY_FL, TCL_DELETE_FL, TCL_VERSION_ID,
PTN_ID ) VALUES ( 
381, 45, NULL, 'cda_id', 'cda_id', 0, 'Y', 'int', 10, 'Y', 'N', 1, 1); 
INSERT INTO TABLE_COLUMN ( TCL_ID, TBD_ID, ENT_ID, TCL_NAME, TCL_DISPLAY, TCL_ORDER_NO,
TCL_PRIMARY_KEY_FL, TCL_TYPE, TCL_LENGTH, TCL_MANDATORY_FL, TCL_DELETE_FL, TCL_VERSION_ID,
PTN_ID ) VALUES ( 
382, 45, NULL, 'cdi_id', 'cdi_id', 1, 'N', 'int', 10, 'Y', 'N', 1, 1); 
INSERT INTO TABLE_COLUMN ( TCL_ID, TBD_ID, ENT_ID, TCL_NAME, TCL_DISPLAY, TCL_ORDER_NO,
TCL_PRIMARY_KEY_FL, TCL_TYPE, TCL_LENGTH, TCL_MANDATORY_FL, TCL_DELETE_FL, TCL_VERSION_ID,
PTN_ID ) VALUES ( 
383, 45, NULL, 'ald_id', 'ald_id', 2, 'N', 'int', 10, 'Y', 'N', 1, 1); 
INSERT INTO TABLE_COLUMN ( TCL_ID, TBD_ID, ENT_ID, TCL_NAME, TCL_DISPLAY, TCL_ORDER_NO,
TCL_PRIMARY_KEY_FL, TCL_TYPE, TCL_LENGTH, TCL_MANDATORY_FL, TCL_DELETE_FL, TCL_VERSION_ID,
PTN_ID ) VALUES ( 
384, 45, NULL, 'cda_guide_pk', 'cda_guide_pk', 3, 'N', 'int', 10, 'N', 'N', 1, 1); 
INSERT INTO TABLE_COLUMN ( TCL_ID, TBD_ID, ENT_ID, TCL_NAME, TCL_DISPLAY, TCL_ORDER_NO,
TCL_PRIMARY_KEY_FL, TCL_TYPE, TCL_LENGTH, TCL_MANDATORY_FL, TCL_DELETE_FL, TCL_VERSION_ID,
PTN_ID ) VALUES ( 
385, 45, NULL, 'cda_delete_fl', 'cda_delete_fl', 4, 'N', 'bool', 1, 'Y', 'N', 1, 1); 
INSERT INTO TABLE_COLUMN ( TCL_ID, TBD_ID, ENT_ID, TCL_NAME, TCL_DISPLAY, TCL_ORDER_NO,
TCL_PRIMARY_KEY_FL, TCL_TYPE, TCL_LENGTH, TCL_MANDATORY_FL, TCL_DELETE_FL, TCL_VERSION_ID,
PTN_ID ) VALUES ( 
386, 45, NULL, 'cda_version_id', 'cda_version_id', 5, 'N', 'int', 10, 'Y', 'N', 1
, 1); 
INSERT INTO TABLE_COLUMN ( TCL_ID, TBD_ID, ENT_ID, TCL_NAME, TCL_DISPLAY, TCL_ORDER_NO,
TCL_PRIMARY_KEY_FL, TCL_TYPE, TCL_LENGTH, TCL_MANDATORY_FL, TCL_DELETE_FL, TCL_VERSION_ID,
PTN_ID ) VALUES ( 
387, 45, NULL, 'ptn_id', 'ptn_id', 6, 'N', 'int', 10, 'Y', 'N', 1, 1); 
INSERT INTO TABLE_COLUMN ( TCL_ID, TBD_ID, ENT_ID, TCL_NAME, TCL_DISPLAY, TCL_ORDER_NO,
TCL_PRIMARY_KEY_FL, TCL_TYPE, TCL_LENGTH, TCL_MANDATORY_FL, TCL_DELETE_FL, TCL_VERSION_ID,
PTN_ID ) VALUES ( 
388, 46, NULL, 'csp_id', 'csp_id', 0, 'Y', 'int', 10, 'Y', 'N', 1, 1); 
INSERT INTO TABLE_COLUMN ( TCL_ID, TBD_ID, ENT_ID, TCL_NAME, TCL_DISPLAY, TCL_ORDER_NO,
TCL_PRIMARY_KEY_FL, TCL_TYPE, TCL_LENGTH, TCL_MANDATORY_FL, TCL_DELETE_FL, TCL_VERSION_ID,
PTN_ID ) VALUES ( 
389, 46, NULL, 'csb_id', 'csb_id', 1, 'N', 'int', 10, 'Y', 'N', 1, 1); 
INSERT INTO TABLE_COLUMN ( TCL_ID, TBD_ID, ENT_ID, TCL_NAME, TCL_DISPLAY, TCL_ORDER_NO,
TCL_PRIMARY_KEY_FL, TCL_TYPE, TCL_LENGTH, TCL_MANDATORY_FL, TCL_DELETE_FL, TCL_VERSION_ID,
PTN_ID ) VALUES ( 
390, 46, NULL, 'csp_display_name', 'csp_display_name', 2, 'N', 'string', 255, 'Y'
, 'N', 1, 1); 
INSERT INTO TABLE_COLUMN ( TCL_ID, TBD_ID, ENT_ID, TCL_NAME, TCL_DISPLAY, TCL_ORDER_NO,
TCL_PRIMARY_KEY_FL, TCL_TYPE, TCL_LENGTH, TCL_MANDATORY_FL, TCL_DELETE_FL, TCL_VERSION_ID,
PTN_ID ) VALUES ( 
391, 46, NULL, 'csp_pdg_key', 'csp_pdg_key', 3, 'N', 'string', 255, 'Y', 'N', 1, 1); 
INSERT INTO TABLE_COLUMN ( TCL_ID, TBD_ID, ENT_ID, TCL_NAME, TCL_DISPLAY, TCL_ORDER_NO,
TCL_PRIMARY_KEY_FL, TCL_TYPE, TCL_LENGTH, TCL_MANDATORY_FL, TCL_DELETE_FL, TCL_VERSION_ID,
PTN_ID ) VALUES ( 
392, 46, NULL, 'csp_tag_name', 'csp_tag_name', 4, 'N', 'string', 255, 'Y', 'N', 1
, 1); 
INSERT INTO TABLE_COLUMN ( TCL_ID, TBD_ID, ENT_ID, TCL_NAME, TCL_DISPLAY, TCL_ORDER_NO,
TCL_PRIMARY_KEY_FL, TCL_TYPE, TCL_LENGTH, TCL_MANDATORY_FL, TCL_DELETE_FL, TCL_VERSION_ID,
PTN_ID ) VALUES ( 
393, 46, NULL, 'csp_delete_fl', 'csp_delete_fl', 5, 'N', 'bool', 1, 'Y', 'N', 1, 1); 
INSERT INTO TABLE_COLUMN ( TCL_ID, TBD_ID, ENT_ID, TCL_NAME, TCL_DISPLAY, TCL_ORDER_NO,
TCL_PRIMARY_KEY_FL, TCL_TYPE, TCL_LENGTH, TCL_MANDATORY_FL, TCL_DELETE_FL, TCL_VERSION_ID,
PTN_ID ) VALUES ( 
394, 46, NULL, 'csp_version_id', 'csp_version_id', 6, 'N', 'int', 10, 'Y', 'N', 1
, 1); 
INSERT INTO TABLE_COLUMN ( TCL_ID, TBD_ID, ENT_ID, TCL_NAME, TCL_DISPLAY, TCL_ORDER_NO,
TCL_PRIMARY_KEY_FL, TCL_TYPE, TCL_LENGTH, TCL_MANDATORY_FL, TCL_DELETE_FL, TCL_VERSION_ID,
PTN_ID ) VALUES ( 
395, 46, NULL, 'ptn_id', 'ptn_id', 7, 'N', 'int', 10, 'Y', 'N', 1, 1); 
INSERT INTO TABLE_COLUMN ( TCL_ID, TBD_ID, ENT_ID, TCL_NAME, TCL_DISPLAY, TCL_ORDER_NO,
TCL_PRIMARY_KEY_FL, TCL_TYPE, TCL_LENGTH, TCL_MANDATORY_FL, TCL_DELETE_FL, TCL_VERSION_ID,
PTN_ID ) VALUES ( 
396, 47, NULL, 'tab_id', 'tab_id', 0, 'Y', 'int', 10, 'Y', 'N', 1, 1); 
INSERT INTO TABLE_COLUMN ( TCL_ID, TBD_ID, ENT_ID, TCL_NAME, TCL_DISPLAY, TCL_ORDER_NO,
TCL_PRIMARY_KEY_FL, TCL_TYPE, TCL_LENGTH, TCL_MANDATORY_FL, TCL_DELETE_FL, TCL_VERSION_ID,
PTN_ID ) VALUES ( 
397, 47, NULL, 'tff_id', 'tff_id', 1, 'N', 'int', 10, 'Y', 'N', 1, 1); 
INSERT INTO TABLE_COLUMN ( TCL_ID, TBD_ID, ENT_ID, TCL_NAME, TCL_DISPLAY, TCL_ORDER_NO,
TCL_PRIMARY_KEY_FL, TCL_TYPE, TCL_LENGTH, TCL_MANDATORY_FL, TCL_DELETE_FL, TCL_VERSION_ID,
PTN_ID ) VALUES ( 
398, 47, NULL, 'bnd_id', 'bnd_id', 2, 'N', 'int', 10, 'Y', 'N', 1, 1); 
INSERT INTO TABLE_COLUMN ( TCL_ID, TBD_ID, ENT_ID, TCL_NAME, TCL_DISPLAY, TCL_ORDER_NO,
TCL_PRIMARY_KEY_FL, TCL_TYPE, TCL_LENGTH, TCL_MANDATORY_FL, TCL_DELETE_FL, TCL_VERSION_ID,
PTN_ID ) VALUES ( 
399, 47, NULL, 'tab_from_dttm', 'tab_from_dttm', 3, 'N', 'datetime', -1, 'Y', 'N'
, 1, 1); 
INSERT INTO TABLE_COLUMN ( TCL_ID, TBD_ID, ENT_ID, TCL_NAME, TCL_DISPLAY, TCL_ORDER_NO,
TCL_PRIMARY_KEY_FL, TCL_TYPE, TCL_LENGTH, TCL_MANDATORY_FL, TCL_DELETE_FL, TCL_VERSION_ID,
PTN_ID ) VALUES ( 
400, 47, NULL, 'tab_to_dttm', 'tab_to_dttm', 4, 'N', 'datetime', -1, 'Y', 'N', 1, 1); 
INSERT INTO TABLE_COLUMN ( TCL_ID, TBD_ID, ENT_ID, TCL_NAME, TCL_DISPLAY, TCL_ORDER_NO,
TCL_PRIMARY_KEY_FL, TCL_TYPE, TCL_LENGTH, TCL_MANDATORY_FL, TCL_DELETE_FL, TCL_VERSION_ID,
PTN_ID ) VALUES ( 
401, 47, NULL, 'cur_id', 'cur_id', 5, 'N', 'int', 10, 'Y', 'N', 1, 1); 
INSERT INTO TABLE_COLUMN ( TCL_ID, TBD_ID, ENT_ID, TCL_NAME, TCL_DISPLAY, TCL_ORDER_NO,
TCL_PRIMARY_KEY_FL, TCL_TYPE, TCL_LENGTH, TCL_MANDATORY_FL, TCL_DELETE_FL, TCL_VERSION_ID,
PTN_ID ) VALUES ( 
402, 47, NULL, 'dgl_id', 'dgl_id', 6, 'N', 'int', 10, 'N', 'N', 1, 1); 
INSERT INTO TABLE_COLUMN ( TCL_ID, TBD_ID, ENT_ID, TCL_NAME, TCL_DISPLAY, TCL_ORDER_NO,
TCL_PRIMARY_KEY_FL, TCL_TYPE, TCL_LENGTH, TCL_MANDATORY_FL, TCL_DELETE_FL, TCL_VERSION_ID,
PTN_ID ) VALUES ( 
403, 47, NULL, 'tab_time_string_fl', 'tab_time_string_fl', 7, 'N', 'bool', 1, 'Y'
, 'N', 1, 1); 
INSERT INTO TABLE_COLUMN ( TCL_ID, TBD_ID, ENT_ID, TCL_NAME, TCL_DISPLAY, TCL_ORDER_NO,
TCL_PRIMARY_KEY_FL, TCL_TYPE, TCL_LENGTH, TCL_MANDATORY_FL, TCL_DELETE_FL, TCL_VERSION_ID,
PTN_ID ) VALUES ( 
404, 47, NULL, 'tab_version_id', 'tab_version_id', 8, 'N', 'int', 10, 'Y', 'N', 1
, 1); 
INSERT INTO TABLE_COLUMN ( TCL_ID, TBD_ID, ENT_ID, TCL_NAME, TCL_DISPLAY, TCL_ORDER_NO,
TCL_PRIMARY_KEY_FL, TCL_TYPE, TCL_LENGTH, TCL_MANDATORY_FL, TCL_DELETE_FL, TCL_VERSION_ID,
PTN_ID ) VALUES ( 
405, 47, NULL, 'tab_delete_fl', 'tab_delete_fl', 9, 'N', 'bool', 1, 'Y', 'N', 1, 1); 
INSERT INTO TABLE_COLUMN ( TCL_ID, TBD_ID, ENT_ID, TCL_NAME, TCL_DISPLAY, TCL_ORDER_NO,
TCL_PRIMARY_KEY_FL, TCL_TYPE, TCL_LENGTH, TCL_MANDATORY_FL, TCL_DELETE_FL, TCL_VERSION_ID,
PTN_ID ) VALUES ( 
406, 47, NULL, 'ptn_id', 'ptn_id', 10, 'N', 'int', 10, 'Y', 'N', 1, 1); 
INSERT INTO TABLE_COLUMN ( TCL_ID, TBD_ID, ENT_ID, TCL_NAME, TCL_DISPLAY, TCL_ORDER_NO,
TCL_PRIMARY_KEY_FL, TCL_TYPE, TCL_LENGTH, TCL_MANDATORY_FL, TCL_DELETE_FL, TCL_VERSION_ID,
PTN_ID ) VALUES ( 
407, 48, NULL, 'cip_id', 'cip_id', 0, 'Y', 'int', 10, 'Y', 'N', 1, 1); 
INSERT INTO TABLE_COLUMN ( TCL_ID, TBD_ID, ENT_ID, TCL_NAME, TCL_DISPLAY, TCL_ORDER_NO,
TCL_PRIMARY_KEY_FL, TCL_TYPE, TCL_LENGTH, TCL_MANDATORY_FL, TCL_DELETE_FL, TCL_VERSION_ID,
PTN_ID ) VALUES ( 
408, 48, NULL, 'cip_name', 'cip_name', 1, 'N', 'string', 255, 'Y', 'N', 1, 1); 
INSERT INTO TABLE_COLUMN ( TCL_ID, TBD_ID, ENT_ID, TCL_NAME, TCL_DISPLAY, TCL_ORDER_NO,
TCL_PRIMARY_KEY_FL, TCL_TYPE, TCL_LENGTH, TCL_MANDATORY_FL, TCL_DELETE_FL, TCL_VERSION_ID,
PTN_ID ) VALUES ( 
409, 48, NULL, 'cip_order_no', 'cip_order_no', 2, 'N', 'int', 10, 'Y', 'N', 1, 1); 
INSERT INTO TABLE_COLUMN ( TCL_ID, TBD_ID, ENT_ID, TCL_NAME, TCL_DISPLAY, TCL_ORDER_NO,
TCL_PRIMARY_KEY_FL, TCL_TYPE, TCL_LENGTH, TCL_MANDATORY_FL, TCL_DELETE_FL, TCL_VERSION_ID,
PTN_ID ) VALUES ( 
410, 48, NULL, 'img_id', 'img_id', 3, 'N', 'int', 10, 'N', 'N', 1, 1); 
INSERT INTO TABLE_COLUMN ( TCL_ID, TBD_ID, ENT_ID, TCL_NAME, TCL_DISPLAY, TCL_ORDER_NO,
TCL_PRIMARY_KEY_FL, TCL_TYPE, TCL_LENGTH, TCL_MANDATORY_FL, TCL_DELETE_FL, TCL_VERSION_ID,
PTN_ID ) VALUES ( 
411, 48, NULL, 'cip_delete_fl', 'cip_delete_fl', 4, 'N', 'bool', 1, 'Y', 'N', 1, 1); 
INSERT INTO TABLE_COLUMN ( TCL_ID, TBD_ID, ENT_ID, TCL_NAME, TCL_DISPLAY, TCL_ORDER_NO,
TCL_PRIMARY_KEY_FL, TCL_TYPE, TCL_LENGTH, TCL_MANDATORY_FL, TCL_DELETE_FL, TCL_VERSION_ID,
PTN_ID ) VALUES ( 
412, 48, NULL, 'cip_version_id', 'cip_version_id', 5, 'N', 'int', 10, 'Y', 'N', 1
, 1); 
INSERT INTO TABLE_COLUMN ( TCL_ID, TBD_ID, ENT_ID, TCL_NAME, TCL_DISPLAY, TCL_ORDER_NO,
TCL_PRIMARY_KEY_FL, TCL_TYPE, TCL_LENGTH, TCL_MANDATORY_FL, TCL_DELETE_FL, TCL_VERSION_ID,
PTN_ID ) VALUES ( 
413, 48, NULL, 'ptn_id', 'ptn_id', 6, 'N', 'int', 10, 'Y', 'N', 1, 1); 
INSERT INTO TABLE_COLUMN ( TCL_ID, TBD_ID, ENT_ID, TCL_NAME, TCL_DISPLAY, TCL_ORDER_NO,
TCL_PRIMARY_KEY_FL, TCL_TYPE, TCL_LENGTH, TCL_MANDATORY_FL, TCL_DELETE_FL, TCL_VERSION_ID,
PTN_ID ) VALUES ( 
414, 49, NULL, 'ife_id', 'ife_id', 0, 'Y', 'int', 10, 'Y', 'N', 1, 1); 
INSERT INTO TABLE_COLUMN ( TCL_ID, TBD_ID, ENT_ID, TCL_NAME, TCL_DISPLAY, TCL_ORDER_NO,
TCL_PRIMARY_KEY_FL, TCL_TYPE, TCL_LENGTH, TCL_MANDATORY_FL, TCL_DELETE_FL, TCL_VERSION_ID,
PTN_ID ) VALUES ( 
415, 49, NULL, 'ifg_id', 'ifg_id', 1, 'N', 'int', 10, 'Y', 'N', 1, 1); 
INSERT INTO TABLE_COLUMN ( TCL_ID, TBD_ID, ENT_ID, TCL_NAME, TCL_DISPLAY, TCL_ORDER_NO,
TCL_PRIMARY_KEY_FL, TCL_TYPE, TCL_LENGTH, TCL_MANDATORY_FL, TCL_DELETE_FL, TCL_VERSION_ID,
PTN_ID ) VALUES ( 
416, 49, NULL, 'ify_id', 'ify_id', 2, 'N', 'int', 10, 'Y', 'N', 1, 1); 
INSERT INTO TABLE_COLUMN ( TCL_ID, TBD_ID, ENT_ID, TCL_NAME, TCL_DISPLAY, TCL_ORDER_NO,
TCL_PRIMARY_KEY_FL, TCL_TYPE, TCL_LENGTH, TCL_MANDATORY_FL, TCL_DELETE_FL, TCL_VERSION_ID,
PTN_ID ) VALUES ( 
417, 49, NULL, 'ife_arg1_value', 'ife_arg1_value', 3, 'N', 'string', 255, 'N', 'N'
, 1, 1); 
INSERT INTO TABLE_COLUMN ( TCL_ID, TBD_ID, ENT_ID, TCL_NAME, TCL_DISPLAY, TCL_ORDER_NO,
TCL_PRIMARY_KEY_FL, TCL_TYPE, TCL_LENGTH, TCL_MANDATORY_FL, TCL_DELETE_FL, TCL_VERSION_ID,
PTN_ID ) VALUES ( 
418, 49, NULL, 'ife_arg2_value', 'ife_arg2_value', 4, 'N', 'string', 255, 'N', 'N'
, 1, 1); 
INSERT INTO TABLE_COLUMN ( TCL_ID, TBD_ID, ENT_ID, TCL_NAME, TCL_DISPLAY, TCL_ORDER_NO,
TCL_PRIMARY_KEY_FL, TCL_TYPE, TCL_LENGTH, TCL_MANDATORY_FL, TCL_DELETE_FL, TCL_VERSION_ID,
PTN_ID ) VALUES ( 
419, 49, NULL, 'ife_arg3_value', 'ife_arg3_value', 5, 'N', 'string', 255, 'N', 'N'
, 1, 1); 
INSERT INTO TABLE_COLUMN ( TCL_ID, TBD_ID, ENT_ID, TCL_NAME, TCL_DISPLAY, TCL_ORDER_NO,
TCL_PRIMARY_KEY_FL, TCL_TYPE, TCL_LENGTH, TCL_MANDATORY_FL, TCL_DELETE_FL, TCL_VERSION_ID,
PTN_ID ) VALUES ( 
420, 49, NULL, 'ife_arg4_value', 'ife_arg4_value', 6, 'N', 'string', 255, 'N', 'N'
, 1, 1); 
INSERT INTO TABLE_COLUMN ( TCL_ID, TBD_ID, ENT_ID, TCL_NAME, TCL_DISPLAY, TCL_ORDER_NO,
TCL_PRIMARY_KEY_FL, TCL_TYPE, TCL_LENGTH, TCL_MANDATORY_FL, TCL_DELETE_FL, TCL_VERSION_ID,
PTN_ID ) VALUES ( 
421, 49, NULL, 'ife_arg5_value', 'ife_arg5_value', 7, 'N', 'string', 255, 'N', 'N'
, 1, 1); 
INSERT INTO TABLE_COLUMN ( TCL_ID, TBD_ID, ENT_ID, TCL_NAME, TCL_DISPLAY, TCL_ORDER_NO,
TCL_PRIMARY_KEY_FL, TCL_TYPE, TCL_LENGTH, TCL_MANDATORY_FL, TCL_DELETE_FL, TCL_VERSION_ID,
PTN_ID ) VALUES ( 
422, 49, NULL, 'cmp_id', 'cmp_id', 8, 'N', 'int', 10, 'N', 'N', 1, 1); 
INSERT INTO TABLE_COLUMN ( TCL_ID, TBD_ID, ENT_ID, TCL_NAME, TCL_DISPLAY, TCL_ORDER_NO,
TCL_PRIMARY_KEY_FL, TCL_TYPE, TCL_LENGTH, TCL_MANDATORY_FL, TCL_DELETE_FL, TCL_VERSION_ID,
PTN_ID ) VALUES ( 
423, 49, NULL, 'ife_name', 'ife_name', 9, 'N', 'string', 255, 'Y', 'N', 1, 1); 
INSERT INTO TABLE_COLUMN ( TCL_ID, TBD_ID, ENT_ID, TCL_NAME, TCL_DISPLAY, TCL_ORDER_NO,
TCL_PRIMARY_KEY_FL, TCL_TYPE, TCL_LENGTH, TCL_MANDATORY_FL, TCL_DELETE_FL, TCL_VERSION_ID,
PTN_ID ) VALUES ( 
424, 49, NULL, 'ife_arg_count', 'ife_arg_count', 10, 'N', 'int', 10, 'Y', 'N', 1, 1); 
INSERT INTO TABLE_COLUMN ( TCL_ID, TBD_ID, ENT_ID, TCL_NAME, TCL_DISPLAY, TCL_ORDER_NO,
TCL_PRIMARY_KEY_FL, TCL_TYPE, TCL_LENGTH, TCL_MANDATORY_FL, TCL_DELETE_FL, TCL_VERSION_ID,
PTN_ID ) VALUES ( 
425, 49, NULL, 'ife_arg1_name', 'ife_arg1_name', 11, 'N', 'string', 255, 'N', 'N'
, 1, 1); 
INSERT INTO TABLE_COLUMN ( TCL_ID, TBD_ID, ENT_ID, TCL_NAME, TCL_DISPLAY, TCL_ORDER_NO,
TCL_PRIMARY_KEY_FL, TCL_TYPE, TCL_LENGTH, TCL_MANDATORY_FL, TCL_DELETE_FL, TCL_VERSION_ID,
PTN_ID ) VALUES ( 
426, 49, NULL, 'ife_arg1_mandatory_fl', 'ife_arg1_mandatory_fl', 12, 'N', 'bool', 1
, 'Y', 'N', 1, 1); 
INSERT INTO TABLE_COLUMN ( TCL_ID, TBD_ID, ENT_ID, TCL_NAME, TCL_DISPLAY, TCL_ORDER_NO,
TCL_PRIMARY_KEY_FL, TCL_TYPE, TCL_LENGTH, TCL_MANDATORY_FL, TCL_DELETE_FL, TCL_VERSION_ID,
PTN_ID ) VALUES ( 
427, 49, NULL, 'ife_arg1_extra', 'ife_arg1_extra', 13, 'N', 'string', 255, 'N', 'N'
, 1, 1); 
INSERT INTO TABLE_COLUMN ( TCL_ID, TBD_ID, ENT_ID, TCL_NAME, TCL_DISPLAY, TCL_ORDER_NO,
TCL_PRIMARY_KEY_FL, TCL_TYPE, TCL_LENGTH, TCL_MANDATORY_FL, TCL_DELETE_FL, TCL_VERSION_ID,
PTN_ID ) VALUES ( 
428, 49, NULL, 'ife_arg2_name', 'ife_arg2_name', 14, 'N', 'string', 255, 'N', 'N'
, 1, 1); 
INSERT INTO TABLE_COLUMN ( TCL_ID, TBD_ID, ENT_ID, TCL_NAME, TCL_DISPLAY, TCL_ORDER_NO,
TCL_PRIMARY_KEY_FL, TCL_TYPE, TCL_LENGTH, TCL_MANDATORY_FL, TCL_DELETE_FL, TCL_VERSION_ID,
PTN_ID ) VALUES ( 
429, 49, NULL, 'ife_arg2_mandatory_fl', 'ife_arg2_mandatory_fl', 15, 'N', 'bool', 1
, 'Y', 'N', 1, 1); 
INSERT INTO TABLE_COLUMN ( TCL_ID, TBD_ID, ENT_ID, TCL_NAME, TCL_DISPLAY, TCL_ORDER_NO,
TCL_PRIMARY_KEY_FL, TCL_TYPE, TCL_LENGTH, TCL_MANDATORY_FL, TCL_DELETE_FL, TCL_VERSION_ID,
PTN_ID ) VALUES ( 
430, 49, NULL, 'ife_arg2_extra', 'ife_arg2_extra', 16, 'N', 'string', 255, 'N', 'N'
, 1, 1); 
INSERT INTO TABLE_COLUMN ( TCL_ID, TBD_ID, ENT_ID, TCL_NAME, TCL_DISPLAY, TCL_ORDER_NO,
TCL_PRIMARY_KEY_FL, TCL_TYPE, TCL_LENGTH, TCL_MANDATORY_FL, TCL_DELETE_FL, TCL_VERSION_ID,
PTN_ID ) VALUES ( 
431, 49, NULL, 'ife_arg3_name', 'ife_arg3_name', 17, 'N', 'string', 255, 'N', 'N'
, 1, 1); 
INSERT INTO TABLE_COLUMN ( TCL_ID, TBD_ID, ENT_ID, TCL_NAME, TCL_DISPLAY, TCL_ORDER_NO,
TCL_PRIMARY_KEY_FL, TCL_TYPE, TCL_LENGTH, TCL_MANDATORY_FL, TCL_DELETE_FL, TCL_VERSION_ID,
PTN_ID ) VALUES ( 
432, 49, NULL, 'ife_arg3_mandatory_fl', 'ife_arg3_mandatory_fl', 18, 'N', 'bool', 1
, 'Y', 'N', 1, 1); 
INSERT INTO TABLE_COLUMN ( TCL_ID, TBD_ID, ENT_ID, TCL_NAME, TCL_DISPLAY, TCL_ORDER_NO,
TCL_PRIMARY_KEY_FL, TCL_TYPE, TCL_LENGTH, TCL_MANDATORY_FL, TCL_DELETE_FL, TCL_VERSION_ID,
PTN_ID ) VALUES ( 
433, 49, NULL, 'ife_arg3_extra', 'ife_arg3_extra', 19, 'N', 'string', 255, 'N', 'N'
, 1, 1); 
INSERT INTO TABLE_COLUMN ( TCL_ID, TBD_ID, ENT_ID, TCL_NAME, TCL_DISPLAY, TCL_ORDER_NO,
TCL_PRIMARY_KEY_FL, TCL_TYPE, TCL_LENGTH, TCL_MANDATORY_FL, TCL_DELETE_FL, TCL_VERSION_ID,
PTN_ID ) VALUES ( 
434, 49, NULL, 'ife_arg4_name', 'ife_arg4_name', 20, 'N', 'string', 255, 'N', 'N'
, 1, 1); 
INSERT INTO TABLE_COLUMN ( TCL_ID, TBD_ID, ENT_ID, TCL_NAME, TCL_DISPLAY, TCL_ORDER_NO,
TCL_PRIMARY_KEY_FL, TCL_TYPE, TCL_LENGTH, TCL_MANDATORY_FL, TCL_DELETE_FL, TCL_VERSION_ID,
PTN_ID ) VALUES ( 
435, 49, NULL, 'ife_arg4_mandatory_fl', 'ife_arg4_mandatory_fl', 21, 'N', 'bool', 1
, 'Y', 'N', 1, 1); 
INSERT INTO TABLE_COLUMN ( TCL_ID, TBD_ID, ENT_ID, TCL_NAME, TCL_DISPLAY, TCL_ORDER_NO,
TCL_PRIMARY_KEY_FL, TCL_TYPE, TCL_LENGTH, TCL_MANDATORY_FL, TCL_DELETE_FL, TCL_VERSION_ID,
PTN_ID ) VALUES ( 
436, 49, NULL, 'ife_arg4_extra', 'ife_arg4_extra', 22, 'N', 'string', 255, 'N', 'N'
, 1, 1); 
INSERT INTO TABLE_COLUMN ( TCL_ID, TBD_ID, ENT_ID, TCL_NAME, TCL_DISPLAY, TCL_ORDER_NO,
TCL_PRIMARY_KEY_FL, TCL_TYPE, TCL_LENGTH, TCL_MANDATORY_FL, TCL_DELETE_FL, TCL_VERSION_ID,
PTN_ID ) VALUES ( 
437, 49, NULL, 'ife_arg5_name', 'ife_arg5_name', 23, 'N', 'string', 255, 'N', 'N'
, 1, 1); 
INSERT INTO TABLE_COLUMN ( TCL_ID, TBD_ID, ENT_ID, TCL_NAME, TCL_DISPLAY, TCL_ORDER_NO,
TCL_PRIMARY_KEY_FL, TCL_TYPE, TCL_LENGTH, TCL_MANDATORY_FL, TCL_DELETE_FL, TCL_VERSION_ID,
PTN_ID ) VALUES ( 
438, 49, NULL, 'ife_arg5_mandatory_fl', 'ife_arg5_mandatory_fl', 24, 'N', 'bool', 1
, 'Y', 'N', 1, 1); 
INSERT INTO TABLE_COLUMN ( TCL_ID, TBD_ID, ENT_ID, TCL_NAME, TCL_DISPLAY, TCL_ORDER_NO,
TCL_PRIMARY_KEY_FL, TCL_TYPE, TCL_LENGTH, TCL_MANDATORY_FL, TCL_DELETE_FL, TCL_VERSION_ID,
PTN_ID ) VALUES ( 
439, 49, NULL, 'ife_arg5_extra', 'ife_arg5_extra', 25, 'N', 'string', 255, 'N', 'N'
, 1, 1); 
INSERT INTO TABLE_COLUMN ( TCL_ID, TBD_ID, ENT_ID, TCL_NAME, TCL_DISPLAY, TCL_ORDER_NO,
TCL_PRIMARY_KEY_FL, TCL_TYPE, TCL_LENGTH, TCL_MANDATORY_FL, TCL_DELETE_FL, TCL_VERSION_ID,
PTN_ID ) VALUES ( 
440, 49, NULL, 'ife_arg6_name', 'ife_arg6_name', 26, 'N', 'string', 255, 'N', 'N'
, 1, 1); 
INSERT INTO TABLE_COLUMN ( TCL_ID, TBD_ID, ENT_ID, TCL_NAME, TCL_DISPLAY, TCL_ORDER_NO,
TCL_PRIMARY_KEY_FL, TCL_TYPE, TCL_LENGTH, TCL_MANDATORY_FL, TCL_DELETE_FL, TCL_VERSION_ID,
PTN_ID ) VALUES ( 
441, 49, NULL, 'ife_arg6_mandatory_fl', 'ife_arg6_mandatory_fl', 27, 'N', 'bool', 1
, 'Y', 'N', 1, 1); 
INSERT INTO TABLE_COLUMN ( TCL_ID, TBD_ID, ENT_ID, TCL_NAME, TCL_DISPLAY, TCL_ORDER_NO,
TCL_PRIMARY_KEY_FL, TCL_TYPE, TCL_LENGTH, TCL_MANDATORY_FL, TCL_DELETE_FL, TCL_VERSION_ID,
PTN_ID ) VALUES ( 
442, 49, NULL, 'ife_arg6_extra', 'ife_arg6_extra', 28, 'N', 'string', 255, 'N', 'N'
, 1, 1); 
INSERT INTO TABLE_COLUMN ( TCL_ID, TBD_ID, ENT_ID, TCL_NAME, TCL_DISPLAY, TCL_ORDER_NO,
TCL_PRIMARY_KEY_FL, TCL_TYPE, TCL_LENGTH, TCL_MANDATORY_FL, TCL_DELETE_FL, TCL_VERSION_ID,
PTN_ID ) VALUES ( 
443, 49, NULL, 'ife_arg7_name', 'ife_arg7_name', 29, 'N', 'string', 255, 'N', 'N'
, 1, 1); 
INSERT INTO TABLE_COLUMN ( TCL_ID, TBD_ID, ENT_ID, TCL_NAME, TCL_DISPLAY, TCL_ORDER_NO,
TCL_PRIMARY_KEY_FL, TCL_TYPE, TCL_LENGTH, TCL_MANDATORY_FL, TCL_DELETE_FL, TCL_VERSION_ID,
PTN_ID ) VALUES ( 
444, 49, NULL, 'ife_arg7_mandatory_fl', 'ife_arg7_mandatory_fl', 30, 'N', 'bool', 1
, 'Y', 'N', 1, 1); 
INSERT INTO TABLE_COLUMN ( TCL_ID, TBD_ID, ENT_ID, TCL_NAME, TCL_DISPLAY, TCL_ORDER_NO,
TCL_PRIMARY_KEY_FL, TCL_TYPE, TCL_LENGTH, TCL_MANDATORY_FL, TCL_DELETE_FL, TCL_VERSION_ID,
PTN_ID ) VALUES ( 
445, 49, NULL, 'ife_arg7_extra', 'ife_arg7_extra', 31, 'N', 'string', 255, 'N', 'N'
, 1, 1); 
INSERT INTO TABLE_COLUMN ( TCL_ID, TBD_ID, ENT_ID, TCL_NAME, TCL_DISPLAY, TCL_ORDER_NO,
TCL_PRIMARY_KEY_FL, TCL_TYPE, TCL_LENGTH, TCL_MANDATORY_FL, TCL_DELETE_FL, TCL_VERSION_ID,
PTN_ID ) VALUES ( 
446, 49, NULL, 'ife_arg8_name', 'ife_arg8_name', 32, 'N', 'string', 255, 'N', 'N'
, 1, 1); 
INSERT INTO TABLE_COLUMN ( TCL_ID, TBD_ID, ENT_ID, TCL_NAME, TCL_DISPLAY, TCL_ORDER_NO,
TCL_PRIMARY_KEY_FL, TCL_TYPE, TCL_LENGTH, TCL_MANDATORY_FL, TCL_DELETE_FL, TCL_VERSION_ID,
PTN_ID ) VALUES ( 
447, 49, NULL, 'ife_arg8_mandatory_fl', 'ife_arg8_mandatory_fl', 33, 'N', 'bool', 1
, 'Y', 'N', 1, 1); 
INSERT INTO TABLE_COLUMN ( TCL_ID, TBD_ID, ENT_ID, TCL_NAME, TCL_DISPLAY, TCL_ORDER_NO,
TCL_PRIMARY_KEY_FL, TCL_TYPE, TCL_LENGTH, TCL_MANDATORY_FL, TCL_DELETE_FL, TCL_VERSION_ID,
PTN_ID ) VALUES ( 
448, 49, NULL, 'ife_arg8_extra', 'ife_arg8_extra', 34, 'N', 'string', 255, 'N', 'N'
, 1, 1); 
INSERT INTO TABLE_COLUMN ( TCL_ID, TBD_ID, ENT_ID, TCL_NAME, TCL_DISPLAY, TCL_ORDER_NO,
TCL_PRIMARY_KEY_FL, TCL_TYPE, TCL_LENGTH, TCL_MANDATORY_FL, TCL_DELETE_FL, TCL_VERSION_ID,
PTN_ID ) VALUES ( 
449, 49, NULL, 'ife_arg9_name', 'ife_arg9_name', 35, 'N', 'string', 255, 'N', 'N'
, 1, 1); 
INSERT INTO TABLE_COLUMN ( TCL_ID, TBD_ID, ENT_ID, TCL_NAME, TCL_DISPLAY, TCL_ORDER_NO,
TCL_PRIMARY_KEY_FL, TCL_TYPE, TCL_LENGTH, TCL_MANDATORY_FL, TCL_DELETE_FL, TCL_VERSION_ID,
PTN_ID ) VALUES ( 
450, 49, NULL, 'ife_arg9_mandatory_fl', 'ife_arg9_mandatory_fl', 36, 'N', 'bool', 1
, 'Y', 'N', 1, 1); 
INSERT INTO TABLE_COLUMN ( TCL_ID, TBD_ID, ENT_ID, TCL_NAME, TCL_DISPLAY, TCL_ORDER_NO,
TCL_PRIMARY_KEY_FL, TCL_TYPE, TCL_LENGTH, TCL_MANDATORY_FL, TCL_DELETE_FL, TCL_VERSION_ID,
PTN_ID ) VALUES ( 
451, 49, NULL, 'ife_arg9_extra', 'ife_arg9_extra', 37, 'N', 'string', 255, 'N', 'N'
, 1, 1); 
INSERT INTO TABLE_COLUMN ( TCL_ID, TBD_ID, ENT_ID, TCL_NAME, TCL_DISPLAY, TCL_ORDER_NO,
TCL_PRIMARY_KEY_FL, TCL_TYPE, TCL_LENGTH, TCL_MANDATORY_FL, TCL_DELETE_FL, TCL_VERSION_ID,
PTN_ID ) VALUES ( 
452, 49, NULL, 'ife_arg10_name', 'ife_arg10_name', 38, 'N', 'string', 255, 'N', 'N'
, 1, 1); 
INSERT INTO TABLE_COLUMN ( TCL_ID, TBD_ID, ENT_ID, TCL_NAME, TCL_DISPLAY, TCL_ORDER_NO,
TCL_PRIMARY_KEY_FL, TCL_TYPE, TCL_LENGTH, TCL_MANDATORY_FL, TCL_DELETE_FL, TCL_VERSION_ID,
PTN_ID ) VALUES ( 
453, 49, NULL, 'ife_arg10_mandatory_fl', 'ife_arg10_mandatory_fl', 39, 'N', 'bool'
, 1, 'Y', 'N', 1, 1); 
INSERT INTO TABLE_COLUMN ( TCL_ID, TBD_ID, ENT_ID, TCL_NAME, TCL_DISPLAY, TCL_ORDER_NO,
TCL_PRIMARY_KEY_FL, TCL_TYPE, TCL_LENGTH, TCL_MANDATORY_FL, TCL_DELETE_FL, TCL_VERSION_ID,
PTN_ID ) VALUES ( 
454, 49, NULL, 'ife_arg10_extra', 'ife_arg10_extra', 40, 'N', 'string', 255, 'N', 'N'
, 1, 1); 
INSERT INTO TABLE_COLUMN ( TCL_ID, TBD_ID, ENT_ID, TCL_NAME, TCL_DISPLAY, TCL_ORDER_NO,
TCL_PRIMARY_KEY_FL, TCL_TYPE, TCL_LENGTH, TCL_MANDATORY_FL, TCL_DELETE_FL, TCL_VERSION_ID,
PTN_ID ) VALUES ( 
455, 49, NULL, 'ife_arg11_name', 'ife_arg11_name', 41, 'N', 'string', 255, 'N', 'N'
, 1, 1); 
INSERT INTO TABLE_COLUMN ( TCL_ID, TBD_ID, ENT_ID, TCL_NAME, TCL_DISPLAY, TCL_ORDER_NO,
TCL_PRIMARY_KEY_FL, TCL_TYPE, TCL_LENGTH, TCL_MANDATORY_FL, TCL_DELETE_FL, TCL_VERSION_ID,
PTN_ID ) VALUES ( 
456, 49, NULL, 'ife_arg11_mandatory_fl', 'ife_arg11_mandatory_fl', 42, 'N', 'bool'
, 1, 'Y', 'N', 1, 1); 
INSERT INTO TABLE_COLUMN ( TCL_ID, TBD_ID, ENT_ID, TCL_NAME, TCL_DISPLAY, TCL_ORDER_NO,
TCL_PRIMARY_KEY_FL, TCL_TYPE, TCL_LENGTH, TCL_MANDATORY_FL, TCL_DELETE_FL, TCL_VERSION_ID,
PTN_ID ) VALUES ( 
457, 49, NULL, 'ife_arg11_extra', 'ife_arg11_extra', 43, 'N', 'string', 255, 'N', 'N'
, 1, 1); 
INSERT INTO TABLE_COLUMN ( TCL_ID, TBD_ID, ENT_ID, TCL_NAME, TCL_DISPLAY, TCL_ORDER_NO,
TCL_PRIMARY_KEY_FL, TCL_TYPE, TCL_LENGTH, TCL_MANDATORY_FL, TCL_DELETE_FL, TCL_VERSION_ID,
PTN_ID ) VALUES ( 
458, 49, NULL, 'ife_arg12_name', 'ife_arg12_name', 44, 'N', 'string', 255, 'N', 'N'
, 1, 1); 
INSERT INTO TABLE_COLUMN ( TCL_ID, TBD_ID, ENT_ID, TCL_NAME, TCL_DISPLAY, TCL_ORDER_NO,
TCL_PRIMARY_KEY_FL, TCL_TYPE, TCL_LENGTH, TCL_MANDATORY_FL, TCL_DELETE_FL, TCL_VERSION_ID,
PTN_ID ) VALUES ( 
459, 49, NULL, 'ife_arg12_mandatory_fl', 'ife_arg12_mandatory_fl', 45, 'N', 'bool'
, 1, 'Y', 'N', 1, 1); 
INSERT INTO TABLE_COLUMN ( TCL_ID, TBD_ID, ENT_ID, TCL_NAME, TCL_DISPLAY, TCL_ORDER_NO,
TCL_PRIMARY_KEY_FL, TCL_TYPE, TCL_LENGTH, TCL_MANDATORY_FL, TCL_DELETE_FL, TCL_VERSION_ID,
PTN_ID ) VALUES ( 
460, 49, NULL, 'ife_arg12_extra', 'ife_arg12_extra', 46, 'N', 'string', 255, 'N', 'N'
, 1, 1); 
INSERT INTO TABLE_COLUMN ( TCL_ID, TBD_ID, ENT_ID, TCL_NAME, TCL_DISPLAY, TCL_ORDER_NO,
TCL_PRIMARY_KEY_FL, TCL_TYPE, TCL_LENGTH, TCL_MANDATORY_FL, TCL_DELETE_FL, TCL_VERSION_ID,
PTN_ID ) VALUES ( 
461, 49, NULL, 'ife_arg13_name', 'ife_arg13_name', 47, 'N', 'string', 255, 'N', 'N'
, 1, 1); 
INSERT INTO TABLE_COLUMN ( TCL_ID, TBD_ID, ENT_ID, TCL_NAME, TCL_DISPLAY, TCL_ORDER_NO,
TCL_PRIMARY_KEY_FL, TCL_TYPE, TCL_LENGTH, TCL_MANDATORY_FL, TCL_DELETE_FL, TCL_VERSION_ID,
PTN_ID ) VALUES ( 
462, 49, NULL, 'ife_arg13_mandatory_fl', 'ife_arg13_mandatory_fl', 48, 'N', 'bool'
, 1, 'Y', 'N', 1, 1); 
INSERT INTO TABLE_COLUMN ( TCL_ID, TBD_ID, ENT_ID, TCL_NAME, TCL_DISPLAY, TCL_ORDER_NO,
TCL_PRIMARY_KEY_FL, TCL_TYPE, TCL_LENGTH, TCL_MANDATORY_FL, TCL_DELETE_FL, TCL_VERSION_ID,
PTN_ID ) VALUES ( 
463, 49, NULL, 'ife_arg13_extra', 'ife_arg13_extra', 49, 'N', 'string', 255, 'N', 'N'
, 1, 1); 
INSERT INTO TABLE_COLUMN ( TCL_ID, TBD_ID, ENT_ID, TCL_NAME, TCL_DISPLAY, TCL_ORDER_NO,
TCL_PRIMARY_KEY_FL, TCL_TYPE, TCL_LENGTH, TCL_MANDATORY_FL, TCL_DELETE_FL, TCL_VERSION_ID,
PTN_ID ) VALUES ( 
464, 49, NULL, 'ife_arg14_name', 'ife_arg14_name', 50, 'N', 'string', 255, 'N', 'N'
, 1, 1); 
INSERT INTO TABLE_COLUMN ( TCL_ID, TBD_ID, ENT_ID, TCL_NAME, TCL_DISPLAY, TCL_ORDER_NO,
TCL_PRIMARY_KEY_FL, TCL_TYPE, TCL_LENGTH, TCL_MANDATORY_FL, TCL_DELETE_FL, TCL_VERSION_ID,
PTN_ID ) VALUES ( 
465, 49, NULL, 'ife_arg14_mandatory_fl', 'ife_arg14_mandatory_fl', 51, 'N', 'bool'
, 1, 'Y', 'N', 1, 1); 
INSERT INTO TABLE_COLUMN ( TCL_ID, TBD_ID, ENT_ID, TCL_NAME, TCL_DISPLAY, TCL_ORDER_NO,
TCL_PRIMARY_KEY_FL, TCL_TYPE, TCL_LENGTH, TCL_MANDATORY_FL, TCL_DELETE_FL, TCL_VERSION_ID,
PTN_ID ) VALUES ( 
466, 49, NULL, 'ife_arg14_extra', 'ife_arg14_extra', 52, 'N', 'string', 255, 'N', 'N'
, 1, 1); 
INSERT INTO TABLE_COLUMN ( TCL_ID, TBD_ID, ENT_ID, TCL_NAME, TCL_DISPLAY, TCL_ORDER_NO,
TCL_PRIMARY_KEY_FL, TCL_TYPE, TCL_LENGTH, TCL_MANDATORY_FL, TCL_DELETE_FL, TCL_VERSION_ID,
PTN_ID ) VALUES ( 
467, 49, NULL, 'ife_arg15_name', 'ife_arg15_name', 53, 'N', 'string', 255, 'N', 'N'
, 1, 1); 
INSERT INTO TABLE_COLUMN ( TCL_ID, TBD_ID, ENT_ID, TCL_NAME, TCL_DISPLAY, TCL_ORDER_NO,
TCL_PRIMARY_KEY_FL, TCL_TYPE, TCL_LENGTH, TCL_MANDATORY_FL, TCL_DELETE_FL, TCL_VERSION_ID,
PTN_ID ) VALUES ( 
468, 49, NULL, 'ife_arg15_mandatory_fl', 'ife_arg15_mandatory_fl', 54, 'N', 'bool'
, 1, 'Y', 'N', 1, 1); 
INSERT INTO TABLE_COLUMN ( TCL_ID, TBD_ID, ENT_ID, TCL_NAME, TCL_DISPLAY, TCL_ORDER_NO,
TCL_PRIMARY_KEY_FL, TCL_TYPE, TCL_LENGTH, TCL_MANDATORY_FL, TCL_DELETE_FL, TCL_VERSION_ID,
PTN_ID ) VALUES ( 
469, 49, NULL, 'ife_arg15_extra', 'ife_arg15_extra', 55, 'N', 'string', 255, 'N', 'N'
, 1, 1); 
INSERT INTO TABLE_COLUMN ( TCL_ID, TBD_ID, ENT_ID, TCL_NAME, TCL_DISPLAY, TCL_ORDER_NO,
TCL_PRIMARY_KEY_FL, TCL_TYPE, TCL_LENGTH, TCL_MANDATORY_FL, TCL_DELETE_FL, TCL_VERSION_ID,
PTN_ID ) VALUES ( 
470, 49, NULL, 'ife_arg16_name', 'ife_arg16_name', 56, 'N', 'string', 255, 'N', 'N'
, 1, 1); 
INSERT INTO TABLE_COLUMN ( TCL_ID, TBD_ID, ENT_ID, TCL_NAME, TCL_DISPLAY, TCL_ORDER_NO,
TCL_PRIMARY_KEY_FL, TCL_TYPE, TCL_LENGTH, TCL_MANDATORY_FL, TCL_DELETE_FL, TCL_VERSION_ID,
PTN_ID ) VALUES ( 
471, 49, NULL, 'ife_arg16_mandatory_fl', 'ife_arg16_mandatory_fl', 57, 'N', 'bool'
, 1, 'Y', 'N', 1, 1); 
INSERT INTO TABLE_COLUMN ( TCL_ID, TBD_ID, ENT_ID, TCL_NAME, TCL_DISPLAY, TCL_ORDER_NO,
TCL_PRIMARY_KEY_FL, TCL_TYPE, TCL_LENGTH, TCL_MANDATORY_FL, TCL_DELETE_FL, TCL_VERSION_ID,
PTN_ID ) VALUES ( 
472, 49, NULL, 'ife_arg16_extra', 'ife_arg16_extra', 58, 'N', 'string', 255, 'N', 'N'
, 1, 1); 
INSERT INTO TABLE_COLUMN ( TCL_ID, TBD_ID, ENT_ID, TCL_NAME, TCL_DISPLAY, TCL_ORDER_NO,
TCL_PRIMARY_KEY_FL, TCL_TYPE, TCL_LENGTH, TCL_MANDATORY_FL, TCL_DELETE_FL, TCL_VERSION_ID,
PTN_ID ) VALUES ( 
473, 49, NULL, 'ife_arg17_name', 'ife_arg17_name', 59, 'N', 'string', 255, 'N', 'N'
, 1, 1); 
INSERT INTO TABLE_COLUMN ( TCL_ID, TBD_ID, ENT_ID, TCL_NAME, TCL_DISPLAY, TCL_ORDER_NO,
TCL_PRIMARY_KEY_FL, TCL_TYPE, TCL_LENGTH, TCL_MANDATORY_FL, TCL_DELETE_FL, TCL_VERSION_ID,
PTN_ID ) VALUES ( 
474, 49, NULL, 'ife_arg17_mandatory_fl', 'ife_arg17_mandatory_fl', 60, 'N', 'bool'
, 1, 'Y', 'N', 1, 1); 
INSERT INTO TABLE_COLUMN ( TCL_ID, TBD_ID, ENT_ID, TCL_NAME, TCL_DISPLAY, TCL_ORDER_NO,
TCL_PRIMARY_KEY_FL, TCL_TYPE, TCL_LENGTH, TCL_MANDATORY_FL, TCL_DELETE_FL, TCL_VERSION_ID,
PTN_ID ) VALUES ( 
475, 49, NULL, 'ife_arg17_extra', 'ife_arg17_extra', 61, 'N', 'string', 255, 'N', 'N'
, 1, 1); 
INSERT INTO TABLE_COLUMN ( TCL_ID, TBD_ID, ENT_ID, TCL_NAME, TCL_DISPLAY, TCL_ORDER_NO,
TCL_PRIMARY_KEY_FL, TCL_TYPE, TCL_LENGTH, TCL_MANDATORY_FL, TCL_DELETE_FL, TCL_VERSION_ID,
PTN_ID ) VALUES ( 
476, 49, NULL, 'ife_arg18_name', 'ife_arg18_name', 62, 'N', 'string', 255, 'N', 'N'
, 1, 1); 
INSERT INTO TABLE_COLUMN ( TCL_ID, TBD_ID, ENT_ID, TCL_NAME, TCL_DISPLAY, TCL_ORDER_NO,
TCL_PRIMARY_KEY_FL, TCL_TYPE, TCL_LENGTH, TCL_MANDATORY_FL, TCL_DELETE_FL, TCL_VERSION_ID,
PTN_ID ) VALUES ( 
477, 49, NULL, 'ife_arg18_mandatory_fl', 'ife_arg18_mandatory_fl', 63, 'N', 'bool'
, 1, 'Y', 'N', 1, 1); 
INSERT INTO TABLE_COLUMN ( TCL_ID, TBD_ID, ENT_ID, TCL_NAME, TCL_DISPLAY, TCL_ORDER_NO,
TCL_PRIMARY_KEY_FL, TCL_TYPE, TCL_LENGTH, TCL_MANDATORY_FL, TCL_DELETE_FL, TCL_VERSION_ID,
PTN_ID ) VALUES ( 
478, 49, NULL, 'ife_arg18_extra', 'ife_arg18_extra', 64, 'N', 'string', 255, 'N', 'N'
, 1, 1); 
INSERT INTO TABLE_COLUMN ( TCL_ID, TBD_ID, ENT_ID, TCL_NAME, TCL_DISPLAY, TCL_ORDER_NO,
TCL_PRIMARY_KEY_FL, TCL_TYPE, TCL_LENGTH, TCL_MANDATORY_FL, TCL_DELETE_FL, TCL_VERSION_ID,
PTN_ID ) VALUES ( 
479, 49, NULL, 'ife_arg19_name', 'ife_arg19_name', 65, 'N', 'string', 255, 'N', 'N'
, 1, 1); 
INSERT INTO TABLE_COLUMN ( TCL_ID, TBD_ID, ENT_ID, TCL_NAME, TCL_DISPLAY, TCL_ORDER_NO,
TCL_PRIMARY_KEY_FL, TCL_TYPE, TCL_LENGTH, TCL_MANDATORY_FL, TCL_DELETE_FL, TCL_VERSION_ID,
PTN_ID ) VALUES ( 
480, 49, NULL, 'ife_arg19_mandatory_fl', 'ife_arg19_mandatory_fl', 66, 'N', 'bool'
, 1, 'Y', 'N', 1, 1); 
INSERT INTO TABLE_COLUMN ( TCL_ID, TBD_ID, ENT_ID, TCL_NAME, TCL_DISPLAY, TCL_ORDER_NO,
TCL_PRIMARY_KEY_FL, TCL_TYPE, TCL_LENGTH, TCL_MANDATORY_FL, TCL_DELETE_FL, TCL_VERSION_ID,
PTN_ID ) VALUES ( 
481, 49, NULL, 'ife_arg19_extra', 'ife_arg19_extra', 67, 'N', 'string', 255, 'N', 'N'
, 1, 1); 
INSERT INTO TABLE_COLUMN ( TCL_ID, TBD_ID, ENT_ID, TCL_NAME, TCL_DISPLAY, TCL_ORDER_NO,
TCL_PRIMARY_KEY_FL, TCL_TYPE, TCL_LENGTH, TCL_MANDATORY_FL, TCL_DELETE_FL, TCL_VERSION_ID,
PTN_ID ) VALUES ( 
482, 49, NULL, 'ife_arg20_name', 'ife_arg20_name', 68, 'N', 'string', 255, 'N', 'N'
, 1, 1); 
INSERT INTO TABLE_COLUMN ( TCL_ID, TBD_ID, ENT_ID, TCL_NAME, TCL_DISPLAY, TCL_ORDER_NO,
TCL_PRIMARY_KEY_FL, TCL_TYPE, TCL_LENGTH, TCL_MANDATORY_FL, TCL_DELETE_FL, TCL_VERSION_ID,
PTN_ID ) VALUES ( 
483, 49, NULL, 'ife_arg20_mandatory_fl', 'ife_arg20_mandatory_fl', 69, 'N', 'bool'
, 1, 'Y', 'N', 1, 1); 
INSERT INTO TABLE_COLUMN ( TCL_ID, TBD_ID, ENT_ID, TCL_NAME, TCL_DISPLAY, TCL_ORDER_NO,
TCL_PRIMARY_KEY_FL, TCL_TYPE, TCL_LENGTH, TCL_MANDATORY_FL, TCL_DELETE_FL, TCL_VERSION_ID,
PTN_ID ) VALUES ( 
484, 49, NULL, 'ife_arg20_extra', 'ife_arg20_extra', 70, 'N', 'string', 255, 'N', 'N'
, 1, 1); 
INSERT INTO TABLE_COLUMN ( TCL_ID, TBD_ID, ENT_ID, TCL_NAME, TCL_DISPLAY, TCL_ORDER_NO,
TCL_PRIMARY_KEY_FL, TCL_TYPE, TCL_LENGTH, TCL_MANDATORY_FL, TCL_DELETE_FL, TCL_VERSION_ID,
PTN_ID ) VALUES ( 
485, 49, NULL, 'ife_delete_fl', 'ife_delete_fl', 71, 'N', 'bool', 1, 'Y', 'N', 1, 1); 
INSERT INTO TABLE_COLUMN ( TCL_ID, TBD_ID, ENT_ID, TCL_NAME, TCL_DISPLAY, TCL_ORDER_NO,
TCL_PRIMARY_KEY_FL, TCL_TYPE, TCL_LENGTH, TCL_MANDATORY_FL, TCL_DELETE_FL, TCL_VERSION_ID,
PTN_ID ) VALUES ( 
486, 49, NULL, 'ife_version_id', 'ife_version_id', 72, 'N', 'int', 10, 'Y', 'N', 1
, 1); 
INSERT INTO TABLE_COLUMN ( TCL_ID, TBD_ID, ENT_ID, TCL_NAME, TCL_DISPLAY, TCL_ORDER_NO,
TCL_PRIMARY_KEY_FL, TCL_TYPE, TCL_LENGTH, TCL_MANDATORY_FL, TCL_DELETE_FL, TCL_VERSION_ID,
PTN_ID ) VALUES ( 
487, 49, NULL, 'ptn_id', 'ptn_id', 73, 'N', 'int', 10, 'Y', 'N', 1, 1); 
INSERT INTO TABLE_COLUMN ( TCL_ID, TBD_ID, ENT_ID, TCL_NAME, TCL_DISPLAY, TCL_ORDER_NO,
TCL_PRIMARY_KEY_FL, TCL_TYPE, TCL_LENGTH, TCL_MANDATORY_FL, TCL_DELETE_FL, TCL_VERSION_ID,
PTN_ID ) VALUES ( 
488, 50, NULL, 'cpg_id', 'cpg_id', 0, 'Y', 'int', 10, 'Y', 'N', 1, 1); 
INSERT INTO TABLE_COLUMN ( TCL_ID, TBD_ID, ENT_ID, TCL_NAME, TCL_DISPLAY, TCL_ORDER_NO,
TCL_PRIMARY_KEY_FL, TCL_TYPE, TCL_LENGTH, TCL_MANDATORY_FL, TCL_DELETE_FL, TCL_VERSION_ID,
PTN_ID ) VALUES ( 
489, 50, NULL, 'chr_id', 'chr_id', 1, 'N', 'int', 10, 'Y', 'N', 1, 1); 
INSERT INTO TABLE_COLUMN ( TCL_ID, TBD_ID, ENT_ID, TCL_NAME, TCL_DISPLAY, TCL_ORDER_NO,
TCL_PRIMARY_KEY_FL, TCL_TYPE, TCL_LENGTH, TCL_MANDATORY_FL, TCL_DELETE_FL, TCL_VERSION_ID,
PTN_ID ) VALUES ( 
490, 50, NULL, 'cpg_pig_id', 'cpg_pig_id', 2, 'N', 'int', 10, 'N', 'N', 1, 1); 
INSERT INTO TABLE_COLUMN ( TCL_ID, TBD_ID, ENT_ID, TCL_NAME, TCL_DISPLAY, TCL_ORDER_NO,
TCL_PRIMARY_KEY_FL, TCL_TYPE, TCL_LENGTH, TCL_MANDATORY_FL, TCL_DELETE_FL, TCL_VERSION_ID,
PTN_ID ) VALUES ( 
491, 50, NULL, 'cpg_pdg_key', 'cpg_pdg_key', 3, 'N', 'string', 255, 'Y', 'N', 1, 1); 
INSERT INTO TABLE_COLUMN ( TCL_ID, TBD_ID, ENT_ID, TCL_NAME, TCL_DISPLAY, TCL_ORDER_NO,
TCL_PRIMARY_KEY_FL, TCL_TYPE, TCL_LENGTH, TCL_MANDATORY_FL, TCL_DELETE_FL, TCL_VERSION_ID,
PTN_ID ) VALUES ( 
492, 50, NULL, 'cpg_tag_name', 'cpg_tag_name', 4, 'N', 'string', 255, 'Y', 'N', 1
, 1); 
INSERT INTO TABLE_COLUMN ( TCL_ID, TBD_ID, ENT_ID, TCL_NAME, TCL_DISPLAY, TCL_ORDER_NO,
TCL_PRIMARY_KEY_FL, TCL_TYPE, TCL_LENGTH, TCL_MANDATORY_FL, TCL_DELETE_FL, TCL_VERSION_ID,
PTN_ID ) VALUES ( 
493, 50, NULL, 'cpg_delete_fl', 'cpg_delete_fl', 5, 'N', 'bool', 1, 'Y', 'N', 1, 1); 
INSERT INTO TABLE_COLUMN ( TCL_ID, TBD_ID, ENT_ID, TCL_NAME, TCL_DISPLAY, TCL_ORDER_NO,
TCL_PRIMARY_KEY_FL, TCL_TYPE, TCL_LENGTH, TCL_MANDATORY_FL, TCL_DELETE_FL, TCL_VERSION_ID,
PTN_ID ) VALUES ( 
494, 50, NULL, 'cpg_version_id', 'cpg_version_id', 6, 'N', 'int', 10, 'Y', 'N', 1
, 1); 
INSERT INTO TABLE_COLUMN ( TCL_ID, TBD_ID, ENT_ID, TCL_NAME, TCL_DISPLAY, TCL_ORDER_NO,
TCL_PRIMARY_KEY_FL, TCL_TYPE, TCL_LENGTH, TCL_MANDATORY_FL, TCL_DELETE_FL, TCL_VERSION_ID,
PTN_ID ) VALUES ( 
495, 50, NULL, 'ptn_id', 'ptn_id', 7, 'N', 'int', 10, 'Y', 'N', 1, 1); 
INSERT INTO TABLE_COLUMN ( TCL_ID, TBD_ID, ENT_ID, TCL_NAME, TCL_DISPLAY, TCL_ORDER_NO,
TCL_PRIMARY_KEY_FL, TCL_TYPE, TCL_LENGTH, TCL_MANDATORY_FL, TCL_DELETE_FL, TCL_VERSION_ID,
PTN_ID ) VALUES ( 
496, 51, NULL, 'tic_id', 'tic_id', 0, 'Y', 'int', 10, 'Y', 'N', 1, 1); 
INSERT INTO TABLE_COLUMN ( TCL_ID, TBD_ID, ENT_ID, TCL_NAME, TCL_DISPLAY, TCL_ORDER_NO,
TCL_PRIMARY_KEY_FL, TCL_TYPE, TCL_LENGTH, TCL_MANDATORY_FL, TCL_DELETE_FL, TCL_VERSION_ID,
PTN_ID ) VALUES ( 
497, 51, NULL, 'tix_id', 'tix_id', 1, 'N', 'int', 10, 'Y', 'N', 1, 1); 
INSERT INTO TABLE_COLUMN ( TCL_ID, TBD_ID, ENT_ID, TCL_NAME, TCL_DISPLAY, TCL_ORDER_NO,
TCL_PRIMARY_KEY_FL, TCL_TYPE, TCL_LENGTH, TCL_MANDATORY_FL, TCL_DELETE_FL, TCL_VERSION_ID,
PTN_ID ) VALUES ( 
498, 51, NULL, 'tcl_id', 'tcl_id', 2, 'N', 'int', 10, 'Y', 'N', 1, 1); 
INSERT INTO TABLE_COLUMN ( TCL_ID, TBD_ID, ENT_ID, TCL_NAME, TCL_DISPLAY, TCL_ORDER_NO,
TCL_PRIMARY_KEY_FL, TCL_TYPE, TCL_LENGTH, TCL_MANDATORY_FL, TCL_DELETE_FL, TCL_VERSION_ID,
PTN_ID ) VALUES ( 
499, 51, NULL, 'tic_order_no', 'tic_order_no', 3, 'N', 'int', 10, 'Y', 'N', 1, 1); 
INSERT INTO TABLE_COLUMN ( TCL_ID, TBD_ID, ENT_ID, TCL_NAME, TCL_DISPLAY, TCL_ORDER_NO,
TCL_PRIMARY_KEY_FL, TCL_TYPE, TCL_LENGTH, TCL_MANDATORY_FL, TCL_DELETE_FL, TCL_VERSION_ID,
PTN_ID ) VALUES ( 
500, 51, NULL, 'tic_delete_fl', 'tic_delete_fl', 4, 'N', 'bool', 1, 'Y', 'N', 1, 1); 
INSERT INTO TABLE_COLUMN ( TCL_ID, TBD_ID, ENT_ID, TCL_NAME, TCL_DISPLAY, TCL_ORDER_NO,
TCL_PRIMARY_KEY_FL, TCL_TYPE, TCL_LENGTH, TCL_MANDATORY_FL, TCL_DELETE_FL, TCL_VERSION_ID,
PTN_ID ) VALUES ( 
501, 51, NULL, 'tic_version_id', 'tic_version_id', 5, 'N', 'int', 10, 'Y', 'N', 1
, 1); 
INSERT INTO TABLE_COLUMN ( TCL_ID, TBD_ID, ENT_ID, TCL_NAME, TCL_DISPLAY, TCL_ORDER_NO,
TCL_PRIMARY_KEY_FL, TCL_TYPE, TCL_LENGTH, TCL_MANDATORY_FL, TCL_DELETE_FL, TCL_VERSION_ID,
PTN_ID ) VALUES ( 
502, 51, NULL, 'ptn_id', 'ptn_id', 6, 'N', 'int', 10, 'Y', 'N', 1, 1); 
INSERT INTO TABLE_COLUMN ( TCL_ID, TBD_ID, ENT_ID, TCL_NAME, TCL_DISPLAY, TCL_ORDER_NO,
TCL_PRIMARY_KEY_FL, TCL_TYPE, TCL_LENGTH, TCL_MANDATORY_FL, TCL_DELETE_FL, TCL_VERSION_ID,
PTN_ID ) VALUES ( 
503, 52, NULL, 'est_id', 'est_id', 0, 'Y', 'int', 10, 'Y', 'N', 1, 1); 
INSERT INTO TABLE_COLUMN ( TCL_ID, TBD_ID, ENT_ID, TCL_NAME, TCL_DISPLAY, TCL_ORDER_NO,
TCL_PRIMARY_KEY_FL, TCL_TYPE, TCL_LENGTH, TCL_MANDATORY_FL, TCL_DELETE_FL, TCL_VERSION_ID,
PTN_ID ) VALUES ( 
504, 52, NULL, 'est_name', 'est_name', 1, 'N', 'string', 255, 'Y', 'N', 1, 1); 
INSERT INTO TABLE_COLUMN ( TCL_ID, TBD_ID, ENT_ID, TCL_NAME, TCL_DISPLAY, TCL_ORDER_NO,
TCL_PRIMARY_KEY_FL, TCL_TYPE, TCL_LENGTH, TCL_MANDATORY_FL, TCL_DELETE_FL, TCL_VERSION_ID,
PTN_ID ) VALUES ( 
505, 52, NULL, 'est_delete_fl', 'est_delete_fl', 2, 'N', 'bool', 1, 'Y', 'N', 1, 1); 
INSERT INTO TABLE_COLUMN ( TCL_ID, TBD_ID, ENT_ID, TCL_NAME, TCL_DISPLAY, TCL_ORDER_NO,
TCL_PRIMARY_KEY_FL, TCL_TYPE, TCL_LENGTH, TCL_MANDATORY_FL, TCL_DELETE_FL, TCL_VERSION_ID,
PTN_ID ) VALUES ( 
506, 52, NULL, 'est_version_id', 'est_version_id', 3, 'N', 'int', 10, 'Y', 'N', 1
, 1); 
INSERT INTO TABLE_COLUMN ( TCL_ID, TBD_ID, ENT_ID, TCL_NAME, TCL_DISPLAY, TCL_ORDER_NO,
TCL_PRIMARY_KEY_FL, TCL_TYPE, TCL_LENGTH, TCL_MANDATORY_FL, TCL_DELETE_FL, TCL_VERSION_ID,
PTN_ID ) VALUES ( 
507, 52, NULL, 'ptn_id', 'ptn_id', 4, 'N', 'int', 10, 'Y', 'N', 1, 1); 
INSERT INTO TABLE_COLUMN ( TCL_ID, TBD_ID, ENT_ID, TCL_NAME, TCL_DISPLAY, TCL_ORDER_NO,
TCL_PRIMARY_KEY_FL, TCL_TYPE, TCL_LENGTH, TCL_MANDATORY_FL, TCL_DELETE_FL, TCL_VERSION_ID,
PTN_ID ) VALUES ( 
508, 53, NULL, 'ass_id', 'ass_id', 0, 'Y', 'int', 10, 'Y', 'N', 1, 1); 
INSERT INTO TABLE_COLUMN ( TCL_ID, TBD_ID, ENT_ID, TCL_NAME, TCL_DISPLAY, TCL_ORDER_NO,
TCL_PRIMARY_KEY_FL, TCL_TYPE, TCL_LENGTH, TCL_MANDATORY_FL, TCL_DELETE_FL, TCL_VERSION_ID,
PTN_ID ) VALUES ( 
509, 53, NULL, 'asq_id', 'asq_id', 1, 'N', 'int', 10, 'Y', 'N', 1, 1); 
INSERT INTO TABLE_COLUMN ( TCL_ID, TBD_ID, ENT_ID, TCL_NAME, TCL_DISPLAY, TCL_ORDER_NO,
TCL_PRIMARY_KEY_FL, TCL_TYPE, TCL_LENGTH, TCL_MANDATORY_FL, TCL_DELETE_FL, TCL_VERSION_ID,
PTN_ID ) VALUES ( 
510, 53, NULL, 'ass_actual_column_name', 'ass_actual_column_name', 2, 'N', 'string'
, 255, 'Y', 'N', 1, 1); 
INSERT INTO TABLE_COLUMN ( TCL_ID, TBD_ID, ENT_ID, TCL_NAME, TCL_DISPLAY, TCL_ORDER_NO,
TCL_PRIMARY_KEY_FL, TCL_TYPE, TCL_LENGTH, TCL_MANDATORY_FL, TCL_DELETE_FL, TCL_VERSION_ID,
PTN_ID ) VALUES ( 
511, 53, NULL, 'ass_display_column_name', 'ass_display_column_name', 3, 'N', 'string'
, 255, 'Y', 'N', 1, 1); 
INSERT INTO TABLE_COLUMN ( TCL_ID, TBD_ID, ENT_ID, TCL_NAME, TCL_DISPLAY, TCL_ORDER_NO,
TCL_PRIMARY_KEY_FL, TCL_TYPE, TCL_LENGTH, TCL_MANDATORY_FL, TCL_DELETE_FL, TCL_VERSION_ID,
PTN_ID ) VALUES ( 
512, 53, NULL, 'ass_column_type_name', 'ass_column_type_name', 4, 'N', 'string', 255
, 'Y', 'N', 1, 1); 
INSERT INTO TABLE_COLUMN ( TCL_ID, TBD_ID, ENT_ID, TCL_NAME, TCL_DISPLAY, TCL_ORDER_NO,
TCL_PRIMARY_KEY_FL, TCL_TYPE, TCL_LENGTH, TCL_MANDATORY_FL, TCL_DELETE_FL, TCL_VERSION_ID,
PTN_ID ) VALUES ( 
513, 53, NULL, 'ass_column_s_q_l_type', 'ass_column_s_q_l_type', 5, 'N', 'int', 10
, 'Y', 'N', 1, 1); 
INSERT INTO TABLE_COLUMN ( TCL_ID, TBD_ID, ENT_ID, TCL_NAME, TCL_DISPLAY, TCL_ORDER_NO,
TCL_PRIMARY_KEY_FL, TCL_TYPE, TCL_LENGTH, TCL_MANDATORY_FL, TCL_DELETE_FL, TCL_VERSION_ID,
PTN_ID ) VALUES ( 
514, 53, NULL, 'ass_aggregate', 'ass_aggregate', 6, 'N', 'string', 255, 'N', 'N', 1
, 1); 
INSERT INTO TABLE_COLUMN ( TCL_ID, TBD_ID, ENT_ID, TCL_NAME, TCL_DISPLAY, TCL_ORDER_NO,
TCL_PRIMARY_KEY_FL, TCL_TYPE, TCL_LENGTH, TCL_MANDATORY_FL, TCL_DELETE_FL, TCL_VERSION_ID,
PTN_ID ) VALUES ( 
515, 53, NULL, 'ass_order_no', 'ass_order_no', 7, 'N', 'int', 10, 'Y', 'N', 1, 1); 
INSERT INTO TABLE_COLUMN ( TCL_ID, TBD_ID, ENT_ID, TCL_NAME, TCL_DISPLAY, TCL_ORDER_NO,
TCL_PRIMARY_KEY_FL, TCL_TYPE, TCL_LENGTH, TCL_MANDATORY_FL, TCL_DELETE_FL, TCL_VERSION_ID,
PTN_ID ) VALUES ( 
516, 53, NULL, 'ass_delete_fl', 'ass_delete_fl', 8, 'N', 'bool', 1, 'Y', 'N', 1, 1); 
INSERT INTO TABLE_COLUMN ( TCL_ID, TBD_ID, ENT_ID, TCL_NAME, TCL_DISPLAY, TCL_ORDER_NO,
TCL_PRIMARY_KEY_FL, TCL_TYPE, TCL_LENGTH, TCL_MANDATORY_FL, TCL_DELETE_FL, TCL_VERSION_ID,
PTN_ID ) VALUES ( 
1201, 130, NULL, 'ali_id', 'ali_id', 5, 'N', 'int', 10, 'N', 'N', 1, 1); 
INSERT INTO TABLE_COLUMN ( TCL_ID, TBD_ID, ENT_ID, TCL_NAME, TCL_DISPLAY, TCL_ORDER_NO,
TCL_PRIMARY_KEY_FL, TCL_TYPE, TCL_LENGTH, TCL_MANDATORY_FL, TCL_DELETE_FL, TCL_VERSION_ID,
PTN_ID ) VALUES ( 
686, 71, NULL, 'cos_version_id', 'cos_version_id', 23, 'N', 'int', 10, 'Y', 'N', 1
, 1); 
INSERT INTO TABLE_COLUMN ( TCL_ID, TBD_ID, ENT_ID, TCL_NAME, TCL_DISPLAY, TCL_ORDER_NO,
TCL_PRIMARY_KEY_FL, TCL_TYPE, TCL_LENGTH, TCL_MANDATORY_FL, TCL_DELETE_FL, TCL_VERSION_ID,
PTN_ID ) VALUES ( 
687, 71, NULL, 'ptn_id', 'ptn_id', 24, 'N', 'int', 10, 'Y', 'N', 1, 1); 
INSERT INTO TABLE_COLUMN ( TCL_ID, TBD_ID, ENT_ID, TCL_NAME, TCL_DISPLAY, TCL_ORDER_NO,
TCL_PRIMARY_KEY_FL, TCL_TYPE, TCL_LENGTH, TCL_MANDATORY_FL, TCL_DELETE_FL, TCL_VERSION_ID,
PTN_ID ) VALUES ( 
688, 72, NULL, 'ffl_id', 'ffl_id', 0, 'Y', 'int', 10, 'Y', 'N', 1, 1); 
INSERT INTO TABLE_COLUMN ( TCL_ID, TBD_ID, ENT_ID, TCL_NAME, TCL_DISPLAY, TCL_ORDER_NO,
TCL_PRIMARY_KEY_FL, TCL_TYPE, TCL_LENGTH, TCL_MANDATORY_FL, TCL_DELETE_FL, TCL_VERSION_ID,
PTN_ID ) VALUES ( 
689, 72, NULL, 'fil_id', 'fil_id', 1, 'N', 'int', 10, 'Y', 'N', 1, 1); 
INSERT INTO TABLE_COLUMN ( TCL_ID, TBD_ID, ENT_ID, TCL_NAME, TCL_DISPLAY, TCL_ORDER_NO,
TCL_PRIMARY_KEY_FL, TCL_TYPE, TCL_LENGTH, TCL_MANDATORY_FL, TCL_DELETE_FL, TCL_VERSION_ID,
PTN_ID ) VALUES ( 
690, 72, NULL, 'fcn_id', 'fcn_id', 2, 'N', 'int', 10, 'Y', 'N', 1, 1); 
INSERT INTO TABLE_COLUMN ( TCL_ID, TBD_ID, ENT_ID, TCL_NAME, TCL_DISPLAY, TCL_ORDER_NO,
TCL_PRIMARY_KEY_FL, TCL_TYPE, TCL_LENGTH, TCL_MANDATORY_FL, TCL_DELETE_FL, TCL_VERSION_ID,
PTN_ID ) VALUES ( 
691, 72, NULL, 'ffl_first_seq_number', 'ffl_first_seq_number', 3, 'N', 'int', 10, 'Y'
, 'N', 1, 1); 
INSERT INTO TABLE_COLUMN ( TCL_ID, TBD_ID, ENT_ID, TCL_NAME, TCL_DISPLAY, TCL_ORDER_NO,
TCL_PRIMARY_KEY_FL, TCL_TYPE, TCL_LENGTH, TCL_MANDATORY_FL, TCL_DELETE_FL, TCL_VERSION_ID,
PTN_ID ) VALUES ( 
692, 72, NULL, 'ffl_last_seq_time', 'ffl_last_seq_time', 4, 'N', 'datetime', -1, 'Y'
, 'N', 1, 1); 
INSERT INTO TABLE_COLUMN ( TCL_ID, TBD_ID, ENT_ID, TCL_NAME, TCL_DISPLAY, TCL_ORDER_NO,
TCL_PRIMARY_KEY_FL, TCL_TYPE, TCL_LENGTH, TCL_MANDATORY_FL, TCL_DELETE_FL, TCL_VERSION_ID,
PTN_ID ) VALUES ( 
693, 72, NULL, 'ffl_last_seq_number', 'ffl_last_seq_number', 5, 'N', 'int', 10, 'Y'
, 'N', 1, 1); 
INSERT INTO TABLE_COLUMN ( TCL_ID, TBD_ID, ENT_ID, TCL_NAME, TCL_DISPLAY, TCL_ORDER_NO,
TCL_PRIMARY_KEY_FL, TCL_TYPE, TCL_LENGTH, TCL_MANDATORY_FL, TCL_DELETE_FL, TCL_VERSION_ID,
PTN_ID ) VALUES ( 
694, 72, NULL, 'ffl_first_seq_time', 'ffl_first_seq_time', 6, 'N', 'datetime', -1
, 'Y', 'N', 1, 1); 
INSERT INTO TABLE_COLUMN ( TCL_ID, TBD_ID, ENT_ID, TCL_NAME, TCL_DISPLAY, TCL_ORDER_NO,
TCL_PRIMARY_KEY_FL, TCL_TYPE, TCL_LENGTH, TCL_MANDATORY_FL, TCL_DELETE_FL, TCL_VERSION_ID,
PTN_ID ) VALUES ( 
695, 72, NULL, 'ffl_start_fl', 'ffl_start_fl', 7, 'N', 'bool', 1, 'Y', 'N', 1, 1); 
INSERT INTO TABLE_COLUMN ( TCL_ID, TBD_ID, ENT_ID, TCL_NAME, TCL_DISPLAY, TCL_ORDER_NO,
TCL_PRIMARY_KEY_FL, TCL_TYPE, TCL_LENGTH, TCL_MANDATORY_FL, TCL_DELETE_FL, TCL_VERSION_ID,
PTN_ID ) VALUES ( 
696, 72, NULL, 'ffl_delete_fl', 'ffl_delete_fl', 8, 'N', 'bool', 1, 'Y', 'N', 1, 1); 
INSERT INTO TABLE_COLUMN ( TCL_ID, TBD_ID, ENT_ID, TCL_NAME, TCL_DISPLAY, TCL_ORDER_NO,
TCL_PRIMARY_KEY_FL, TCL_TYPE, TCL_LENGTH, TCL_MANDATORY_FL, TCL_DELETE_FL, TCL_VERSION_ID,
PTN_ID ) VALUES ( 
697, 72, NULL, 'ffl_version_id', 'ffl_version_id', 9, 'N', 'int', 10, 'Y', 'N', 1
, 1); 
INSERT INTO TABLE_COLUMN ( TCL_ID, TBD_ID, ENT_ID, TCL_NAME, TCL_DISPLAY, TCL_ORDER_NO,
TCL_PRIMARY_KEY_FL, TCL_TYPE, TCL_LENGTH, TCL_MANDATORY_FL, TCL_DELETE_FL, TCL_VERSION_ID,
PTN_ID ) VALUES ( 
698, 72, NULL, 'ptn_id', 'ptn_id', 10, 'N', 'int', 10, 'Y', 'N', 1, 1); 
INSERT INTO TABLE_COLUMN ( TCL_ID, TBD_ID, ENT_ID, TCL_NAME, TCL_DISPLAY, TCL_ORDER_NO,
TCL_PRIMARY_KEY_FL, TCL_TYPE, TCL_LENGTH, TCL_MANDATORY_FL, TCL_DELETE_FL, TCL_VERSION_ID,
PTN_ID ) VALUES ( 
699, 73, NULL, 'eeg_id', 'eeg_id', 0, 'Y', 'int', 10, 'Y', 'N', 1, 1); 
INSERT INTO TABLE_COLUMN ( TCL_ID, TBD_ID, ENT_ID, TCL_NAME, TCL_DISPLAY, TCL_ORDER_NO,
TCL_PRIMARY_KEY_FL, TCL_TYPE, TCL_LENGTH, TCL_MANDATORY_FL, TCL_DELETE_FL, TCL_VERSION_ID,
PTN_ID ) VALUES ( 
700, 73, NULL, 'exp_id', 'exp_id', 1, 'N', 'int', 10, 'Y', 'N', 1, 1); 
INSERT INTO TABLE_COLUMN ( TCL_ID, TBD_ID, ENT_ID, TCL_NAME, TCL_DISPLAY, TCL_ORDER_NO,
TCL_PRIMARY_KEY_FL, TCL_TYPE, TCL_LENGTH, TCL_MANDATORY_FL, TCL_DELETE_FL, TCL_VERSION_ID,
PTN_ID ) VALUES ( 
701, 73, NULL, 'ent_id', 'ent_id', 2, 'N', 'int', 10, 'Y', 'N', 1, 1); 
INSERT INTO TABLE_COLUMN ( TCL_ID, TBD_ID, ENT_ID, TCL_NAME, TCL_DISPLAY, TCL_ORDER_NO,
TCL_PRIMARY_KEY_FL, TCL_TYPE, TCL_LENGTH, TCL_MANDATORY_FL, TCL_DELETE_FL, TCL_VERSION_ID,
PTN_ID ) VALUES ( 
702, 73, NULL, 'eeg_delete_fl', 'eeg_delete_fl', 3, 'N', 'bool', 1, 'Y', 'N', 1, 1); 
INSERT INTO TABLE_COLUMN ( TCL_ID, TBD_ID, ENT_ID, TCL_NAME, TCL_DISPLAY, TCL_ORDER_NO,
TCL_PRIMARY_KEY_FL, TCL_TYPE, TCL_LENGTH, TCL_MANDATORY_FL, TCL_DELETE_FL, TCL_VERSION_ID,
PTN_ID ) VALUES ( 
703, 73, NULL, 'eeg_version_id', 'eeg_version_id', 4, 'N', 'int', 10, 'Y', 'N', 1
, 1); 
INSERT INTO TABLE_COLUMN ( TCL_ID, TBD_ID, ENT_ID, TCL_NAME, TCL_DISPLAY, TCL_ORDER_NO,
TCL_PRIMARY_KEY_FL, TCL_TYPE, TCL_LENGTH, TCL_MANDATORY_FL, TCL_DELETE_FL, TCL_VERSION_ID,
PTN_ID ) VALUES ( 
704, 73, NULL, 'ptn_id', 'ptn_id', 5, 'N', 'int', 10, 'Y', 'N', 1, 1); 
INSERT INTO TABLE_COLUMN ( TCL_ID, TBD_ID, ENT_ID, TCL_NAME, TCL_DISPLAY, TCL_ORDER_NO,
TCL_PRIMARY_KEY_FL, TCL_TYPE, TCL_LENGTH, TCL_MANDATORY_FL, TCL_DELETE_FL, TCL_VERSION_ID,
PTN_ID ) VALUES ( 
705, 74, NULL, 'tof_id', 'tof_id', 0, 'Y', 'int', 10, 'Y', 'N', 1, 1); 
INSERT INTO TABLE_COLUMN ( TCL_ID, TBD_ID, ENT_ID, TCL_NAME, TCL_DISPLAY, TCL_ORDER_NO,
TCL_PRIMARY_KEY_FL, TCL_TYPE, TCL_LENGTH, TCL_MANDATORY_FL, TCL_DELETE_FL, TCL_VERSION_ID,
PTN_ID ) VALUES ( 
706, 74, NULL, 'tsk_id', 'tsk_id', 1, 'N', 'int', 10, 'Y', 'N', 1, 1); 
INSERT INTO TABLE_COLUMN ( TCL_ID, TBD_ID, ENT_ID, TCL_NAME, TCL_DISPLAY, TCL_ORDER_NO,
TCL_PRIMARY_KEY_FL, TCL_TYPE, TCL_LENGTH, TCL_MANDATORY_FL, TCL_DELETE_FL, TCL_VERSION_ID,
PTN_ID ) VALUES ( 
707, 74, NULL, 'usp_id', 'usp_id', 2, 'N', 'int', 10, 'N', 'N', 1, 1); 
INSERT INTO TABLE_COLUMN ( TCL_ID, TBD_ID, ENT_ID, TCL_NAME, TCL_DISPLAY, TCL_ORDER_NO,
TCL_PRIMARY_KEY_FL, TCL_TYPE, TCL_LENGTH, TCL_MANDATORY_FL, TCL_DELETE_FL, TCL_VERSION_ID,
PTN_ID ) VALUES ( 
708, 74, NULL, 'fil_id', 'fil_id', 3, 'N', 'int', 10, 'Y', 'N', 1, 1); 
INSERT INTO TABLE_COLUMN ( TCL_ID, TBD_ID, ENT_ID, TCL_NAME, TCL_DISPLAY, TCL_ORDER_NO,
TCL_PRIMARY_KEY_FL, TCL_TYPE, TCL_LENGTH, TCL_MANDATORY_FL, TCL_DELETE_FL, TCL_VERSION_ID,
PTN_ID ) VALUES ( 
709, 74, NULL, 'tof_table', 'tof_table', 4, 'N', 'string', 255, 'N', 'N', 1, 1); 
INSERT INTO TABLE_COLUMN ( TCL_ID, TBD_ID, ENT_ID, TCL_NAME, TCL_DISPLAY, TCL_ORDER_NO,
TCL_PRIMARY_KEY_FL, TCL_TYPE, TCL_LENGTH, TCL_MANDATORY_FL, TCL_DELETE_FL, TCL_VERSION_ID,
PTN_ID ) VALUES ( 
710, 74, NULL, 'tof_data_load_fl', 'tof_data_load_fl', 5, 'N', 'bool', 1, 'Y', 'N'
, 1, 1); 
INSERT INTO TABLE_COLUMN ( TCL_ID, TBD_ID, ENT_ID, TCL_NAME, TCL_DISPLAY, TCL_ORDER_NO,
TCL_PRIMARY_KEY_FL, TCL_TYPE, TCL_LENGTH, TCL_MANDATORY_FL, TCL_DELETE_FL, TCL_VERSION_ID,
PTN_ID ) VALUES ( 
711, 74, NULL, 'tof_delete_fl', 'tof_delete_fl', 6, 'N', 'bool', 1, 'Y', 'N', 1, 1); 
INSERT INTO TABLE_COLUMN ( TCL_ID, TBD_ID, ENT_ID, TCL_NAME, TCL_DISPLAY, TCL_ORDER_NO,
TCL_PRIMARY_KEY_FL, TCL_TYPE, TCL_LENGTH, TCL_MANDATORY_FL, TCL_DELETE_FL, TCL_VERSION_ID,
PTN_ID ) VALUES ( 
712, 74, NULL, 'tof_version_id', 'tof_version_id', 7, 'N', 'int', 10, 'Y', 'N', 1
, 1); 
INSERT INTO TABLE_COLUMN ( TCL_ID, TBD_ID, ENT_ID, TCL_NAME, TCL_DISPLAY, TCL_ORDER_NO,
TCL_PRIMARY_KEY_FL, TCL_TYPE, TCL_LENGTH, TCL_MANDATORY_FL, TCL_DELETE_FL, TCL_VERSION_ID,
PTN_ID ) VALUES ( 
713, 74, NULL, 'ptn_id', 'ptn_id', 8, 'N', 'int', 10, 'Y', 'N', 1, 1); 
INSERT INTO TABLE_COLUMN ( TCL_ID, TBD_ID, ENT_ID, TCL_NAME, TCL_DISPLAY, TCL_ORDER_NO,
TCL_PRIMARY_KEY_FL, TCL_TYPE, TCL_LENGTH, TCL_MANDATORY_FL, TCL_DELETE_FL, TCL_VERSION_ID,
PTN_ID ) VALUES ( 
714, 75, NULL, 'tcd_id', 'tcd_id', 0, 'Y', 'int', 10, 'Y', 'N', 1, 1); 
INSERT INTO TABLE_COLUMN ( TCL_ID, TBD_ID, ENT_ID, TCL_NAME, TCL_DISPLAY, TCL_ORDER_NO,
TCL_PRIMARY_KEY_FL, TCL_TYPE, TCL_LENGTH, TCL_MANDATORY_FL, TCL_DELETE_FL, TCL_VERSION_ID,
PTN_ID ) VALUES ( 
715, 75, NULL, 'tcs_id', 'tcs_id', 1, 'N', 'int', 10, 'Y', 'N', 1, 1); 
INSERT INTO TABLE_COLUMN ( TCL_ID, TBD_ID, ENT_ID, TCL_NAME, TCL_DISPLAY, TCL_ORDER_NO,
TCL_PRIMARY_KEY_FL, TCL_TYPE, TCL_LENGTH, TCL_MANDATORY_FL, TCL_DELETE_FL, TCL_VERSION_ID,
PTN_ID ) VALUES ( 
716, 75, NULL, 'dgp_id', 'dgp_id', 2, 'N', 'int', 10, 'Y', 'N', 1, 1); 
INSERT INTO TABLE_COLUMN ( TCL_ID, TBD_ID, ENT_ID, TCL_NAME, TCL_DISPLAY, TCL_ORDER_NO,
TCL_PRIMARY_KEY_FL, TCL_TYPE, TCL_LENGTH, TCL_MANDATORY_FL, TCL_DELETE_FL, TCL_VERSION_ID,
PTN_ID ) VALUES ( 
717, 75, NULL, 'tcd_order_no', 'tcd_order_no', 3, 'N', 'int', 10, 'Y', 'N', 1, 1); 
INSERT INTO TABLE_COLUMN ( TCL_ID, TBD_ID, ENT_ID, TCL_NAME, TCL_DISPLAY, TCL_ORDER_NO,
TCL_PRIMARY_KEY_FL, TCL_TYPE, TCL_LENGTH, TCL_MANDATORY_FL, TCL_DELETE_FL, TCL_VERSION_ID,
PTN_ID ) VALUES ( 
718, 75, NULL, 'tcd_delete_fl', 'tcd_delete_fl', 4, 'N', 'bool', 1, 'Y', 'N', 1, 1); 
INSERT INTO TABLE_COLUMN ( TCL_ID, TBD_ID, ENT_ID, TCL_NAME, TCL_DISPLAY, TCL_ORDER_NO,
TCL_PRIMARY_KEY_FL, TCL_TYPE, TCL_LENGTH, TCL_MANDATORY_FL, TCL_DELETE_FL, TCL_VERSION_ID,
PTN_ID ) VALUES ( 
719, 75, NULL, 'tcd_version_id', 'tcd_version_id', 5, 'N', 'int', 10, 'Y', 'N', 1
, 1); 
INSERT INTO TABLE_COLUMN ( TCL_ID, TBD_ID, ENT_ID, TCL_NAME, TCL_DISPLAY, TCL_ORDER_NO,
TCL_PRIMARY_KEY_FL, TCL_TYPE, TCL_LENGTH, TCL_MANDATORY_FL, TCL_DELETE_FL, TCL_VERSION_ID,
PTN_ID ) VALUES ( 
720, 75, NULL, 'ptn_id', 'ptn_id', 6, 'N', 'int', 10, 'Y', 'N', 1, 1); 
INSERT INTO TABLE_COLUMN ( TCL_ID, TBD_ID, ENT_ID, TCL_NAME, TCL_DISPLAY, TCL_ORDER_NO,
TCL_PRIMARY_KEY_FL, TCL_TYPE, TCL_LENGTH, TCL_MANDATORY_FL, TCL_DELETE_FL, TCL_VERSION_ID,
PTN_ID ) VALUES ( 
721, 76, NULL, 'bov_id', 'bov_id', 0, 'Y', 'int', 10, 'Y', 'N', 1, 1); 
INSERT INTO TABLE_COLUMN ( TCL_ID, TBD_ID, ENT_ID, TCL_NAME, TCL_DISPLAY, TCL_ORDER_NO,
TCL_PRIMARY_KEY_FL, TCL_TYPE, TCL_LENGTH, TCL_MANDATORY_FL, TCL_DELETE_FL, TCL_VERSION_ID,
PTN_ID ) VALUES ( 
722, 76, NULL, 'bos_id', 'bos_id', 1, 'N', 'int', 10, 'Y', 'N', 1, 1); 
INSERT INTO TABLE_COLUMN ( TCL_ID, TBD_ID, ENT_ID, TCL_NAME, TCL_DISPLAY, TCL_ORDER_NO,
TCL_PRIMARY_KEY_FL, TCL_TYPE, TCL_LENGTH, TCL_MANDATORY_FL, TCL_DELETE_FL, TCL_VERSION_ID,
PTN_ID ) VALUES ( 
723, 76, NULL, 'bov_universe_name', 'bov_universe_name', 2, 'N', 'string', 255, 'Y'
, 'N', 1, 1); 
INSERT INTO TABLE_COLUMN ( TCL_ID, TBD_ID, ENT_ID, TCL_NAME, TCL_DISPLAY, TCL_ORDER_NO,
TCL_PRIMARY_KEY_FL, TCL_TYPE, TCL_LENGTH, TCL_MANDATORY_FL, TCL_DELETE_FL, TCL_VERSION_ID,
PTN_ID ) VALUES ( 
724, 76, NULL, 'bov_universe_folder', 'bov_universe_folder', 3, 'N', 'string', 255
, 'N', 'N', 1, 1); 
INSERT INTO TABLE_COLUMN ( TCL_ID, TBD_ID, ENT_ID, TCL_NAME, TCL_DISPLAY, TCL_ORDER_NO,
TCL_PRIMARY_KEY_FL, TCL_TYPE, TCL_LENGTH, TCL_MANDATORY_FL, TCL_DELETE_FL, TCL_VERSION_ID,
PTN_ID ) VALUES ( 
725, 76, NULL, 'bov_default_connection', 'bov_default_connection', 4, 'N', 'string'
, 255, 'Y', 'N', 1, 1); 
INSERT INTO TABLE_COLUMN ( TCL_ID, TBD_ID, ENT_ID, TCL_NAME, TCL_DISPLAY, TCL_ORDER_NO,
TCL_PRIMARY_KEY_FL, TCL_TYPE, TCL_LENGTH, TCL_MANDATORY_FL, TCL_DELETE_FL, TCL_VERSION_ID,
PTN_ID ) VALUES ( 
726, 76, NULL, 'bov_dashboard_fl', 'bov_dashboard_fl', 5, 'N', 'bool', 1, 'Y', 'N'
, 1, 1); 
INSERT INTO TABLE_COLUMN ( TCL_ID, TBD_ID, ENT_ID, TCL_NAME, TCL_DISPLAY, TCL_ORDER_NO,
TCL_PRIMARY_KEY_FL, TCL_TYPE, TCL_LENGTH, TCL_MANDATORY_FL, TCL_DELETE_FL, TCL_VERSION_ID,
PTN_ID ) VALUES ( 
727, 76, NULL, 'bov_delete_fl', 'bov_delete_fl', 6, 'N', 'bool', 1, 'Y', 'N', 1, 1); 
INSERT INTO TABLE_COLUMN ( TCL_ID, TBD_ID, ENT_ID, TCL_NAME, TCL_DISPLAY, TCL_ORDER_NO,
TCL_PRIMARY_KEY_FL, TCL_TYPE, TCL_LENGTH, TCL_MANDATORY_FL, TCL_DELETE_FL, TCL_VERSION_ID,
PTN_ID ) VALUES ( 
728, 76, NULL, 'bov_version_id', 'bov_version_id', 7, 'N', 'int', 10, 'Y', 'N', 1
, 1); 
INSERT INTO TABLE_COLUMN ( TCL_ID, TBD_ID, ENT_ID, TCL_NAME, TCL_DISPLAY, TCL_ORDER_NO,
TCL_PRIMARY_KEY_FL, TCL_TYPE, TCL_LENGTH, TCL_MANDATORY_FL, TCL_DELETE_FL, TCL_VERSION_ID,
PTN_ID ) VALUES ( 
729, 76, NULL, 'ptn_id', 'ptn_id', 8, 'N', 'int', 10, 'Y', 'N', 1, 1); 
INSERT INTO TABLE_COLUMN ( TCL_ID, TBD_ID, ENT_ID, TCL_NAME, TCL_DISPLAY, TCL_ORDER_NO,
TCL_PRIMARY_KEY_FL, TCL_TYPE, TCL_LENGTH, TCL_MANDATORY_FL, TCL_DELETE_FL, TCL_VERSION_ID,
PTN_ID ) VALUES ( 
730, 77, NULL, 'tap_id', 'tap_id', 0, 'Y', 'int', 10, 'Y', 'N', 1, 1); 
INSERT INTO TABLE_COLUMN ( TCL_ID, TBD_ID, ENT_ID, TCL_NAME, TCL_DISPLAY, TCL_ORDER_NO,
TCL_PRIMARY_KEY_FL, TCL_TYPE, TCL_LENGTH, TCL_MANDATORY_FL, TCL_DELETE_FL, TCL_VERSION_ID,
PTN_ID ) VALUES ( 
731, 77, NULL, 'tff_id', 'tff_id', 1, 'N', 'int', 10, 'Y', 'N', 1, 1); 
INSERT INTO TABLE_COLUMN ( TCL_ID, TBD_ID, ENT_ID, TCL_NAME, TCL_DISPLAY, TCL_ORDER_NO,
TCL_PRIMARY_KEY_FL, TCL_TYPE, TCL_LENGTH, TCL_MANDATORY_FL, TCL_DELETE_FL, TCL_VERSION_ID,
PTN_ID ) VALUES ( 
732, 77, NULL, 'tap_from_dttm', 'tap_from_dttm', 2, 'N', 'datetime', -1, 'Y', 'N'
, 1, 1); 
INSERT INTO TABLE_COLUMN ( TCL_ID, TBD_ID, ENT_ID, TCL_NAME, TCL_DISPLAY, TCL_ORDER_NO,
TCL_PRIMARY_KEY_FL, TCL_TYPE, TCL_LENGTH, TCL_MANDATORY_FL, TCL_DELETE_FL, TCL_VERSION_ID,
PTN_ID ) VALUES ( 
733, 77, NULL, 'tap_to_dttm', 'tap_to_dttm', 3, 'N', 'datetime', -1, 'Y', 'N', 1, 1); 
INSERT INTO TABLE_COLUMN ( TCL_ID, TBD_ID, ENT_ID, TCL_NAME, TCL_DISPLAY, TCL_ORDER_NO,
TCL_PRIMARY_KEY_FL, TCL_TYPE, TCL_LENGTH, TCL_MANDATORY_FL, TCL_DELETE_FL, TCL_VERSION_ID,
PTN_ID ) VALUES ( 
734, 77, NULL, 'tap_version_id', 'tap_version_id', 4, 'N', 'int', 10, 'Y', 'N', 1
, 1); 
INSERT INTO TABLE_COLUMN ( TCL_ID, TBD_ID, ENT_ID, TCL_NAME, TCL_DISPLAY, TCL_ORDER_NO,
TCL_PRIMARY_KEY_FL, TCL_TYPE, TCL_LENGTH, TCL_MANDATORY_FL, TCL_DELETE_FL, TCL_VERSION_ID,
PTN_ID ) VALUES ( 
735, 77, NULL, 'tap_delete_fl', 'tap_delete_fl', 5, 'N', 'bool', 1, 'Y', 'N', 1, 1); 
INSERT INTO TABLE_COLUMN ( TCL_ID, TBD_ID, ENT_ID, TCL_NAME, TCL_DISPLAY, TCL_ORDER_NO,
TCL_PRIMARY_KEY_FL, TCL_TYPE, TCL_LENGTH, TCL_MANDATORY_FL, TCL_DELETE_FL, TCL_VERSION_ID,
PTN_ID ) VALUES ( 
736, 77, NULL, 'ptn_id', 'ptn_id', 6, 'N', 'int', 10, 'Y', 'N', 1, 1); 
INSERT INTO TABLE_COLUMN ( TCL_ID, TBD_ID, ENT_ID, TCL_NAME, TCL_DISPLAY, TCL_ORDER_NO,
TCL_PRIMARY_KEY_FL, TCL_TYPE, TCL_LENGTH, TCL_MANDATORY_FL, TCL_DELETE_FL, TCL_VERSION_ID,
PTN_ID ) VALUES ( 
737, 78, NULL, 'bdt_id', 'bdt_id', 0, 'Y', 'int', 10, 'Y', 'N', 1, 1); 
INSERT INTO TABLE_COLUMN ( TCL_ID, TBD_ID, ENT_ID, TCL_NAME, TCL_DISPLAY, TCL_ORDER_NO,
TCL_PRIMARY_KEY_FL, TCL_TYPE, TCL_LENGTH, TCL_MANDATORY_FL, TCL_DELETE_FL, TCL_VERSION_ID,
PTN_ID ) VALUES ( 
738, 78, NULL, 'bdt_name', 'bdt_name', 1, 'N', 'string', 255, 'Y', 'N', 1, 1); 
INSERT INTO TABLE_COLUMN ( TCL_ID, TBD_ID, ENT_ID, TCL_NAME, TCL_DISPLAY, TCL_ORDER_NO,
TCL_PRIMARY_KEY_FL, TCL_TYPE, TCL_LENGTH, TCL_MANDATORY_FL, TCL_DELETE_FL, TCL_VERSION_ID,
PTN_ID ) VALUES ( 
739, 78, NULL, 'bdt_class_cd', 'bdt_class_cd', 2, 'N', 'string', 255, 'Y', 'N', 1
, 1); 
INSERT INTO TABLE_COLUMN ( TCL_ID, TBD_ID, ENT_ID, TCL_NAME, TCL_DISPLAY, TCL_ORDER_NO,
TCL_PRIMARY_KEY_FL, TCL_TYPE, TCL_LENGTH, TCL_MANDATORY_FL, TCL_DELETE_FL, TCL_VERSION_ID,
PTN_ID ) VALUES ( 
740, 78, NULL, 'bdt_delete_fl', 'bdt_delete_fl', 3, 'N', 'bool', 1, 'Y', 'N', 1, 1); 
INSERT INTO TABLE_COLUMN ( TCL_ID, TBD_ID, ENT_ID, TCL_NAME, TCL_DISPLAY, TCL_ORDER_NO,
TCL_PRIMARY_KEY_FL, TCL_TYPE, TCL_LENGTH, TCL_MANDATORY_FL, TCL_DELETE_FL, TCL_VERSION_ID,
PTN_ID ) VALUES ( 
741, 78, NULL, 'bdt_version_id', 'bdt_version_id', 4, 'N', 'int', 10, 'Y', 'N', 1
, 1); 
INSERT INTO TABLE_COLUMN ( TCL_ID, TBD_ID, ENT_ID, TCL_NAME, TCL_DISPLAY, TCL_ORDER_NO,
TCL_PRIMARY_KEY_FL, TCL_TYPE, TCL_LENGTH, TCL_MANDATORY_FL, TCL_DELETE_FL, TCL_VERSION_ID,
PTN_ID ) VALUES ( 
742, 78, NULL, 'ptn_id', 'ptn_id', 5, 'N', 'int', 10, 'Y', 'N', 1, 1); 
INSERT INTO TABLE_COLUMN ( TCL_ID, TBD_ID, ENT_ID, TCL_NAME, TCL_DISPLAY, TCL_ORDER_NO,
TCL_PRIMARY_KEY_FL, TCL_TYPE, TCL_LENGTH, TCL_MANDATORY_FL, TCL_DELETE_FL, TCL_VERSION_ID,
PTN_ID ) VALUES ( 
743, 79, NULL, 'tbd_id', 'tbd_id', 0, 'Y', 'int', 10, 'Y', 'N', 1, 1); 
INSERT INTO TABLE_COLUMN ( TCL_ID, TBD_ID, ENT_ID, TCL_NAME, TCL_DISPLAY, TCL_ORDER_NO,
TCL_PRIMARY_KEY_FL, TCL_TYPE, TCL_LENGTH, TCL_MANDATORY_FL, TCL_DELETE_FL, TCL_VERSION_ID,
PTN_ID ) VALUES ( 
744, 79, NULL, 'sct_id', 'sct_id', 1, 'N', 'int', 10, 'Y', 'N', 1, 1); 
INSERT INTO TABLE_COLUMN ( TCL_ID, TBD_ID, ENT_ID, TCL_NAME, TCL_DISPLAY, TCL_ORDER_NO,
TCL_PRIMARY_KEY_FL, TCL_TYPE, TCL_LENGTH, TCL_MANDATORY_FL, TCL_DELETE_FL, TCL_VERSION_ID,
PTN_ID ) VALUES ( 
745, 79, NULL, 'tbd_name', 'tbd_name', 2, 'N', 'string', 255, 'Y', 'N', 1, 1); 
INSERT INTO TABLE_COLUMN ( TCL_ID, TBD_ID, ENT_ID, TCL_NAME, TCL_DISPLAY, TCL_ORDER_NO,
TCL_PRIMARY_KEY_FL, TCL_TYPE, TCL_LENGTH, TCL_MANDATORY_FL, TCL_DELETE_FL, TCL_VERSION_ID,
PTN_ID ) VALUES ( 
746, 79, NULL, 'tbd_prefix', 'tbd_prefix', 3, 'N', 'string', 255, 'Y', 'N', 1, 1); 
INSERT INTO TABLE_COLUMN ( TCL_ID, TBD_ID, ENT_ID, TCL_NAME, TCL_DISPLAY, TCL_ORDER_NO,
TCL_PRIMARY_KEY_FL, TCL_TYPE, TCL_LENGTH, TCL_MANDATORY_FL, TCL_DELETE_FL, TCL_VERSION_ID,
PTN_ID ) VALUES ( 
747, 79, NULL, 'tbd_system_fl', 'tbd_system_fl', 4, 'N', 'bool', 1, 'Y', 'N', 1, 1); 
INSERT INTO TABLE_COLUMN ( TCL_ID, TBD_ID, ENT_ID, TCL_NAME, TCL_DISPLAY, TCL_ORDER_NO,
TCL_PRIMARY_KEY_FL, TCL_TYPE, TCL_LENGTH, TCL_MANDATORY_FL, TCL_DELETE_FL, TCL_VERSION_ID,
PTN_ID ) VALUES ( 
748, 79, NULL, 'tbd_internal_fl', 'tbd_internal_fl', 5, 'N', 'bool', 1, 'Y', 'N', 1
, 1); 
INSERT INTO TABLE_COLUMN ( TCL_ID, TBD_ID, ENT_ID, TCL_NAME, TCL_DISPLAY, TCL_ORDER_NO,
TCL_PRIMARY_KEY_FL, TCL_TYPE, TCL_LENGTH, TCL_MANDATORY_FL, TCL_DELETE_FL, TCL_VERSION_ID,
PTN_ID ) VALUES ( 
749, 79, NULL, 'tbd_temp_fl', 'tbd_temp_fl', 6, 'N', 'bool', 1, 'Y', 'N', 1, 1); 
INSERT INTO TABLE_COLUMN ( TCL_ID, TBD_ID, ENT_ID, TCL_NAME, TCL_DISPLAY, TCL_ORDER_NO,
TCL_PRIMARY_KEY_FL, TCL_TYPE, TCL_LENGTH, TCL_MANDATORY_FL, TCL_DELETE_FL, TCL_VERSION_ID,
PTN_ID ) VALUES ( 
750, 79, NULL, 'tbd_delete_fl', 'tbd_delete_fl', 7, 'N', 'bool', 1, 'Y', 'N', 1, 1); 
INSERT INTO TABLE_COLUMN ( TCL_ID, TBD_ID, ENT_ID, TCL_NAME, TCL_DISPLAY, TCL_ORDER_NO,
TCL_PRIMARY_KEY_FL, TCL_TYPE, TCL_LENGTH, TCL_MANDATORY_FL, TCL_DELETE_FL, TCL_VERSION_ID,
PTN_ID ) VALUES ( 
751, 79, NULL, 'tbd_version_id', 'tbd_version_id', 8, 'N', 'int', 10, 'Y', 'N', 1
, 1); 
INSERT INTO TABLE_COLUMN ( TCL_ID, TBD_ID, ENT_ID, TCL_NAME, TCL_DISPLAY, TCL_ORDER_NO,
TCL_PRIMARY_KEY_FL, TCL_TYPE, TCL_LENGTH, TCL_MANDATORY_FL, TCL_DELETE_FL, TCL_VERSION_ID,
PTN_ID ) VALUES ( 
752, 79, NULL, 'ptn_id', 'ptn_id', 9, 'N', 'int', 10, 'Y', 'N', 1, 1); 
INSERT INTO TABLE_COLUMN ( TCL_ID, TBD_ID, ENT_ID, TCL_NAME, TCL_DISPLAY, TCL_ORDER_NO,
TCL_PRIMARY_KEY_FL, TCL_TYPE, TCL_LENGTH, TCL_MANDATORY_FL, TCL_DELETE_FL, TCL_VERSION_ID,
PTN_ID ) VALUES ( 
753, 80, NULL, 'seg_id', 'seg_id', 0, 'Y', 'int', 10, 'Y', 'N', 1, 1); 
INSERT INTO TABLE_COLUMN ( TCL_ID, TBD_ID, ENT_ID, TCL_NAME, TCL_DISPLAY, TCL_ORDER_NO,
TCL_PRIMARY_KEY_FL, TCL_TYPE, TCL_LENGTH, TCL_MANDATORY_FL, TCL_DELETE_FL, TCL_VERSION_ID,
PTN_ID ) VALUES ( 
754, 80, NULL, 'seg_delete_fl', 'seg_delete_fl', 1, 'N', 'bool', 1, 'Y', 'N', 1, 1); 
INSERT INTO TABLE_COLUMN ( TCL_ID, TBD_ID, ENT_ID, TCL_NAME, TCL_DISPLAY, TCL_ORDER_NO,
TCL_PRIMARY_KEY_FL, TCL_TYPE, TCL_LENGTH, TCL_MANDATORY_FL, TCL_DELETE_FL, TCL_VERSION_ID,
PTN_ID ) VALUES ( 
755, 80, NULL, 'seg_version_id', 'seg_version_id', 2, 'N', 'int', 10, 'Y', 'N', 1
, 1); 
INSERT INTO TABLE_COLUMN ( TCL_ID, TBD_ID, ENT_ID, TCL_NAME, TCL_DISPLAY, TCL_ORDER_NO,
TCL_PRIMARY_KEY_FL, TCL_TYPE, TCL_LENGTH, TCL_MANDATORY_FL, TCL_DELETE_FL, TCL_VERSION_ID,
PTN_ID ) VALUES ( 
756, 80, NULL, 'ptn_id', 'ptn_id', 3, 'N', 'int', 10, 'Y', 'N', 1, 1); 
INSERT INTO TABLE_COLUMN ( TCL_ID, TBD_ID, ENT_ID, TCL_NAME, TCL_DISPLAY, TCL_ORDER_NO,
TCL_PRIMARY_KEY_FL, TCL_TYPE, TCL_LENGTH, TCL_MANDATORY_FL, TCL_DELETE_FL, TCL_VERSION_ID,
PTN_ID ) VALUES ( 
757, 81, NULL, 'rtc_id', 'rtc_id', 0, 'Y', 'int', 10, 'Y', 'N', 1, 1); 
INSERT INTO TABLE_COLUMN ( TCL_ID, TBD_ID, ENT_ID, TCL_NAME, TCL_DISPLAY, TCL_ORDER_NO,
TCL_PRIMARY_KEY_FL, TCL_TYPE, TCL_LENGTH, TCL_MANDATORY_FL, TCL_DELETE_FL, TCL_VERSION_ID,
PTN_ID ) VALUES ( 
758, 81, NULL, 'rtc_code', 'rtc_code', 1, 'N', 'string', 255, 'Y', 'N', 1, 1); 
INSERT INTO TABLE_COLUMN ( TCL_ID, TBD_ID, ENT_ID, TCL_NAME, TCL_DISPLAY, TCL_ORDER_NO,
TCL_PRIMARY_KEY_FL, TCL_TYPE, TCL_LENGTH, TCL_MANDATORY_FL, TCL_DELETE_FL, TCL_VERSION_ID,
PTN_ID ) VALUES ( 
759, 81, NULL, 'rtc_name', 'rtc_name', 2, 'N', 'string', 255, 'Y', 'N', 1, 1); 
INSERT INTO TABLE_COLUMN ( TCL_ID, TBD_ID, ENT_ID, TCL_NAME, TCL_DISPLAY, TCL_ORDER_NO,
TCL_PRIMARY_KEY_FL, TCL_TYPE, TCL_LENGTH, TCL_MANDATORY_FL, TCL_DELETE_FL, TCL_VERSION_ID,
PTN_ID ) VALUES ( 
760, 81, NULL, 'rtc_delete_fl', 'rtc_delete_fl', 3, 'N', 'bool', 1, 'Y', 'N', 1, 1); 
INSERT INTO TABLE_COLUMN ( TCL_ID, TBD_ID, ENT_ID, TCL_NAME, TCL_DISPLAY, TCL_ORDER_NO,
TCL_PRIMARY_KEY_FL, TCL_TYPE, TCL_LENGTH, TCL_MANDATORY_FL, TCL_DELETE_FL, TCL_VERSION_ID,
PTN_ID ) VALUES ( 
761, 81, NULL, 'rtc_version_id', 'rtc_version_id', 4, 'N', 'int', 10, 'Y', 'N', 1
, 1); 
INSERT INTO TABLE_COLUMN ( TCL_ID, TBD_ID, ENT_ID, TCL_NAME, TCL_DISPLAY, TCL_ORDER_NO,
TCL_PRIMARY_KEY_FL, TCL_TYPE, TCL_LENGTH, TCL_MANDATORY_FL, TCL_DELETE_FL, TCL_VERSION_ID,
PTN_ID ) VALUES ( 
762, 81, NULL, 'ptn_id', 'ptn_id', 5, 'N', 'int', 10, 'Y', 'N', 1, 1); 
INSERT INTO TABLE_COLUMN ( TCL_ID, TBD_ID, ENT_ID, TCL_NAME, TCL_DISPLAY, TCL_ORDER_NO,
TCL_PRIMARY_KEY_FL, TCL_TYPE, TCL_LENGTH, TCL_MANDATORY_FL, TCL_DELETE_FL, TCL_VERSION_ID,
PTN_ID ) VALUES ( 
763, 82, NULL, 'cin_id', 'cin_id', 0, 'Y', 'int', 10, 'Y', 'N', 1, 1); 
INSERT INTO TABLE_COLUMN ( TCL_ID, TBD_ID, ENT_ID, TCL_NAME, TCL_DISPLAY, TCL_ORDER_NO,
TCL_PRIMARY_KEY_FL, TCL_TYPE, TCL_LENGTH, TCL_MANDATORY_FL, TCL_DELETE_FL, TCL_VERSION_ID,
PTN_ID ) VALUES ( 
764, 82, NULL, 'cii_id', 'cii_id', 1, 'N', 'int', 10, 'Y', 'N', 1, 1); 
INSERT INTO TABLE_COLUMN ( TCL_ID, TBD_ID, ENT_ID, TCL_NAME, TCL_DISPLAY, TCL_ORDER_NO,
TCL_PRIMARY_KEY_FL, TCL_TYPE, TCL_LENGTH, TCL_MANDATORY_FL, TCL_DELETE_FL, TCL_VERSION_ID,
PTN_ID ) VALUES ( 
765, 82, NULL, 'lst_id', 'lst_id', 2, 'N', 'int', 10, 'Y', 'N', 1, 1); 
INSERT INTO TABLE_COLUMN ( TCL_ID, TBD_ID, ENT_ID, TCL_NAME, TCL_DISPLAY, TCL_ORDER_NO,
TCL_PRIMARY_KEY_FL, TCL_TYPE, TCL_LENGTH, TCL_MANDATORY_FL, TCL_DELETE_FL, TCL_VERSION_ID,
PTN_ID ) VALUES ( 
766, 82, NULL, 'usr_id', 'usr_id', 3, 'N', 'int', 10, 'Y', 'N', 1, 1); 
INSERT INTO TABLE_COLUMN ( TCL_ID, TBD_ID, ENT_ID, TCL_NAME, TCL_DISPLAY, TCL_ORDER_NO,
TCL_PRIMARY_KEY_FL, TCL_TYPE, TCL_LENGTH, TCL_MANDATORY_FL, TCL_DELETE_FL, TCL_VERSION_ID,
PTN_ID ) VALUES ( 
767, 82, NULL, 'cin_dttm', 'cin_dttm', 4, 'N', 'datetime', -1, 'Y', 'N', 1, 1); 
INSERT INTO TABLE_COLUMN ( TCL_ID, TBD_ID, ENT_ID, TCL_NAME, TCL_DISPLAY, TCL_ORDER_NO,
TCL_PRIMARY_KEY_FL, TCL_TYPE, TCL_LENGTH, TCL_MANDATORY_FL, TCL_DELETE_FL, TCL_VERSION_ID,
PTN_ID ) VALUES ( 
768, 82, NULL, 'cin_delete_fl', 'cin_delete_fl', 5, 'N', 'bool', 1, 'Y', 'N', 1, 1); 
INSERT INTO TABLE_COLUMN ( TCL_ID, TBD_ID, ENT_ID, TCL_NAME, TCL_DISPLAY, TCL_ORDER_NO,
TCL_PRIMARY_KEY_FL, TCL_TYPE, TCL_LENGTH, TCL_MANDATORY_FL, TCL_DELETE_FL, TCL_VERSION_ID,
PTN_ID ) VALUES ( 
769, 82, NULL, 'cin_version_id', 'cin_version_id', 6, 'N', 'int', 10, 'Y', 'N', 1
, 1); 
INSERT INTO TABLE_COLUMN ( TCL_ID, TBD_ID, ENT_ID, TCL_NAME, TCL_DISPLAY, TCL_ORDER_NO,
TCL_PRIMARY_KEY_FL, TCL_TYPE, TCL_LENGTH, TCL_MANDATORY_FL, TCL_DELETE_FL, TCL_VERSION_ID,
PTN_ID ) VALUES ( 
770, 82, NULL, 'ptn_id', 'ptn_id', 7, 'N', 'int', 10, 'Y', 'N', 1, 1); 
INSERT INTO TABLE_COLUMN ( TCL_ID, TBD_ID, ENT_ID, TCL_NAME, TCL_DISPLAY, TCL_ORDER_NO,
TCL_PRIMARY_KEY_FL, TCL_TYPE, TCL_LENGTH, TCL_MANDATORY_FL, TCL_DELETE_FL, TCL_VERSION_ID,
PTN_ID ) VALUES ( 
771, 83, NULL, 'tma_id', 'tma_id', 0, 'Y', 'int', 10, 'Y', 'N', 1, 1); 
INSERT INTO TABLE_COLUMN ( TCL_ID, TBD_ID, ENT_ID, TCL_NAME, TCL_DISPLAY, TCL_ORDER_NO,
TCL_PRIMARY_KEY_FL, TCL_TYPE, TCL_LENGTH, TCL_MANDATORY_FL, TCL_DELETE_FL, TCL_VERSION_ID,
PTN_ID ) VALUES ( 
772, 83, NULL, 'tma_delete_fl', 'tma_delete_fl', 1, 'N', 'bool', 1, 'Y', 'N', 1, 1); 
INSERT INTO TABLE_COLUMN ( TCL_ID, TBD_ID, ENT_ID, TCL_NAME, TCL_DISPLAY, TCL_ORDER_NO,
TCL_PRIMARY_KEY_FL, TCL_TYPE, TCL_LENGTH, TCL_MANDATORY_FL, TCL_DELETE_FL, TCL_VERSION_ID,
PTN_ID ) VALUES ( 
773, 83, NULL, 'tma_version_id', 'tma_version_id', 2, 'N', 'int', 10, 'Y', 'N', 1
, 1); 
INSERT INTO TABLE_COLUMN ( TCL_ID, TBD_ID, ENT_ID, TCL_NAME, TCL_DISPLAY, TCL_ORDER_NO,
TCL_PRIMARY_KEY_FL, TCL_TYPE, TCL_LENGTH, TCL_MANDATORY_FL, TCL_DELETE_FL, TCL_VERSION_ID,
PTN_ID ) VALUES ( 
774, 83, NULL, 'ptn_id', 'ptn_id', 3, 'N', 'int', 10, 'Y', 'N', 1, 1); 
INSERT INTO TABLE_COLUMN ( TCL_ID, TBD_ID, ENT_ID, TCL_NAME, TCL_DISPLAY, TCL_ORDER_NO,
TCL_PRIMARY_KEY_FL, TCL_TYPE, TCL_LENGTH, TCL_MANDATORY_FL, TCL_DELETE_FL, TCL_VERSION_ID,
PTN_ID ) VALUES ( 
775, 84, NULL, 'rft_id', 'rft_id', 0, 'Y', 'int', 10, 'Y', 'N', 1, 1); 
INSERT INTO TABLE_COLUMN ( TCL_ID, TBD_ID, ENT_ID, TCL_NAME, TCL_DISPLAY, TCL_ORDER_NO,
TCL_PRIMARY_KEY_FL, TCL_TYPE, TCL_LENGTH, TCL_MANDATORY_FL, TCL_DELETE_FL, TCL_VERSION_ID,
PTN_ID ) VALUES ( 
776, 84, NULL, 'ent_id', 'ent_id', 1, 'N', 'int', 10, 'Y', 'N', 1, 1); 
INSERT INTO TABLE_COLUMN ( TCL_ID, TBD_ID, ENT_ID, TCL_NAME, TCL_DISPLAY, TCL_ORDER_NO,
TCL_PRIMARY_KEY_FL, TCL_TYPE, TCL_LENGTH, TCL_MANDATORY_FL, TCL_DELETE_FL, TCL_VERSION_ID,
PTN_ID ) VALUES ( 
777, 84, NULL, 'rft_name', 'rft_name', 2, 'N', 'string', 255, 'Y', 'N', 1, 1); 
INSERT INTO TABLE_COLUMN ( TCL_ID, TBD_ID, ENT_ID, TCL_NAME, TCL_DISPLAY, TCL_ORDER_NO,
TCL_PRIMARY_KEY_FL, TCL_TYPE, TCL_LENGTH, TCL_MANDATORY_FL, TCL_DELETE_FL, TCL_VERSION_ID,
PTN_ID ) VALUES ( 
778, 84, NULL, 'rft_site_specific_fl', 'rft_site_specific_fl', 3, 'N', 'bool', 1, 'Y'
, 'N', 1, 1); 
INSERT INTO TABLE_COLUMN ( TCL_ID, TBD_ID, ENT_ID, TCL_NAME, TCL_DISPLAY, TCL_ORDER_NO,
TCL_PRIMARY_KEY_FL, TCL_TYPE, TCL_LENGTH, TCL_MANDATORY_FL, TCL_DELETE_FL, TCL_VERSION_ID,
PTN_ID ) VALUES ( 
779, 84, NULL, 'rft_delete_fl', 'rft_delete_fl', 4, 'N', 'bool', 1, 'Y', 'N', 1, 1); 
INSERT INTO TABLE_COLUMN ( TCL_ID, TBD_ID, ENT_ID, TCL_NAME, TCL_DISPLAY, TCL_ORDER_NO,
TCL_PRIMARY_KEY_FL, TCL_TYPE, TCL_LENGTH, TCL_MANDATORY_FL, TCL_DELETE_FL, TCL_VERSION_ID,
PTN_ID ) VALUES ( 
780, 84, NULL, 'rft_version_id', 'rft_version_id', 5, 'N', 'int', 10, 'Y', 'N', 1
, 1); 
INSERT INTO TABLE_COLUMN ( TCL_ID, TBD_ID, ENT_ID, TCL_NAME, TCL_DISPLAY, TCL_ORDER_NO,
TCL_PRIMARY_KEY_FL, TCL_TYPE, TCL_LENGTH, TCL_MANDATORY_FL, TCL_DELETE_FL, TCL_VERSION_ID,
PTN_ID ) VALUES ( 
781, 84, NULL, 'ptn_id', 'ptn_id', 6, 'N', 'int', 10, 'Y', 'N', 1, 1); 
INSERT INTO TABLE_COLUMN ( TCL_ID, TBD_ID, ENT_ID, TCL_NAME, TCL_DISPLAY, TCL_ORDER_NO,
TCL_PRIMARY_KEY_FL, TCL_TYPE, TCL_LENGTH, TCL_MANDATORY_FL, TCL_DELETE_FL, TCL_VERSION_ID,
PTN_ID ) VALUES ( 
782, 85, NULL, 'tom_id', 'tom_id', 0, 'Y', 'int', 10, 'Y', 'N', 1, 1); 
INSERT INTO TABLE_COLUMN ( TCL_ID, TBD_ID, ENT_ID, TCL_NAME, TCL_DISPLAY, TCL_ORDER_NO,
TCL_PRIMARY_KEY_FL, TCL_TYPE, TCL_LENGTH, TCL_MANDATORY_FL, TCL_DELETE_FL, TCL_VERSION_ID,
PTN_ID ) VALUES ( 
783, 85, NULL, 'tok_id', 'tok_id', 1, 'N', 'int', 10, 'Y', 'N', 1, 1); 
INSERT INTO TABLE_COLUMN ( TCL_ID, TBD_ID, ENT_ID, TCL_NAME, TCL_DISPLAY, TCL_ORDER_NO,
TCL_PRIMARY_KEY_FL, TCL_TYPE, TCL_LENGTH, TCL_MANDATORY_FL, TCL_DELETE_FL, TCL_VERSION_ID,
PTN_ID ) VALUES ( 
784, 85, NULL, 'tom_context_mac_id', 'tom_context_mac_id', 2, 'N', 'int', 10, 'Y'
, 'N', 1, 1); 
INSERT INTO TABLE_COLUMN ( TCL_ID, TBD_ID, ENT_ID, TCL_NAME, TCL_DISPLAY, TCL_ORDER_NO,
TCL_PRIMARY_KEY_FL, TCL_TYPE, TCL_LENGTH, TCL_MANDATORY_FL, TCL_DELETE_FL, TCL_VERSION_ID,
PTN_ID ) VALUES ( 
785, 85, NULL, 'tom_remote_mac_id', 'tom_remote_mac_id', 3, 'N', 'int', 10, 'N', 'N'
, 1, 1); 
INSERT INTO TABLE_COLUMN ( TCL_ID, TBD_ID, ENT_ID, TCL_NAME, TCL_DISPLAY, TCL_ORDER_NO,
TCL_PRIMARY_KEY_FL, TCL_TYPE, TCL_LENGTH, TCL_MANDATORY_FL, TCL_DELETE_FL, TCL_VERSION_ID,
PTN_ID ) VALUES ( 
786, 85, NULL, 'tom_context_path', 'tom_context_path', 4, 'N', 'string', 255, 'Y'
, 'N', 1, 1); 
INSERT INTO TABLE_COLUMN ( TCL_ID, TBD_ID, ENT_ID, TCL_NAME, TCL_DISPLAY, TCL_ORDER_NO,
TCL_PRIMARY_KEY_FL, TCL_TYPE, TCL_LENGTH, TCL_MANDATORY_FL, TCL_DELETE_FL, TCL_VERSION_ID,
PTN_ID ) VALUES ( 
787, 85, NULL, 'tom_delete_fl', 'tom_delete_fl', 5, 'N', 'bool', 1, 'Y', 'N', 1, 1); 
INSERT INTO TABLE_COLUMN ( TCL_ID, TBD_ID, ENT_ID, TCL_NAME, TCL_DISPLAY, TCL_ORDER_NO,
TCL_PRIMARY_KEY_FL, TCL_TYPE, TCL_LENGTH, TCL_MANDATORY_FL, TCL_DELETE_FL, TCL_VERSION_ID,
PTN_ID ) VALUES ( 
788, 85, NULL, 'tom_version_id', 'tom_version_id', 6, 'N', 'int', 10, 'Y', 'N', 1
, 1); 
INSERT INTO TABLE_COLUMN ( TCL_ID, TBD_ID, ENT_ID, TCL_NAME, TCL_DISPLAY, TCL_ORDER_NO,
TCL_PRIMARY_KEY_FL, TCL_TYPE, TCL_LENGTH, TCL_MANDATORY_FL, TCL_DELETE_FL, TCL_VERSION_ID,
PTN_ID ) VALUES ( 
789, 85, NULL, 'ptn_id', 'ptn_id', 7, 'N', 'int', 10, 'Y', 'N', 1, 1); 
INSERT INTO TABLE_COLUMN ( TCL_ID, TBD_ID, ENT_ID, TCL_NAME, TCL_DISPLAY, TCL_ORDER_NO,
TCL_PRIMARY_KEY_FL, TCL_TYPE, TCL_LENGTH, TCL_MANDATORY_FL, TCL_DELETE_FL, TCL_VERSION_ID,
PTN_ID ) VALUES ( 
790, 86, NULL, 'ima_id', 'ima_id', 0, 'Y', 'int', 10, 'Y', 'N', 1, 1); 
INSERT INTO TABLE_COLUMN ( TCL_ID, TBD_ID, ENT_ID, TCL_NAME, TCL_DISPLAY, TCL_ORDER_NO,
TCL_PRIMARY_KEY_FL, TCL_TYPE, TCL_LENGTH, TCL_MANDATORY_FL, TCL_DELETE_FL, TCL_VERSION_ID,
PTN_ID ) VALUES ( 
791, 86, NULL, 'cmp_id', 'cmp_id', 1, 'N', 'int', 10, 'Y', 'N', 1, 1); 
INSERT INTO TABLE_COLUMN ( TCL_ID, TBD_ID, ENT_ID, TCL_NAME, TCL_DISPLAY, TCL_ORDER_NO,
TCL_PRIMARY_KEY_FL, TCL_TYPE, TCL_LENGTH, TCL_MANDATORY_FL, TCL_DELETE_FL, TCL_VERSION_ID,
PTN_ID ) VALUES ( 
792, 86, NULL, 'img_id', 'img_id', 2, 'N', 'int', 10, 'N', 'N', 1, 1); 
INSERT INTO TABLE_COLUMN ( TCL_ID, TBD_ID, ENT_ID, TCL_NAME, TCL_DISPLAY, TCL_ORDER_NO,
TCL_PRIMARY_KEY_FL, TCL_TYPE, TCL_LENGTH, TCL_MANDATORY_FL, TCL_DELETE_FL, TCL_VERSION_ID,
PTN_ID ) VALUES ( 
793, 86, NULL, 'ima_extension', 'ima_extension', 3, 'N', 'string', 255, 'Y', 'N', 1
, 1); 
INSERT INTO TABLE_COLUMN ( TCL_ID, TBD_ID, ENT_ID, TCL_NAME, TCL_DISPLAY, TCL_ORDER_NO,
TCL_PRIMARY_KEY_FL, TCL_TYPE, TCL_LENGTH, TCL_MANDATORY_FL, TCL_DELETE_FL, TCL_VERSION_ID,
PTN_ID ) VALUES ( 
794, 86, NULL, 'ima_name', 'ima_name', 4, 'N', 'string', 255, 'Y', 'N', 1, 1); 
INSERT INTO TABLE_COLUMN ( TCL_ID, TBD_ID, ENT_ID, TCL_NAME, TCL_DISPLAY, TCL_ORDER_NO,
TCL_PRIMARY_KEY_FL, TCL_TYPE, TCL_LENGTH, TCL_MANDATORY_FL, TCL_DELETE_FL, TCL_VERSION_ID,
PTN_ID ) VALUES ( 
795, 86, NULL, 'ima_delete_fl', 'ima_delete_fl', 5, 'N', 'bool', 1, 'Y', 'N', 1, 1); 
INSERT INTO TABLE_COLUMN ( TCL_ID, TBD_ID, ENT_ID, TCL_NAME, TCL_DISPLAY, TCL_ORDER_NO,
TCL_PRIMARY_KEY_FL, TCL_TYPE, TCL_LENGTH, TCL_MANDATORY_FL, TCL_DELETE_FL, TCL_VERSION_ID,
PTN_ID ) VALUES ( 
796, 86, NULL, 'ima_version_id', 'ima_version_id', 6, 'N', 'int', 10, 'Y', 'N', 1
, 1); 
INSERT INTO TABLE_COLUMN ( TCL_ID, TBD_ID, ENT_ID, TCL_NAME, TCL_DISPLAY, TCL_ORDER_NO,
TCL_PRIMARY_KEY_FL, TCL_TYPE, TCL_LENGTH, TCL_MANDATORY_FL, TCL_DELETE_FL, TCL_VERSION_ID,
PTN_ID ) VALUES ( 
797, 86, NULL, 'ptn_id', 'ptn_id', 7, 'N', 'int', 10, 'Y', 'N', 1, 1); 
INSERT INTO TABLE_COLUMN ( TCL_ID, TBD_ID, ENT_ID, TCL_NAME, TCL_DISPLAY, TCL_ORDER_NO,
TCL_PRIMARY_KEY_FL, TCL_TYPE, TCL_LENGTH, TCL_MANDATORY_FL, TCL_DELETE_FL, TCL_VERSION_ID,
PTN_ID ) VALUES ( 
798, 87, NULL, 'evs_id', 'evs_id', 0, 'Y', 'int', 10, 'Y', 'N', 1, 1); 
INSERT INTO TABLE_COLUMN ( TCL_ID, TBD_ID, ENT_ID, TCL_NAME, TCL_DISPLAY, TCL_ORDER_NO,
TCL_PRIMARY_KEY_FL, TCL_TYPE, TCL_LENGTH, TCL_MANDATORY_FL, TCL_DELETE_FL, TCL_VERSION_ID,
PTN_ID ) VALUES ( 
799, 87, NULL, 'sfl_id', 'sfl_id', 1, 'N', 'int', 10, 'Y', 'N', 1, 1); 
INSERT INTO TABLE_COLUMN ( TCL_ID, TBD_ID, ENT_ID, TCL_NAME, TCL_DISPLAY, TCL_ORDER_NO,
TCL_PRIMARY_KEY_FL, TCL_TYPE, TCL_LENGTH, TCL_MANDATORY_FL, TCL_DELETE_FL, TCL_VERSION_ID,
PTN_ID ) VALUES ( 
800, 87, NULL, 'evs_evt_dttm', 'evs_evt_dttm', 2, 'N', 'datetime', -1, 'Y', 'N', 1
, 1); 
INSERT INTO TABLE_COLUMN ( TCL_ID, TBD_ID, ENT_ID, TCL_NAME, TCL_DISPLAY, TCL_ORDER_NO,
TCL_PRIMARY_KEY_FL, TCL_TYPE, TCL_LENGTH, TCL_MANDATORY_FL, TCL_DELETE_FL, TCL_VERSION_ID,
PTN_ID ) VALUES ( 
801, 87, NULL, 'evs_delete_fl', 'evs_delete_fl', 3, 'N', 'bool', 1, 'Y', 'N', 1, 1); 
INSERT INTO TABLE_COLUMN ( TCL_ID, TBD_ID, ENT_ID, TCL_NAME, TCL_DISPLAY, TCL_ORDER_NO,
TCL_PRIMARY_KEY_FL, TCL_TYPE, TCL_LENGTH, TCL_MANDATORY_FL, TCL_DELETE_FL, TCL_VERSION_ID,
PTN_ID ) VALUES ( 
802, 87, NULL, 'evs_version_id', 'evs_version_id', 4, 'N', 'int', 10, 'Y', 'N', 1
, 1); 
INSERT INTO TABLE_COLUMN ( TCL_ID, TBD_ID, ENT_ID, TCL_NAME, TCL_DISPLAY, TCL_ORDER_NO,
TCL_PRIMARY_KEY_FL, TCL_TYPE, TCL_LENGTH, TCL_MANDATORY_FL, TCL_DELETE_FL, TCL_VERSION_ID,
PTN_ID ) VALUES ( 
803, 87, NULL, 'ptn_id', 'ptn_id', 5, 'N', 'int', 10, 'Y', 'N', 1, 1); 
INSERT INTO TABLE_COLUMN ( TCL_ID, TBD_ID, ENT_ID, TCL_NAME, TCL_DISPLAY, TCL_ORDER_NO,
TCL_PRIMARY_KEY_FL, TCL_TYPE, TCL_LENGTH, TCL_MANDATORY_FL, TCL_DELETE_FL, TCL_VERSION_ID,
PTN_ID ) VALUES ( 
804, 88, NULL, 'chs_id', 'chs_id', 0, 'Y', 'int', 10, 'Y', 'N', 1, 1); 
INSERT INTO TABLE_COLUMN ( TCL_ID, TBD_ID, ENT_ID, TCL_NAME, TCL_DISPLAY, TCL_ORDER_NO,
TCL_PRIMARY_KEY_FL, TCL_TYPE, TCL_LENGTH, TCL_MANDATORY_FL, TCL_DELETE_FL, TCL_VERSION_ID,
PTN_ID ) VALUES ( 
805, 88, NULL, 'chr_id', 'chr_id', 1, 'N', 'int', 10, 'Y', 'N', 1, 1); 
INSERT INTO TABLE_COLUMN ( TCL_ID, TBD_ID, ENT_ID, TCL_NAME, TCL_DISPLAY, TCL_ORDER_NO,
TCL_PRIMARY_KEY_FL, TCL_TYPE, TCL_LENGTH, TCL_MANDATORY_FL, TCL_DELETE_FL, TCL_VERSION_ID,
PTN_ID ) VALUES ( 
806, 88, NULL, 'chs_column', 'chs_column', 2, 'N', 'string', 255, 'Y', 'N', 1, 1); 
INSERT INTO TABLE_COLUMN ( TCL_ID, TBD_ID, ENT_ID, TCL_NAME, TCL_DISPLAY, TCL_ORDER_NO,
TCL_PRIMARY_KEY_FL, TCL_TYPE, TCL_LENGTH, TCL_MANDATORY_FL, TCL_DELETE_FL, TCL_VERSION_ID,
PTN_ID ) VALUES ( 
807, 88, NULL, 'chs_label', 'chs_label', 3, 'N', 'string', 255, 'N', 'N', 1, 1); 
INSERT INTO TABLE_COLUMN ( TCL_ID, TBD_ID, ENT_ID, TCL_NAME, TCL_DISPLAY, TCL_ORDER_NO,
TCL_PRIMARY_KEY_FL, TCL_TYPE, TCL_LENGTH, TCL_MANDATORY_FL, TCL_DELETE_FL, TCL_VERSION_ID,
PTN_ID ) VALUES ( 
808, 88, NULL, 'chs_axis_type', 'chs_axis_type', 4, 'N', 'int', 10, 'N', 'N', 1, 1); 
INSERT INTO TABLE_COLUMN ( TCL_ID, TBD_ID, ENT_ID, TCL_NAME, TCL_DISPLAY, TCL_ORDER_NO,
TCL_PRIMARY_KEY_FL, TCL_TYPE, TCL_LENGTH, TCL_MANDATORY_FL, TCL_DELETE_FL, TCL_VERSION_ID,
PTN_ID ) VALUES ( 
809, 88, NULL, 'chs_delete_fl', 'chs_delete_fl', 5, 'N', 'bool', 1, 'Y', 'N', 1, 1); 
INSERT INTO TABLE_COLUMN ( TCL_ID, TBD_ID, ENT_ID, TCL_NAME, TCL_DISPLAY, TCL_ORDER_NO,
TCL_PRIMARY_KEY_FL, TCL_TYPE, TCL_LENGTH, TCL_MANDATORY_FL, TCL_DELETE_FL, TCL_VERSION_ID,
PTN_ID ) VALUES ( 
810, 88, NULL, 'chs_version_id', 'chs_version_id', 6, 'N', 'int', 10, 'Y', 'N', 1
, 1); 
INSERT INTO TABLE_COLUMN ( TCL_ID, TBD_ID, ENT_ID, TCL_NAME, TCL_DISPLAY, TCL_ORDER_NO,
TCL_PRIMARY_KEY_FL, TCL_TYPE, TCL_LENGTH, TCL_MANDATORY_FL, TCL_DELETE_FL, TCL_VERSION_ID,
PTN_ID ) VALUES ( 
811, 88, NULL, 'ptn_id', 'ptn_id', 7, 'N', 'int', 10, 'Y', 'N', 1, 1); 
INSERT INTO TABLE_COLUMN ( TCL_ID, TBD_ID, ENT_ID, TCL_NAME, TCL_DISPLAY, TCL_ORDER_NO,
TCL_PRIMARY_KEY_FL, TCL_TYPE, TCL_LENGTH, TCL_MANDATORY_FL, TCL_DELETE_FL, TCL_VERSION_ID,
PTN_ID ) VALUES ( 
812, 89, NULL, 'dtc_id', 'dtc_id', 0, 'Y', 'int', 10, 'Y', 'N', 1, 1); 
INSERT INTO TABLE_COLUMN ( TCL_ID, TBD_ID, ENT_ID, TCL_NAME, TCL_DISPLAY, TCL_ORDER_NO,
TCL_PRIMARY_KEY_FL, TCL_TYPE, TCL_LENGTH, TCL_MANDATORY_FL, TCL_DELETE_FL, TCL_VERSION_ID,
PTN_ID ) VALUES ( 
813, 89, NULL, 'dtg_id', 'dtg_id', 1, 'N', 'int', 10, 'Y', 'N', 1, 1); 
INSERT INTO TABLE_COLUMN ( TCL_ID, TBD_ID, ENT_ID, TCL_NAME, TCL_DISPLAY, TCL_ORDER_NO,
TCL_PRIMARY_KEY_FL, TCL_TYPE, TCL_LENGTH, TCL_MANDATORY_FL, TCL_DELETE_FL, TCL_VERSION_ID,
PTN_ID ) VALUES ( 
814, 89, NULL, 'tcl_id', 'tcl_id', 2, 'N', 'int', 10, 'Y', 'N', 1, 1); 
INSERT INTO TABLE_COLUMN ( TCL_ID, TBD_ID, ENT_ID, TCL_NAME, TCL_DISPLAY, TCL_ORDER_NO,
TCL_PRIMARY_KEY_FL, TCL_TYPE, TCL_LENGTH, TCL_MANDATORY_FL, TCL_DELETE_FL, TCL_VERSION_ID,
PTN_ID ) VALUES ( 
815, 89, NULL, 'dtc_label', 'dtc_label', 3, 'N', 'string', 255, 'N', 'N', 1, 1); 
INSERT INTO TABLE_COLUMN ( TCL_ID, TBD_ID, ENT_ID, TCL_NAME, TCL_DISPLAY, TCL_ORDER_NO,
TCL_PRIMARY_KEY_FL, TCL_TYPE, TCL_LENGTH, TCL_MANDATORY_FL, TCL_DELETE_FL, TCL_VERSION_ID,
PTN_ID ) VALUES ( 
816, 89, NULL, 'dtc_width', 'dtc_width', 4, 'N', 'int', 10, 'Y', 'N', 1, 1); 
INSERT INTO TABLE_COLUMN ( TCL_ID, TBD_ID, ENT_ID, TCL_NAME, TCL_DISPLAY, TCL_ORDER_NO,
TCL_PRIMARY_KEY_FL, TCL_TYPE, TCL_LENGTH, TCL_MANDATORY_FL, TCL_DELETE_FL, TCL_VERSION_ID,
PTN_ID ) VALUES ( 
817, 89, NULL, 'dtc_order_no', 'dtc_order_no', 5, 'N', 'int', 10, 'Y', 'N', 1, 1); 
INSERT INTO TABLE_COLUMN ( TCL_ID, TBD_ID, ENT_ID, TCL_NAME, TCL_DISPLAY, TCL_ORDER_NO,
TCL_PRIMARY_KEY_FL, TCL_TYPE, TCL_LENGTH, TCL_MANDATORY_FL, TCL_DELETE_FL, TCL_VERSION_ID,
PTN_ID ) VALUES ( 
818, 89, NULL, 'dtc_type', 'dtc_type', 6, 'N', 'string', 255, 'Y', 'N', 1, 1); 
INSERT INTO TABLE_COLUMN ( TCL_ID, TBD_ID, ENT_ID, TCL_NAME, TCL_DISPLAY, TCL_ORDER_NO,
TCL_PRIMARY_KEY_FL, TCL_TYPE, TCL_LENGTH, TCL_MANDATORY_FL, TCL_DELETE_FL, TCL_VERSION_ID,
PTN_ID ) VALUES ( 
819, 89, NULL, 'dtc_visible_fl', 'dtc_visible_fl', 7, 'N', 'bool', 1, 'Y', 'N', 1
, 1); 
INSERT INTO TABLE_COLUMN ( TCL_ID, TBD_ID, ENT_ID, TCL_NAME, TCL_DISPLAY, TCL_ORDER_NO,
TCL_PRIMARY_KEY_FL, TCL_TYPE, TCL_LENGTH, TCL_MANDATORY_FL, TCL_DELETE_FL, TCL_VERSION_ID,
PTN_ID ) VALUES ( 
820, 89, NULL, 'dtc_sort', 'dtc_sort', 8, 'N', 'string', 255, 'Y', 'N', 1, 1); 
INSERT INTO TABLE_COLUMN ( TCL_ID, TBD_ID, ENT_ID, TCL_NAME, TCL_DISPLAY, TCL_ORDER_NO,
TCL_PRIMARY_KEY_FL, TCL_TYPE, TCL_LENGTH, TCL_MANDATORY_FL, TCL_DELETE_FL, TCL_VERSION_ID,
PTN_ID ) VALUES ( 
821, 89, NULL, 'dtc_text_align', 'dtc_text_align', 9, 'N', 'string', 255, 'Y', 'N'
, 1, 1); 
INSERT INTO TABLE_COLUMN ( TCL_ID, TBD_ID, ENT_ID, TCL_NAME, TCL_DISPLAY, TCL_ORDER_NO,
TCL_PRIMARY_KEY_FL, TCL_TYPE, TCL_LENGTH, TCL_MANDATORY_FL, TCL_DELETE_FL, TCL_VERSION_ID,
PTN_ID ) VALUES ( 
822, 89, NULL, 'dtc_null_display', 'dtc_null_display', 10, 'N', 'string', 255, 'N'
, 'N', 1, 1); 
INSERT INTO TABLE_COLUMN ( TCL_ID, TBD_ID, ENT_ID, TCL_NAME, TCL_DISPLAY, TCL_ORDER_NO,
TCL_PRIMARY_KEY_FL, TCL_TYPE, TCL_LENGTH, TCL_MANDATORY_FL, TCL_DELETE_FL, TCL_VERSION_ID,
PTN_ID ) VALUES ( 
823, 89, NULL, 'dtc_delete_fl', 'dtc_delete_fl', 11, 'N', 'bool', 1, 'Y', 'N', 1, 1); 
INSERT INTO TABLE_COLUMN ( TCL_ID, TBD_ID, ENT_ID, TCL_NAME, TCL_DISPLAY, TCL_ORDER_NO,
TCL_PRIMARY_KEY_FL, TCL_TYPE, TCL_LENGTH, TCL_MANDATORY_FL, TCL_DELETE_FL, TCL_VERSION_ID,
PTN_ID ) VALUES ( 
824, 89, NULL, 'dtc_version_id', 'dtc_version_id', 12, 'N', 'int', 10, 'Y', 'N', 1
, 1); 
INSERT INTO TABLE_COLUMN ( TCL_ID, TBD_ID, ENT_ID, TCL_NAME, TCL_DISPLAY, TCL_ORDER_NO,
TCL_PRIMARY_KEY_FL, TCL_TYPE, TCL_LENGTH, TCL_MANDATORY_FL, TCL_DELETE_FL, TCL_VERSION_ID,
PTN_ID ) VALUES ( 
825, 89, NULL, 'ptn_id', 'ptn_id', 13, 'N', 'int', 10, 'Y', 'N', 1, 1); 
INSERT INTO TABLE_COLUMN ( TCL_ID, TBD_ID, ENT_ID, TCL_NAME, TCL_DISPLAY, TCL_ORDER_NO,
TCL_PRIMARY_KEY_FL, TCL_TYPE, TCL_LENGTH, TCL_MANDATORY_FL, TCL_DELETE_FL, TCL_VERSION_ID,
PTN_ID ) VALUES ( 
826, 90, NULL, 'der_id', 'der_id', 0, 'Y', 'int', 10, 'Y', 'N', 1, 1); 
INSERT INTO TABLE_COLUMN ( TCL_ID, TBD_ID, ENT_ID, TCL_NAME, TCL_DISPLAY, TCL_ORDER_NO,
TCL_PRIMARY_KEY_FL, TCL_TYPE, TCL_LENGTH, TCL_MANDATORY_FL, TCL_DELETE_FL, TCL_VERSION_ID,
PTN_ID ) VALUES ( 
827, 90, NULL, 'dpr_id', 'dpr_id', 1, 'N', 'int', 10, 'Y', 'N', 1, 1); 
INSERT INTO TABLE_COLUMN ( TCL_ID, TBD_ID, ENT_ID, TCL_NAME, TCL_DISPLAY, TCL_ORDER_NO,
TCL_PRIMARY_KEY_FL, TCL_TYPE, TCL_LENGTH, TCL_MANDATORY_FL, TCL_DELETE_FL, TCL_VERSION_ID,
PTN_ID ) VALUES ( 
828, 90, NULL, 'dsc_id', 'dsc_id', 2, 'N', 'int', 10, 'N', 'N', 1, 1); 
INSERT INTO TABLE_COLUMN ( TCL_ID, TBD_ID, ENT_ID, TCL_NAME, TCL_DISPLAY, TCL_ORDER_NO,
TCL_PRIMARY_KEY_FL, TCL_TYPE, TCL_LENGTH, TCL_MANDATORY_FL, TCL_DELETE_FL, TCL_VERSION_ID,
PTN_ID ) VALUES ( 
829, 90, NULL, 'der_name', 'der_name', 3, 'N', 'string', 255, 'Y', 'N', 1, 1); 
INSERT INTO TABLE_COLUMN ( TCL_ID, TBD_ID, ENT_ID, TCL_NAME, TCL_DISPLAY, TCL_ORDER_NO,
TCL_PRIMARY_KEY_FL, TCL_TYPE, TCL_LENGTH, TCL_MANDATORY_FL, TCL_DELETE_FL, TCL_VERSION_ID,
PTN_ID ) VALUES ( 
830, 90, NULL, 'der_d_s_type_fl', 'der_d_s_type_fl', 4, 'N', 'bool', 1, 'Y', 'N', 1
, 1); 
INSERT INTO TABLE_COLUMN ( TCL_ID, TBD_ID, ENT_ID, TCL_NAME, TCL_DISPLAY, TCL_ORDER_NO,
TCL_PRIMARY_KEY_FL, TCL_TYPE, TCL_LENGTH, TCL_MANDATORY_FL, TCL_DELETE_FL, TCL_VERSION_ID,
PTN_ID ) VALUES ( 
831, 90, NULL, 'der_user_name', 'der_user_name', 5, 'N', 'string', 255, 'N', 'N', 1
, 1); 
INSERT INTO TABLE_COLUMN ( TCL_ID, TBD_ID, ENT_ID, TCL_NAME, TCL_DISPLAY, TCL_ORDER_NO,
TCL_PRIMARY_KEY_FL, TCL_TYPE, TCL_LENGTH, TCL_MANDATORY_FL, TCL_DELETE_FL, TCL_VERSION_ID,
PTN_ID ) VALUES ( 
832, 90, NULL, 'der_password', 'der_password', 6, 'N', 'string', 255, 'N', 'N', 1
, 1); 
INSERT INTO TABLE_COLUMN ( TCL_ID, TBD_ID, ENT_ID, TCL_NAME, TCL_DISPLAY, TCL_ORDER_NO,
TCL_PRIMARY_KEY_FL, TCL_TYPE, TCL_LENGTH, TCL_MANDATORY_FL, TCL_DELETE_FL, TCL_VERSION_ID,
PTN_ID ) VALUES ( 
833, 90, NULL, 'der_url', 'der_url', 7, 'N', 'string', 255, 'N', 'N', 1, 1); 
INSERT INTO TABLE_COLUMN ( TCL_ID, TBD_ID, ENT_ID, TCL_NAME, TCL_DISPLAY, TCL_ORDER_NO,
TCL_PRIMARY_KEY_FL, TCL_TYPE, TCL_LENGTH, TCL_MANDATORY_FL, TCL_DELETE_FL, TCL_VERSION_ID,
PTN_ID ) VALUES ( 
834, 90, NULL, 'der_driver_class', 'der_driver_class', 8, 'N', 'string', 255, 'N'
, 'N', 1, 1); 
INSERT INTO TABLE_COLUMN ( TCL_ID, TBD_ID, ENT_ID, TCL_NAME, TCL_DISPLAY, TCL_ORDER_NO,
TCL_PRIMARY_KEY_FL, TCL_TYPE, TCL_LENGTH, TCL_MANDATORY_FL, TCL_DELETE_FL, TCL_VERSION_ID,
PTN_ID ) VALUES ( 
835, 90, NULL, 'der_app_database_type', 'der_app_database_type', 9, 'N', 'string'
, 255, 'N', 'N', 1, 1); 
INSERT INTO TABLE_COLUMN ( TCL_ID, TBD_ID, ENT_ID, TCL_NAME, TCL_DISPLAY, TCL_ORDER_NO,
TCL_PRIMARY_KEY_FL, TCL_TYPE, TCL_LENGTH, TCL_MANDATORY_FL, TCL_DELETE_FL, TCL_VERSION_ID,
PTN_ID ) VALUES ( 
836, 90, NULL, 'der_perspective_pig_id', 'der_perspective_pig_id', 10, 'N', 'int'
, 10, 'N', 'N', 1, 1); 
INSERT INTO TABLE_COLUMN ( TCL_ID, TBD_ID, ENT_ID, TCL_NAME, TCL_DISPLAY, TCL_ORDER_NO,
TCL_PRIMARY_KEY_FL, TCL_TYPE, TCL_LENGTH, TCL_MANDATORY_FL, TCL_DELETE_FL, TCL_VERSION_ID,
PTN_ID ) VALUES ( 
837, 90, NULL, 'der_delete_fl', 'der_delete_fl', 11, 'N', 'bool', 1, 'Y', 'N', 1, 1); 
INSERT INTO TABLE_COLUMN ( TCL_ID, TBD_ID, ENT_ID, TCL_NAME, TCL_DISPLAY, TCL_ORDER_NO,
TCL_PRIMARY_KEY_FL, TCL_TYPE, TCL_LENGTH, TCL_MANDATORY_FL, TCL_DELETE_FL, TCL_VERSION_ID,
PTN_ID ) VALUES ( 
838, 90, NULL, 'der_version_id', 'der_version_id', 12, 'N', 'int', 10, 'Y', 'N', 1
, 1); 
INSERT INTO TABLE_COLUMN ( TCL_ID, TBD_ID, ENT_ID, TCL_NAME, TCL_DISPLAY, TCL_ORDER_NO,
TCL_PRIMARY_KEY_FL, TCL_TYPE, TCL_LENGTH, TCL_MANDATORY_FL, TCL_DELETE_FL, TCL_VERSION_ID,
PTN_ID ) VALUES ( 
839, 90, NULL, 'ptn_id', 'ptn_id', 13, 'N', 'int', 10, 'Y', 'N', 1, 1); 
INSERT INTO TABLE_COLUMN ( TCL_ID, TBD_ID, ENT_ID, TCL_NAME, TCL_DISPLAY, TCL_ORDER_NO,
TCL_PRIMARY_KEY_FL, TCL_TYPE, TCL_LENGTH, TCL_MANDATORY_FL, TCL_DELETE_FL, TCL_VERSION_ID,
PTN_ID ) VALUES ( 
840, 91, NULL, 'exa_id', 'exa_id', 0, 'Y', 'int', 10, 'Y', 'N', 1, 1); 
INSERT INTO TABLE_COLUMN ( TCL_ID, TBD_ID, ENT_ID, TCL_NAME, TCL_DISPLAY, TCL_ORDER_NO,
TCL_PRIMARY_KEY_FL, TCL_TYPE, TCL_LENGTH, TCL_MANDATORY_FL, TCL_DELETE_FL, TCL_VERSION_ID,
PTN_ID ) VALUES ( 
841, 91, NULL, 'exa_alert_no', 'exa_alert_no', 1, 'N', 'int', 10, 'Y', 'N', 1, 1); 
INSERT INTO TABLE_COLUMN ( TCL_ID, TBD_ID, ENT_ID, TCL_NAME, TCL_DISPLAY, TCL_ORDER_NO,
TCL_PRIMARY_KEY_FL, TCL_TYPE, TCL_LENGTH, TCL_MANDATORY_FL, TCL_DELETE_FL, TCL_VERSION_ID,
PTN_ID ) VALUES ( 
842, 91, NULL, 'exa_guide_pk', 'exa_guide_pk', 2, 'N', 'int', 10, 'Y', 'N', 1, 1); 
INSERT INTO TABLE_COLUMN ( TCL_ID, TBD_ID, ENT_ID, TCL_NAME, TCL_DISPLAY, TCL_ORDER_NO,
TCL_PRIMARY_KEY_FL, TCL_TYPE, TCL_LENGTH, TCL_MANDATORY_FL, TCL_DELETE_FL, TCL_VERSION_ID,
PTN_ID ) VALUES ( 
843, 91, NULL, 'exa_result_pk', 'exa_result_pk', 3, 'N', 'int', 10, 'N', 'N', 1, 1); 
INSERT INTO TABLE_COLUMN ( TCL_ID, TBD_ID, ENT_ID, TCL_NAME, TCL_DISPLAY, TCL_ORDER_NO,
TCL_PRIMARY_KEY_FL, TCL_TYPE, TCL_LENGTH, TCL_MANDATORY_FL, TCL_DELETE_FL, TCL_VERSION_ID,
PTN_ID ) VALUES ( 
844, 91, NULL, 'exa_param1', 'exa_param1', 4, 'N', 'string', 255, 'N', 'N', 1, 1); 
INSERT INTO TABLE_COLUMN ( TCL_ID, TBD_ID, ENT_ID, TCL_NAME, TCL_DISPLAY, TCL_ORDER_NO,
TCL_PRIMARY_KEY_FL, TCL_TYPE, TCL_LENGTH, TCL_MANDATORY_FL, TCL_DELETE_FL, TCL_VERSION_ID,
PTN_ID ) VALUES ( 
845, 91, NULL, 'exa_param2', 'exa_param2', 5, 'N', 'string', 255, 'N', 'N', 1, 1); 
INSERT INTO TABLE_COLUMN ( TCL_ID, TBD_ID, ENT_ID, TCL_NAME, TCL_DISPLAY, TCL_ORDER_NO,
TCL_PRIMARY_KEY_FL, TCL_TYPE, TCL_LENGTH, TCL_MANDATORY_FL, TCL_DELETE_FL, TCL_VERSION_ID,
PTN_ID ) VALUES ( 
846, 91, NULL, 'exa_param3', 'exa_param3', 6, 'N', 'string', 255, 'N', 'N', 1, 1); 
INSERT INTO TABLE_COLUMN ( TCL_ID, TBD_ID, ENT_ID, TCL_NAME, TCL_DISPLAY, TCL_ORDER_NO,
TCL_PRIMARY_KEY_FL, TCL_TYPE, TCL_LENGTH, TCL_MANDATORY_FL, TCL_DELETE_FL, TCL_VERSION_ID,
PTN_ID ) VALUES ( 
847, 91, NULL, 'exa_param4', 'exa_param4', 7, 'N', 'string', 255, 'N', 'N', 1, 1); 
INSERT INTO TABLE_COLUMN ( TCL_ID, TBD_ID, ENT_ID, TCL_NAME, TCL_DISPLAY, TCL_ORDER_NO,
TCL_PRIMARY_KEY_FL, TCL_TYPE, TCL_LENGTH, TCL_MANDATORY_FL, TCL_DELETE_FL, TCL_VERSION_ID,
PTN_ID ) VALUES ( 
848, 91, NULL, 'exa_param5', 'exa_param5', 8, 'N', 'string', 255, 'N', 'N', 1, 1); 
INSERT INTO TABLE_COLUMN ( TCL_ID, TBD_ID, ENT_ID, TCL_NAME, TCL_DISPLAY, TCL_ORDER_NO,
TCL_PRIMARY_KEY_FL, TCL_TYPE, TCL_LENGTH, TCL_MANDATORY_FL, TCL_DELETE_FL, TCL_VERSION_ID,
PTN_ID ) VALUES ( 
849, 91, NULL, 'exa_delete_fl', 'exa_delete_fl', 9, 'N', 'bool', 1, 'Y', 'N', 1, 1); 
INSERT INTO TABLE_COLUMN ( TCL_ID, TBD_ID, ENT_ID, TCL_NAME, TCL_DISPLAY, TCL_ORDER_NO,
TCL_PRIMARY_KEY_FL, TCL_TYPE, TCL_LENGTH, TCL_MANDATORY_FL, TCL_DELETE_FL, TCL_VERSION_ID,
PTN_ID ) VALUES ( 
850, 91, NULL, 'exa_version_id', 'exa_version_id', 10, 'N', 'int', 10, 'Y', 'N', 1
, 1); 
INSERT INTO TABLE_COLUMN ( TCL_ID, TBD_ID, ENT_ID, TCL_NAME, TCL_DISPLAY, TCL_ORDER_NO,
TCL_PRIMARY_KEY_FL, TCL_TYPE, TCL_LENGTH, TCL_MANDATORY_FL, TCL_DELETE_FL, TCL_VERSION_ID,
PTN_ID ) VALUES ( 
851, 91, NULL, 'ptn_id', 'ptn_id', 11, 'N', 'int', 10, 'Y', 'N', 1, 1); 
INSERT INTO TABLE_COLUMN ( TCL_ID, TBD_ID, ENT_ID, TCL_NAME, TCL_DISPLAY, TCL_ORDER_NO,
TCL_PRIMARY_KEY_FL, TCL_TYPE, TCL_LENGTH, TCL_MANDATORY_FL, TCL_DELETE_FL, TCL_VERSION_ID,
PTN_ID ) VALUES ( 
852, 92, NULL, 'fcn_id', 'fcn_id', 0, 'Y', 'int', 10, 'Y', 'N', 1, 1); 
INSERT INTO TABLE_COLUMN ( TCL_ID, TBD_ID, ENT_ID, TCL_NAME, TCL_DISPLAY, TCL_ORDER_NO,
TCL_PRIMARY_KEY_FL, TCL_TYPE, TCL_LENGTH, TCL_MANDATORY_FL, TCL_DELETE_FL, TCL_VERSION_ID,
PTN_ID ) VALUES ( 
853, 92, NULL, 'fcn_name', 'fcn_name', 1, 'N', 'string', 255, 'Y', 'N', 1, 1); 
INSERT INTO TABLE_COLUMN ( TCL_ID, TBD_ID, ENT_ID, TCL_NAME, TCL_DISPLAY, TCL_ORDER_NO,
TCL_PRIMARY_KEY_FL, TCL_TYPE, TCL_LENGTH, TCL_MANDATORY_FL, TCL_DELETE_FL, TCL_VERSION_ID,
PTN_ID ) VALUES ( 
854, 92, NULL, 'fls_id', 'fls_id', 2, 'N', 'int', 10, 'Y', 'N', 1, 1); 
INSERT INTO TABLE_COLUMN ( TCL_ID, TBD_ID, ENT_ID, TCL_NAME, TCL_DISPLAY, TCL_ORDER_NO,
TCL_PRIMARY_KEY_FL, TCL_TYPE, TCL_LENGTH, TCL_MANDATORY_FL, TCL_DELETE_FL, TCL_VERSION_ID,
PTN_ID ) VALUES ( 
855, 92, NULL, 'rsh_id', 'rsh_id', 3, 'N', 'int', 10, 'Y', 'N', 1, 1); 
INSERT INTO TABLE_COLUMN ( TCL_ID, TBD_ID, ENT_ID, TCL_NAME, TCL_DISPLAY, TCL_ORDER_NO,
TCL_PRIMARY_KEY_FL, TCL_TYPE, TCL_LENGTH, TCL_MANDATORY_FL, TCL_DELETE_FL, TCL_VERSION_ID,
PTN_ID ) VALUES ( 
856, 92, NULL, 'fcn_path', 'fcn_path', 4, 'N', 'string', 255, 'Y', 'N', 1, 1); 
INSERT INTO TABLE_COLUMN ( TCL_ID, TBD_ID, ENT_ID, TCL_NAME, TCL_DISPLAY, TCL_ORDER_NO,
TCL_PRIMARY_KEY_FL, TCL_TYPE, TCL_LENGTH, TCL_MANDATORY_FL, TCL_DELETE_FL, TCL_VERSION_ID,
PTN_ID ) VALUES ( 
857, 92, NULL, 'fcn_filelist_mask', 'fcn_filelist_mask', 5, 'N', 'string', 255, 'Y'
, 'N', 1, 1); 
INSERT INTO TABLE_COLUMN ( TCL_ID, TBD_ID, ENT_ID, TCL_NAME, TCL_DISPLAY, TCL_ORDER_NO,
TCL_PRIMARY_KEY_FL, TCL_TYPE, TCL_LENGTH, TCL_MANDATORY_FL, TCL_DELETE_FL, TCL_VERSION_ID,
PTN_ID ) VALUES ( 
858, 92, NULL, 'fcn_validation_mask', 'fcn_validation_mask', 6, 'N', 'string', 255
, 'N', 'N', 1, 1); 
INSERT INTO TABLE_COLUMN ( TCL_ID, TBD_ID, ENT_ID, TCL_NAME, TCL_DISPLAY, TCL_ORDER_NO,
TCL_PRIMARY_KEY_FL, TCL_TYPE, TCL_LENGTH, TCL_MANDATORY_FL, TCL_DELETE_FL, TCL_VERSION_ID,
PTN_ID ) VALUES ( 
859, 92, NULL, 'fcn_fsn_mask', 'fcn_fsn_mask', 7, 'N', 'string', 255, 'N', 'N', 1
, 1); 
INSERT INTO TABLE_COLUMN ( TCL_ID, TBD_ID, ENT_ID, TCL_NAME, TCL_DISPLAY, TCL_ORDER_NO,
TCL_PRIMARY_KEY_FL, TCL_TYPE, TCL_LENGTH, TCL_MANDATORY_FL, TCL_DELETE_FL, TCL_VERSION_ID,
PTN_ID ) VALUES ( 
184, 22, NULL, 'msf_id', 'msf_id', 0, 'Y', 'int', 10, 'Y', 'N', 1, 1); 
INSERT INTO TABLE_COLUMN ( TCL_ID, TBD_ID, ENT_ID, TCL_NAME, TCL_DISPLAY, TCL_ORDER_NO,
TCL_PRIMARY_KEY_FL, TCL_TYPE, TCL_LENGTH, TCL_MANDATORY_FL, TCL_DELETE_FL, TCL_VERSION_ID,
PTN_ID ) VALUES ( 
185, 22, NULL, 'fcn_id', 'fcn_id', 1, 'N', 'int', 10, 'Y', 'N', 1, 1); 
INSERT INTO TABLE_COLUMN ( TCL_ID, TBD_ID, ENT_ID, TCL_NAME, TCL_DISPLAY, TCL_ORDER_NO,
TCL_PRIMARY_KEY_FL, TCL_TYPE, TCL_LENGTH, TCL_MANDATORY_FL, TCL_DELETE_FL, TCL_VERSION_ID,
PTN_ID ) VALUES ( 
1, 1, NULL, 'tcl_id', 'tcl_id', 0, 'Y', 'int', 10, 'Y', 'N', 1, 1); 
INSERT INTO TABLE_COLUMN ( TCL_ID, TBD_ID, ENT_ID, TCL_NAME, TCL_DISPLAY, TCL_ORDER_NO,
TCL_PRIMARY_KEY_FL, TCL_TYPE, TCL_LENGTH, TCL_MANDATORY_FL, TCL_DELETE_FL, TCL_VERSION_ID,
PTN_ID ) VALUES ( 
2, 1, NULL, 'tbd_id', 'tbd_id', 1, 'N', 'int', 10, 'Y', 'N', 1, 1); 
INSERT INTO TABLE_COLUMN ( TCL_ID, TBD_ID, ENT_ID, TCL_NAME, TCL_DISPLAY, TCL_ORDER_NO,
TCL_PRIMARY_KEY_FL, TCL_TYPE, TCL_LENGTH, TCL_MANDATORY_FL, TCL_DELETE_FL, TCL_VERSION_ID,
PTN_ID ) VALUES ( 
3, 1, NULL, 'ent_id', 'ent_id', 2, 'N', 'int', 10, 'N', 'N', 1, 1); 
INSERT INTO TABLE_COLUMN ( TCL_ID, TBD_ID, ENT_ID, TCL_NAME, TCL_DISPLAY, TCL_ORDER_NO,
TCL_PRIMARY_KEY_FL, TCL_TYPE, TCL_LENGTH, TCL_MANDATORY_FL, TCL_DELETE_FL, TCL_VERSION_ID,
PTN_ID ) VALUES ( 
4, 1, NULL, 'tcl_name', 'tcl_name', 3, 'N', 'string', 255, 'Y', 'N', 1, 1); 
INSERT INTO TABLE_COLUMN ( TCL_ID, TBD_ID, ENT_ID, TCL_NAME, TCL_DISPLAY, TCL_ORDER_NO,
TCL_PRIMARY_KEY_FL, TCL_TYPE, TCL_LENGTH, TCL_MANDATORY_FL, TCL_DELETE_FL, TCL_VERSION_ID,
PTN_ID ) VALUES ( 
5, 1, NULL, 'tcl_display', 'tcl_display', 4, 'N', 'string', 255, 'Y', 'N', 1, 1); 
INSERT INTO TABLE_COLUMN ( TCL_ID, TBD_ID, ENT_ID, TCL_NAME, TCL_DISPLAY, TCL_ORDER_NO,
TCL_PRIMARY_KEY_FL, TCL_TYPE, TCL_LENGTH, TCL_MANDATORY_FL, TCL_DELETE_FL, TCL_VERSION_ID,
PTN_ID ) VALUES ( 
6, 1, NULL, 'tcl_order_no', 'tcl_order_no', 5, 'N', 'int', 10, 'Y', 'N', 1, 1); 
INSERT INTO TABLE_COLUMN ( TCL_ID, TBD_ID, ENT_ID, TCL_NAME, TCL_DISPLAY, TCL_ORDER_NO,
TCL_PRIMARY_KEY_FL, TCL_TYPE, TCL_LENGTH, TCL_MANDATORY_FL, TCL_DELETE_FL, TCL_VERSION_ID,
PTN_ID ) VALUES ( 
7, 1, NULL, 'tcl_primary_key_fl', 'tcl_primary_key_fl', 6, 'N', 'bool', 1, 'Y', 'N'
, 1, 1); 
INSERT INTO TABLE_COLUMN ( TCL_ID, TBD_ID, ENT_ID, TCL_NAME, TCL_DISPLAY, TCL_ORDER_NO,
TCL_PRIMARY_KEY_FL, TCL_TYPE, TCL_LENGTH, TCL_MANDATORY_FL, TCL_DELETE_FL, TCL_VERSION_ID,
PTN_ID ) VALUES ( 
8, 1, NULL, 'tcl_type', 'tcl_type', 7, 'N', 'string', 255, 'Y', 'N', 1, 1); 
INSERT INTO TABLE_COLUMN ( TCL_ID, TBD_ID, ENT_ID, TCL_NAME, TCL_DISPLAY, TCL_ORDER_NO,
TCL_PRIMARY_KEY_FL, TCL_TYPE, TCL_LENGTH, TCL_MANDATORY_FL, TCL_DELETE_FL, TCL_VERSION_ID,
PTN_ID ) VALUES ( 
9, 1, NULL, 'tcl_length', 'tcl_length', 8, 'N', 'int', 10, 'Y', 'N', 1, 1); 
INSERT INTO TABLE_COLUMN ( TCL_ID, TBD_ID, ENT_ID, TCL_NAME, TCL_DISPLAY, TCL_ORDER_NO,
TCL_PRIMARY_KEY_FL, TCL_TYPE, TCL_LENGTH, TCL_MANDATORY_FL, TCL_DELETE_FL, TCL_VERSION_ID,
PTN_ID ) VALUES ( 
10, 1, NULL, 'tcl_mandatory_fl', 'tcl_mandatory_fl', 9, 'N', 'bool', 1, 'Y', 'N', 1
, 1); 
INSERT INTO TABLE_COLUMN ( TCL_ID, TBD_ID, ENT_ID, TCL_NAME, TCL_DISPLAY, TCL_ORDER_NO,
TCL_PRIMARY_KEY_FL, TCL_TYPE, TCL_LENGTH, TCL_MANDATORY_FL, TCL_DELETE_FL, TCL_VERSION_ID,
PTN_ID ) VALUES ( 
11, 1, NULL, 'tcl_delete_fl', 'tcl_delete_fl', 10, 'N', 'bool', 1, 'Y', 'N', 1, 1); 
INSERT INTO TABLE_COLUMN ( TCL_ID, TBD_ID, ENT_ID, TCL_NAME, TCL_DISPLAY, TCL_ORDER_NO,
TCL_PRIMARY_KEY_FL, TCL_TYPE, TCL_LENGTH, TCL_MANDATORY_FL, TCL_DELETE_FL, TCL_VERSION_ID,
PTN_ID ) VALUES ( 
12, 1, NULL, 'tcl_version_id', 'tcl_version_id', 11, 'N', 'int', 10, 'Y', 'N', 1, 1); 
INSERT INTO TABLE_COLUMN ( TCL_ID, TBD_ID, ENT_ID, TCL_NAME, TCL_DISPLAY, TCL_ORDER_NO,
TCL_PRIMARY_KEY_FL, TCL_TYPE, TCL_LENGTH, TCL_MANDATORY_FL, TCL_DELETE_FL, TCL_VERSION_ID,
PTN_ID ) VALUES ( 
13, 1, NULL, 'ptn_id', 'ptn_id', 12, 'N', 'int', 10, 'Y', 'N', 1, 1); 
INSERT INTO TABLE_COLUMN ( TCL_ID, TBD_ID, ENT_ID, TCL_NAME, TCL_DISPLAY, TCL_ORDER_NO,
TCL_PRIMARY_KEY_FL, TCL_TYPE, TCL_LENGTH, TCL_MANDATORY_FL, TCL_DELETE_FL, TCL_VERSION_ID,
PTN_ID ) VALUES ( 
14, 2, NULL, 'ceu_id', 'ceu_id', 0, 'Y', 'int', 10, 'Y', 'N', 1, 1); 
INSERT INTO TABLE_COLUMN ( TCL_ID, TBD_ID, ENT_ID, TCL_NAME, TCL_DISPLAY, TCL_ORDER_NO,
TCL_PRIMARY_KEY_FL, TCL_TYPE, TCL_LENGTH, TCL_MANDATORY_FL, TCL_DELETE_FL, TCL_VERSION_ID,
PTN_ID ) VALUES ( 
15, 2, NULL, 'cen_id', 'cen_id', 1, 'N', 'int', 10, 'Y', 'N', 1, 1); 
INSERT INTO TABLE_COLUMN ( TCL_ID, TBD_ID, ENT_ID, TCL_NAME, TCL_DISPLAY, TCL_ORDER_NO,
TCL_PRIMARY_KEY_FL, TCL_TYPE, TCL_LENGTH, TCL_MANDATORY_FL, TCL_DELETE_FL, TCL_VERSION_ID,
PTN_ID ) VALUES ( 
16, 2, NULL, 'usr_id', 'usr_id', 2, 'N', 'int', 10, 'Y', 'N', 1, 1); 
INSERT INTO TABLE_COLUMN ( TCL_ID, TBD_ID, ENT_ID, TCL_NAME, TCL_DISPLAY, TCL_ORDER_NO,
TCL_PRIMARY_KEY_FL, TCL_TYPE, TCL_LENGTH, TCL_MANDATORY_FL, TCL_DELETE_FL, TCL_VERSION_ID,
PTN_ID ) VALUES ( 
17, 2, NULL, 'ceu_delete_fl', 'ceu_delete_fl', 3, 'N', 'bool', 1, 'Y', 'N', 1, 1); 
INSERT INTO TABLE_COLUMN ( TCL_ID, TBD_ID, ENT_ID, TCL_NAME, TCL_DISPLAY, TCL_ORDER_NO,
TCL_PRIMARY_KEY_FL, TCL_TYPE, TCL_LENGTH, TCL_MANDATORY_FL, TCL_DELETE_FL, TCL_VERSION_ID,
PTN_ID ) VALUES ( 
18, 2, NULL, 'ceu_version_id', 'ceu_version_id', 4, 'N', 'int', 10, 'Y', 'N', 1, 1); 
INSERT INTO TABLE_COLUMN ( TCL_ID, TBD_ID, ENT_ID, TCL_NAME, TCL_DISPLAY, TCL_ORDER_NO,
TCL_PRIMARY_KEY_FL, TCL_TYPE, TCL_LENGTH, TCL_MANDATORY_FL, TCL_DELETE_FL, TCL_VERSION_ID,
PTN_ID ) VALUES ( 
19, 2, NULL, 'ptn_id', 'ptn_id', 5, 'N', 'int', 10, 'Y', 'N', 1, 1); 
INSERT INTO TABLE_COLUMN ( TCL_ID, TBD_ID, ENT_ID, TCL_NAME, TCL_DISPLAY, TCL_ORDER_NO,
TCL_PRIMARY_KEY_FL, TCL_TYPE, TCL_LENGTH, TCL_MANDATORY_FL, TCL_DELETE_FL, TCL_VERSION_ID,
PTN_ID ) VALUES ( 
20, 3, NULL, 'lyt_id', 'lyt_id', 0, 'Y', 'int', 10, 'Y', 'N', 1, 1); 
INSERT INTO TABLE_COLUMN ( TCL_ID, TBD_ID, ENT_ID, TCL_NAME, TCL_DISPLAY, TCL_ORDER_NO,
TCL_PRIMARY_KEY_FL, TCL_TYPE, TCL_LENGTH, TCL_MANDATORY_FL, TCL_DELETE_FL, TCL_VERSION_ID,
PTN_ID ) VALUES ( 
21, 3, NULL, 'lyt_name', 'lyt_name', 1, 'N', 'string', 255, 'Y', 'N', 1, 1); 
INSERT INTO TABLE_COLUMN ( TCL_ID, TBD_ID, ENT_ID, TCL_NAME, TCL_DISPLAY, TCL_ORDER_NO,
TCL_PRIMARY_KEY_FL, TCL_TYPE, TCL_LENGTH, TCL_MANDATORY_FL, TCL_DELETE_FL, TCL_VERSION_ID,
PTN_ID ) VALUES ( 
22, 3, NULL, 'lyt_image_url', 'lyt_image_url', 2, 'N', 'string', 255, 'N', 'N', 1
, 1); 
INSERT INTO TABLE_COLUMN ( TCL_ID, TBD_ID, ENT_ID, TCL_NAME, TCL_DISPLAY, TCL_ORDER_NO,
TCL_PRIMARY_KEY_FL, TCL_TYPE, TCL_LENGTH, TCL_MANDATORY_FL, TCL_DELETE_FL, TCL_VERSION_ID,
PTN_ID ) VALUES ( 
23, 3, NULL, 'lyt_url', 'lyt_url', 3, 'N', 'string', 255, 'Y', 'N', 1, 1); 
INSERT INTO TABLE_COLUMN ( TCL_ID, TBD_ID, ENT_ID, TCL_NAME, TCL_DISPLAY, TCL_ORDER_NO,
TCL_PRIMARY_KEY_FL, TCL_TYPE, TCL_LENGTH, TCL_MANDATORY_FL, TCL_DELETE_FL, TCL_VERSION_ID,
PTN_ID ) VALUES ( 
24, 3, NULL, 'lyt_delete_fl', 'lyt_delete_fl', 4, 'N', 'bool', 1, 'Y', 'N', 1, 1); 
INSERT INTO TABLE_COLUMN ( TCL_ID, TBD_ID, ENT_ID, TCL_NAME, TCL_DISPLAY, TCL_ORDER_NO,
TCL_PRIMARY_KEY_FL, TCL_TYPE, TCL_LENGTH, TCL_MANDATORY_FL, TCL_DELETE_FL, TCL_VERSION_ID,
PTN_ID ) VALUES ( 
25, 3, NULL, 'lyt_version_id', 'lyt_version_id', 5, 'N', 'int', 10, 'Y', 'N', 1, 1); 
INSERT INTO TABLE_COLUMN ( TCL_ID, TBD_ID, ENT_ID, TCL_NAME, TCL_DISPLAY, TCL_ORDER_NO,
TCL_PRIMARY_KEY_FL, TCL_TYPE, TCL_LENGTH, TCL_MANDATORY_FL, TCL_DELETE_FL, TCL_VERSION_ID,
PTN_ID ) VALUES ( 
26, 3, NULL, 'ptn_id', 'ptn_id', 6, 'N', 'int', 10, 'Y', 'N', 1, 1); 
INSERT INTO TABLE_COLUMN ( TCL_ID, TBD_ID, ENT_ID, TCL_NAME, TCL_DISPLAY, TCL_ORDER_NO,
TCL_PRIMARY_KEY_FL, TCL_TYPE, TCL_LENGTH, TCL_MANDATORY_FL, TCL_DELETE_FL, TCL_VERSION_ID,
PTN_ID ) VALUES ( 
27, 4, NULL, 'adu_id', 'adu_id', 0, 'Y', 'int', 10, 'Y', 'N', 1, 1); 
INSERT INTO TABLE_COLUMN ( TCL_ID, TBD_ID, ENT_ID, TCL_NAME, TCL_DISPLAY, TCL_ORDER_NO,
TCL_PRIMARY_KEY_FL, TCL_TYPE, TCL_LENGTH, TCL_MANDATORY_FL, TCL_DELETE_FL, TCL_VERSION_ID,
PTN_ID ) VALUES ( 
28, 4, NULL, 'ald_id', 'ald_id', 1, 'N', 'int', 10, 'Y', 'N', 1, 1); 
INSERT INTO TABLE_COLUMN ( TCL_ID, TBD_ID, ENT_ID, TCL_NAME, TCL_DISPLAY, TCL_ORDER_NO,
TCL_PRIMARY_KEY_FL, TCL_TYPE, TCL_LENGTH, TCL_MANDATORY_FL, TCL_DELETE_FL, TCL_VERSION_ID,
PTN_ID ) VALUES ( 
29, 4, NULL, 'usr_id', 'usr_id', 2, 'N', 'int', 10, 'Y', 'N', 1, 1); 
INSERT INTO TABLE_COLUMN ( TCL_ID, TBD_ID, ENT_ID, TCL_NAME, TCL_DISPLAY, TCL_ORDER_NO,
TCL_PRIMARY_KEY_FL, TCL_TYPE, TCL_LENGTH, TCL_MANDATORY_FL, TCL_DELETE_FL, TCL_VERSION_ID,
PTN_ID ) VALUES ( 
30, 4, NULL, 'adu_delete_fl', 'adu_delete_fl', 3, 'N', 'bool', 1, 'Y', 'N', 1, 1); 
INSERT INTO TABLE_COLUMN ( TCL_ID, TBD_ID, ENT_ID, TCL_NAME, TCL_DISPLAY, TCL_ORDER_NO,
TCL_PRIMARY_KEY_FL, TCL_TYPE, TCL_LENGTH, TCL_MANDATORY_FL, TCL_DELETE_FL, TCL_VERSION_ID,
PTN_ID ) VALUES ( 
31, 4, NULL, 'adu_version_id', 'adu_version_id', 4, 'N', 'int', 10, 'Y', 'N', 1, 1); 
INSERT INTO TABLE_COLUMN ( TCL_ID, TBD_ID, ENT_ID, TCL_NAME, TCL_DISPLAY, TCL_ORDER_NO,
TCL_PRIMARY_KEY_FL, TCL_TYPE, TCL_LENGTH, TCL_MANDATORY_FL, TCL_DELETE_FL, TCL_VERSION_ID,
PTN_ID ) VALUES ( 
32, 4, NULL, 'ptn_id', 'ptn_id', 5, 'N', 'int', 10, 'Y', 'N', 1, 1); 
INSERT INTO TABLE_COLUMN ( TCL_ID, TBD_ID, ENT_ID, TCL_NAME, TCL_DISPLAY, TCL_ORDER_NO,
TCL_PRIMARY_KEY_FL, TCL_TYPE, TCL_LENGTH, TCL_MANDATORY_FL, TCL_DELETE_FL, TCL_VERSION_ID,
PTN_ID ) VALUES ( 
33, 5, NULL, 'tbr_id', 'tbr_id', 0, 'Y', 'int', 10, 'Y', 'N', 1, 1); 
INSERT INTO TABLE_COLUMN ( TCL_ID, TBD_ID, ENT_ID, TCL_NAME, TCL_DISPLAY, TCL_ORDER_NO,
TCL_PRIMARY_KEY_FL, TCL_TYPE, TCL_LENGTH, TCL_MANDATORY_FL, TCL_DELETE_FL, TCL_VERSION_ID,
PTN_ID ) VALUES ( 
34, 5, NULL, 'tab_id', 'tab_id', 1, 'N', 'int', 10, 'Y', 'N', 1, 1); 
INSERT INTO TABLE_COLUMN ( TCL_ID, TBD_ID, ENT_ID, TCL_NAME, TCL_DISPLAY, TCL_ORDER_NO,
TCL_PRIMARY_KEY_FL, TCL_TYPE, TCL_LENGTH, TCL_MANDATORY_FL, TCL_DELETE_FL, TCL_VERSION_ID,
PTN_ID ) VALUES ( 
35, 5, NULL, 'trn_id', 'trn_id', 2, 'N', 'int', 10, 'Y', 'N', 1, 1); 
INSERT INTO TABLE_COLUMN ( TCL_ID, TBD_ID, ENT_ID, TCL_NAME, TCL_DISPLAY, TCL_ORDER_NO,
TCL_PRIMARY_KEY_FL, TCL_TYPE, TCL_LENGTH, TCL_MANDATORY_FL, TCL_DELETE_FL, TCL_VERSION_ID,
PTN_ID ) VALUES ( 
36, 5, NULL, 'trd_id', 'trd_id', 3, 'N', 'int', 10, 'N', 'N', 1, 1); 
INSERT INTO TABLE_COLUMN ( TCL_ID, TBD_ID, ENT_ID, TCL_NAME, TCL_DISPLAY, TCL_ORDER_NO,
TCL_PRIMARY_KEY_FL, TCL_TYPE, TCL_LENGTH, TCL_MANDATORY_FL, TCL_DELETE_FL, TCL_VERSION_ID,
PTN_ID ) VALUES ( 
37, 5, NULL, 'tbr_rate', 'tbr_rate', 4, 'N', 'long', 19, 'Y', 'N', 1, 1); 
INSERT INTO TABLE_COLUMN ( TCL_ID, TBD_ID, ENT_ID, TCL_NAME, TCL_DISPLAY, TCL_ORDER_NO,
TCL_PRIMARY_KEY_FL, TCL_TYPE, TCL_LENGTH, TCL_MANDATORY_FL, TCL_DELETE_FL, TCL_VERSION_ID,
PTN_ID ) VALUES ( 
38, 5, NULL, 'tbr_usage_per_unit', 'tbr_usage_per_unit', 5, 'N', 'int', 10, 'Y', 'N'
, 1, 1); 
INSERT INTO TABLE_COLUMN ( TCL_ID, TBD_ID, ENT_ID, TCL_NAME, TCL_DISPLAY, TCL_ORDER_NO,
TCL_PRIMARY_KEY_FL, TCL_TYPE, TCL_LENGTH, TCL_MANDATORY_FL, TCL_DELETE_FL, TCL_VERSION_ID,
PTN_ID ) VALUES ( 
39, 5, NULL, 'tbr_threshold_fl', 'tbr_threshold_fl', 6, 'N', 'bool', 1, 'Y', 'N', 1
, 1); 
INSERT INTO TABLE_COLUMN ( TCL_ID, TBD_ID, ENT_ID, TCL_NAME, TCL_DISPLAY, TCL_ORDER_NO,
TCL_PRIMARY_KEY_FL, TCL_TYPE, TCL_LENGTH, TCL_MANDATORY_FL, TCL_DELETE_FL, TCL_VERSION_ID,
PTN_ID ) VALUES ( 
40, 5, NULL, 'tbr_version_id', 'tbr_version_id', 7, 'N', 'int', 10, 'Y', 'N', 1, 1); 
INSERT INTO TABLE_COLUMN ( TCL_ID, TBD_ID, ENT_ID, TCL_NAME, TCL_DISPLAY, TCL_ORDER_NO,
TCL_PRIMARY_KEY_FL, TCL_TYPE, TCL_LENGTH, TCL_MANDATORY_FL, TCL_DELETE_FL, TCL_VERSION_ID,
PTN_ID ) VALUES ( 
41, 5, NULL, 'tbr_delete_fl', 'tbr_delete_fl', 8, 'N', 'bool', 1, 'Y', 'N', 1, 1); 
INSERT INTO TABLE_COLUMN ( TCL_ID, TBD_ID, ENT_ID, TCL_NAME, TCL_DISPLAY, TCL_ORDER_NO,
TCL_PRIMARY_KEY_FL, TCL_TYPE, TCL_LENGTH, TCL_MANDATORY_FL, TCL_DELETE_FL, TCL_VERSION_ID,
PTN_ID ) VALUES ( 
42, 5, NULL, 'ptn_id', 'ptn_id', 9, 'N', 'int', 10, 'Y', 'N', 1, 1); 
INSERT INTO TABLE_COLUMN ( TCL_ID, TBD_ID, ENT_ID, TCL_NAME, TCL_DISPLAY, TCL_ORDER_NO,
TCL_PRIMARY_KEY_FL, TCL_TYPE, TCL_LENGTH, TCL_MANDATORY_FL, TCL_DELETE_FL, TCL_VERSION_ID,
PTN_ID ) VALUES ( 
43, 6, NULL, 'tcr_id', 'tcr_id', 0, 'Y', 'int', 10, 'Y', 'N', 1, 1); 
INSERT INTO TABLE_COLUMN ( TCL_ID, TBD_ID, ENT_ID, TCL_NAME, TCL_DISPLAY, TCL_ORDER_NO,
TCL_PRIMARY_KEY_FL, TCL_TYPE, TCL_LENGTH, TCL_MANDATORY_FL, TCL_DELETE_FL, TCL_VERSION_ID,
PTN_ID ) VALUES ( 
44, 6, NULL, 'tcr_name', 'tcr_name', 1, 'N', 'string', 255, 'Y', 'N', 1, 1); 
INSERT INTO TABLE_COLUMN ( TCL_ID, TBD_ID, ENT_ID, TCL_NAME, TCL_DISPLAY, TCL_ORDER_NO,
TCL_PRIMARY_KEY_FL, TCL_TYPE, TCL_LENGTH, TCL_MANDATORY_FL, TCL_DELETE_FL, TCL_VERSION_ID,
PTN_ID ) VALUES ( 
45, 6, NULL, 'tcr_configured_pig_id', 'tcr_configured_pig_id', 2, 'N', 'int', 10, 'Y'
, 'N', 1, 1); 
INSERT INTO TABLE_COLUMN ( TCL_ID, TBD_ID, ENT_ID, TCL_NAME, TCL_DISPLAY, TCL_ORDER_NO,
TCL_PRIMARY_KEY_FL, TCL_TYPE, TCL_LENGTH, TCL_MANDATORY_FL, TCL_DELETE_FL, TCL_VERSION_ID,
PTN_ID ) VALUES ( 
46, 6, NULL, 'tcr_running_pig_id', 'tcr_running_pig_id', 3, 'N', 'int', 10, 'N', 'N'
, 1, 1); 
INSERT INTO TABLE_COLUMN ( TCL_ID, TBD_ID, ENT_ID, TCL_NAME, TCL_DISPLAY, TCL_ORDER_NO,
TCL_PRIMARY_KEY_FL, TCL_TYPE, TCL_LENGTH, TCL_MANDATORY_FL, TCL_DELETE_FL, TCL_VERSION_ID,
PTN_ID ) VALUES ( 
47, 6, NULL, 'tcr_delete_fl', 'tcr_delete_fl', 4, 'N', 'bool', 1, 'Y', 'N', 1, 1); 
INSERT INTO TABLE_COLUMN ( TCL_ID, TBD_ID, ENT_ID, TCL_NAME, TCL_DISPLAY, TCL_ORDER_NO,
TCL_PRIMARY_KEY_FL, TCL_TYPE, TCL_LENGTH, TCL_MANDATORY_FL, TCL_DELETE_FL, TCL_VERSION_ID,
PTN_ID ) VALUES ( 
48, 6, NULL, 'tcr_version_id', 'tcr_version_id', 5, 'N', 'int', 10, 'Y', 'N', 1, 1); 
INSERT INTO TABLE_COLUMN ( TCL_ID, TBD_ID, ENT_ID, TCL_NAME, TCL_DISPLAY, TCL_ORDER_NO,
TCL_PRIMARY_KEY_FL, TCL_TYPE, TCL_LENGTH, TCL_MANDATORY_FL, TCL_DELETE_FL, TCL_VERSION_ID,
PTN_ID ) VALUES ( 
49, 6, NULL, 'ptn_id', 'ptn_id', 6, 'N', 'int', 10, 'Y', 'N', 1, 1); 
INSERT INTO TABLE_COLUMN ( TCL_ID, TBD_ID, ENT_ID, TCL_NAME, TCL_DISPLAY, TCL_ORDER_NO,
TCL_PRIMARY_KEY_FL, TCL_TYPE, TCL_LENGTH, TCL_MANDATORY_FL, TCL_DELETE_FL, TCL_VERSION_ID,
PTN_ID ) VALUES ( 
50, 7, NULL, 'frg_id', 'frg_id', 0, 'Y', 'int', 10, 'Y', 'N', 1, 1); 
INSERT INTO TABLE_COLUMN ( TCL_ID, TBD_ID, ENT_ID, TCL_NAME, TCL_DISPLAY, TCL_ORDER_NO,
TCL_PRIMARY_KEY_FL, TCL_TYPE, TCL_LENGTH, TCL_MANDATORY_FL, TCL_DELETE_FL, TCL_VERSION_ID,
PTN_ID ) VALUES ( 
51, 7, NULL, 'frg_name', 'frg_name', 1, 'N', 'string', 255, 'Y', 'N', 1, 1); 
INSERT INTO TABLE_COLUMN ( TCL_ID, TBD_ID, ENT_ID, TCL_NAME, TCL_DISPLAY, TCL_ORDER_NO,
TCL_PRIMARY_KEY_FL, TCL_TYPE, TCL_LENGTH, TCL_MANDATORY_FL, TCL_DELETE_FL, TCL_VERSION_ID,
PTN_ID ) VALUES ( 
52, 7, NULL, 'frg_delete_fl', 'frg_delete_fl', 2, 'N', 'bool', 1, 'Y', 'N', 1, 1); 
INSERT INTO TABLE_COLUMN ( TCL_ID, TBD_ID, ENT_ID, TCL_NAME, TCL_DISPLAY, TCL_ORDER_NO,
TCL_PRIMARY_KEY_FL, TCL_TYPE, TCL_LENGTH, TCL_MANDATORY_FL, TCL_DELETE_FL, TCL_VERSION_ID,
PTN_ID ) VALUES ( 
53, 7, NULL, 'frg_version_id', 'frg_version_id', 3, 'N', 'int', 10, 'Y', 'N', 1, 1); 
INSERT INTO TABLE_COLUMN ( TCL_ID, TBD_ID, ENT_ID, TCL_NAME, TCL_DISPLAY, TCL_ORDER_NO,
TCL_PRIMARY_KEY_FL, TCL_TYPE, TCL_LENGTH, TCL_MANDATORY_FL, TCL_DELETE_FL, TCL_VERSION_ID,
PTN_ID ) VALUES ( 
54, 7, NULL, 'ptn_id', 'ptn_id', 4, 'N', 'int', 10, 'Y', 'N', 1, 1); 
INSERT INTO TABLE_COLUMN ( TCL_ID, TBD_ID, ENT_ID, TCL_NAME, TCL_DISPLAY, TCL_ORDER_NO,
TCL_PRIMARY_KEY_FL, TCL_TYPE, TCL_LENGTH, TCL_MANDATORY_FL, TCL_DELETE_FL, TCL_VERSION_ID,
PTN_ID ) VALUES ( 
55, 8, NULL, 'app_id', 'app_id', 0, 'Y', 'int', 10, 'Y', 'N', 1, 1); 
INSERT INTO TABLE_COLUMN ( TCL_ID, TBD_ID, ENT_ID, TCL_NAME, TCL_DISPLAY, TCL_ORDER_NO,
TCL_PRIMARY_KEY_FL, TCL_TYPE, TCL_LENGTH, TCL_MANDATORY_FL, TCL_DELETE_FL, TCL_VERSION_ID,
PTN_ID ) VALUES ( 
56, 8, NULL, 'app_name', 'app_name', 1, 'N', 'string', 255, 'Y', 'N', 1, 1); 
INSERT INTO TABLE_COLUMN ( TCL_ID, TBD_ID, ENT_ID, TCL_NAME, TCL_DISPLAY, TCL_ORDER_NO,
TCL_PRIMARY_KEY_FL, TCL_TYPE, TCL_LENGTH, TCL_MANDATORY_FL, TCL_DELETE_FL, TCL_VERSION_ID,
PTN_ID ) VALUES ( 
57, 8, NULL, 'app_logo_path', 'app_logo_path', 2, 'N', 'string', 255, 'N', 'N', 1
, 1); 
INSERT INTO TABLE_COLUMN ( TCL_ID, TBD_ID, ENT_ID, TCL_NAME, TCL_DISPLAY, TCL_ORDER_NO,
TCL_PRIMARY_KEY_FL, TCL_TYPE, TCL_LENGTH, TCL_MANDATORY_FL, TCL_DELETE_FL, TCL_VERSION_ID,
PTN_ID ) VALUES ( 
58, 8, NULL, 'app_delete_fl', 'app_delete_fl', 3, 'N', 'bool', 1, 'Y', 'N', 1, 1); 
INSERT INTO TABLE_COLUMN ( TCL_ID, TBD_ID, ENT_ID, TCL_NAME, TCL_DISPLAY, TCL_ORDER_NO,
TCL_PRIMARY_KEY_FL, TCL_TYPE, TCL_LENGTH, TCL_MANDATORY_FL, TCL_DELETE_FL, TCL_VERSION_ID,
PTN_ID ) VALUES ( 
59, 8, NULL, 'app_version_id', 'app_version_id', 4, 'N', 'int', 10, 'Y', 'N', 1, 1); 
INSERT INTO TABLE_COLUMN ( TCL_ID, TBD_ID, ENT_ID, TCL_NAME, TCL_DISPLAY, TCL_ORDER_NO,
TCL_PRIMARY_KEY_FL, TCL_TYPE, TCL_LENGTH, TCL_MANDATORY_FL, TCL_DELETE_FL, TCL_VERSION_ID,
PTN_ID ) VALUES ( 
60, 8, NULL, 'ptn_id', 'ptn_id', 5, 'N', 'int', 10, 'Y', 'N', 1, 1); 
INSERT INTO TABLE_COLUMN ( TCL_ID, TBD_ID, ENT_ID, TCL_NAME, TCL_DISPLAY, TCL_ORDER_NO,
TCL_PRIMARY_KEY_FL, TCL_TYPE, TCL_LENGTH, TCL_MANDATORY_FL, TCL_DELETE_FL, TCL_VERSION_ID,
PTN_ID ) VALUES ( 
61, 9, NULL, 'eem_id', 'eem_id', 0, 'Y', 'int', 10, 'Y', 'N', 1, 1); 
INSERT INTO TABLE_COLUMN ( TCL_ID, TBD_ID, ENT_ID, TCL_NAME, TCL_DISPLAY, TCL_ORDER_NO,
TCL_PRIMARY_KEY_FL, TCL_TYPE, TCL_LENGTH, TCL_MANDATORY_FL, TCL_DELETE_FL, TCL_VERSION_ID,
PTN_ID ) VALUES ( 
62, 9, NULL, 'emg_id', 'emg_id', 1, 'N', 'int', 10, 'Y', 'N', 1, 1); 
INSERT INTO TABLE_COLUMN ( TCL_ID, TBD_ID, ENT_ID, TCL_NAME, TCL_DISPLAY, TCL_ORDER_NO,
TCL_PRIMARY_KEY_FL, TCL_TYPE, TCL_LENGTH, TCL_MANDATORY_FL, TCL_DELETE_FL, TCL_VERSION_ID,
PTN_ID ) VALUES ( 
63, 9, NULL, 'eem_error_no', 'eem_error_no', 2, 'N', 'int', 10, 'Y', 'N', 1, 1); 
INSERT INTO TABLE_COLUMN ( TCL_ID, TBD_ID, ENT_ID, TCL_NAME, TCL_DISPLAY, TCL_ORDER_NO,
TCL_PRIMARY_KEY_FL, TCL_TYPE, TCL_LENGTH, TCL_MANDATORY_FL, TCL_DELETE_FL, TCL_VERSION_ID,
PTN_ID ) VALUES ( 
64, 9, NULL, 'eem_error_text', 'eem_error_text', 3, 'N', 'string', 255, 'Y', 'N', 1
, 1); 
INSERT INTO TABLE_COLUMN ( TCL_ID, TBD_ID, ENT_ID, TCL_NAME, TCL_DISPLAY, TCL_ORDER_NO,
TCL_PRIMARY_KEY_FL, TCL_TYPE, TCL_LENGTH, TCL_MANDATORY_FL, TCL_DELETE_FL, TCL_VERSION_ID,
PTN_ID ) VALUES ( 
65, 9, NULL, 'eem_delete_fl', 'eem_delete_fl', 4, 'N', 'bool', 1, 'Y', 'N', 1, 1); 
INSERT INTO TABLE_COLUMN ( TCL_ID, TBD_ID, ENT_ID, TCL_NAME, TCL_DISPLAY, TCL_ORDER_NO,
TCL_PRIMARY_KEY_FL, TCL_TYPE, TCL_LENGTH, TCL_MANDATORY_FL, TCL_DELETE_FL, TCL_VERSION_ID,
PTN_ID ) VALUES ( 
66, 9, NULL, 'eem_version_id', 'eem_version_id', 5, 'N', 'int', 10, 'Y', 'N', 1, 1); 
INSERT INTO TABLE_COLUMN ( TCL_ID, TBD_ID, ENT_ID, TCL_NAME, TCL_DISPLAY, TCL_ORDER_NO,
TCL_PRIMARY_KEY_FL, TCL_TYPE, TCL_LENGTH, TCL_MANDATORY_FL, TCL_DELETE_FL, TCL_VERSION_ID,
PTN_ID ) VALUES ( 
67, 9, NULL, 'ptn_id', 'ptn_id', 6, 'N', 'int', 10, 'Y', 'N', 1, 1); 
INSERT INTO TABLE_COLUMN ( TCL_ID, TBD_ID, ENT_ID, TCL_NAME, TCL_DISPLAY, TCL_ORDER_NO,
TCL_PRIMARY_KEY_FL, TCL_TYPE, TCL_LENGTH, TCL_MANDATORY_FL, TCL_DELETE_FL, TCL_VERSION_ID,
PTN_ID ) VALUES ( 
68, 10, NULL, 'rut_id', 'rut_id', 0, 'Y', 'int', 10, 'Y', 'N', 1, 1); 
INSERT INTO TABLE_COLUMN ( TCL_ID, TBD_ID, ENT_ID, TCL_NAME, TCL_DISPLAY, TCL_ORDER_NO,
TCL_PRIMARY_KEY_FL, TCL_TYPE, TCL_LENGTH, TCL_MANDATORY_FL, TCL_DELETE_FL, TCL_VERSION_ID,
PTN_ID ) VALUES ( 
69, 10, NULL, 'swt_id', 'swt_id', 1, 'N', 'int', 10, 'Y', 'N', 1, 1); 
INSERT INTO TABLE_COLUMN ( TCL_ID, TBD_ID, ENT_ID, TCL_NAME, TCL_DISPLAY, TCL_ORDER_NO,
TCL_PRIMARY_KEY_FL, TCL_TYPE, TCL_LENGTH, TCL_MANDATORY_FL, TCL_DELETE_FL, TCL_VERSION_ID,
PTN_ID ) VALUES ( 
70, 10, NULL, 'rtc_id', 'rtc_id', 2, 'N', 'int', 10, 'Y', 'N', 1, 1); 
INSERT INTO TABLE_COLUMN ( TCL_ID, TBD_ID, ENT_ID, TCL_NAME, TCL_DISPLAY, TCL_ORDER_NO,
TCL_PRIMARY_KEY_FL, TCL_TYPE, TCL_LENGTH, TCL_MANDATORY_FL, TCL_DELETE_FL, TCL_VERSION_ID,
PTN_ID ) VALUES ( 
71, 10, NULL, 'rtt_id', 'rtt_id', 3, 'N', 'int', 10, 'Y', 'N', 1, 1); 
INSERT INTO TABLE_COLUMN ( TCL_ID, TBD_ID, ENT_ID, TCL_NAME, TCL_DISPLAY, TCL_ORDER_NO,
TCL_PRIMARY_KEY_FL, TCL_TYPE, TCL_LENGTH, TCL_MANDATORY_FL, TCL_DELETE_FL, TCL_VERSION_ID,
PTN_ID ) VALUES ( 
72, 10, NULL, 'rut_name', 'rut_name', 4, 'N', 'string', 255, 'Y', 'N', 1, 1); 
INSERT INTO TABLE_COLUMN ( TCL_ID, TBD_ID, ENT_ID, TCL_NAME, TCL_DISPLAY, TCL_ORDER_NO,
TCL_PRIMARY_KEY_FL, TCL_TYPE, TCL_LENGTH, TCL_MANDATORY_FL, TCL_DELETE_FL, TCL_VERSION_ID,
PTN_ID ) VALUES ( 
73, 10, NULL, 'rut_match_str', 'rut_match_str', 5, 'N', 'string', 255, 'Y', 'N', 1
, 1); 
INSERT INTO TABLE_COLUMN ( TCL_ID, TBD_ID, ENT_ID, TCL_NAME, TCL_DISPLAY, TCL_ORDER_NO,
TCL_PRIMARY_KEY_FL, TCL_TYPE, TCL_LENGTH, TCL_MANDATORY_FL, TCL_DELETE_FL, TCL_VERSION_ID,
PTN_ID ) VALUES ( 
74, 10, NULL, 'rut_from_dttm', 'rut_from_dttm', 6, 'N', 'datetime', -1, 'Y', 'N', 1
, 1); 
INSERT INTO TABLE_COLUMN ( TCL_ID, TBD_ID, ENT_ID, TCL_NAME, TCL_DISPLAY, TCL_ORDER_NO,
TCL_PRIMARY_KEY_FL, TCL_TYPE, TCL_LENGTH, TCL_MANDATORY_FL, TCL_DELETE_FL, TCL_VERSION_ID,
PTN_ID ) VALUES ( 
75, 10, NULL, 'rut_to_dttm', 'rut_to_dttm', 7, 'N', 'datetime', -1, 'Y', 'N', 1, 1); 
INSERT INTO TABLE_COLUMN ( TCL_ID, TBD_ID, ENT_ID, TCL_NAME, TCL_DISPLAY, TCL_ORDER_NO,
TCL_PRIMARY_KEY_FL, TCL_TYPE, TCL_LENGTH, TCL_MANDATORY_FL, TCL_DELETE_FL, TCL_VERSION_ID,
PTN_ID ) VALUES ( 
76, 10, NULL, 'rut_direction_cd', 'rut_direction_cd', 8, 'N', 'string', 255, 'Y', 'N'
, 1, 1); 
INSERT INTO TABLE_COLUMN ( TCL_ID, TBD_ID, ENT_ID, TCL_NAME, TCL_DISPLAY, TCL_ORDER_NO,
TCL_PRIMARY_KEY_FL, TCL_TYPE, TCL_LENGTH, TCL_MANDATORY_FL, TCL_DELETE_FL, TCL_VERSION_ID,
PTN_ID ) VALUES ( 
77, 10, NULL, 'rut_transit_fl', 'rut_transit_fl', 9, 'N', 'bool', 1, 'Y', 'N', 1, 1); 
INSERT INTO TABLE_COLUMN ( TCL_ID, TBD_ID, ENT_ID, TCL_NAME, TCL_DISPLAY, TCL_ORDER_NO,
TCL_PRIMARY_KEY_FL, TCL_TYPE, TCL_LENGTH, TCL_MANDATORY_FL, TCL_DELETE_FL, TCL_VERSION_ID,
PTN_ID ) VALUES ( 
78, 10, NULL, 'rut_delete_fl', 'rut_delete_fl', 10, 'N', 'bool', 1, 'Y', 'N', 1, 1); 
INSERT INTO TABLE_COLUMN ( TCL_ID, TBD_ID, ENT_ID, TCL_NAME, TCL_DISPLAY, TCL_ORDER_NO,
TCL_PRIMARY_KEY_FL, TCL_TYPE, TCL_LENGTH, TCL_MANDATORY_FL, TCL_DELETE_FL, TCL_VERSION_ID,
PTN_ID ) VALUES ( 
79, 10, NULL, 'rut_version_id', 'rut_version_id', 11, 'N', 'int', 10, 'Y', 'N', 1
, 1); 
INSERT INTO TABLE_COLUMN ( TCL_ID, TBD_ID, ENT_ID, TCL_NAME, TCL_DISPLAY, TCL_ORDER_NO,
TCL_PRIMARY_KEY_FL, TCL_TYPE, TCL_LENGTH, TCL_MANDATORY_FL, TCL_DELETE_FL, TCL_VERSION_ID,
PTN_ID ) VALUES ( 
80, 10, NULL, 'ptn_id', 'ptn_id', 12, 'N', 'int', 10, 'Y', 'N', 1, 1); 
INSERT INTO TABLE_COLUMN ( TCL_ID, TBD_ID, ENT_ID, TCL_NAME, TCL_DISPLAY, TCL_ORDER_NO,
TCL_PRIMARY_KEY_FL, TCL_TYPE, TCL_LENGTH, TCL_MANDATORY_FL, TCL_DELETE_FL, TCL_VERSION_ID,
PTN_ID ) VALUES ( 
81, 11, NULL, 'usp_id', 'usp_id', 0, 'Y', 'int', 10, 'Y', 'N', 1, 1); 
INSERT INTO TABLE_COLUMN ( TCL_ID, TBD_ID, ENT_ID, TCL_NAME, TCL_DISPLAY, TCL_ORDER_NO,
TCL_PRIMARY_KEY_FL, TCL_TYPE, TCL_LENGTH, TCL_MANDATORY_FL, TCL_DELETE_FL, TCL_VERSION_ID,
PTN_ID ) VALUES ( 
82, 11, NULL, 'upn_id', 'upn_id', 1, 'N', 'int', 10, 'Y', 'N', 1, 1); 
INSERT INTO TABLE_COLUMN ( TCL_ID, TBD_ID, ENT_ID, TCL_NAME, TCL_DISPLAY, TCL_ORDER_NO,
TCL_PRIMARY_KEY_FL, TCL_TYPE, TCL_LENGTH, TCL_MANDATORY_FL, TCL_DELETE_FL, TCL_VERSION_ID,
PTN_ID ) VALUES ( 
83, 11, NULL, 'usv_id', 'usv_id', 2, 'N', 'int', 10, 'Y', 'N', 1, 1); 
INSERT INTO TABLE_COLUMN ( TCL_ID, TBD_ID, ENT_ID, TCL_NAME, TCL_DISPLAY, TCL_ORDER_NO,
TCL_PRIMARY_KEY_FL, TCL_TYPE, TCL_LENGTH, TCL_MANDATORY_FL, TCL_DELETE_FL, TCL_VERSION_ID,
PTN_ID ) VALUES ( 
84, 11, NULL, 'dsc_id', 'dsc_id', 3, 'N', 'int', 10, 'Y', 'N', 1, 1); 
INSERT INTO TABLE_COLUMN ( TCL_ID, TBD_ID, ENT_ID, TCL_NAME, TCL_DISPLAY, TCL_ORDER_NO,
TCL_PRIMARY_KEY_FL, TCL_TYPE, TCL_LENGTH, TCL_MANDATORY_FL, TCL_DELETE_FL, TCL_VERSION_ID,
PTN_ID ) VALUES ( 
85, 11, NULL, 'usp_table_suffix', 'usp_table_suffix', 4, 'N', 'string', 255, 'N', 'N'
, 1, 1); 
INSERT INTO TABLE_COLUMN ( TCL_ID, TBD_ID, ENT_ID, TCL_NAME, TCL_DISPLAY, TCL_ORDER_NO,
TCL_PRIMARY_KEY_FL, TCL_TYPE, TCL_LENGTH, TCL_MANDATORY_FL, TCL_DELETE_FL, TCL_VERSION_ID,
PTN_ID ) VALUES ( 
86, 11, NULL, 'usp_data_location', 'usp_data_location', 5, 'N', 'string', 255, 'N'
, 'N', 1, 1); 
INSERT INTO TABLE_COLUMN ( TCL_ID, TBD_ID, ENT_ID, TCL_NAME, TCL_DISPLAY, TCL_ORDER_NO,
TCL_PRIMARY_KEY_FL, TCL_TYPE, TCL_LENGTH, TCL_MANDATORY_FL, TCL_DELETE_FL, TCL_VERSION_ID,
PTN_ID ) VALUES ( 
87, 11, NULL, 'usp_index_location', 'usp_index_location', 6, 'N', 'string', 255, 'N'
, 'N', 1, 1); 
INSERT INTO TABLE_COLUMN ( TCL_ID, TBD_ID, ENT_ID, TCL_NAME, TCL_DISPLAY, TCL_ORDER_NO,
TCL_PRIMARY_KEY_FL, TCL_TYPE, TCL_LENGTH, TCL_MANDATORY_FL, TCL_DELETE_FL, TCL_VERSION_ID,
PTN_ID ) VALUES ( 
88, 11, NULL, 'usp_delete_fl', 'usp_delete_fl', 7, 'N', 'bool', 1, 'Y', 'N', 1, 1); 
INSERT INTO TABLE_COLUMN ( TCL_ID, TBD_ID, ENT_ID, TCL_NAME, TCL_DISPLAY, TCL_ORDER_NO,
TCL_PRIMARY_KEY_FL, TCL_TYPE, TCL_LENGTH, TCL_MANDATORY_FL, TCL_DELETE_FL, TCL_VERSION_ID,
PTN_ID ) VALUES ( 
89, 11, NULL, 'usp_version_id', 'usp_version_id', 8, 'N', 'int', 10, 'Y', 'N', 1, 1); 
INSERT INTO TABLE_COLUMN ( TCL_ID, TBD_ID, ENT_ID, TCL_NAME, TCL_DISPLAY, TCL_ORDER_NO,
TCL_PRIMARY_KEY_FL, TCL_TYPE, TCL_LENGTH, TCL_MANDATORY_FL, TCL_DELETE_FL, TCL_VERSION_ID,
PTN_ID ) VALUES ( 
90, 11, NULL, 'ptn_id', 'ptn_id', 9, 'N', 'int', 10, 'Y', 'N', 1, 1); 
INSERT INTO TABLE_COLUMN ( TCL_ID, TBD_ID, ENT_ID, TCL_NAME, TCL_DISPLAY, TCL_ORDER_NO,
TCL_PRIMARY_KEY_FL, TCL_TYPE, TCL_LENGTH, TCL_MANDATORY_FL, TCL_DELETE_FL, TCL_VERSION_ID,
PTN_ID ) VALUES ( 
91, 12, NULL, 'egd_id', 'egd_id', 0, 'Y', 'int', 10, 'Y', 'N', 1, 1); 
INSERT INTO TABLE_COLUMN ( TCL_ID, TBD_ID, ENT_ID, TCL_NAME, TCL_DISPLAY, TCL_ORDER_NO,
TCL_PRIMARY_KEY_FL, TCL_TYPE, TCL_LENGTH, TCL_MANDATORY_FL, TCL_DELETE_FL, TCL_VERSION_ID,
PTN_ID ) VALUES ( 
92, 12, NULL, 'ent_id', 'ent_id', 1, 'N', 'int', 10, 'Y', 'N', 1, 1); 
INSERT INTO TABLE_COLUMN ( TCL_ID, TBD_ID, ENT_ID, TCL_NAME, TCL_DISPLAY, TCL_ORDER_NO,
TCL_PRIMARY_KEY_FL, TCL_TYPE, TCL_LENGTH, TCL_MANDATORY_FL, TCL_DELETE_FL, TCL_VERSION_ID,
PTN_ID ) VALUES ( 
93, 12, NULL, 'egd_guid', 'egd_guid', 2, 'N', 'string', 255, 'Y', 'N', 1, 1); 
INSERT INTO TABLE_COLUMN ( TCL_ID, TBD_ID, ENT_ID, TCL_NAME, TCL_DISPLAY, TCL_ORDER_NO,
TCL_PRIMARY_KEY_FL, TCL_TYPE, TCL_LENGTH, TCL_MANDATORY_FL, TCL_DELETE_FL, TCL_VERSION_ID,
PTN_ID ) VALUES ( 
94, 12, NULL, 'egd_object_pk', 'egd_object_pk', 3, 'N', 'int', 10, 'Y', 'N', 1, 1); 
INSERT INTO TABLE_COLUMN ( TCL_ID, TBD_ID, ENT_ID, TCL_NAME, TCL_DISPLAY, TCL_ORDER_NO,
TCL_PRIMARY_KEY_FL, TCL_TYPE, TCL_LENGTH, TCL_MANDATORY_FL, TCL_DELETE_FL, TCL_VERSION_ID,
PTN_ID ) VALUES ( 
95, 12, NULL, 'egd_delete_fl', 'egd_delete_fl', 4, 'N', 'bool', 1, 'Y', 'N', 1, 1); 
INSERT INTO TABLE_COLUMN ( TCL_ID, TBD_ID, ENT_ID, TCL_NAME, TCL_DISPLAY, TCL_ORDER_NO,
TCL_PRIMARY_KEY_FL, TCL_TYPE, TCL_LENGTH, TCL_MANDATORY_FL, TCL_DELETE_FL, TCL_VERSION_ID,
PTN_ID ) VALUES ( 
96, 12, NULL, 'egd_version_id', 'egd_version_id', 5, 'N', 'int', 10, 'Y', 'N', 1, 1); 
INSERT INTO TABLE_COLUMN ( TCL_ID, TBD_ID, ENT_ID, TCL_NAME, TCL_DISPLAY, TCL_ORDER_NO,
TCL_PRIMARY_KEY_FL, TCL_TYPE, TCL_LENGTH, TCL_MANDATORY_FL, TCL_DELETE_FL, TCL_VERSION_ID,
PTN_ID ) VALUES ( 
97, 12, NULL, 'ptn_id', 'ptn_id', 6, 'N', 'int', 10, 'Y', 'N', 1, 1); 
INSERT INTO TABLE_COLUMN ( TCL_ID, TBD_ID, ENT_ID, TCL_NAME, TCL_DISPLAY, TCL_ORDER_NO,
TCL_PRIMARY_KEY_FL, TCL_TYPE, TCL_LENGTH, TCL_MANDATORY_FL, TCL_DELETE_FL, TCL_VERSION_ID,
PTN_ID ) VALUES ( 
98, 13, NULL, 'ten_id', 'ten_id', 0, 'Y', 'int', 10, 'Y', 'N', 1, 1); 
INSERT INTO TABLE_COLUMN ( TCL_ID, TBD_ID, ENT_ID, TCL_NAME, TCL_DISPLAY, TCL_ORDER_NO,
TCL_PRIMARY_KEY_FL, TCL_TYPE, TCL_LENGTH, TCL_MANDATORY_FL, TCL_DELETE_FL, TCL_VERSION_ID,
PTN_ID ) VALUES ( 
99, 13, NULL, 'tre_id', 'tre_id', 1, 'N', 'int', 10, 'Y', 'N', 1, 1); 
INSERT INTO TABLE_COLUMN ( TCL_ID, TBD_ID, ENT_ID, TCL_NAME, TCL_DISPLAY, TCL_ORDER_NO,
TCL_PRIMARY_KEY_FL, TCL_TYPE, TCL_LENGTH, TCL_MANDATORY_FL, TCL_DELETE_FL, TCL_VERSION_ID,
PTN_ID ) VALUES ( 
100, 13, NULL, 'ent_id', 'ent_id', 2, 'N', 'int', 10, 'Y', 'N', 1, 1); 
INSERT INTO TABLE_COLUMN ( TCL_ID, TBD_ID, ENT_ID, TCL_NAME, TCL_DISPLAY, TCL_ORDER_NO,
TCL_PRIMARY_KEY_FL, TCL_TYPE, TCL_LENGTH, TCL_MANDATORY_FL, TCL_DELETE_FL, TCL_VERSION_ID,
PTN_ID ) VALUES ( 
101, 13, NULL, 'ten_delete_fl', 'ten_delete_fl', 3, 'N', 'bool', 1, 'Y', 'N', 1, 1); 
INSERT INTO TABLE_COLUMN ( TCL_ID, TBD_ID, ENT_ID, TCL_NAME, TCL_DISPLAY, TCL_ORDER_NO,
TCL_PRIMARY_KEY_FL, TCL_TYPE, TCL_LENGTH, TCL_MANDATORY_FL, TCL_DELETE_FL, TCL_VERSION_ID,
PTN_ID ) VALUES ( 
102, 13, NULL, 'ten_version_id', 'ten_version_id', 4, 'N', 'int', 10, 'Y', 'N', 1
, 1); 
INSERT INTO TABLE_COLUMN ( TCL_ID, TBD_ID, ENT_ID, TCL_NAME, TCL_DISPLAY, TCL_ORDER_NO,
TCL_PRIMARY_KEY_FL, TCL_TYPE, TCL_LENGTH, TCL_MANDATORY_FL, TCL_DELETE_FL, TCL_VERSION_ID,
PTN_ID ) VALUES ( 
103, 13, NULL, 'ptn_id', 'ptn_id', 5, 'N', 'int', 10, 'Y', 'N', 1, 1); 
INSERT INTO TABLE_COLUMN ( TCL_ID, TBD_ID, ENT_ID, TCL_NAME, TCL_DISPLAY, TCL_ORDER_NO,
TCL_PRIMARY_KEY_FL, TCL_TYPE, TCL_LENGTH, TCL_MANDATORY_FL, TCL_DELETE_FL, TCL_VERSION_ID,
PTN_ID ) VALUES ( 
104, 14, NULL, 'tfm_id', 'tfm_id', 0, 'Y', 'int', 10, 'Y', 'N', 1, 1); 
INSERT INTO TABLE_COLUMN ( TCL_ID, TBD_ID, ENT_ID, TCL_NAME, TCL_DISPLAY, TCL_ORDER_NO,
TCL_PRIMARY_KEY_FL, TCL_TYPE, TCL_LENGTH, TCL_MANDATORY_FL, TCL_DELETE_FL, TCL_VERSION_ID,
PTN_ID ) VALUES ( 
105, 14, NULL, 'tfm_name', 'tfm_name', 1, 'N', 'string', 255, 'Y', 'N', 1, 1); 
INSERT INTO TABLE_COLUMN ( TCL_ID, TBD_ID, ENT_ID, TCL_NAME, TCL_DISPLAY, TCL_ORDER_NO,
TCL_PRIMARY_KEY_FL, TCL_TYPE, TCL_LENGTH, TCL_MANDATORY_FL, TCL_DELETE_FL, TCL_VERSION_ID,
PTN_ID ) VALUES ( 
106, 14, NULL, 'tfm_usage_name', 'tfm_usage_name', 2, 'N', 'string', 255, 'Y', 'N'
, 1, 1); 
INSERT INTO TABLE_COLUMN ( TCL_ID, TBD_ID, ENT_ID, TCL_NAME, TCL_DISPLAY, TCL_ORDER_NO,
TCL_PRIMARY_KEY_FL, TCL_TYPE, TCL_LENGTH, TCL_MANDATORY_FL, TCL_DELETE_FL, TCL_VERSION_ID,
PTN_ID ) VALUES ( 
107, 14, NULL, 'tfm_usage_divisor_name', 'tfm_usage_divisor_name', 3, 'N', 'string'
, 255, 'Y', 'N', 1, 1); 
INSERT INTO TABLE_COLUMN ( TCL_ID, TBD_ID, ENT_ID, TCL_NAME, TCL_DISPLAY, TCL_ORDER_NO,
TCL_PRIMARY_KEY_FL, TCL_TYPE, TCL_LENGTH, TCL_MANDATORY_FL, TCL_DELETE_FL, TCL_VERSION_ID,
PTN_ID ) VALUES ( 
108, 14, NULL, 'tfm_usage_divisor', 'tfm_usage_divisor', 4, 'N', 'int', 10, 'Y', 'N'
, 1, 1); 
INSERT INTO TABLE_COLUMN ( TCL_ID, TBD_ID, ENT_ID, TCL_NAME, TCL_DISPLAY, TCL_ORDER_NO,
TCL_PRIMARY_KEY_FL, TCL_TYPE, TCL_LENGTH, TCL_MANDATORY_FL, TCL_DELETE_FL, TCL_VERSION_ID,
PTN_ID ) VALUES ( 
109, 14, NULL, 'tfm_delete_fl', 'tfm_delete_fl', 5, 'N', 'bool', 1, 'Y', 'N', 1, 1); 
INSERT INTO TABLE_COLUMN ( TCL_ID, TBD_ID, ENT_ID, TCL_NAME, TCL_DISPLAY, TCL_ORDER_NO,
TCL_PRIMARY_KEY_FL, TCL_TYPE, TCL_LENGTH, TCL_MANDATORY_FL, TCL_DELETE_FL, TCL_VERSION_ID,
PTN_ID ) VALUES ( 
110, 14, NULL, 'tfm_version_id', 'tfm_version_id', 6, 'N', 'int', 10, 'Y', 'N', 1
, 1); 
INSERT INTO TABLE_COLUMN ( TCL_ID, TBD_ID, ENT_ID, TCL_NAME, TCL_DISPLAY, TCL_ORDER_NO,
TCL_PRIMARY_KEY_FL, TCL_TYPE, TCL_LENGTH, TCL_MANDATORY_FL, TCL_DELETE_FL, TCL_VERSION_ID,
PTN_ID ) VALUES ( 
111, 14, NULL, 'ptn_id', 'ptn_id', 7, 'N', 'int', 10, 'Y', 'N', 1, 1); 
INSERT INTO TABLE_COLUMN ( TCL_ID, TBD_ID, ENT_ID, TCL_NAME, TCL_DISPLAY, TCL_ORDER_NO,
TCL_PRIMARY_KEY_FL, TCL_TYPE, TCL_LENGTH, TCL_MANDATORY_FL, TCL_DELETE_FL, TCL_VERSION_ID,
PTN_ID ) VALUES ( 
112, 15, NULL, 'tsk_id', 'tsk_id', 0, 'Y', 'int', 10, 'Y', 'N', 1, 1); 
INSERT INTO TABLE_COLUMN ( TCL_ID, TBD_ID, ENT_ID, TCL_NAME, TCL_DISPLAY, TCL_ORDER_NO,
TCL_PRIMARY_KEY_FL, TCL_TYPE, TCL_LENGTH, TCL_MANDATORY_FL, TCL_DELETE_FL, TCL_VERSION_ID,
PTN_ID ) VALUES ( 
113, 15, NULL, 'tsk_parent_tsk_id', 'tsk_parent_tsk_id', 1, 'N', 'int', 10, 'N', 'N'
, 1, 1); 
INSERT INTO TABLE_COLUMN ( TCL_ID, TBD_ID, ENT_ID, TCL_NAME, TCL_DISPLAY, TCL_ORDER_NO,
TCL_PRIMARY_KEY_FL, TCL_TYPE, TCL_LENGTH, TCL_MANDATORY_FL, TCL_DELETE_FL, TCL_VERSION_ID,
PTN_ID ) VALUES ( 
114, 15, NULL, 'sts_id', 'sts_id', 2, 'N', 'int', 10, 'Y', 'N', 1, 1); 
INSERT INTO TABLE_COLUMN ( TCL_ID, TBD_ID, ENT_ID, TCL_NAME, TCL_DISPLAY, TCL_ORDER_NO,
TCL_PRIMARY_KEY_FL, TCL_TYPE, TCL_LENGTH, TCL_MANDATORY_FL, TCL_DELETE_FL, TCL_VERSION_ID,
PTN_ID ) VALUES ( 
115, 15, NULL, 'tcr_id', 'tcr_id', 3, 'N', 'int', 10, 'N', 'N', 1, 1); 
INSERT INTO TABLE_COLUMN ( TCL_ID, TBD_ID, ENT_ID, TCL_NAME, TCL_DISPLAY, TCL_ORDER_NO,
TCL_PRIMARY_KEY_FL, TCL_TYPE, TCL_LENGTH, TCL_MANDATORY_FL, TCL_DELETE_FL, TCL_VERSION_ID,
PTN_ID ) VALUES ( 
116, 15, NULL, 'tar_id', 'tar_id', 4, 'N', 'int', 10, 'N', 'N', 1, 1); 
INSERT INTO TABLE_COLUMN ( TCL_ID, TBD_ID, ENT_ID, TCL_NAME, TCL_DISPLAY, TCL_ORDER_NO,
TCL_PRIMARY_KEY_FL, TCL_TYPE, TCL_LENGTH, TCL_MANDATORY_FL, TCL_DELETE_FL, TCL_VERSION_ID,
PTN_ID ) VALUES ( 
117, 15, NULL, 'tsk_priority', 'tsk_priority', 5, 'N', 'int', 10, 'Y', 'N', 1, 1); 
INSERT INTO TABLE_COLUMN ( TCL_ID, TBD_ID, ENT_ID, TCL_NAME, TCL_DISPLAY, TCL_ORDER_NO,
TCL_PRIMARY_KEY_FL, TCL_TYPE, TCL_LENGTH, TCL_MANDATORY_FL, TCL_DELETE_FL, TCL_VERSION_ID,
PTN_ID ) VALUES ( 
118, 15, NULL, 'tsk_status', 'tsk_status', 6, 'N', 'string', 255, 'Y', 'N', 1, 1); 
INSERT INTO TABLE_COLUMN ( TCL_ID, TBD_ID, ENT_ID, TCL_NAME, TCL_DISPLAY, TCL_ORDER_NO,
TCL_PRIMARY_KEY_FL, TCL_TYPE, TCL_LENGTH, TCL_MANDATORY_FL, TCL_DELETE_FL, TCL_VERSION_ID,
PTN_ID ) VALUES ( 
119, 15, NULL, 'tsk_refresh_fl', 'tsk_refresh_fl', 7, 'N', 'bool', 1, 'Y', 'N', 1
, 1); 
INSERT INTO TABLE_COLUMN ( TCL_ID, TBD_ID, ENT_ID, TCL_NAME, TCL_DISPLAY, TCL_ORDER_NO,
TCL_PRIMARY_KEY_FL, TCL_TYPE, TCL_LENGTH, TCL_MANDATORY_FL, TCL_DELETE_FL, TCL_VERSION_ID,
PTN_ID ) VALUES ( 
120, 15, NULL, 'tsk_reprocess_fl', 'tsk_reprocess_fl', 8, 'N', 'bool', 1, 'Y', 'N'
, 1, 1); 
INSERT INTO TABLE_COLUMN ( TCL_ID, TBD_ID, ENT_ID, TCL_NAME, TCL_DISPLAY, TCL_ORDER_NO,
TCL_PRIMARY_KEY_FL, TCL_TYPE, TCL_LENGTH, TCL_MANDATORY_FL, TCL_DELETE_FL, TCL_VERSION_ID,
PTN_ID ) VALUES ( 
121, 15, NULL, 'tsk_display', 'tsk_display', 9, 'N', 'string', 255, 'N', 'N', 1, 1); 
INSERT INTO TABLE_COLUMN ( TCL_ID, TBD_ID, ENT_ID, TCL_NAME, TCL_DISPLAY, TCL_ORDER_NO,
TCL_PRIMARY_KEY_FL, TCL_TYPE, TCL_LENGTH, TCL_MANDATORY_FL, TCL_DELETE_FL, TCL_VERSION_ID,
PTN_ID ) VALUES ( 
122, 15, NULL, 'tsk_warn_fl', 'tsk_warn_fl', 10, 'N', 'bool', 1, 'Y', 'N', 1, 1); 
INSERT INTO TABLE_COLUMN ( TCL_ID, TBD_ID, ENT_ID, TCL_NAME, TCL_DISPLAY, TCL_ORDER_NO,
TCL_PRIMARY_KEY_FL, TCL_TYPE, TCL_LENGTH, TCL_MANDATORY_FL, TCL_DELETE_FL, TCL_VERSION_ID,
PTN_ID ) VALUES ( 
123, 15, NULL, 'tsk_halt_chain_fl', 'tsk_halt_chain_fl', 11, 'N', 'bool', 1, 'Y', 'N'
, 1, 1); 
INSERT INTO TABLE_COLUMN ( TCL_ID, TBD_ID, ENT_ID, TCL_NAME, TCL_DISPLAY, TCL_ORDER_NO,
TCL_PRIMARY_KEY_FL, TCL_TYPE, TCL_LENGTH, TCL_MANDATORY_FL, TCL_DELETE_FL, TCL_VERSION_ID,
PTN_ID ) VALUES ( 
124, 15, NULL, 'tsk_created_dttm', 'tsk_created_dttm', 12, 'N', 'datetime', -1, 'Y'
, 'N', 1, 1); 
INSERT INTO TABLE_COLUMN ( TCL_ID, TBD_ID, ENT_ID, TCL_NAME, TCL_DISPLAY, TCL_ORDER_NO,
TCL_PRIMARY_KEY_FL, TCL_TYPE, TCL_LENGTH, TCL_MANDATORY_FL, TCL_DELETE_FL, TCL_VERSION_ID,
PTN_ID ) VALUES ( 
125, 15, NULL, 'tsk_start_dttm', 'tsk_start_dttm', 13, 'N', 'datetime', -1, 'N', 'N'
, 1, 1); 
INSERT INTO TABLE_COLUMN ( TCL_ID, TBD_ID, ENT_ID, TCL_NAME, TCL_DISPLAY, TCL_ORDER_NO,
TCL_PRIMARY_KEY_FL, TCL_TYPE, TCL_LENGTH, TCL_MANDATORY_FL, TCL_DELETE_FL, TCL_VERSION_ID,
PTN_ID ) VALUES ( 
126, 15, NULL, 'tsk_end_dttm', 'tsk_end_dttm', 14, 'N', 'datetime', -1, 'N', 'N', 1
, 1); 
INSERT INTO TABLE_COLUMN ( TCL_ID, TBD_ID, ENT_ID, TCL_NAME, TCL_DISPLAY, TCL_ORDER_NO,
TCL_PRIMARY_KEY_FL, TCL_TYPE, TCL_LENGTH, TCL_MANDATORY_FL, TCL_DELETE_FL, TCL_VERSION_ID,
PTN_ID ) VALUES ( 
127, 15, NULL, 'tsk_scheduled_dttm', 'tsk_scheduled_dttm', 15, 'N', 'datetime', -1
, 'N', 'N', 1, 1); 
INSERT INTO TABLE_COLUMN ( TCL_ID, TBD_ID, ENT_ID, TCL_NAME, TCL_DISPLAY, TCL_ORDER_NO,
TCL_PRIMARY_KEY_FL, TCL_TYPE, TCL_LENGTH, TCL_MANDATORY_FL, TCL_DELETE_FL, TCL_VERSION_ID,
PTN_ID ) VALUES ( 
128, 15, NULL, 'tsk_data1', 'tsk_data1', 16, 'N', 'string', 255, 'N', 'N', 1, 1); 
INSERT INTO TABLE_COLUMN ( TCL_ID, TBD_ID, ENT_ID, TCL_NAME, TCL_DISPLAY, TCL_ORDER_NO,
TCL_PRIMARY_KEY_FL, TCL_TYPE, TCL_LENGTH, TCL_MANDATORY_FL, TCL_DELETE_FL, TCL_VERSION_ID,
PTN_ID ) VALUES ( 
129, 15, NULL, 'tsk_data2', 'tsk_data2', 17, 'N', 'string', 255, 'N', 'N', 1, 1); 
INSERT INTO TABLE_COLUMN ( TCL_ID, TBD_ID, ENT_ID, TCL_NAME, TCL_DISPLAY, TCL_ORDER_NO,
TCL_PRIMARY_KEY_FL, TCL_TYPE, TCL_LENGTH, TCL_MANDATORY_FL, TCL_DELETE_FL, TCL_VERSION_ID,
PTN_ID ) VALUES ( 
130, 15, NULL, 'tsk_data3', 'tsk_data3', 18, 'N', 'string', 255, 'N', 'N', 1, 1); 
INSERT INTO TABLE_COLUMN ( TCL_ID, TBD_ID, ENT_ID, TCL_NAME, TCL_DISPLAY, TCL_ORDER_NO,
TCL_PRIMARY_KEY_FL, TCL_TYPE, TCL_LENGTH, TCL_MANDATORY_FL, TCL_DELETE_FL, TCL_VERSION_ID,
PTN_ID ) VALUES ( 
131, 15, NULL, 'tsk_data4', 'tsk_data4', 19, 'N', 'string', 255, 'N', 'N', 1, 1); 
INSERT INTO TABLE_COLUMN ( TCL_ID, TBD_ID, ENT_ID, TCL_NAME, TCL_DISPLAY, TCL_ORDER_NO,
TCL_PRIMARY_KEY_FL, TCL_TYPE, TCL_LENGTH, TCL_MANDATORY_FL, TCL_DELETE_FL, TCL_VERSION_ID,
PTN_ID ) VALUES ( 
132, 15, NULL, 'tsk_data5', 'tsk_data5', 20, 'N', 'string', 255, 'N', 'N', 1, 1); 
INSERT INTO TABLE_COLUMN ( TCL_ID, TBD_ID, ENT_ID, TCL_NAME, TCL_DISPLAY, TCL_ORDER_NO,
TCL_PRIMARY_KEY_FL, TCL_TYPE, TCL_LENGTH, TCL_MANDATORY_FL, TCL_DELETE_FL, TCL_VERSION_ID,
PTN_ID ) VALUES ( 
133, 15, NULL, 'tsk_delete_fl', 'tsk_delete_fl', 21, 'N', 'bool', 1, 'Y', 'N', 1, 1); 
INSERT INTO TABLE_COLUMN ( TCL_ID, TBD_ID, ENT_ID, TCL_NAME, TCL_DISPLAY, TCL_ORDER_NO,
TCL_PRIMARY_KEY_FL, TCL_TYPE, TCL_LENGTH, TCL_MANDATORY_FL, TCL_DELETE_FL, TCL_VERSION_ID,
PTN_ID ) VALUES ( 
134, 15, NULL, 'tsk_version_id', 'tsk_version_id', 22, 'N', 'int', 10, 'Y', 'N', 1
, 1); 
INSERT INTO TABLE_COLUMN ( TCL_ID, TBD_ID, ENT_ID, TCL_NAME, TCL_DISPLAY, TCL_ORDER_NO,
TCL_PRIMARY_KEY_FL, TCL_TYPE, TCL_LENGTH, TCL_MANDATORY_FL, TCL_DELETE_FL, TCL_VERSION_ID,
PTN_ID ) VALUES ( 
135, 15, NULL, 'ptn_id', 'ptn_id', 23, 'N', 'int', 10, 'Y', 'N', 1, 1); 
INSERT INTO TABLE_COLUMN ( TCL_ID, TBD_ID, ENT_ID, TCL_NAME, TCL_DISPLAY, TCL_ORDER_NO,
TCL_PRIMARY_KEY_FL, TCL_TYPE, TCL_LENGTH, TCL_MANDATORY_FL, TCL_DELETE_FL, TCL_VERSION_ID,
PTN_ID ) VALUES ( 
136, 16, NULL, 'exc_id', 'exc_id', 0, 'Y', 'int', 10, 'Y', 'N', 1, 1); 
INSERT INTO TABLE_COLUMN ( TCL_ID, TBD_ID, ENT_ID, TCL_NAME, TCL_DISPLAY, TCL_ORDER_NO,
TCL_PRIMARY_KEY_FL, TCL_TYPE, TCL_LENGTH, TCL_MANDATORY_FL, TCL_DELETE_FL, TCL_VERSION_ID,
PTN_ID ) VALUES ( 
137, 16, NULL, 'ent_id', 'ent_id', 1, 'N', 'int', 10, 'Y', 'N', 1, 1); 
INSERT INTO TABLE_COLUMN ( TCL_ID, TBD_ID, ENT_ID, TCL_NAME, TCL_DISPLAY, TCL_ORDER_NO,
TCL_PRIMARY_KEY_FL, TCL_TYPE, TCL_LENGTH, TCL_MANDATORY_FL, TCL_DELETE_FL, TCL_VERSION_ID,
PTN_ID ) VALUES ( 
138, 16, NULL, 'cmp_id', 'cmp_id', 2, 'N', 'int', 10, 'Y', 'N', 1, 1); 
INSERT INTO TABLE_COLUMN ( TCL_ID, TBD_ID, ENT_ID, TCL_NAME, TCL_DISPLAY, TCL_ORDER_NO,
TCL_PRIMARY_KEY_FL, TCL_TYPE, TCL_LENGTH, TCL_MANDATORY_FL, TCL_DELETE_FL, TCL_VERSION_ID,
PTN_ID ) VALUES ( 
139, 16, NULL, 'exc_name', 'exc_name', 3, 'N', 'string', 255, 'Y', 'N', 1, 1); 
INSERT INTO TABLE_COLUMN ( TCL_ID, TBD_ID, ENT_ID, TCL_NAME, TCL_DISPLAY, TCL_ORDER_NO,
TCL_PRIMARY_KEY_FL, TCL_TYPE, TCL_LENGTH, TCL_MANDATORY_FL, TCL_DELETE_FL, TCL_VERSION_ID,
PTN_ID ) VALUES ( 
140, 16, NULL, 'exc_delete_fl', 'exc_delete_fl', 4, 'N', 'bool', 1, 'Y', 'N', 1, 1); 
INSERT INTO TABLE_COLUMN ( TCL_ID, TBD_ID, ENT_ID, TCL_NAME, TCL_DISPLAY, TCL_ORDER_NO,
TCL_PRIMARY_KEY_FL, TCL_TYPE, TCL_LENGTH, TCL_MANDATORY_FL, TCL_DELETE_FL, TCL_VERSION_ID,
PTN_ID ) VALUES ( 
141, 16, NULL, 'exc_version_id', 'exc_version_id', 5, 'N', 'int', 10, 'Y', 'N', 1
, 1); 
INSERT INTO TABLE_COLUMN ( TCL_ID, TBD_ID, ENT_ID, TCL_NAME, TCL_DISPLAY, TCL_ORDER_NO,
TCL_PRIMARY_KEY_FL, TCL_TYPE, TCL_LENGTH, TCL_MANDATORY_FL, TCL_DELETE_FL, TCL_VERSION_ID,
PTN_ID ) VALUES ( 
142, 16, NULL, 'ptn_id', 'ptn_id', 6, 'N', 'int', 10, 'Y', 'N', 1, 1); 
INSERT INTO TABLE_COLUMN ( TCL_ID, TBD_ID, ENT_ID, TCL_NAME, TCL_DISPLAY, TCL_ORDER_NO,
TCL_PRIMARY_KEY_FL, TCL_TYPE, TCL_LENGTH, TCL_MANDATORY_FL, TCL_DELETE_FL, TCL_VERSION_ID,
PTN_ID ) VALUES ( 
143, 17, NULL, 'apu_id', 'apu_id', 0, 'Y', 'int', 10, 'Y', 'N', 1, 1); 
INSERT INTO TABLE_COLUMN ( TCL_ID, TBD_ID, ENT_ID, TCL_NAME, TCL_DISPLAY, TCL_ORDER_NO,
TCL_PRIMARY_KEY_FL, TCL_TYPE, TCL_LENGTH, TCL_MANDATORY_FL, TCL_DELETE_FL, TCL_VERSION_ID,
PTN_ID ) VALUES ( 
144, 17, NULL, 'app_id', 'app_id', 1, 'N', 'int', 10, 'Y', 'N', 1, 1); 
INSERT INTO TABLE_COLUMN ( TCL_ID, TBD_ID, ENT_ID, TCL_NAME, TCL_DISPLAY, TCL_ORDER_NO,
TCL_PRIMARY_KEY_FL, TCL_TYPE, TCL_LENGTH, TCL_MANDATORY_FL, TCL_DELETE_FL, TCL_VERSION_ID,
PTN_ID ) VALUES ( 
145, 17, NULL, 'usr_id', 'usr_id', 2, 'N', 'int', 10, 'Y', 'N', 1, 1); 
INSERT INTO TABLE_COLUMN ( TCL_ID, TBD_ID, ENT_ID, TCL_NAME, TCL_DISPLAY, TCL_ORDER_NO,
TCL_PRIMARY_KEY_FL, TCL_TYPE, TCL_LENGTH, TCL_MANDATORY_FL, TCL_DELETE_FL, TCL_VERSION_ID,
PTN_ID ) VALUES ( 
146, 17, NULL, 'apu_startup_uai_id', 'apu_startup_uai_id', 3, 'N', 'int', 10, 'N'
, 'N', 1, 1); 
INSERT INTO TABLE_COLUMN ( TCL_ID, TBD_ID, ENT_ID, TCL_NAME, TCL_DISPLAY, TCL_ORDER_NO,
TCL_PRIMARY_KEY_FL, TCL_TYPE, TCL_LENGTH, TCL_MANDATORY_FL, TCL_DELETE_FL, TCL_VERSION_ID,
PTN_ID ) VALUES ( 
147, 17, NULL, 'apu_startup_helper', 'apu_startup_helper', 4, 'N', 'int', 10, 'N'
, 'N', 1, 1); 
INSERT INTO TABLE_COLUMN ( TCL_ID, TBD_ID, ENT_ID, TCL_NAME, TCL_DISPLAY, TCL_ORDER_NO,
TCL_PRIMARY_KEY_FL, TCL_TYPE, TCL_LENGTH, TCL_MANDATORY_FL, TCL_DELETE_FL, TCL_VERSION_ID,
PTN_ID ) VALUES ( 
148, 17, NULL, 'apu_access_fl', 'apu_access_fl', 5, 'N', 'bool', 1, 'Y', 'N', 1, 1); 
INSERT INTO TABLE_COLUMN ( TCL_ID, TBD_ID, ENT_ID, TCL_NAME, TCL_DISPLAY, TCL_ORDER_NO,
TCL_PRIMARY_KEY_FL, TCL_TYPE, TCL_LENGTH, TCL_MANDATORY_FL, TCL_DELETE_FL, TCL_VERSION_ID,
PTN_ID ) VALUES ( 
149, 17, NULL, 'apu_delete_fl', 'apu_delete_fl', 6, 'N', 'bool', 1, 'Y', 'N', 1, 1); 
INSERT INTO TABLE_COLUMN ( TCL_ID, TBD_ID, ENT_ID, TCL_NAME, TCL_DISPLAY, TCL_ORDER_NO,
TCL_PRIMARY_KEY_FL, TCL_TYPE, TCL_LENGTH, TCL_MANDATORY_FL, TCL_DELETE_FL, TCL_VERSION_ID,
PTN_ID ) VALUES ( 
150, 17, NULL, 'apu_version_id', 'apu_version_id', 7, 'N', 'int', 10, 'Y', 'N', 1
, 1); 
INSERT INTO TABLE_COLUMN ( TCL_ID, TBD_ID, ENT_ID, TCL_NAME, TCL_DISPLAY, TCL_ORDER_NO,
TCL_PRIMARY_KEY_FL, TCL_TYPE, TCL_LENGTH, TCL_MANDATORY_FL, TCL_DELETE_FL, TCL_VERSION_ID,
PTN_ID ) VALUES ( 
151, 17, NULL, 'ptn_id', 'ptn_id', 8, 'N', 'int', 10, 'Y', 'N', 1, 1); 
INSERT INTO TABLE_COLUMN ( TCL_ID, TBD_ID, ENT_ID, TCL_NAME, TCL_DISPLAY, TCL_ORDER_NO,
TCL_PRIMARY_KEY_FL, TCL_TYPE, TCL_LENGTH, TCL_MANDATORY_FL, TCL_DELETE_FL, TCL_VERSION_ID,
PTN_ID ) VALUES ( 
152, 18, NULL, 'cdt_id', 'cdt_id', 0, 'Y', 'int', 10, 'Y', 'N', 1, 1); 
INSERT INTO TABLE_COLUMN ( TCL_ID, TBD_ID, ENT_ID, TCL_NAME, TCL_DISPLAY, TCL_ORDER_NO,
TCL_PRIMARY_KEY_FL, TCL_TYPE, TCL_LENGTH, TCL_MANDATORY_FL, TCL_DELETE_FL, TCL_VERSION_ID,
PTN_ID ) VALUES ( 
153, 18, NULL, 'cdt_from_cds_id', 'cdt_from_cds_id', 1, 'N', 'int', 10, 'Y', 'N', 1
, 1); 
INSERT INTO TABLE_COLUMN ( TCL_ID, TBD_ID, ENT_ID, TCL_NAME, TCL_DISPLAY, TCL_ORDER_NO,
TCL_PRIMARY_KEY_FL, TCL_TYPE, TCL_LENGTH, TCL_MANDATORY_FL, TCL_DELETE_FL, TCL_VERSION_ID,
PTN_ID ) VALUES ( 
154, 18, NULL, 'cdt_to_cds_id', 'cdt_to_cds_id', 2, 'N', 'int', 10, 'N', 'N', 1, 1); 
INSERT INTO TABLE_COLUMN ( TCL_ID, TBD_ID, ENT_ID, TCL_NAME, TCL_DISPLAY, TCL_ORDER_NO,
TCL_PRIMARY_KEY_FL, TCL_TYPE, TCL_LENGTH, TCL_MANDATORY_FL, TCL_DELETE_FL, TCL_VERSION_ID,
PTN_ID ) VALUES ( 
155, 18, NULL, 'cdt_delete_fl', 'cdt_delete_fl', 3, 'N', 'bool', 1, 'Y', 'N', 1, 1); 
INSERT INTO TABLE_COLUMN ( TCL_ID, TBD_ID, ENT_ID, TCL_NAME, TCL_DISPLAY, TCL_ORDER_NO,
TCL_PRIMARY_KEY_FL, TCL_TYPE, TCL_LENGTH, TCL_MANDATORY_FL, TCL_DELETE_FL, TCL_VERSION_ID,
PTN_ID ) VALUES ( 
156, 18, NULL, 'cdt_version_id', 'cdt_version_id', 4, 'N', 'int', 10, 'Y', 'N', 1
, 1); 
INSERT INTO TABLE_COLUMN ( TCL_ID, TBD_ID, ENT_ID, TCL_NAME, TCL_DISPLAY, TCL_ORDER_NO,
TCL_PRIMARY_KEY_FL, TCL_TYPE, TCL_LENGTH, TCL_MANDATORY_FL, TCL_DELETE_FL, TCL_VERSION_ID,
PTN_ID ) VALUES ( 
157, 18, NULL, 'ptn_id', 'ptn_id', 5, 'N', 'int', 10, 'Y', 'N', 1, 1); 
INSERT INTO TABLE_COLUMN ( TCL_ID, TBD_ID, ENT_ID, TCL_NAME, TCL_DISPLAY, TCL_ORDER_NO,
TCL_PRIMARY_KEY_FL, TCL_TYPE, TCL_LENGTH, TCL_MANDATORY_FL, TCL_DELETE_FL, TCL_VERSION_ID,
PTN_ID ) VALUES ( 
158, 19, NULL, 'dtg_id', 'dtg_id', 0, 'Y', 'int', 10, 'Y', 'N', 1, 1); 
INSERT INTO TABLE_COLUMN ( TCL_ID, TBD_ID, ENT_ID, TCL_NAME, TCL_DISPLAY, TCL_ORDER_NO,
TCL_PRIMARY_KEY_FL, TCL_TYPE, TCL_LENGTH, TCL_MANDATORY_FL, TCL_DELETE_FL, TCL_VERSION_ID,
PTN_ID ) VALUES ( 
159, 19, NULL, 'tin_id', 'tin_id', 1, 'N', 'int', 10, 'Y', 'N', 1, 1); 
INSERT INTO TABLE_COLUMN ( TCL_ID, TBD_ID, ENT_ID, TCL_NAME, TCL_DISPLAY, TCL_ORDER_NO,
TCL_PRIMARY_KEY_FL, TCL_TYPE, TCL_LENGTH, TCL_MANDATORY_FL, TCL_DELETE_FL, TCL_VERSION_ID,
PTN_ID ) VALUES ( 
160, 19, NULL, 'cxt_id', 'cxt_id', 2, 'N', 'int', 10, 'N', 'N', 1, 1); 
INSERT INTO TABLE_COLUMN ( TCL_ID, TBD_ID, ENT_ID, TCL_NAME, TCL_DISPLAY, TCL_ORDER_NO,
TCL_PRIMARY_KEY_FL, TCL_TYPE, TCL_LENGTH, TCL_MANDATORY_FL, TCL_DELETE_FL, TCL_VERSION_ID,
PTN_ID ) VALUES ( 
161, 19, NULL, 'dtg_delete_fl', 'dtg_delete_fl', 3, 'N', 'bool', 1, 'Y', 'N', 1, 1); 
INSERT INTO TABLE_COLUMN ( TCL_ID, TBD_ID, ENT_ID, TCL_NAME, TCL_DISPLAY, TCL_ORDER_NO,
TCL_PRIMARY_KEY_FL, TCL_TYPE, TCL_LENGTH, TCL_MANDATORY_FL, TCL_DELETE_FL, TCL_VERSION_ID,
PTN_ID ) VALUES ( 
162, 19, NULL, 'dtg_version_id', 'dtg_version_id', 4, 'N', 'int', 10, 'Y', 'N', 1
, 1); 
INSERT INTO TABLE_COLUMN ( TCL_ID, TBD_ID, ENT_ID, TCL_NAME, TCL_DISPLAY, TCL_ORDER_NO,
TCL_PRIMARY_KEY_FL, TCL_TYPE, TCL_LENGTH, TCL_MANDATORY_FL, TCL_DELETE_FL, TCL_VERSION_ID,
PTN_ID ) VALUES ( 
163, 19, NULL, 'ptn_id', 'ptn_id', 5, 'N', 'int', 10, 'Y', 'N', 1, 1); 
INSERT INTO TABLE_COLUMN ( TCL_ID, TBD_ID, ENT_ID, TCL_NAME, TCL_DISPLAY, TCL_ORDER_NO,
TCL_PRIMARY_KEY_FL, TCL_TYPE, TCL_LENGTH, TCL_MANDATORY_FL, TCL_DELETE_FL, TCL_VERSION_ID,
PTN_ID ) VALUES ( 
164, 20, NULL, 'apc_id', 'apc_id', 0, 'Y', 'int', 10, 'Y', 'N', 1, 1); 
INSERT INTO TABLE_COLUMN ( TCL_ID, TBD_ID, ENT_ID, TCL_NAME, TCL_DISPLAY, TCL_ORDER_NO,
TCL_PRIMARY_KEY_FL, TCL_TYPE, TCL_LENGTH, TCL_MANDATORY_FL, TCL_DELETE_FL, TCL_VERSION_ID,
PTN_ID ) VALUES ( 
165, 20, NULL, 'apc_from_acn_id', 'apc_from_acn_id', 1, 'N', 'int', 10, 'N', 'N', 1
, 1); 
INSERT INTO TABLE_COLUMN ( TCL_ID, TBD_ID, ENT_ID, TCL_NAME, TCL_DISPLAY, TCL_ORDER_NO,
TCL_PRIMARY_KEY_FL, TCL_TYPE, TCL_LENGTH, TCL_MANDATORY_FL, TCL_DELETE_FL, TCL_VERSION_ID,
PTN_ID ) VALUES ( 
166, 20, NULL, 'apc_from_anp_id', 'apc_from_anp_id', 2, 'N', 'int', 10, 'N', 'N', 1
, 1); 
INSERT INTO TABLE_COLUMN ( TCL_ID, TBD_ID, ENT_ID, TCL_NAME, TCL_DISPLAY, TCL_ORDER_NO,
TCL_PRIMARY_KEY_FL, TCL_TYPE, TCL_LENGTH, TCL_MANDATORY_FL, TCL_DELETE_FL, TCL_VERSION_ID,
PTN_ID ) VALUES ( 
167, 20, NULL, 'apc_from_trg_id', 'apc_from_trg_id', 3, 'N', 'int', 10, 'N', 'N', 1
, 1); 
INSERT INTO TABLE_COLUMN ( TCL_ID, TBD_ID, ENT_ID, TCL_NAME, TCL_DISPLAY, TCL_ORDER_NO,
TCL_PRIMARY_KEY_FL, TCL_TYPE, TCL_LENGTH, TCL_MANDATORY_FL, TCL_DELETE_FL, TCL_VERSION_ID,
PTN_ID ) VALUES ( 
168, 20, NULL, 'apc_from_trp_id', 'apc_from_trp_id', 4, 'N', 'int', 10, 'N', 'N', 1
, 1); 
INSERT INTO TABLE_COLUMN ( TCL_ID, TBD_ID, ENT_ID, TCL_NAME, TCL_DISPLAY, TCL_ORDER_NO,
TCL_PRIMARY_KEY_FL, TCL_TYPE, TCL_LENGTH, TCL_MANDATORY_FL, TCL_DELETE_FL, TCL_VERSION_ID,
PTN_ID ) VALUES ( 
169, 20, NULL, 'apc_to_acn_id', 'apc_to_acn_id', 5, 'N', 'int', 10, 'Y', 'N', 1, 1); 
INSERT INTO TABLE_COLUMN ( TCL_ID, TBD_ID, ENT_ID, TCL_NAME, TCL_DISPLAY, TCL_ORDER_NO,
TCL_PRIMARY_KEY_FL, TCL_TYPE, TCL_LENGTH, TCL_MANDATORY_FL, TCL_DELETE_FL, TCL_VERSION_ID,
PTN_ID ) VALUES ( 
170, 20, NULL, 'apc_to_anp_id', 'apc_to_anp_id', 6, 'N', 'int', 10, 'Y', 'N', 1, 1); 
INSERT INTO TABLE_COLUMN ( TCL_ID, TBD_ID, ENT_ID, TCL_NAME, TCL_DISPLAY, TCL_ORDER_NO,
TCL_PRIMARY_KEY_FL, TCL_TYPE, TCL_LENGTH, TCL_MANDATORY_FL, TCL_DELETE_FL, TCL_VERSION_ID,
PTN_ID ) VALUES ( 
171, 20, NULL, 'apc_delete_fl', 'apc_delete_fl', 7, 'N', 'bool', 1, 'Y', 'N', 1, 1); 
INSERT INTO TABLE_COLUMN ( TCL_ID, TBD_ID, ENT_ID, TCL_NAME, TCL_DISPLAY, TCL_ORDER_NO,
TCL_PRIMARY_KEY_FL, TCL_TYPE, TCL_LENGTH, TCL_MANDATORY_FL, TCL_DELETE_FL, TCL_VERSION_ID,
PTN_ID ) VALUES ( 
172, 20, NULL, 'apc_version_id', 'apc_version_id', 8, 'N', 'int', 10, 'Y', 'N', 1
, 1); 
INSERT INTO TABLE_COLUMN ( TCL_ID, TBD_ID, ENT_ID, TCL_NAME, TCL_DISPLAY, TCL_ORDER_NO,
TCL_PRIMARY_KEY_FL, TCL_TYPE, TCL_LENGTH, TCL_MANDATORY_FL, TCL_DELETE_FL, TCL_VERSION_ID,
PTN_ID ) VALUES ( 
173, 20, NULL, 'ptn_id', 'ptn_id', 9, 'N', 'int', 10, 'Y', 'N', 1, 1); 
INSERT INTO TABLE_COLUMN ( TCL_ID, TBD_ID, ENT_ID, TCL_NAME, TCL_DISPLAY, TCL_ORDER_NO,
TCL_PRIMARY_KEY_FL, TCL_TYPE, TCL_LENGTH, TCL_MANDATORY_FL, TCL_DELETE_FL, TCL_VERSION_ID,
PTN_ID ) VALUES ( 
174, 21, NULL, 'rrf_id', 'rrf_id', 0, 'Y', 'int', 10, 'Y', 'N', 1, 1); 
INSERT INTO TABLE_COLUMN ( TCL_ID, TBD_ID, ENT_ID, TCL_NAME, TCL_DISPLAY, TCL_ORDER_NO,
TCL_PRIMARY_KEY_FL, TCL_TYPE, TCL_LENGTH, TCL_MANDATORY_FL, TCL_DELETE_FL, TCL_VERSION_ID,
PTN_ID ) VALUES ( 
175, 21, NULL, 'rol_id', 'rol_id', 1, 'N', 'int', 10, 'Y', 'N', 1, 1); 
INSERT INTO TABLE_COLUMN ( TCL_ID, TBD_ID, ENT_ID, TCL_NAME, TCL_DISPLAY, TCL_ORDER_NO,
TCL_PRIMARY_KEY_FL, TCL_TYPE, TCL_LENGTH, TCL_MANDATORY_FL, TCL_DELETE_FL, TCL_VERSION_ID,
PTN_ID ) VALUES ( 
176, 21, NULL, 'rft_id', 'rft_id', 2, 'N', 'int', 10, 'Y', 'N', 1, 1); 
INSERT INTO TABLE_COLUMN ( TCL_ID, TBD_ID, ENT_ID, TCL_NAME, TCL_DISPLAY, TCL_ORDER_NO,
TCL_PRIMARY_KEY_FL, TCL_TYPE, TCL_LENGTH, TCL_MANDATORY_FL, TCL_DELETE_FL, TCL_VERSION_ID,
PTN_ID ) VALUES ( 
177, 21, NULL, 'rrf_read_fl', 'rrf_read_fl', 3, 'N', 'bool', 1, 'Y', 'N', 1, 1); 
INSERT INTO TABLE_COLUMN ( TCL_ID, TBD_ID, ENT_ID, TCL_NAME, TCL_DISPLAY, TCL_ORDER_NO,
TCL_PRIMARY_KEY_FL, TCL_TYPE, TCL_LENGTH, TCL_MANDATORY_FL, TCL_DELETE_FL, TCL_VERSION_ID,
PTN_ID ) VALUES ( 
861, 92, NULL, 'fcn_fsn_end_no', 'fcn_fsn_end_no', 9, 'N', 'string', 255, 'N', 'N'
, 1, 1); 
INSERT INTO TABLE_COLUMN ( TCL_ID, TBD_ID, ENT_ID, TCL_NAME, TCL_DISPLAY, TCL_ORDER_NO,
TCL_PRIMARY_KEY_FL, TCL_TYPE, TCL_LENGTH, TCL_MANDATORY_FL, TCL_DELETE_FL, TCL_VERSION_ID,
PTN_ID ) VALUES ( 
862, 92, NULL, 'fcn_fsn_restart_no', 'fcn_fsn_restart_no', 10, 'N', 'string', 255
, 'N', 'N', 1, 1); 
INSERT INTO TABLE_COLUMN ( TCL_ID, TBD_ID, ENT_ID, TCL_NAME, TCL_DISPLAY, TCL_ORDER_NO,
TCL_PRIMARY_KEY_FL, TCL_TYPE, TCL_LENGTH, TCL_MANDATORY_FL, TCL_DELETE_FL, TCL_VERSION_ID,
PTN_ID ) VALUES ( 
863, 92, NULL, 'fcn_fsn_increment', 'fcn_fsn_increment', 11, 'N', 'string', 255, 'N'
, 'N', 1, 1); 
INSERT INTO TABLE_COLUMN ( TCL_ID, TBD_ID, ENT_ID, TCL_NAME, TCL_DISPLAY, TCL_ORDER_NO,
TCL_PRIMARY_KEY_FL, TCL_TYPE, TCL_LENGTH, TCL_MANDATORY_FL, TCL_DELETE_FL, TCL_VERSION_ID,
PTN_ID ) VALUES ( 
864, 92, NULL, 'fcn_fsn_number_base', 'fcn_fsn_number_base', 12, 'N', 'int', 10, 'N'
, 'N', 1, 1); 
INSERT INTO TABLE_COLUMN ( TCL_ID, TBD_ID, ENT_ID, TCL_NAME, TCL_DISPLAY, TCL_ORDER_NO,
TCL_PRIMARY_KEY_FL, TCL_TYPE, TCL_LENGTH, TCL_MANDATORY_FL, TCL_DELETE_FL, TCL_VERSION_ID,
PTN_ID ) VALUES ( 
865, 92, NULL, 'fcn_fsn_last_no', 'fcn_fsn_last_no', 13, 'N', 'int', 10, 'N', 'N'
, 1, 1); 
INSERT INTO TABLE_COLUMN ( TCL_ID, TBD_ID, ENT_ID, TCL_NAME, TCL_DISPLAY, TCL_ORDER_NO,
TCL_PRIMARY_KEY_FL, TCL_TYPE, TCL_LENGTH, TCL_MANDATORY_FL, TCL_DELETE_FL, TCL_VERSION_ID,
PTN_ID ) VALUES ( 
866, 92, NULL, 'fcn_validate_fsn_fl', 'fcn_validate_fsn_fl', 14, 'N', 'bool', 1, 'Y'
, 'N', 1, 1); 
INSERT INTO TABLE_COLUMN ( TCL_ID, TBD_ID, ENT_ID, TCL_NAME, TCL_DISPLAY, TCL_ORDER_NO,
TCL_PRIMARY_KEY_FL, TCL_TYPE, TCL_LENGTH, TCL_MANDATORY_FL, TCL_DELETE_FL, TCL_VERSION_ID,
PTN_ID ) VALUES ( 
867, 92, NULL, 'fcn_pending_fl', 'fcn_pending_fl', 15, 'N', 'bool', 1, 'Y', 'N', 1
, 1); 
INSERT INTO TABLE_COLUMN ( TCL_ID, TBD_ID, ENT_ID, TCL_NAME, TCL_DISPLAY, TCL_ORDER_NO,
TCL_PRIMARY_KEY_FL, TCL_TYPE, TCL_LENGTH, TCL_MANDATORY_FL, TCL_DELETE_FL, TCL_VERSION_ID,
PTN_ID ) VALUES ( 
868, 92, NULL, 'fcn_maximum_retries', 'fcn_maximum_retries', 16, 'N', 'int', 10, 'N'
, 'N', 1, 1); 
INSERT INTO TABLE_COLUMN ( TCL_ID, TBD_ID, ENT_ID, TCL_NAME, TCL_DISPLAY, TCL_ORDER_NO,
TCL_PRIMARY_KEY_FL, TCL_TYPE, TCL_LENGTH, TCL_MANDATORY_FL, TCL_DELETE_FL, TCL_VERSION_ID,
PTN_ID ) VALUES ( 
869, 92, NULL, 'fcn_retry_secs', 'fcn_retry_secs', 17, 'N', 'int', 10, 'Y', 'N', 1
, 1); 
INSERT INTO TABLE_COLUMN ( TCL_ID, TBD_ID, ENT_ID, TCL_NAME, TCL_DISPLAY, TCL_ORDER_NO,
TCL_PRIMARY_KEY_FL, TCL_TYPE, TCL_LENGTH, TCL_MANDATORY_FL, TCL_DELETE_FL, TCL_VERSION_ID,
PTN_ID ) VALUES ( 
870, 92, NULL, 'fcn_poll_count', 'fcn_poll_count', 18, 'N', 'int', 10, 'Y', 'N', 1
, 1); 
INSERT INTO TABLE_COLUMN ( TCL_ID, TBD_ID, ENT_ID, TCL_NAME, TCL_DISPLAY, TCL_ORDER_NO,
TCL_PRIMARY_KEY_FL, TCL_TYPE, TCL_LENGTH, TCL_MANDATORY_FL, TCL_DELETE_FL, TCL_VERSION_ID,
PTN_ID ) VALUES ( 
871, 92, NULL, 'fcn_last_poll_dttm', 'fcn_last_poll_dttm', 19, 'N', 'datetime', -1
, 'Y', 'N', 1, 1); 
INSERT INTO TABLE_COLUMN ( TCL_ID, TBD_ID, ENT_ID, TCL_NAME, TCL_DISPLAY, TCL_ORDER_NO,
TCL_PRIMARY_KEY_FL, TCL_TYPE, TCL_LENGTH, TCL_MANDATORY_FL, TCL_DELETE_FL, TCL_VERSION_ID,
PTN_ID ) VALUES ( 
872, 92, NULL, 'fcn_force_next_poll_fl', 'fcn_force_next_poll_fl', 20, 'N', 'bool'
, 1, 'Y', 'N', 1, 1); 
INSERT INTO TABLE_COLUMN ( TCL_ID, TBD_ID, ENT_ID, TCL_NAME, TCL_DISPLAY, TCL_ORDER_NO,
TCL_PRIMARY_KEY_FL, TCL_TYPE, TCL_LENGTH, TCL_MANDATORY_FL, TCL_DELETE_FL, TCL_VERSION_ID,
PTN_ID ) VALUES ( 
873, 92, NULL, 'fcn_compression_cmp_id', 'fcn_compression_cmp_id', 21, 'N', 'int'
, 10, 'N', 'N', 1, 1); 
INSERT INTO TABLE_COLUMN ( TCL_ID, TBD_ID, ENT_ID, TCL_NAME, TCL_DISPLAY, TCL_ORDER_NO,
TCL_PRIMARY_KEY_FL, TCL_TYPE, TCL_LENGTH, TCL_MANDATORY_FL, TCL_DELETE_FL, TCL_VERSION_ID,
PTN_ID ) VALUES ( 
874, 92, NULL, 'tok_id', 'tok_id', 22, 'N', 'int', 10, 'Y', 'N', 1, 1); 
INSERT INTO TABLE_COLUMN ( TCL_ID, TBD_ID, ENT_ID, TCL_NAME, TCL_DISPLAY, TCL_ORDER_NO,
TCL_PRIMARY_KEY_FL, TCL_TYPE, TCL_LENGTH, TCL_MANDATORY_FL, TCL_DELETE_FL, TCL_VERSION_ID,
PTN_ID ) VALUES ( 
875, 92, NULL, 'fcn_output_path', 'fcn_output_path', 23, 'N', 'string', 255, 'Y', 'N'
, 1, 1); 
INSERT INTO TABLE_COLUMN ( TCL_ID, TBD_ID, ENT_ID, TCL_NAME, TCL_DISPLAY, TCL_ORDER_NO,
TCL_PRIMARY_KEY_FL, TCL_TYPE, TCL_LENGTH, TCL_MANDATORY_FL, TCL_DELETE_FL, TCL_VERSION_ID,
PTN_ID ) VALUES ( 
876, 92, NULL, 'fcn_collected_action', 'fcn_collected_action', 24, 'N', 'string', 255
, 'N', 'N', 1, 1); 
INSERT INTO TABLE_COLUMN ( TCL_ID, TBD_ID, ENT_ID, TCL_NAME, TCL_DISPLAY, TCL_ORDER_NO,
TCL_PRIMARY_KEY_FL, TCL_TYPE, TCL_LENGTH, TCL_MANDATORY_FL, TCL_DELETE_FL, TCL_VERSION_ID,
PTN_ID ) VALUES ( 
877, 92, NULL, 'fcn_move_path', 'fcn_move_path', 25, 'N', 'string', 255, 'N', 'N'
, 1, 1); 
INSERT INTO TABLE_COLUMN ( TCL_ID, TBD_ID, ENT_ID, TCL_NAME, TCL_DISPLAY, TCL_ORDER_NO,
TCL_PRIMARY_KEY_FL, TCL_TYPE, TCL_LENGTH, TCL_MANDATORY_FL, TCL_DELETE_FL, TCL_VERSION_ID,
PTN_ID ) VALUES ( 
878, 92, NULL, 'fcn_rename_prefix', 'fcn_rename_prefix', 26, 'N', 'string', 255, 'N'
, 'N', 1, 1); 
INSERT INTO TABLE_COLUMN ( TCL_ID, TBD_ID, ENT_ID, TCL_NAME, TCL_DISPLAY, TCL_ORDER_NO,
TCL_PRIMARY_KEY_FL, TCL_TYPE, TCL_LENGTH, TCL_MANDATORY_FL, TCL_DELETE_FL, TCL_VERSION_ID,
PTN_ID ) VALUES ( 
879, 92, NULL, 'fcn_rename_suffix', 'fcn_rename_suffix', 27, 'N', 'string', 255, 'N'
, 'N', 1, 1); 
INSERT INTO TABLE_COLUMN ( TCL_ID, TBD_ID, ENT_ID, TCL_NAME, TCL_DISPLAY, TCL_ORDER_NO,
TCL_PRIMARY_KEY_FL, TCL_TYPE, TCL_LENGTH, TCL_MANDATORY_FL, TCL_DELETE_FL, TCL_VERSION_ID,
PTN_ID ) VALUES ( 
880, 92, NULL, 'fcn_validate_rsn_fl', 'fcn_validate_rsn_fl', 28, 'N', 'bool', 1, 'Y'
, 'N', 1, 1); 
INSERT INTO TABLE_COLUMN ( TCL_ID, TBD_ID, ENT_ID, TCL_NAME, TCL_DISPLAY, TCL_ORDER_NO,
TCL_PRIMARY_KEY_FL, TCL_TYPE, TCL_LENGTH, TCL_MANDATORY_FL, TCL_DELETE_FL, TCL_VERSION_ID,
PTN_ID ) VALUES ( 
881, 92, NULL, 'fcn_rsn_start_no', 'fcn_rsn_start_no', 29, 'N', 'int', 10, 'N', 'N'
, 1, 1); 
INSERT INTO TABLE_COLUMN ( TCL_ID, TBD_ID, ENT_ID, TCL_NAME, TCL_DISPLAY, TCL_ORDER_NO,
TCL_PRIMARY_KEY_FL, TCL_TYPE, TCL_LENGTH, TCL_MANDATORY_FL, TCL_DELETE_FL, TCL_VERSION_ID,
PTN_ID ) VALUES ( 
882, 92, NULL, 'fcn_rsn_end_no', 'fcn_rsn_end_no', 30, 'N', 'int', 10, 'N', 'N', 1
, 1); 
INSERT INTO TABLE_COLUMN ( TCL_ID, TBD_ID, ENT_ID, TCL_NAME, TCL_DISPLAY, TCL_ORDER_NO,
TCL_PRIMARY_KEY_FL, TCL_TYPE, TCL_LENGTH, TCL_MANDATORY_FL, TCL_DELETE_FL, TCL_VERSION_ID,
PTN_ID ) VALUES ( 
883, 92, NULL, 'fcn_target_sts_id', 'fcn_target_sts_id', 31, 'N', 'int', 10, 'N', 'N'
, 1, 1); 
INSERT INTO TABLE_COLUMN ( TCL_ID, TBD_ID, ENT_ID, TCL_NAME, TCL_DISPLAY, TCL_ORDER_NO,
TCL_PRIMARY_KEY_FL, TCL_TYPE, TCL_LENGTH, TCL_MANDATORY_FL, TCL_DELETE_FL, TCL_VERSION_ID,
PTN_ID ) VALUES ( 
884, 92, NULL, 'fcn_validate_settling_time', 'fcn_validate_settling_time', 32, 'N'
, 'int', 10, 'N', 'N', 1, 1); 
INSERT INTO TABLE_COLUMN ( TCL_ID, TBD_ID, ENT_ID, TCL_NAME, TCL_DISPLAY, TCL_ORDER_NO,
TCL_PRIMARY_KEY_FL, TCL_TYPE, TCL_LENGTH, TCL_MANDATORY_FL, TCL_DELETE_FL, TCL_VERSION_ID,
PTN_ID ) VALUES ( 
885, 92, NULL, 'fcn_status', 'fcn_status', 33, 'N', 'string', 255, 'Y', 'N', 1, 1); 
INSERT INTO TABLE_COLUMN ( TCL_ID, TBD_ID, ENT_ID, TCL_NAME, TCL_DISPLAY, TCL_ORDER_NO,
TCL_PRIMARY_KEY_FL, TCL_TYPE, TCL_LENGTH, TCL_MANDATORY_FL, TCL_DELETE_FL, TCL_VERSION_ID,
PTN_ID ) VALUES ( 
886, 92, NULL, 'fcn_detect_duplicate_file_fl', 'fcn_detect_duplicate_file_fl', 34
, 'N', 'bool', 1, 'Y', 'N', 1, 1); 
INSERT INTO TABLE_COLUMN ( TCL_ID, TBD_ID, ENT_ID, TCL_NAME, TCL_DISPLAY, TCL_ORDER_NO,
TCL_PRIMARY_KEY_FL, TCL_TYPE, TCL_LENGTH, TCL_MANDATORY_FL, TCL_DELETE_FL, TCL_VERSION_ID,
PTN_ID ) VALUES ( 
887, 92, NULL, 'fcn_process_duplicate_file_fl', 'fcn_process_duplicate_file_fl', 35
, 'N', 'bool', 1, 'Y', 'N', 1, 1); 
INSERT INTO TABLE_COLUMN ( TCL_ID, TBD_ID, ENT_ID, TCL_NAME, TCL_DISPLAY, TCL_ORDER_NO,
TCL_PRIMARY_KEY_FL, TCL_TYPE, TCL_LENGTH, TCL_MANDATORY_FL, TCL_DELETE_FL, TCL_VERSION_ID,
PTN_ID ) VALUES ( 
888, 92, NULL, 'fcn_delete_fl', 'fcn_delete_fl', 36, 'N', 'bool', 1, 'Y', 'N', 1, 1); 
INSERT INTO TABLE_COLUMN ( TCL_ID, TBD_ID, ENT_ID, TCL_NAME, TCL_DISPLAY, TCL_ORDER_NO,
TCL_PRIMARY_KEY_FL, TCL_TYPE, TCL_LENGTH, TCL_MANDATORY_FL, TCL_DELETE_FL, TCL_VERSION_ID,
PTN_ID ) VALUES ( 
889, 92, NULL, 'fcn_version_id', 'fcn_version_id', 37, 'N', 'int', 10, 'Y', 'N', 1
, 1); 
INSERT INTO TABLE_COLUMN ( TCL_ID, TBD_ID, ENT_ID, TCL_NAME, TCL_DISPLAY, TCL_ORDER_NO,
TCL_PRIMARY_KEY_FL, TCL_TYPE, TCL_LENGTH, TCL_MANDATORY_FL, TCL_DELETE_FL, TCL_VERSION_ID,
PTN_ID ) VALUES ( 
890, 92, NULL, 'ptn_id', 'ptn_id', 38, 'N', 'int', 10, 'Y', 'N', 1, 1); 
INSERT INTO TABLE_COLUMN ( TCL_ID, TBD_ID, ENT_ID, TCL_NAME, TCL_DISPLAY, TCL_ORDER_NO,
TCL_PRIMARY_KEY_FL, TCL_TYPE, TCL_LENGTH, TCL_MANDATORY_FL, TCL_DELETE_FL, TCL_VERSION_ID,
PTN_ID ) VALUES ( 
891, 93, NULL, 'trn_id', 'trn_id', 0, 'Y', 'int', 10, 'Y', 'N', 1, 1); 
INSERT INTO TABLE_COLUMN ( TCL_ID, TBD_ID, ENT_ID, TCL_NAME, TCL_DISPLAY, TCL_ORDER_NO,
TCL_PRIMARY_KEY_FL, TCL_TYPE, TCL_LENGTH, TCL_MANDATORY_FL, TCL_DELETE_FL, TCL_VERSION_ID,
PTN_ID ) VALUES ( 
892, 93, NULL, 'trn_name', 'trn_name', 1, 'N', 'string', 255, 'Y', 'N', 1, 1); 
INSERT INTO TABLE_COLUMN ( TCL_ID, TBD_ID, ENT_ID, TCL_NAME, TCL_DISPLAY, TCL_ORDER_NO,
TCL_PRIMARY_KEY_FL, TCL_TYPE, TCL_LENGTH, TCL_MANDATORY_FL, TCL_DELETE_FL, TCL_VERSION_ID,
PTN_ID ) VALUES ( 
893, 93, NULL, 'trn_delete_fl', 'trn_delete_fl', 2, 'N', 'bool', 1, 'Y', 'N', 1, 1); 
INSERT INTO TABLE_COLUMN ( TCL_ID, TBD_ID, ENT_ID, TCL_NAME, TCL_DISPLAY, TCL_ORDER_NO,
TCL_PRIMARY_KEY_FL, TCL_TYPE, TCL_LENGTH, TCL_MANDATORY_FL, TCL_DELETE_FL, TCL_VERSION_ID,
PTN_ID ) VALUES ( 
894, 93, NULL, 'trn_version_id', 'trn_version_id', 3, 'N', 'int', 10, 'Y', 'N', 1
, 1); 
INSERT INTO TABLE_COLUMN ( TCL_ID, TBD_ID, ENT_ID, TCL_NAME, TCL_DISPLAY, TCL_ORDER_NO,
TCL_PRIMARY_KEY_FL, TCL_TYPE, TCL_LENGTH, TCL_MANDATORY_FL, TCL_DELETE_FL, TCL_VERSION_ID,
PTN_ID ) VALUES ( 
895, 93, NULL, 'ptn_id', 'ptn_id', 4, 'N', 'int', 10, 'Y', 'N', 1, 1); 
INSERT INTO TABLE_COLUMN ( TCL_ID, TBD_ID, ENT_ID, TCL_NAME, TCL_DISPLAY, TCL_ORDER_NO,
TCL_PRIMARY_KEY_FL, TCL_TYPE, TCL_LENGTH, TCL_MANDATORY_FL, TCL_DELETE_FL, TCL_VERSION_ID,
PTN_ID ) VALUES ( 
896, 94, NULL, 'pfi_id', 'pfi_id', 0, 'Y', 'int', 10, 'Y', 'N', 1, 1); 
INSERT INTO TABLE_COLUMN ( TCL_ID, TBD_ID, ENT_ID, TCL_NAME, TCL_DISPLAY, TCL_ORDER_NO,
TCL_PRIMARY_KEY_FL, TCL_TYPE, TCL_LENGTH, TCL_MANDATORY_FL, TCL_DELETE_FL, TCL_VERSION_ID,
PTN_ID ) VALUES ( 
897, 94, NULL, 'fil_id', 'fil_id', 1, 'N', 'int', 10, 'Y', 'N', 1, 1); 
INSERT INTO TABLE_COLUMN ( TCL_ID, TBD_ID, ENT_ID, TCL_NAME, TCL_DISPLAY, TCL_ORDER_NO,
TCL_PRIMARY_KEY_FL, TCL_TYPE, TCL_LENGTH, TCL_MANDATORY_FL, TCL_DELETE_FL, TCL_VERSION_ID,
PTN_ID ) VALUES ( 
898, 94, NULL, 'fcn_id', 'fcn_id', 2, 'N', 'int', 10, 'Y', 'N', 1, 1); 
INSERT INTO TABLE_COLUMN ( TCL_ID, TBD_ID, ENT_ID, TCL_NAME, TCL_DISPLAY, TCL_ORDER_NO,
TCL_PRIMARY_KEY_FL, TCL_TYPE, TCL_LENGTH, TCL_MANDATORY_FL, TCL_DELETE_FL, TCL_VERSION_ID,
PTN_ID ) VALUES ( 
899, 94, NULL, 'pfi_processed_time', 'pfi_processed_time', 3, 'N', 'datetime', -1
, 'Y', 'N', 1, 1); 
INSERT INTO TABLE_COLUMN ( TCL_ID, TBD_ID, ENT_ID, TCL_NAME, TCL_DISPLAY, TCL_ORDER_NO,
TCL_PRIMARY_KEY_FL, TCL_TYPE, TCL_LENGTH, TCL_MANDATORY_FL, TCL_DELETE_FL, TCL_VERSION_ID,
PTN_ID ) VALUES ( 
900, 94, NULL, 'pfi_filename', 'pfi_filename', 4, 'N', 'string', 255, 'Y', 'N', 1
, 1); 
INSERT INTO TABLE_COLUMN ( TCL_ID, TBD_ID, ENT_ID, TCL_NAME, TCL_DISPLAY, TCL_ORDER_NO,
TCL_PRIMARY_KEY_FL, TCL_TYPE, TCL_LENGTH, TCL_MANDATORY_FL, TCL_DELETE_FL, TCL_VERSION_ID,
PTN_ID ) VALUES ( 
901, 94, NULL, 'pfi_seq_number', 'pfi_seq_number', 5, 'N', 'int', 10, 'Y', 'N', 1
, 1); 
INSERT INTO TABLE_COLUMN ( TCL_ID, TBD_ID, ENT_ID, TCL_NAME, TCL_DISPLAY, TCL_ORDER_NO,
TCL_PRIMARY_KEY_FL, TCL_TYPE, TCL_LENGTH, TCL_MANDATORY_FL, TCL_DELETE_FL, TCL_VERSION_ID,
PTN_ID ) VALUES ( 
902, 94, NULL, 'pfi_start_fl', 'pfi_start_fl', 6, 'N', 'bool', 1, 'Y', 'N', 1, 1); 
INSERT INTO TABLE_COLUMN ( TCL_ID, TBD_ID, ENT_ID, TCL_NAME, TCL_DISPLAY, TCL_ORDER_NO,
TCL_PRIMARY_KEY_FL, TCL_TYPE, TCL_LENGTH, TCL_MANDATORY_FL, TCL_DELETE_FL, TCL_VERSION_ID,
PTN_ID ) VALUES ( 
903, 94, NULL, 'pfi_delete_fl', 'pfi_delete_fl', 7, 'N', 'bool', 1, 'Y', 'N', 1, 1); 
INSERT INTO TABLE_COLUMN ( TCL_ID, TBD_ID, ENT_ID, TCL_NAME, TCL_DISPLAY, TCL_ORDER_NO,
TCL_PRIMARY_KEY_FL, TCL_TYPE, TCL_LENGTH, TCL_MANDATORY_FL, TCL_DELETE_FL, TCL_VERSION_ID,
PTN_ID ) VALUES ( 
904, 94, NULL, 'pfi_version_id', 'pfi_version_id', 8, 'N', 'int', 10, 'Y', 'N', 1
, 1); 
INSERT INTO TABLE_COLUMN ( TCL_ID, TBD_ID, ENT_ID, TCL_NAME, TCL_DISPLAY, TCL_ORDER_NO,
TCL_PRIMARY_KEY_FL, TCL_TYPE, TCL_LENGTH, TCL_MANDATORY_FL, TCL_DELETE_FL, TCL_VERSION_ID,
PTN_ID ) VALUES ( 
905, 94, NULL, 'ptn_id', 'ptn_id', 9, 'N', 'int', 10, 'Y', 'N', 1, 1); 
INSERT INTO TABLE_COLUMN ( TCL_ID, TBD_ID, ENT_ID, TCL_NAME, TCL_DISPLAY, TCL_ORDER_NO,
TCL_PRIMARY_KEY_FL, TCL_TYPE, TCL_LENGTH, TCL_MANDATORY_FL, TCL_DELETE_FL, TCL_VERSION_ID,
PTN_ID ) VALUES ( 
906, 95, NULL, 'sex_id', 'sex_id', 0, 'Y', 'int', 10, 'Y', 'N', 1, 1); 
INSERT INTO TABLE_COLUMN ( TCL_ID, TBD_ID, ENT_ID, TCL_NAME, TCL_DISPLAY, TCL_ORDER_NO,
TCL_PRIMARY_KEY_FL, TCL_TYPE, TCL_LENGTH, TCL_MANDATORY_FL, TCL_DELETE_FL, TCL_VERSION_ID,
PTN_ID ) VALUES ( 
907, 95, NULL, 'seg_id', 'seg_id', 1, 'N', 'int', 10, 'Y', 'N', 1, 1); 
INSERT INTO TABLE_COLUMN ( TCL_ID, TBD_ID, ENT_ID, TCL_NAME, TCL_DISPLAY, TCL_ORDER_NO,
TCL_PRIMARY_KEY_FL, TCL_TYPE, TCL_LENGTH, TCL_MANDATORY_FL, TCL_DELETE_FL, TCL_VERSION_ID,
PTN_ID ) VALUES ( 
908, 95, NULL, 'sex_order_no', 'sex_order_no', 2, 'N', 'int', 10, 'Y', 'N', 1, 1); 
INSERT INTO TABLE_COLUMN ( TCL_ID, TBD_ID, ENT_ID, TCL_NAME, TCL_DISPLAY, TCL_ORDER_NO,
TCL_PRIMARY_KEY_FL, TCL_TYPE, TCL_LENGTH, TCL_MANDATORY_FL, TCL_DELETE_FL, TCL_VERSION_ID,
PTN_ID ) VALUES ( 
909, 95, NULL, 'sex_message', 'sex_message', 3, 'N', 'string', 255, 'N', 'N', 1, 1); 
INSERT INTO TABLE_COLUMN ( TCL_ID, TBD_ID, ENT_ID, TCL_NAME, TCL_DISPLAY, TCL_ORDER_NO,
TCL_PRIMARY_KEY_FL, TCL_TYPE, TCL_LENGTH, TCL_MANDATORY_FL, TCL_DELETE_FL, TCL_VERSION_ID,
PTN_ID ) VALUES ( 
910, 95, NULL, 'sex_trace1', 'sex_trace1', 4, 'N', 'string', 255, 'N', 'N', 1, 1); 
INSERT INTO TABLE_COLUMN ( TCL_ID, TBD_ID, ENT_ID, TCL_NAME, TCL_DISPLAY, TCL_ORDER_NO,
TCL_PRIMARY_KEY_FL, TCL_TYPE, TCL_LENGTH, TCL_MANDATORY_FL, TCL_DELETE_FL, TCL_VERSION_ID,
PTN_ID ) VALUES ( 
911, 95, NULL, 'sex_trace2', 'sex_trace2', 5, 'N', 'string', 255, 'N', 'N', 1, 1); 
INSERT INTO TABLE_COLUMN ( TCL_ID, TBD_ID, ENT_ID, TCL_NAME, TCL_DISPLAY, TCL_ORDER_NO,
TCL_PRIMARY_KEY_FL, TCL_TYPE, TCL_LENGTH, TCL_MANDATORY_FL, TCL_DELETE_FL, TCL_VERSION_ID,
PTN_ID ) VALUES ( 
912, 95, NULL, 'sex_trace3', 'sex_trace3', 6, 'N', 'string', 255, 'N', 'N', 1, 1); 
INSERT INTO TABLE_COLUMN ( TCL_ID, TBD_ID, ENT_ID, TCL_NAME, TCL_DISPLAY, TCL_ORDER_NO,
TCL_PRIMARY_KEY_FL, TCL_TYPE, TCL_LENGTH, TCL_MANDATORY_FL, TCL_DELETE_FL, TCL_VERSION_ID,
PTN_ID ) VALUES ( 
913, 95, NULL, 'sex_trace4', 'sex_trace4', 7, 'N', 'string', 255, 'N', 'N', 1, 1); 
INSERT INTO TABLE_COLUMN ( TCL_ID, TBD_ID, ENT_ID, TCL_NAME, TCL_DISPLAY, TCL_ORDER_NO,
TCL_PRIMARY_KEY_FL, TCL_TYPE, TCL_LENGTH, TCL_MANDATORY_FL, TCL_DELETE_FL, TCL_VERSION_ID,
PTN_ID ) VALUES ( 
914, 95, NULL, 'sex_trace5', 'sex_trace5', 8, 'N', 'string', 255, 'N', 'N', 1, 1); 
INSERT INTO TABLE_COLUMN ( TCL_ID, TBD_ID, ENT_ID, TCL_NAME, TCL_DISPLAY, TCL_ORDER_NO,
TCL_PRIMARY_KEY_FL, TCL_TYPE, TCL_LENGTH, TCL_MANDATORY_FL, TCL_DELETE_FL, TCL_VERSION_ID,
PTN_ID ) VALUES ( 
915, 95, NULL, 'sex_trace6', 'sex_trace6', 9, 'N', 'string', 255, 'N', 'N', 1, 1); 
INSERT INTO TABLE_COLUMN ( TCL_ID, TBD_ID, ENT_ID, TCL_NAME, TCL_DISPLAY, TCL_ORDER_NO,
TCL_PRIMARY_KEY_FL, TCL_TYPE, TCL_LENGTH, TCL_MANDATORY_FL, TCL_DELETE_FL, TCL_VERSION_ID,
PTN_ID ) VALUES ( 
916, 95, NULL, 'sex_trace7', 'sex_trace7', 10, 'N', 'string', 255, 'N', 'N', 1, 1); 
INSERT INTO TABLE_COLUMN ( TCL_ID, TBD_ID, ENT_ID, TCL_NAME, TCL_DISPLAY, TCL_ORDER_NO,
TCL_PRIMARY_KEY_FL, TCL_TYPE, TCL_LENGTH, TCL_MANDATORY_FL, TCL_DELETE_FL, TCL_VERSION_ID,
PTN_ID ) VALUES ( 
917, 95, NULL, 'sex_trace8', 'sex_trace8', 11, 'N', 'string', 255, 'N', 'N', 1, 1); 
INSERT INTO TABLE_COLUMN ( TCL_ID, TBD_ID, ENT_ID, TCL_NAME, TCL_DISPLAY, TCL_ORDER_NO,
TCL_PRIMARY_KEY_FL, TCL_TYPE, TCL_LENGTH, TCL_MANDATORY_FL, TCL_DELETE_FL, TCL_VERSION_ID,
PTN_ID ) VALUES ( 
918, 95, NULL, 'sex_trace9', 'sex_trace9', 12, 'N', 'string', 255, 'N', 'N', 1, 1); 
INSERT INTO TABLE_COLUMN ( TCL_ID, TBD_ID, ENT_ID, TCL_NAME, TCL_DISPLAY, TCL_ORDER_NO,
TCL_PRIMARY_KEY_FL, TCL_TYPE, TCL_LENGTH, TCL_MANDATORY_FL, TCL_DELETE_FL, TCL_VERSION_ID,
PTN_ID ) VALUES ( 
919, 95, NULL, 'sex_trace10', 'sex_trace10', 13, 'N', 'string', 255, 'N', 'N', 1, 1); 
INSERT INTO TABLE_COLUMN ( TCL_ID, TBD_ID, ENT_ID, TCL_NAME, TCL_DISPLAY, TCL_ORDER_NO,
TCL_PRIMARY_KEY_FL, TCL_TYPE, TCL_LENGTH, TCL_MANDATORY_FL, TCL_DELETE_FL, TCL_VERSION_ID,
PTN_ID ) VALUES ( 
920, 95, NULL, 'sex_delete_fl', 'sex_delete_fl', 14, 'N', 'bool', 1, 'Y', 'N', 1, 1); 
INSERT INTO TABLE_COLUMN ( TCL_ID, TBD_ID, ENT_ID, TCL_NAME, TCL_DISPLAY, TCL_ORDER_NO,
TCL_PRIMARY_KEY_FL, TCL_TYPE, TCL_LENGTH, TCL_MANDATORY_FL, TCL_DELETE_FL, TCL_VERSION_ID,
PTN_ID ) VALUES ( 
921, 95, NULL, 'sex_version_id', 'sex_version_id', 15, 'N', 'int', 10, 'Y', 'N', 1
, 1); 
INSERT INTO TABLE_COLUMN ( TCL_ID, TBD_ID, ENT_ID, TCL_NAME, TCL_DISPLAY, TCL_ORDER_NO,
TCL_PRIMARY_KEY_FL, TCL_TYPE, TCL_LENGTH, TCL_MANDATORY_FL, TCL_DELETE_FL, TCL_VERSION_ID,
PTN_ID ) VALUES ( 
922, 95, NULL, 'ptn_id', 'ptn_id', 16, 'N', 'int', 10, 'Y', 'N', 1, 1); 
INSERT INTO TABLE_COLUMN ( TCL_ID, TBD_ID, ENT_ID, TCL_NAME, TCL_DISPLAY, TCL_ORDER_NO,
TCL_PRIMARY_KEY_FL, TCL_TYPE, TCL_LENGTH, TCL_MANDATORY_FL, TCL_DELETE_FL, TCL_VERSION_ID,
PTN_ID ) VALUES ( 
923, 96, NULL, 'trh_id', 'trh_id', 0, 'Y', 'int', 10, 'Y', 'N', 1, 1); 
INSERT INTO TABLE_COLUMN ( TCL_ID, TBD_ID, ENT_ID, TCL_NAME, TCL_DISPLAY, TCL_ORDER_NO,
TCL_PRIMARY_KEY_FL, TCL_TYPE, TCL_LENGTH, TCL_MANDATORY_FL, TCL_DELETE_FL, TCL_VERSION_ID,
PTN_ID ) VALUES ( 
924, 96, NULL, 'tbh_id', 'tbh_id', 1, 'N', 'int', 10, 'Y', 'N', 1, 1); 
INSERT INTO TABLE_COLUMN ( TCL_ID, TBD_ID, ENT_ID, TCL_NAME, TCL_DISPLAY, TCL_ORDER_NO,
TCL_PRIMARY_KEY_FL, TCL_TYPE, TCL_LENGTH, TCL_MANDATORY_FL, TCL_DELETE_FL, TCL_VERSION_ID,
PTN_ID ) VALUES ( 
925, 96, NULL, 'trn_id', 'trn_id', 2, 'N', 'int', 10, 'Y', 'N', 1, 1); 
INSERT INTO TABLE_COLUMN ( TCL_ID, TBD_ID, ENT_ID, TCL_NAME, TCL_DISPLAY, TCL_ORDER_NO,
TCL_PRIMARY_KEY_FL, TCL_TYPE, TCL_LENGTH, TCL_MANDATORY_FL, TCL_DELETE_FL, TCL_VERSION_ID,
PTN_ID ) VALUES ( 
926, 96, NULL, 'trh_rate', 'trh_rate', 3, 'N', 'long', 19, 'Y', 'N', 1, 1); 
INSERT INTO TABLE_COLUMN ( TCL_ID, TBD_ID, ENT_ID, TCL_NAME, TCL_DISPLAY, TCL_ORDER_NO,
TCL_PRIMARY_KEY_FL, TCL_TYPE, TCL_LENGTH, TCL_MANDATORY_FL, TCL_DELETE_FL, TCL_VERSION_ID,
PTN_ID ) VALUES ( 
927, 96, NULL, 'trh_delete_fl', 'trh_delete_fl', 4, 'N', 'bool', 1, 'Y', 'N', 1, 1); 
INSERT INTO TABLE_COLUMN ( TCL_ID, TBD_ID, ENT_ID, TCL_NAME, TCL_DISPLAY, TCL_ORDER_NO,
TCL_PRIMARY_KEY_FL, TCL_TYPE, TCL_LENGTH, TCL_MANDATORY_FL, TCL_DELETE_FL, TCL_VERSION_ID,
PTN_ID ) VALUES ( 
928, 96, NULL, 'trh_version_id', 'trh_version_id', 5, 'N', 'int', 10, 'Y', 'N', 1
, 1); 
INSERT INTO TABLE_COLUMN ( TCL_ID, TBD_ID, ENT_ID, TCL_NAME, TCL_DISPLAY, TCL_ORDER_NO,
TCL_PRIMARY_KEY_FL, TCL_TYPE, TCL_LENGTH, TCL_MANDATORY_FL, TCL_DELETE_FL, TCL_VERSION_ID,
PTN_ID ) VALUES ( 
929, 96, NULL, 'ptn_id', 'ptn_id', 6, 'N', 'int', 10, 'Y', 'N', 1, 1); 
INSERT INTO TABLE_COLUMN ( TCL_ID, TBD_ID, ENT_ID, TCL_NAME, TCL_DISPLAY, TCL_ORDER_NO,
TCL_PRIMARY_KEY_FL, TCL_TYPE, TCL_LENGTH, TCL_MANDATORY_FL, TCL_DELETE_FL, TCL_VERSION_ID,
PTN_ID ) VALUES ( 
930, 97, NULL, 'upv_id', 'upv_id', 0, 'Y', 'int', 10, 'Y', 'N', 1, 1); 
INSERT INTO TABLE_COLUMN ( TCL_ID, TBD_ID, ENT_ID, TCL_NAME, TCL_DISPLAY, TCL_ORDER_NO,
TCL_PRIMARY_KEY_FL, TCL_TYPE, TCL_LENGTH, TCL_MANDATORY_FL, TCL_DELETE_FL, TCL_VERSION_ID,
PTN_ID ) VALUES ( 
931, 97, NULL, 'cmp_id', 'cmp_id', 1, 'N', 'int', 10, 'Y', 'N', 1, 1); 
INSERT INTO TABLE_COLUMN ( TCL_ID, TBD_ID, ENT_ID, TCL_NAME, TCL_DISPLAY, TCL_ORDER_NO,
TCL_PRIMARY_KEY_FL, TCL_TYPE, TCL_LENGTH, TCL_MANDATORY_FL, TCL_DELETE_FL, TCL_VERSION_ID,
PTN_ID ) VALUES ( 
932, 97, NULL, 'pig_id', 'pig_id', 2, 'N', 'int', 10, 'Y', 'N', 1, 1); 
INSERT INTO TABLE_COLUMN ( TCL_ID, TBD_ID, ENT_ID, TCL_NAME, TCL_DISPLAY, TCL_ORDER_NO,
TCL_PRIMARY_KEY_FL, TCL_TYPE, TCL_LENGTH, TCL_MANDATORY_FL, TCL_DELETE_FL, TCL_VERSION_ID,
PTN_ID ) VALUES ( 
933, 97, NULL, 'upv_name', 'upv_name', 3, 'N', 'string', 255, 'Y', 'N', 1, 1); 
INSERT INTO TABLE_COLUMN ( TCL_ID, TBD_ID, ENT_ID, TCL_NAME, TCL_DISPLAY, TCL_ORDER_NO,
TCL_PRIMARY_KEY_FL, TCL_TYPE, TCL_LENGTH, TCL_MANDATORY_FL, TCL_DELETE_FL, TCL_VERSION_ID,
PTN_ID ) VALUES ( 
934, 97, NULL, 'upv_delete_fl', 'upv_delete_fl', 4, 'N', 'bool', 1, 'Y', 'N', 1, 1); 
INSERT INTO TABLE_COLUMN ( TCL_ID, TBD_ID, ENT_ID, TCL_NAME, TCL_DISPLAY, TCL_ORDER_NO,
TCL_PRIMARY_KEY_FL, TCL_TYPE, TCL_LENGTH, TCL_MANDATORY_FL, TCL_DELETE_FL, TCL_VERSION_ID,
PTN_ID ) VALUES ( 
935, 97, NULL, 'upv_version_id', 'upv_version_id', 5, 'N', 'int', 10, 'Y', 'N', 1
, 1); 
INSERT INTO TABLE_COLUMN ( TCL_ID, TBD_ID, ENT_ID, TCL_NAME, TCL_DISPLAY, TCL_ORDER_NO,
TCL_PRIMARY_KEY_FL, TCL_TYPE, TCL_LENGTH, TCL_MANDATORY_FL, TCL_DELETE_FL, TCL_VERSION_ID,
PTN_ID ) VALUES ( 
936, 97, NULL, 'ptn_id', 'ptn_id', 6, 'N', 'int', 10, 'Y', 'N', 1, 1); 
INSERT INTO TABLE_COLUMN ( TCL_ID, TBD_ID, ENT_ID, TCL_NAME, TCL_DISPLAY, TCL_ORDER_NO,
TCL_PRIMARY_KEY_FL, TCL_TYPE, TCL_LENGTH, TCL_MANDATORY_FL, TCL_DELETE_FL, TCL_VERSION_ID,
PTN_ID ) VALUES ( 
937, 98, NULL, 'usv_id', 'usv_id', 0, 'Y', 'int', 10, 'Y', 'N', 1, 1); 
INSERT INTO TABLE_COLUMN ( TCL_ID, TBD_ID, ENT_ID, TCL_NAME, TCL_DISPLAY, TCL_ORDER_NO,
TCL_PRIMARY_KEY_FL, TCL_TYPE, TCL_LENGTH, TCL_MANDATORY_FL, TCL_DELETE_FL, TCL_VERSION_ID,
PTN_ID ) VALUES ( 
938, 98, NULL, 'mac_id', 'mac_id', 1, 'N', 'int', 10, 'Y', 'N', 1, 1); 
INSERT INTO TABLE_COLUMN ( TCL_ID, TBD_ID, ENT_ID, TCL_NAME, TCL_DISPLAY, TCL_ORDER_NO,
TCL_PRIMARY_KEY_FL, TCL_TYPE, TCL_LENGTH, TCL_MANDATORY_FL, TCL_DELETE_FL, TCL_VERSION_ID,
PTN_ID ) VALUES ( 
939, 98, NULL, 'dsl_id', 'dsl_id', 2, 'N', 'int', 10, 'Y', 'N', 1, 1); 
INSERT INTO TABLE_COLUMN ( TCL_ID, TBD_ID, ENT_ID, TCL_NAME, TCL_DISPLAY, TCL_ORDER_NO,
TCL_PRIMARY_KEY_FL, TCL_TYPE, TCL_LENGTH, TCL_MANDATORY_FL, TCL_DELETE_FL, TCL_VERSION_ID,
PTN_ID ) VALUES ( 
940, 98, NULL, 'dsc_id', 'dsc_id', 3, 'N', 'int', 10, 'N', 'N', 1, 1); 
INSERT INTO TABLE_COLUMN ( TCL_ID, TBD_ID, ENT_ID, TCL_NAME, TCL_DISPLAY, TCL_ORDER_NO,
TCL_PRIMARY_KEY_FL, TCL_TYPE, TCL_LENGTH, TCL_MANDATORY_FL, TCL_DELETE_FL, TCL_VERSION_ID,
PTN_ID ) VALUES ( 
941, 98, NULL, 'usv_name', 'usv_name', 4, 'N', 'string', 255, 'Y', 'N', 1, 1); 
INSERT INTO TABLE_COLUMN ( TCL_ID, TBD_ID, ENT_ID, TCL_NAME, TCL_DISPLAY, TCL_ORDER_NO,
TCL_PRIMARY_KEY_FL, TCL_TYPE, TCL_LENGTH, TCL_MANDATORY_FL, TCL_DELETE_FL, TCL_VERSION_ID,
PTN_ID ) VALUES ( 
942, 98, NULL, 'usv_data_location', 'usv_data_location', 5, 'N', 'string', 255, 'N'
, 'N', 1, 1); 
INSERT INTO TABLE_COLUMN ( TCL_ID, TBD_ID, ENT_ID, TCL_NAME, TCL_DISPLAY, TCL_ORDER_NO,
TCL_PRIMARY_KEY_FL, TCL_TYPE, TCL_LENGTH, TCL_MANDATORY_FL, TCL_DELETE_FL, TCL_VERSION_ID,
PTN_ID ) VALUES ( 
943, 98, NULL, 'usv_index_location', 'usv_index_location', 6, 'N', 'string', 255, 'N'
, 'N', 1, 1); 
INSERT INTO TABLE_COLUMN ( TCL_ID, TBD_ID, ENT_ID, TCL_NAME, TCL_DISPLAY, TCL_ORDER_NO,
TCL_PRIMARY_KEY_FL, TCL_TYPE, TCL_LENGTH, TCL_MANDATORY_FL, TCL_DELETE_FL, TCL_VERSION_ID,
PTN_ID ) VALUES ( 
944, 98, NULL, 'usv_delete_fl', 'usv_delete_fl', 7, 'N', 'bool', 1, 'Y', 'N', 1, 1); 
INSERT INTO TABLE_COLUMN ( TCL_ID, TBD_ID, ENT_ID, TCL_NAME, TCL_DISPLAY, TCL_ORDER_NO,
TCL_PRIMARY_KEY_FL, TCL_TYPE, TCL_LENGTH, TCL_MANDATORY_FL, TCL_DELETE_FL, TCL_VERSION_ID,
PTN_ID ) VALUES ( 
945, 98, NULL, 'usv_version_id', 'usv_version_id', 8, 'N', 'int', 10, 'Y', 'N', 1
, 1); 
INSERT INTO TABLE_COLUMN ( TCL_ID, TBD_ID, ENT_ID, TCL_NAME, TCL_DISPLAY, TCL_ORDER_NO,
TCL_PRIMARY_KEY_FL, TCL_TYPE, TCL_LENGTH, TCL_MANDATORY_FL, TCL_DELETE_FL, TCL_VERSION_ID,
PTN_ID ) VALUES ( 
946, 98, NULL, 'ptn_id', 'ptn_id', 9, 'N', 'int', 10, 'Y', 'N', 1, 1); 
INSERT INTO TABLE_COLUMN ( TCL_ID, TBD_ID, ENT_ID, TCL_NAME, TCL_DISPLAY, TCL_ORDER_NO,
TCL_PRIMARY_KEY_FL, TCL_TYPE, TCL_LENGTH, TCL_MANDATORY_FL, TCL_DELETE_FL, TCL_VERSION_ID,
PTN_ID ) VALUES ( 
947, 99, NULL, 'grd_id', 'grd_id', 0, 'Y', 'int', 10, 'Y', 'N', 1, 1); 
INSERT INTO TABLE_COLUMN ( TCL_ID, TBD_ID, ENT_ID, TCL_NAME, TCL_DISPLAY, TCL_ORDER_NO,
TCL_PRIMARY_KEY_FL, TCL_TYPE, TCL_LENGTH, TCL_MANDATORY_FL, TCL_DELETE_FL, TCL_VERSION_ID,
PTN_ID ) VALUES ( 
948, 99, NULL, 'usr_id', 'usr_id', 1, 'N', 'int', 10, 'Y', 'N', 1, 1); 
INSERT INTO TABLE_COLUMN ( TCL_ID, TBD_ID, ENT_ID, TCL_NAME, TCL_DISPLAY, TCL_ORDER_NO,
TCL_PRIMARY_KEY_FL, TCL_TYPE, TCL_LENGTH, TCL_MANDATORY_FL, TCL_DELETE_FL, TCL_VERSION_ID,
PTN_ID ) VALUES ( 
949, 99, NULL, 'ent_id', 'ent_id', 2, 'N', 'int', 10, 'Y', 'N', 1, 1); 
INSERT INTO TABLE_COLUMN ( TCL_ID, TBD_ID, ENT_ID, TCL_NAME, TCL_DISPLAY, TCL_ORDER_NO,
TCL_PRIMARY_KEY_FL, TCL_TYPE, TCL_LENGTH, TCL_MANDATORY_FL, TCL_DELETE_FL, TCL_VERSION_ID,
PTN_ID ) VALUES ( 
950, 99, NULL, 'grd_delete_fl', 'grd_delete_fl', 3, 'N', 'bool', 1, 'Y', 'N', 1, 1); 
INSERT INTO TABLE_COLUMN ( TCL_ID, TBD_ID, ENT_ID, TCL_NAME, TCL_DISPLAY, TCL_ORDER_NO,
TCL_PRIMARY_KEY_FL, TCL_TYPE, TCL_LENGTH, TCL_MANDATORY_FL, TCL_DELETE_FL, TCL_VERSION_ID,
PTN_ID ) VALUES ( 
951, 99, NULL, 'grd_version_id', 'grd_version_id', 4, 'N', 'int', 10, 'Y', 'N', 1
, 1); 
INSERT INTO TABLE_COLUMN ( TCL_ID, TBD_ID, ENT_ID, TCL_NAME, TCL_DISPLAY, TCL_ORDER_NO,
TCL_PRIMARY_KEY_FL, TCL_TYPE, TCL_LENGTH, TCL_MANDATORY_FL, TCL_DELETE_FL, TCL_VERSION_ID,
PTN_ID ) VALUES ( 
952, 99, NULL, 'ptn_id', 'ptn_id', 5, 'N', 'int', 10, 'Y', 'N', 1, 1); 
INSERT INTO TABLE_COLUMN ( TCL_ID, TBD_ID, ENT_ID, TCL_NAME, TCL_DISPLAY, TCL_ORDER_NO,
TCL_PRIMARY_KEY_FL, TCL_TYPE, TCL_LENGTH, TCL_MANDATORY_FL, TCL_DELETE_FL, TCL_VERSION_ID,
PTN_ID ) VALUES ( 
953, 100, NULL, 'dgl_id', 'dgl_id', 0, 'Y', 'int', 10, 'Y', 'N', 1, 1); 
INSERT INTO TABLE_COLUMN ( TCL_ID, TBD_ID, ENT_ID, TCL_NAME, TCL_DISPLAY, TCL_ORDER_NO,
TCL_PRIMARY_KEY_FL, TCL_TYPE, TCL_LENGTH, TCL_MANDATORY_FL, TCL_DELETE_FL, TCL_VERSION_ID,
PTN_ID ) VALUES ( 
954, 100, NULL, 'dgl_delete_fl', 'dgl_delete_fl', 1, 'N', 'bool', 1, 'Y', 'N', 1, 1); 
INSERT INTO TABLE_COLUMN ( TCL_ID, TBD_ID, ENT_ID, TCL_NAME, TCL_DISPLAY, TCL_ORDER_NO,
TCL_PRIMARY_KEY_FL, TCL_TYPE, TCL_LENGTH, TCL_MANDATORY_FL, TCL_DELETE_FL, TCL_VERSION_ID,
PTN_ID ) VALUES ( 
955, 100, NULL, 'dgl_version_id', 'dgl_version_id', 2, 'N', 'int', 10, 'Y', 'N', 1
, 1); 
INSERT INTO TABLE_COLUMN ( TCL_ID, TBD_ID, ENT_ID, TCL_NAME, TCL_DISPLAY, TCL_ORDER_NO,
TCL_PRIMARY_KEY_FL, TCL_TYPE, TCL_LENGTH, TCL_MANDATORY_FL, TCL_DELETE_FL, TCL_VERSION_ID,
PTN_ID ) VALUES ( 
956, 100, NULL, 'ptn_id', 'ptn_id', 3, 'N', 'int', 10, 'Y', 'N', 1, 1); 
INSERT INTO TABLE_COLUMN ( TCL_ID, TBD_ID, ENT_ID, TCL_NAME, TCL_DISPLAY, TCL_ORDER_NO,
TCL_PRIMARY_KEY_FL, TCL_TYPE, TCL_LENGTH, TCL_MANDATORY_FL, TCL_DELETE_FL, TCL_VERSION_ID,
PTN_ID ) VALUES ( 
957, 101, NULL, 'chr_id', 'chr_id', 0, 'Y', 'int', 10, 'Y', 'N', 1, 1); 
INSERT INTO TABLE_COLUMN ( TCL_ID, TBD_ID, ENT_ID, TCL_NAME, TCL_DISPLAY, TCL_ORDER_NO,
TCL_PRIMARY_KEY_FL, TCL_TYPE, TCL_LENGTH, TCL_MANDATORY_FL, TCL_DELETE_FL, TCL_VERSION_ID,
PTN_ID ) VALUES ( 
958, 101, NULL, 'csb_id', 'csb_id', 1, 'N', 'int', 10, 'Y', 'N', 1, 1); 
INSERT INTO TABLE_COLUMN ( TCL_ID, TBD_ID, ENT_ID, TCL_NAME, TCL_DISPLAY, TCL_ORDER_NO,
TCL_PRIMARY_KEY_FL, TCL_TYPE, TCL_LENGTH, TCL_MANDATORY_FL, TCL_DELETE_FL, TCL_VERSION_ID,
PTN_ID ) VALUES ( 
959, 101, NULL, 'der_id', 'der_id', 2, 'N', 'int', 10, 'Y', 'N', 1, 1); 
INSERT INTO TABLE_COLUMN ( TCL_ID, TBD_ID, ENT_ID, TCL_NAME, TCL_DISPLAY, TCL_ORDER_NO,
TCL_PRIMARY_KEY_FL, TCL_TYPE, TCL_LENGTH, TCL_MANDATORY_FL, TCL_DELETE_FL, TCL_VERSION_ID,
PTN_ID ) VALUES ( 
960, 101, NULL, 'asq_id', 'asq_id', 3, 'N', 'int', 10, 'N', 'N', 1, 1); 
INSERT INTO TABLE_COLUMN ( TCL_ID, TBD_ID, ENT_ID, TCL_NAME, TCL_DISPLAY, TCL_ORDER_NO,
TCL_PRIMARY_KEY_FL, TCL_TYPE, TCL_LENGTH, TCL_MANDATORY_FL, TCL_DELETE_FL, TCL_VERSION_ID,
PTN_ID ) VALUES ( 
961, 101, NULL, 'chr_linked_chr_id', 'chr_linked_chr_id', 4, 'N', 'int', 10, 'N', 'N'
, 1, 1); 
INSERT INTO TABLE_COLUMN ( TCL_ID, TBD_ID, ENT_ID, TCL_NAME, TCL_DISPLAY, TCL_ORDER_NO,
TCL_PRIMARY_KEY_FL, TCL_TYPE, TCL_LENGTH, TCL_MANDATORY_FL, TCL_DELETE_FL, TCL_VERSION_ID,
PTN_ID ) VALUES ( 
962, 101, NULL, 'chr_name', 'chr_name', 5, 'N', 'string', 255, 'Y', 'N', 1, 1); 
INSERT INTO TABLE_COLUMN ( TCL_ID, TBD_ID, ENT_ID, TCL_NAME, TCL_DISPLAY, TCL_ORDER_NO,
TCL_PRIMARY_KEY_FL, TCL_TYPE, TCL_LENGTH, TCL_MANDATORY_FL, TCL_DELETE_FL, TCL_VERSION_ID,
PTN_ID ) VALUES ( 
963, 101, NULL, 'chr_description', 'chr_description', 6, 'N', 'string', 255, 'N', 'N'
, 1, 1); 
INSERT INTO TABLE_COLUMN ( TCL_ID, TBD_ID, ENT_ID, TCL_NAME, TCL_DISPLAY, TCL_ORDER_NO,
TCL_PRIMARY_KEY_FL, TCL_TYPE, TCL_LENGTH, TCL_MANDATORY_FL, TCL_DELETE_FL, TCL_VERSION_ID,
PTN_ID ) VALUES ( 
964, 101, NULL, 'chr_query_lst_id', 'chr_query_lst_id', 7, 'N', 'int', 10, 'Y', 'N'
, 1, 1); 
INSERT INTO TABLE_COLUMN ( TCL_ID, TBD_ID, ENT_ID, TCL_NAME, TCL_DISPLAY, TCL_ORDER_NO,
TCL_PRIMARY_KEY_FL, TCL_TYPE, TCL_LENGTH, TCL_MANDATORY_FL, TCL_DELETE_FL, TCL_VERSION_ID,
PTN_ID ) VALUES ( 
965, 101, NULL, 'chr_usage_query_fl', 'chr_usage_query_fl', 8, 'N', 'bool', 1, 'Y'
, 'N', 1, 1); 
INSERT INTO TABLE_COLUMN ( TCL_ID, TBD_ID, ENT_ID, TCL_NAME, TCL_DISPLAY, TCL_ORDER_NO,
TCL_PRIMARY_KEY_FL, TCL_TYPE, TCL_LENGTH, TCL_MANDATORY_FL, TCL_DELETE_FL, TCL_VERSION_ID,
PTN_ID ) VALUES ( 
966, 101, NULL, 'chr_x_axis_label', 'chr_x_axis_label', 9, 'N', 'string', 255, 'N'
, 'N', 1, 1); 
INSERT INTO TABLE_COLUMN ( TCL_ID, TBD_ID, ENT_ID, TCL_NAME, TCL_DISPLAY, TCL_ORDER_NO,
TCL_PRIMARY_KEY_FL, TCL_TYPE, TCL_LENGTH, TCL_MANDATORY_FL, TCL_DELETE_FL, TCL_VERSION_ID,
PTN_ID ) VALUES ( 
967, 101, NULL, 'chr_primary_y_axis_label', 'chr_primary_y_axis_label', 10, 'N', 'string'
, 255, 'N', 'N', 1, 1); 
INSERT INTO TABLE_COLUMN ( TCL_ID, TBD_ID, ENT_ID, TCL_NAME, TCL_DISPLAY, TCL_ORDER_NO,
TCL_PRIMARY_KEY_FL, TCL_TYPE, TCL_LENGTH, TCL_MANDATORY_FL, TCL_DELETE_FL, TCL_VERSION_ID,
PTN_ID ) VALUES ( 
968, 101, NULL, 'chr_secondary_y_axis_label', 'chr_secondary_y_axis_label', 11, 'N'
, 'string', 255, 'N', 'N', 1, 1); 
INSERT INTO TABLE_COLUMN ( TCL_ID, TBD_ID, ENT_ID, TCL_NAME, TCL_DISPLAY, TCL_ORDER_NO,
TCL_PRIMARY_KEY_FL, TCL_TYPE, TCL_LENGTH, TCL_MANDATORY_FL, TCL_DELETE_FL, TCL_VERSION_ID,
PTN_ID ) VALUES ( 
969, 101, NULL, 'chr_auto_fl', 'chr_auto_fl', 12, 'N', 'bool', 1, 'Y', 'N', 1, 1); 
INSERT INTO TABLE_COLUMN ( TCL_ID, TBD_ID, ENT_ID, TCL_NAME, TCL_DISPLAY, TCL_ORDER_NO,
TCL_PRIMARY_KEY_FL, TCL_TYPE, TCL_LENGTH, TCL_MANDATORY_FL, TCL_DELETE_FL, TCL_VERSION_ID,
PTN_ID ) VALUES ( 
970, 101, NULL, 'chr_freeze_refresh_fl', 'chr_freeze_refresh_fl', 13, 'N', 'bool'
, 1, 'Y', 'N', 1, 1); 
INSERT INTO TABLE_COLUMN ( TCL_ID, TBD_ID, ENT_ID, TCL_NAME, TCL_DISPLAY, TCL_ORDER_NO,
TCL_PRIMARY_KEY_FL, TCL_TYPE, TCL_LENGTH, TCL_MANDATORY_FL, TCL_DELETE_FL, TCL_VERSION_ID,
PTN_ID ) VALUES ( 
971, 101, NULL, 'chr_delete_fl', 'chr_delete_fl', 14, 'N', 'bool', 1, 'Y', 'N', 1
, 1); 
INSERT INTO TABLE_COLUMN ( TCL_ID, TBD_ID, ENT_ID, TCL_NAME, TCL_DISPLAY, TCL_ORDER_NO,
TCL_PRIMARY_KEY_FL, TCL_TYPE, TCL_LENGTH, TCL_MANDATORY_FL, TCL_DELETE_FL, TCL_VERSION_ID,
PTN_ID ) VALUES ( 
972, 101, NULL, 'chr_version_id', 'chr_version_id', 15, 'N', 'int', 10, 'Y', 'N', 1
, 1); 
INSERT INTO TABLE_COLUMN ( TCL_ID, TBD_ID, ENT_ID, TCL_NAME, TCL_DISPLAY, TCL_ORDER_NO,
TCL_PRIMARY_KEY_FL, TCL_TYPE, TCL_LENGTH, TCL_MANDATORY_FL, TCL_DELETE_FL, TCL_VERSION_ID,
PTN_ID ) VALUES ( 
973, 101, NULL, 'ptn_id', 'ptn_id', 16, 'N', 'int', 10, 'Y', 'N', 1, 1); 
INSERT INTO TABLE_COLUMN ( TCL_ID, TBD_ID, ENT_ID, TCL_NAME, TCL_DISPLAY, TCL_ORDER_NO,
TCL_PRIMARY_KEY_FL, TCL_TYPE, TCL_LENGTH, TCL_MANDATORY_FL, TCL_DELETE_FL, TCL_VERSION_ID,
PTN_ID ) VALUES ( 
974, 102, NULL, 'cst_id', 'cst_id', 0, 'Y', 'int', 10, 'Y', 'N', 1, 1); 
INSERT INTO TABLE_COLUMN ( TCL_ID, TBD_ID, ENT_ID, TCL_NAME, TCL_DISPLAY, TCL_ORDER_NO,
TCL_PRIMARY_KEY_FL, TCL_TYPE, TCL_LENGTH, TCL_MANDATORY_FL, TCL_DELETE_FL, TCL_VERSION_ID,
PTN_ID ) VALUES ( 
975, 102, NULL, 'cst_cache_class', 'cst_cache_class', 1, 'N', 'string', 255, 'Y', 'N'
, 1, 1); 
INSERT INTO TABLE_COLUMN ( TCL_ID, TBD_ID, ENT_ID, TCL_NAME, TCL_DISPLAY, TCL_ORDER_NO,
TCL_PRIMARY_KEY_FL, TCL_TYPE, TCL_LENGTH, TCL_MANDATORY_FL, TCL_DELETE_FL, TCL_VERSION_ID,
PTN_ID ) VALUES ( 
976, 102, NULL, 'cst_object_class', 'cst_object_class', 2, 'N', 'string', 255, 'Y'
, 'N', 1, 1); 
INSERT INTO TABLE_COLUMN ( TCL_ID, TBD_ID, ENT_ID, TCL_NAME, TCL_DISPLAY, TCL_ORDER_NO,
TCL_PRIMARY_KEY_FL, TCL_TYPE, TCL_LENGTH, TCL_MANDATORY_FL, TCL_DELETE_FL, TCL_VERSION_ID,
PTN_ID ) VALUES ( 
977, 102, NULL, 'cst_cache_key', 'cst_cache_key', 3, 'N', 'string', 255, 'N', 'N'
, 1, 1); 
INSERT INTO TABLE_COLUMN ( TCL_ID, TBD_ID, ENT_ID, TCL_NAME, TCL_DISPLAY, TCL_ORDER_NO,
TCL_PRIMARY_KEY_FL, TCL_TYPE, TCL_LENGTH, TCL_MANDATORY_FL, TCL_DELETE_FL, TCL_VERSION_ID,
PTN_ID ) VALUES ( 
978, 102, NULL, 'cmp_id', 'cmp_id', 4, 'N', 'int', 10, 'Y', 'N', 1, 1); 
INSERT INTO TABLE_COLUMN ( TCL_ID, TBD_ID, ENT_ID, TCL_NAME, TCL_DISPLAY, TCL_ORDER_NO,
TCL_PRIMARY_KEY_FL, TCL_TYPE, TCL_LENGTH, TCL_MANDATORY_FL, TCL_DELETE_FL, TCL_VERSION_ID,
PTN_ID ) VALUES ( 
979, 102, NULL, 'cst_timeout_mins', 'cst_timeout_mins', 5, 'N', 'int', 10, 'Y', 'N'
, 1, 1); 
INSERT INTO TABLE_COLUMN ( TCL_ID, TBD_ID, ENT_ID, TCL_NAME, TCL_DISPLAY, TCL_ORDER_NO,
TCL_PRIMARY_KEY_FL, TCL_TYPE, TCL_LENGTH, TCL_MANDATORY_FL, TCL_DELETE_FL, TCL_VERSION_ID,
PTN_ID ) VALUES ( 
980, 102, NULL, 'cst_delete_fl', 'cst_delete_fl', 6, 'N', 'bool', 1, 'Y', 'N', 1, 1); 
INSERT INTO TABLE_COLUMN ( TCL_ID, TBD_ID, ENT_ID, TCL_NAME, TCL_DISPLAY, TCL_ORDER_NO,
TCL_PRIMARY_KEY_FL, TCL_TYPE, TCL_LENGTH, TCL_MANDATORY_FL, TCL_DELETE_FL, TCL_VERSION_ID,
PTN_ID ) VALUES ( 
981, 102, NULL, 'cst_version_id', 'cst_version_id', 7, 'N', 'int', 10, 'Y', 'N', 1
, 1); 
INSERT INTO TABLE_COLUMN ( TCL_ID, TBD_ID, ENT_ID, TCL_NAME, TCL_DISPLAY, TCL_ORDER_NO,
TCL_PRIMARY_KEY_FL, TCL_TYPE, TCL_LENGTH, TCL_MANDATORY_FL, TCL_DELETE_FL, TCL_VERSION_ID,
PTN_ID ) VALUES ( 
982, 102, NULL, 'ptn_id', 'ptn_id', 8, 'N', 'int', 10, 'Y', 'N', 1, 1); 
INSERT INTO TABLE_COLUMN ( TCL_ID, TBD_ID, ENT_ID, TCL_NAME, TCL_DISPLAY, TCL_ORDER_NO,
TCL_PRIMARY_KEY_FL, TCL_TYPE, TCL_LENGTH, TCL_MANDATORY_FL, TCL_DELETE_FL, TCL_VERSION_ID,
PTN_ID ) VALUES ( 
983, 103, NULL, 'pcf_id', 'pcf_id', 0, 'Y', 'int', 10, 'Y', 'N', 1, 1); 
INSERT INTO TABLE_COLUMN ( TCL_ID, TBD_ID, ENT_ID, TCL_NAME, TCL_DISPLAY, TCL_ORDER_NO,
TCL_PRIMARY_KEY_FL, TCL_TYPE, TCL_LENGTH, TCL_MANDATORY_FL, TCL_DELETE_FL, TCL_VERSION_ID,
PTN_ID ) VALUES ( 
984, 103, NULL, 'clf_id', 'clf_id', 1, 'N', 'int', 10, 'Y', 'N', 1, 1); 
INSERT INTO TABLE_COLUMN ( TCL_ID, TBD_ID, ENT_ID, TCL_NAME, TCL_DISPLAY, TCL_ORDER_NO,
TCL_PRIMARY_KEY_FL, TCL_TYPE, TCL_LENGTH, TCL_MANDATORY_FL, TCL_DELETE_FL, TCL_VERSION_ID,
PTN_ID ) VALUES ( 
985, 103, NULL, 'pcf_delete_fl', 'pcf_delete_fl', 2, 'N', 'bool', 1, 'Y', 'N', 1, 1); 
INSERT INTO TABLE_COLUMN ( TCL_ID, TBD_ID, ENT_ID, TCL_NAME, TCL_DISPLAY, TCL_ORDER_NO,
TCL_PRIMARY_KEY_FL, TCL_TYPE, TCL_LENGTH, TCL_MANDATORY_FL, TCL_DELETE_FL, TCL_VERSION_ID,
PTN_ID ) VALUES ( 
986, 103, NULL, 'pcf_version_id', 'pcf_version_id', 3, 'N', 'int', 10, 'Y', 'N', 1
, 1); 
INSERT INTO TABLE_COLUMN ( TCL_ID, TBD_ID, ENT_ID, TCL_NAME, TCL_DISPLAY, TCL_ORDER_NO,
TCL_PRIMARY_KEY_FL, TCL_TYPE, TCL_LENGTH, TCL_MANDATORY_FL, TCL_DELETE_FL, TCL_VERSION_ID,
PTN_ID ) VALUES ( 
987, 103, NULL, 'ptn_id', 'ptn_id', 4, 'N', 'int', 10, 'Y', 'N', 1, 1); 
INSERT INTO TABLE_COLUMN ( TCL_ID, TBD_ID, ENT_ID, TCL_NAME, TCL_DISPLAY, TCL_ORDER_NO,
TCL_PRIMARY_KEY_FL, TCL_TYPE, TCL_LENGTH, TCL_MANDATORY_FL, TCL_DELETE_FL, TCL_VERSION_ID,
PTN_ID ) VALUES ( 
988, 104, NULL, 'tle_id', 'tle_id', 0, 'Y', 'int', 10, 'Y', 'N', 1, 1); 
INSERT INTO TABLE_COLUMN ( TCL_ID, TBD_ID, ENT_ID, TCL_NAME, TCL_DISPLAY, TCL_ORDER_NO,
TCL_PRIMARY_KEY_FL, TCL_TYPE, TCL_LENGTH, TCL_MANDATORY_FL, TCL_DELETE_FL, TCL_VERSION_ID,
PTN_ID ) VALUES ( 
989, 104, NULL, 'tfo_id', 'tfo_id', 1, 'N', 'int', 10, 'Y', 'N', 1, 1); 
INSERT INTO TABLE_COLUMN ( TCL_ID, TBD_ID, ENT_ID, TCL_NAME, TCL_DISPLAY, TCL_ORDER_NO,
TCL_PRIMARY_KEY_FL, TCL_TYPE, TCL_LENGTH, TCL_MANDATORY_FL, TCL_DELETE_FL, TCL_VERSION_ID,
PTN_ID ) VALUES ( 
990, 104, NULL, 'ent_id', 'ent_id', 2, 'N', 'int', 10, 'Y', 'N', 1, 1); 
INSERT INTO TABLE_COLUMN ( TCL_ID, TBD_ID, ENT_ID, TCL_NAME, TCL_DISPLAY, TCL_ORDER_NO,
TCL_PRIMARY_KEY_FL, TCL_TYPE, TCL_LENGTH, TCL_MANDATORY_FL, TCL_DELETE_FL, TCL_VERSION_ID,
PTN_ID ) VALUES ( 
991, 104, NULL, 'tle_object_pk', 'tle_object_pk', 3, 'N', 'int', 10, 'Y', 'N', 1, 1); 
INSERT INTO TABLE_COLUMN ( TCL_ID, TBD_ID, ENT_ID, TCL_NAME, TCL_DISPLAY, TCL_ORDER_NO,
TCL_PRIMARY_KEY_FL, TCL_TYPE, TCL_LENGTH, TCL_MANDATORY_FL, TCL_DELETE_FL, TCL_VERSION_ID,
PTN_ID ) VALUES ( 
992, 104, NULL, 'tle_delete_fl', 'tle_delete_fl', 4, 'N', 'bool', 1, 'Y', 'N', 1, 1); 
INSERT INTO TABLE_COLUMN ( TCL_ID, TBD_ID, ENT_ID, TCL_NAME, TCL_DISPLAY, TCL_ORDER_NO,
TCL_PRIMARY_KEY_FL, TCL_TYPE, TCL_LENGTH, TCL_MANDATORY_FL, TCL_DELETE_FL, TCL_VERSION_ID,
PTN_ID ) VALUES ( 
993, 104, NULL, 'tle_version_id', 'tle_version_id', 5, 'N', 'int', 10, 'Y', 'N', 1
, 1); 
INSERT INTO TABLE_COLUMN ( TCL_ID, TBD_ID, ENT_ID, TCL_NAME, TCL_DISPLAY, TCL_ORDER_NO,
TCL_PRIMARY_KEY_FL, TCL_TYPE, TCL_LENGTH, TCL_MANDATORY_FL, TCL_DELETE_FL, TCL_VERSION_ID,
PTN_ID ) VALUES ( 
994, 104, NULL, 'ptn_id', 'ptn_id', 6, 'N', 'int', 10, 'Y', 'N', 1, 1); 
INSERT INTO TABLE_COLUMN ( TCL_ID, TBD_ID, ENT_ID, TCL_NAME, TCL_DISPLAY, TCL_ORDER_NO,
TCL_PRIMARY_KEY_FL, TCL_TYPE, TCL_LENGTH, TCL_MANDATORY_FL, TCL_DELETE_FL, TCL_VERSION_ID,
PTN_ID ) VALUES ( 
995, 105, NULL, 'dtb_id', 'dtb_id', 0, 'Y', 'int', 10, 'Y', 'N', 1, 1); 
INSERT INTO TABLE_COLUMN ( TCL_ID, TBD_ID, ENT_ID, TCL_NAME, TCL_DISPLAY, TCL_ORDER_NO,
TCL_PRIMARY_KEY_FL, TCL_TYPE, TCL_LENGTH, TCL_MANDATORY_FL, TCL_DELETE_FL, TCL_VERSION_ID,
PTN_ID ) VALUES ( 
996, 105, NULL, 'dcf_id', 'dcf_id', 1, 'N', 'int', 10, 'Y', 'N', 1, 1); 
INSERT INTO TABLE_COLUMN ( TCL_ID, TBD_ID, ENT_ID, TCL_NAME, TCL_DISPLAY, TCL_ORDER_NO,
TCL_PRIMARY_KEY_FL, TCL_TYPE, TCL_LENGTH, TCL_MANDATORY_FL, TCL_DELETE_FL, TCL_VERSION_ID,
PTN_ID ) VALUES ( 
997, 105, NULL, 'tin_id', 'tin_id', 2, 'N', 'int', 10, 'Y', 'N', 1, 1); 
INSERT INTO TABLE_COLUMN ( TCL_ID, TBD_ID, ENT_ID, TCL_NAME, TCL_DISPLAY, TCL_ORDER_NO,
TCL_PRIMARY_KEY_FL, TCL_TYPE, TCL_LENGTH, TCL_MANDATORY_FL, TCL_DELETE_FL, TCL_VERSION_ID,
PTN_ID ) VALUES ( 
998, 105, NULL, 'dtb_delete_fl', 'dtb_delete_fl', 3, 'N', 'bool', 1, 'Y', 'N', 1, 1); 
INSERT INTO TABLE_COLUMN ( TCL_ID, TBD_ID, ENT_ID, TCL_NAME, TCL_DISPLAY, TCL_ORDER_NO,
TCL_PRIMARY_KEY_FL, TCL_TYPE, TCL_LENGTH, TCL_MANDATORY_FL, TCL_DELETE_FL, TCL_VERSION_ID,
PTN_ID ) VALUES ( 
999, 105, NULL, 'dtb_version_id', 'dtb_version_id', 4, 'N', 'int', 10, 'Y', 'N', 1
, 1); 
INSERT INTO TABLE_COLUMN ( TCL_ID, TBD_ID, ENT_ID, TCL_NAME, TCL_DISPLAY, TCL_ORDER_NO,
TCL_PRIMARY_KEY_FL, TCL_TYPE, TCL_LENGTH, TCL_MANDATORY_FL, TCL_DELETE_FL, TCL_VERSION_ID,
PTN_ID ) VALUES ( 
1000, 105, NULL, 'ptn_id', 'ptn_id', 5, 'N', 'int', 10, 'Y', 'N', 1, 1); 
COMMIT;
INSERT INTO TABLE_COLUMN ( TCL_ID, TBD_ID, ENT_ID, TCL_NAME, TCL_DISPLAY, TCL_ORDER_NO,
TCL_PRIMARY_KEY_FL, TCL_TYPE, TCL_LENGTH, TCL_MANDATORY_FL, TCL_DELETE_FL, TCL_VERSION_ID,
PTN_ID ) VALUES ( 
1001, 106, NULL, 'dan_id', 'dan_id', 0, 'Y', 'int', 10, 'Y', 'N', 1, 1); 
INSERT INTO TABLE_COLUMN ( TCL_ID, TBD_ID, ENT_ID, TCL_NAME, TCL_DISPLAY, TCL_ORDER_NO,
TCL_PRIMARY_KEY_FL, TCL_TYPE, TCL_LENGTH, TCL_MANDATORY_FL, TCL_DELETE_FL, TCL_VERSION_ID,
PTN_ID ) VALUES ( 
1002, 106, NULL, 'sng_id', 'sng_id', 1, 'N', 'int', 10, 'Y', 'N', 1, 1); 
INSERT INTO TABLE_COLUMN ( TCL_ID, TBD_ID, ENT_ID, TCL_NAME, TCL_DISPLAY, TCL_ORDER_NO,
TCL_PRIMARY_KEY_FL, TCL_TYPE, TCL_LENGTH, TCL_MANDATORY_FL, TCL_DELETE_FL, TCL_VERSION_ID,
PTN_ID ) VALUES ( 
1003, 106, NULL, 'dan_dttm', 'dan_dttm', 2, 'N', 'datetime', -1, 'Y', 'N', 1, 1); 
INSERT INTO TABLE_COLUMN ( TCL_ID, TBD_ID, ENT_ID, TCL_NAME, TCL_DISPLAY, TCL_ORDER_NO,
TCL_PRIMARY_KEY_FL, TCL_TYPE, TCL_LENGTH, TCL_MANDATORY_FL, TCL_DELETE_FL, TCL_VERSION_ID,
PTN_ID ) VALUES ( 
1004, 106, NULL, 'dan_number', 'dan_number', 3, 'N', 'long', 19, 'Y', 'N', 1, 1); 
INSERT INTO TABLE_COLUMN ( TCL_ID, TBD_ID, ENT_ID, TCL_NAME, TCL_DISPLAY, TCL_ORDER_NO,
TCL_PRIMARY_KEY_FL, TCL_TYPE, TCL_LENGTH, TCL_MANDATORY_FL, TCL_DELETE_FL, TCL_VERSION_ID,
PTN_ID ) VALUES ( 
1005, 106, NULL, 'dan_delete_fl', 'dan_delete_fl', 4, 'N', 'bool', 1, 'Y', 'N', 1
, 1); 
INSERT INTO TABLE_COLUMN ( TCL_ID, TBD_ID, ENT_ID, TCL_NAME, TCL_DISPLAY, TCL_ORDER_NO,
TCL_PRIMARY_KEY_FL, TCL_TYPE, TCL_LENGTH, TCL_MANDATORY_FL, TCL_DELETE_FL, TCL_VERSION_ID,
PTN_ID ) VALUES ( 
1006, 106, NULL, 'dan_version_id', 'dan_version_id', 5, 'N', 'int', 10, 'Y', 'N', 1
, 1); 
INSERT INTO TABLE_COLUMN ( TCL_ID, TBD_ID, ENT_ID, TCL_NAME, TCL_DISPLAY, TCL_ORDER_NO,
TCL_PRIMARY_KEY_FL, TCL_TYPE, TCL_LENGTH, TCL_MANDATORY_FL, TCL_DELETE_FL, TCL_VERSION_ID,
PTN_ID ) VALUES ( 
1007, 106, NULL, 'ptn_id', 'ptn_id', 6, 'N', 'int', 10, 'Y', 'N', 1, 1); 
INSERT INTO TABLE_COLUMN ( TCL_ID, TBD_ID, ENT_ID, TCL_NAME, TCL_DISPLAY, TCL_ORDER_NO,
TCL_PRIMARY_KEY_FL, TCL_TYPE, TCL_LENGTH, TCL_MANDATORY_FL, TCL_DELETE_FL, TCL_VERSION_ID,
PTN_ID ) VALUES ( 
1008, 107, NULL, 'dfd_id', 'dfd_id', 0, 'Y', 'int', 10, 'Y', 'N', 1, 1); 
INSERT INTO TABLE_COLUMN ( TCL_ID, TBD_ID, ENT_ID, TCL_NAME, TCL_DISPLAY, TCL_ORDER_NO,
TCL_PRIMARY_KEY_FL, TCL_TYPE, TCL_LENGTH, TCL_MANDATORY_FL, TCL_DELETE_FL, TCL_VERSION_ID,
PTN_ID ) VALUES ( 
1009, 107, NULL, 'dcf_id', 'dcf_id', 1, 'N', 'int', 10, 'Y', 'N', 1, 1); 
INSERT INTO TABLE_COLUMN ( TCL_ID, TBD_ID, ENT_ID, TCL_NAME, TCL_DISPLAY, TCL_ORDER_NO,
TCL_PRIMARY_KEY_FL, TCL_TYPE, TCL_LENGTH, TCL_MANDATORY_FL, TCL_DELETE_FL, TCL_VERSION_ID,
PTN_ID ) VALUES ( 
1010, 107, NULL, 'tcl_id', 'tcl_id', 2, 'N', 'int', 10, 'Y', 'N', 1, 1); 
INSERT INTO TABLE_COLUMN ( TCL_ID, TBD_ID, ENT_ID, TCL_NAME, TCL_DISPLAY, TCL_ORDER_NO,
TCL_PRIMARY_KEY_FL, TCL_TYPE, TCL_LENGTH, TCL_MANDATORY_FL, TCL_DELETE_FL, TCL_VERSION_ID,
PTN_ID ) VALUES ( 
1011, 107, NULL, 'dfd_delete_fl', 'dfd_delete_fl', 3, 'N', 'bool', 1, 'Y', 'N', 1
, 1); 
INSERT INTO TABLE_COLUMN ( TCL_ID, TBD_ID, ENT_ID, TCL_NAME, TCL_DISPLAY, TCL_ORDER_NO,
TCL_PRIMARY_KEY_FL, TCL_TYPE, TCL_LENGTH, TCL_MANDATORY_FL, TCL_DELETE_FL, TCL_VERSION_ID,
PTN_ID ) VALUES ( 
1012, 107, NULL, 'dfd_version_id', 'dfd_version_id', 4, 'N', 'int', 10, 'Y', 'N', 1
, 1); 
INSERT INTO TABLE_COLUMN ( TCL_ID, TBD_ID, ENT_ID, TCL_NAME, TCL_DISPLAY, TCL_ORDER_NO,
TCL_PRIMARY_KEY_FL, TCL_TYPE, TCL_LENGTH, TCL_MANDATORY_FL, TCL_DELETE_FL, TCL_VERSION_ID,
PTN_ID ) VALUES ( 
1013, 107, NULL, 'ptn_id', 'ptn_id', 5, 'N', 'int', 10, 'Y', 'N', 1, 1); 
INSERT INTO TABLE_COLUMN ( TCL_ID, TBD_ID, ENT_ID, TCL_NAME, TCL_DISPLAY, TCL_ORDER_NO,
TCL_PRIMARY_KEY_FL, TCL_TYPE, TCL_LENGTH, TCL_MANDATORY_FL, TCL_DELETE_FL, TCL_VERSION_ID,
PTN_ID ) VALUES ( 
1014, 108, NULL, 'cmt_id', 'cmt_id', 0, 'Y', 'int', 10, 'Y', 'N', 1, 1); 
INSERT INTO TABLE_COLUMN ( TCL_ID, TBD_ID, ENT_ID, TCL_NAME, TCL_DISPLAY, TCL_ORDER_NO,
TCL_PRIMARY_KEY_FL, TCL_TYPE, TCL_LENGTH, TCL_MANDATORY_FL, TCL_DELETE_FL, TCL_VERSION_ID,
PTN_ID ) VALUES ( 
1015, 108, NULL, 'cdi_id', 'cdi_id', 1, 'N', 'int', 10, 'Y', 'N', 1, 1); 
INSERT INTO TABLE_COLUMN ( TCL_ID, TBD_ID, ENT_ID, TCL_NAME, TCL_DISPLAY, TCL_ORDER_NO,
TCL_PRIMARY_KEY_FL, TCL_TYPE, TCL_LENGTH, TCL_MANDATORY_FL, TCL_DELETE_FL, TCL_VERSION_ID,
PTN_ID ) VALUES ( 
1016, 108, NULL, 'tea_id', 'tea_id', 2, 'N', 'int', 10, 'Y', 'N', 1, 1); 
INSERT INTO TABLE_COLUMN ( TCL_ID, TBD_ID, ENT_ID, TCL_NAME, TCL_DISPLAY, TCL_ORDER_NO,
TCL_PRIMARY_KEY_FL, TCL_TYPE, TCL_LENGTH, TCL_MANDATORY_FL, TCL_DELETE_FL, TCL_VERSION_ID,
PTN_ID ) VALUES ( 
1017, 108, NULL, 'cmt_browse_fl', 'cmt_browse_fl', 3, 'N', 'bool', 1, 'Y', 'N', 1
, 1); 
INSERT INTO TABLE_COLUMN ( TCL_ID, TBD_ID, ENT_ID, TCL_NAME, TCL_DISPLAY, TCL_ORDER_NO,
TCL_PRIMARY_KEY_FL, TCL_TYPE, TCL_LENGTH, TCL_MANDATORY_FL, TCL_DELETE_FL, TCL_VERSION_ID,
PTN_ID ) VALUES ( 
1018, 108, NULL, 'cmt_new_fl', 'cmt_new_fl', 4, 'N', 'bool', 1, 'Y', 'N', 1, 1); 
INSERT INTO TABLE_COLUMN ( TCL_ID, TBD_ID, ENT_ID, TCL_NAME, TCL_DISPLAY, TCL_ORDER_NO,
TCL_PRIMARY_KEY_FL, TCL_TYPE, TCL_LENGTH, TCL_MANDATORY_FL, TCL_DELETE_FL, TCL_VERSION_ID,
PTN_ID ) VALUES ( 
1019, 108, NULL, 'cmt_edit_fl', 'cmt_edit_fl', 5, 'N', 'bool', 1, 'Y', 'N', 1, 1); 
INSERT INTO TABLE_COLUMN ( TCL_ID, TBD_ID, ENT_ID, TCL_NAME, TCL_DISPLAY, TCL_ORDER_NO,
TCL_PRIMARY_KEY_FL, TCL_TYPE, TCL_LENGTH, TCL_MANDATORY_FL, TCL_DELETE_FL, TCL_VERSION_ID,
PTN_ID ) VALUES ( 
1020, 108, NULL, 'cmt_remove_fl', 'cmt_remove_fl', 6, 'N', 'bool', 1, 'Y', 'N', 1
, 1); 
INSERT INTO TABLE_COLUMN ( TCL_ID, TBD_ID, ENT_ID, TCL_NAME, TCL_DISPLAY, TCL_ORDER_NO,
TCL_PRIMARY_KEY_FL, TCL_TYPE, TCL_LENGTH, TCL_MANDATORY_FL, TCL_DELETE_FL, TCL_VERSION_ID,
PTN_ID ) VALUES ( 
1021, 108, NULL, 'cmt_assign_cd', 'cmt_assign_cd', 7, 'N', 'string', 255, 'Y', 'N'
, 1, 1); 
INSERT INTO TABLE_COLUMN ( TCL_ID, TBD_ID, ENT_ID, TCL_NAME, TCL_DISPLAY, TCL_ORDER_NO,
TCL_PRIMARY_KEY_FL, TCL_TYPE, TCL_LENGTH, TCL_MANDATORY_FL, TCL_DELETE_FL, TCL_VERSION_ID,
PTN_ID ) VALUES ( 
1022, 108, NULL, 'cmt_delete_fl', 'cmt_delete_fl', 8, 'N', 'bool', 1, 'Y', 'N', 1
, 1); 
INSERT INTO TABLE_COLUMN ( TCL_ID, TBD_ID, ENT_ID, TCL_NAME, TCL_DISPLAY, TCL_ORDER_NO,
TCL_PRIMARY_KEY_FL, TCL_TYPE, TCL_LENGTH, TCL_MANDATORY_FL, TCL_DELETE_FL, TCL_VERSION_ID,
PTN_ID ) VALUES ( 
1023, 108, NULL, 'cmt_version_id', 'cmt_version_id', 9, 'N', 'int', 10, 'Y', 'N', 1
, 1); 
INSERT INTO TABLE_COLUMN ( TCL_ID, TBD_ID, ENT_ID, TCL_NAME, TCL_DISPLAY, TCL_ORDER_NO,
TCL_PRIMARY_KEY_FL, TCL_TYPE, TCL_LENGTH, TCL_MANDATORY_FL, TCL_DELETE_FL, TCL_VERSION_ID,
PTN_ID ) VALUES ( 
1024, 108, NULL, 'ptn_id', 'ptn_id', 10, 'N', 'int', 10, 'Y', 'N', 1, 1); 
INSERT INTO TABLE_COLUMN ( TCL_ID, TBD_ID, ENT_ID, TCL_NAME, TCL_DISPLAY, TCL_ORDER_NO,
TCL_PRIMARY_KEY_FL, TCL_TYPE, TCL_LENGTH, TCL_MANDATORY_FL, TCL_DELETE_FL, TCL_VERSION_ID,
PTN_ID ) VALUES ( 
1025, 109, NULL, 'cmp_id', 'cmp_id', 0, 'Y', 'int', 10, 'Y', 'N', 1, 1); 
INSERT INTO TABLE_COLUMN ( TCL_ID, TBD_ID, ENT_ID, TCL_NAME, TCL_DISPLAY, TCL_ORDER_NO,
TCL_PRIMARY_KEY_FL, TCL_TYPE, TCL_LENGTH, TCL_MANDATORY_FL, TCL_DELETE_FL, TCL_VERSION_ID,
PTN_ID ) VALUES ( 
1026, 109, NULL, 'cpt_id', 'cpt_id', 1, 'N', 'int', 10, 'Y', 'N', 1, 1); 
INSERT INTO TABLE_COLUMN ( TCL_ID, TBD_ID, ENT_ID, TCL_NAME, TCL_DISPLAY, TCL_ORDER_NO,
TCL_PRIMARY_KEY_FL, TCL_TYPE, TCL_LENGTH, TCL_MANDATORY_FL, TCL_DELETE_FL, TCL_VERSION_ID,
PTN_ID ) VALUES ( 
1027, 109, NULL, 'pdg_id', 'pdg_id', 2, 'N', 'int', 10, 'N', 'N', 1, 1); 
INSERT INTO TABLE_COLUMN ( TCL_ID, TBD_ID, ENT_ID, TCL_NAME, TCL_DISPLAY, TCL_ORDER_NO,
TCL_PRIMARY_KEY_FL, TCL_TYPE, TCL_LENGTH, TCL_MANDATORY_FL, TCL_DELETE_FL, TCL_VERSION_ID,
PTN_ID ) VALUES ( 
1028, 109, NULL, 'cmp_name', 'cmp_name', 3, 'N', 'string', 255, 'Y', 'N', 1, 1); 
INSERT INTO TABLE_COLUMN ( TCL_ID, TBD_ID, ENT_ID, TCL_NAME, TCL_DISPLAY, TCL_ORDER_NO,
TCL_PRIMARY_KEY_FL, TCL_TYPE, TCL_LENGTH, TCL_MANDATORY_FL, TCL_DELETE_FL, TCL_VERSION_ID,
PTN_ID ) VALUES ( 
1029, 109, NULL, 'cmp_client_component', 'cmp_client_component', 4, 'N', 'string'
, 255, 'N', 'N', 1, 1); 
INSERT INTO TABLE_COLUMN ( TCL_ID, TBD_ID, ENT_ID, TCL_NAME, TCL_DISPLAY, TCL_ORDER_NO,
TCL_PRIMARY_KEY_FL, TCL_TYPE, TCL_LENGTH, TCL_MANDATORY_FL, TCL_DELETE_FL, TCL_VERSION_ID,
PTN_ID ) VALUES ( 
1030, 109, NULL, 'cmp_server_component', 'cmp_server_component', 5, 'N', 'string'
, 255, 'N', 'N', 1, 1); 
INSERT INTO TABLE_COLUMN ( TCL_ID, TBD_ID, ENT_ID, TCL_NAME, TCL_DISPLAY, TCL_ORDER_NO,
TCL_PRIMARY_KEY_FL, TCL_TYPE, TCL_LENGTH, TCL_MANDATORY_FL, TCL_DELETE_FL, TCL_VERSION_ID,
PTN_ID ) VALUES ( 
1031, 109, NULL, 'cmp_delete_fl', 'cmp_delete_fl', 6, 'N', 'bool', 1, 'Y', 'N', 1
, 1); 
INSERT INTO TABLE_COLUMN ( TCL_ID, TBD_ID, ENT_ID, TCL_NAME, TCL_DISPLAY, TCL_ORDER_NO,
TCL_PRIMARY_KEY_FL, TCL_TYPE, TCL_LENGTH, TCL_MANDATORY_FL, TCL_DELETE_FL, TCL_VERSION_ID,
PTN_ID ) VALUES ( 
1032, 109, NULL, 'cmp_version_id', 'cmp_version_id', 7, 'N', 'int', 10, 'Y', 'N', 1
, 1); 
INSERT INTO TABLE_COLUMN ( TCL_ID, TBD_ID, ENT_ID, TCL_NAME, TCL_DISPLAY, TCL_ORDER_NO,
TCL_PRIMARY_KEY_FL, TCL_TYPE, TCL_LENGTH, TCL_MANDATORY_FL, TCL_DELETE_FL, TCL_VERSION_ID,
PTN_ID ) VALUES ( 
1033, 109, NULL, 'ptn_id', 'ptn_id', 8, 'N', 'int', 10, 'Y', 'N', 1, 1); 
INSERT INTO TABLE_COLUMN ( TCL_ID, TBD_ID, ENT_ID, TCL_NAME, TCL_DISPLAY, TCL_ORDER_NO,
TCL_PRIMARY_KEY_FL, TCL_TYPE, TCL_LENGTH, TCL_MANDATORY_FL, TCL_DELETE_FL, TCL_VERSION_ID,
PTN_ID ) VALUES ( 
1034, 110, NULL, 'bog_id', 'bog_id', 0, 'Y', 'int', 10, 'Y', 'N', 1, 1); 
INSERT INTO TABLE_COLUMN ( TCL_ID, TBD_ID, ENT_ID, TCL_NAME, TCL_DISPLAY, TCL_ORDER_NO,
TCL_PRIMARY_KEY_FL, TCL_TYPE, TCL_LENGTH, TCL_MANDATORY_FL, TCL_DELETE_FL, TCL_VERSION_ID,
PTN_ID ) VALUES ( 
1035, 110, NULL, 'bos_id', 'bos_id', 1, 'N', 'int', 10, 'Y', 'N', 1, 1); 
INSERT INTO TABLE_COLUMN ( TCL_ID, TBD_ID, ENT_ID, TCL_NAME, TCL_DISPLAY, TCL_ORDER_NO,
TCL_PRIMARY_KEY_FL, TCL_TYPE, TCL_LENGTH, TCL_MANDATORY_FL, TCL_DELETE_FL, TCL_VERSION_ID,
PTN_ID ) VALUES ( 
1036, 110, NULL, 'bog_name', 'bog_name', 2, 'N', 'string', 255, 'Y', 'N', 1, 1); 
INSERT INTO TABLE_COLUMN ( TCL_ID, TBD_ID, ENT_ID, TCL_NAME, TCL_DISPLAY, TCL_ORDER_NO,
TCL_PRIMARY_KEY_FL, TCL_TYPE, TCL_LENGTH, TCL_MANDATORY_FL, TCL_DELETE_FL, TCL_VERSION_ID,
PTN_ID ) VALUES ( 
1037, 110, NULL, 'bog_delete_fl', 'bog_delete_fl', 3, 'N', 'bool', 1, 'Y', 'N', 1
, 1); 
INSERT INTO TABLE_COLUMN ( TCL_ID, TBD_ID, ENT_ID, TCL_NAME, TCL_DISPLAY, TCL_ORDER_NO,
TCL_PRIMARY_KEY_FL, TCL_TYPE, TCL_LENGTH, TCL_MANDATORY_FL, TCL_DELETE_FL, TCL_VERSION_ID,
PTN_ID ) VALUES ( 
1038, 110, NULL, 'bog_version_id', 'bog_version_id', 4, 'N', 'int', 10, 'Y', 'N', 1
, 1); 
INSERT INTO TABLE_COLUMN ( TCL_ID, TBD_ID, ENT_ID, TCL_NAME, TCL_DISPLAY, TCL_ORDER_NO,
TCL_PRIMARY_KEY_FL, TCL_TYPE, TCL_LENGTH, TCL_MANDATORY_FL, TCL_DELETE_FL, TCL_VERSION_ID,
PTN_ID ) VALUES ( 
1039, 110, NULL, 'ptn_id', 'ptn_id', 5, 'N', 'int', 10, 'Y', 'N', 1, 1); 
INSERT INTO TABLE_COLUMN ( TCL_ID, TBD_ID, ENT_ID, TCL_NAME, TCL_DISPLAY, TCL_ORDER_NO,
TCL_PRIMARY_KEY_FL, TCL_TYPE, TCL_LENGTH, TCL_MANDATORY_FL, TCL_DELETE_FL, TCL_VERSION_ID,
PTN_ID ) VALUES ( 
1040, 111, NULL, 'emg_id', 'emg_id', 0, 'Y', 'int', 10, 'Y', 'N', 1, 1); 
INSERT INTO TABLE_COLUMN ( TCL_ID, TBD_ID, ENT_ID, TCL_NAME, TCL_DISPLAY, TCL_ORDER_NO,
TCL_PRIMARY_KEY_FL, TCL_TYPE, TCL_LENGTH, TCL_MANDATORY_FL, TCL_DELETE_FL, TCL_VERSION_ID,
PTN_ID ) VALUES ( 
1041, 111, NULL, 'emg_code', 'emg_code', 1, 'N', 'string', 255, 'Y', 'N', 1, 1); 
INSERT INTO TABLE_COLUMN ( TCL_ID, TBD_ID, ENT_ID, TCL_NAME, TCL_DISPLAY, TCL_ORDER_NO,
TCL_PRIMARY_KEY_FL, TCL_TYPE, TCL_LENGTH, TCL_MANDATORY_FL, TCL_DELETE_FL, TCL_VERSION_ID,
PTN_ID ) VALUES ( 
1042, 111, NULL, 'emg_delete_fl', 'emg_delete_fl', 2, 'N', 'bool', 1, 'Y', 'N', 1
, 1); 
INSERT INTO TABLE_COLUMN ( TCL_ID, TBD_ID, ENT_ID, TCL_NAME, TCL_DISPLAY, TCL_ORDER_NO,
TCL_PRIMARY_KEY_FL, TCL_TYPE, TCL_LENGTH, TCL_MANDATORY_FL, TCL_DELETE_FL, TCL_VERSION_ID,
PTN_ID ) VALUES ( 
1043, 111, NULL, 'emg_version_id', 'emg_version_id', 3, 'N', 'int', 10, 'Y', 'N', 1
, 1); 
INSERT INTO TABLE_COLUMN ( TCL_ID, TBD_ID, ENT_ID, TCL_NAME, TCL_DISPLAY, TCL_ORDER_NO,
TCL_PRIMARY_KEY_FL, TCL_TYPE, TCL_LENGTH, TCL_MANDATORY_FL, TCL_DELETE_FL, TCL_VERSION_ID,
PTN_ID ) VALUES ( 
1044, 111, NULL, 'ptn_id', 'ptn_id', 4, 'N', 'int', 10, 'Y', 'N', 1, 1); 
INSERT INTO TABLE_COLUMN ( TCL_ID, TBD_ID, ENT_ID, TCL_NAME, TCL_DISPLAY, TCL_ORDER_NO,
TCL_PRIMARY_KEY_FL, TCL_TYPE, TCL_LENGTH, TCL_MANDATORY_FL, TCL_DELETE_FL, TCL_VERSION_ID,
PTN_ID ) VALUES ( 
1045, 112, NULL, 'tfr_id', 'tfr_id', 0, 'Y', 'int', 10, 'Y', 'N', 1, 1); 
INSERT INTO TABLE_COLUMN ( TCL_ID, TBD_ID, ENT_ID, TCL_NAME, TCL_DISPLAY, TCL_ORDER_NO,
TCL_PRIMARY_KEY_FL, TCL_TYPE, TCL_LENGTH, TCL_MANDATORY_FL, TCL_DELETE_FL, TCL_VERSION_ID,
PTN_ID ) VALUES ( 
1046, 112, NULL, 'usr_id', 'usr_id', 1, 'N', 'int', 10, 'Y', 'N', 1, 1); 
INSERT INTO TABLE_COLUMN ( TCL_ID, TBD_ID, ENT_ID, TCL_NAME, TCL_DISPLAY, TCL_ORDER_NO,
TCL_PRIMARY_KEY_FL, TCL_TYPE, TCL_LENGTH, TCL_MANDATORY_FL, TCL_DELETE_FL, TCL_VERSION_ID,
PTN_ID ) VALUES ( 
1047, 112, NULL, 'tin_id', 'tin_id', 2, 'N', 'int', 10, 'Y', 'N', 1, 1); 
INSERT INTO TABLE_COLUMN ( TCL_ID, TBD_ID, ENT_ID, TCL_NAME, TCL_DISPLAY, TCL_ORDER_NO,
TCL_PRIMARY_KEY_FL, TCL_TYPE, TCL_LENGTH, TCL_MANDATORY_FL, TCL_DELETE_FL, TCL_VERSION_ID,
PTN_ID ) VALUES ( 
1048, 112, NULL, 'tfr_delete_fl', 'tfr_delete_fl', 3, 'N', 'bool', 1, 'Y', 'N', 1
, 1); 
INSERT INTO TABLE_COLUMN ( TCL_ID, TBD_ID, ENT_ID, TCL_NAME, TCL_DISPLAY, TCL_ORDER_NO,
TCL_PRIMARY_KEY_FL, TCL_TYPE, TCL_LENGTH, TCL_MANDATORY_FL, TCL_DELETE_FL, TCL_VERSION_ID,
PTN_ID ) VALUES ( 
1049, 112, NULL, 'tfr_version_id', 'tfr_version_id', 4, 'N', 'int', 10, 'Y', 'N', 1
, 1); 
INSERT INTO TABLE_COLUMN ( TCL_ID, TBD_ID, ENT_ID, TCL_NAME, TCL_DISPLAY, TCL_ORDER_NO,
TCL_PRIMARY_KEY_FL, TCL_TYPE, TCL_LENGTH, TCL_MANDATORY_FL, TCL_DELETE_FL, TCL_VERSION_ID,
PTN_ID ) VALUES ( 
1050, 112, NULL, 'ptn_id', 'ptn_id', 5, 'N', 'int', 10, 'Y', 'N', 1, 1); 
INSERT INTO TABLE_COLUMN ( TCL_ID, TBD_ID, ENT_ID, TCL_NAME, TCL_DISPLAY, TCL_ORDER_NO,
TCL_PRIMARY_KEY_FL, TCL_TYPE, TCL_LENGTH, TCL_MANDATORY_FL, TCL_DELETE_FL, TCL_VERSION_ID,
PTN_ID ) VALUES ( 
1051, 113, NULL, 'eag_id', 'eag_id', 0, 'Y', 'int', 10, 'Y', 'N', 1, 1); 
INSERT INTO TABLE_COLUMN ( TCL_ID, TBD_ID, ENT_ID, TCL_NAME, TCL_DISPLAY, TCL_ORDER_NO,
TCL_PRIMARY_KEY_FL, TCL_TYPE, TCL_LENGTH, TCL_MANDATORY_FL, TCL_DELETE_FL, TCL_VERSION_ID,
PTN_ID ) VALUES ( 
1052, 113, NULL, 'ent_id', 'ent_id', 1, 'N', 'int', 10, 'Y', 'N', 1, 1); 
INSERT INTO TABLE_COLUMN ( TCL_ID, TBD_ID, ENT_ID, TCL_NAME, TCL_DISPLAY, TCL_ORDER_NO,
TCL_PRIMARY_KEY_FL, TCL_TYPE, TCL_LENGTH, TCL_MANDATORY_FL, TCL_DELETE_FL, TCL_VERSION_ID,
PTN_ID ) VALUES ( 
1053, 113, NULL, 'eag_code', 'eag_code', 2, 'N', 'string', 255, 'Y', 'N', 1, 1); 
INSERT INTO TABLE_COLUMN ( TCL_ID, TBD_ID, ENT_ID, TCL_NAME, TCL_DISPLAY, TCL_ORDER_NO,
TCL_PRIMARY_KEY_FL, TCL_TYPE, TCL_LENGTH, TCL_MANDATORY_FL, TCL_DELETE_FL, TCL_VERSION_ID,
PTN_ID ) VALUES ( 
1054, 113, NULL, 'eag_delete_fl', 'eag_delete_fl', 3, 'N', 'bool', 1, 'Y', 'N', 1
, 1); 
INSERT INTO TABLE_COLUMN ( TCL_ID, TBD_ID, ENT_ID, TCL_NAME, TCL_DISPLAY, TCL_ORDER_NO,
TCL_PRIMARY_KEY_FL, TCL_TYPE, TCL_LENGTH, TCL_MANDATORY_FL, TCL_DELETE_FL, TCL_VERSION_ID,
PTN_ID ) VALUES ( 
1055, 113, NULL, 'eag_version_id', 'eag_version_id', 4, 'N', 'int', 10, 'Y', 'N', 1
, 1); 
INSERT INTO TABLE_COLUMN ( TCL_ID, TBD_ID, ENT_ID, TCL_NAME, TCL_DISPLAY, TCL_ORDER_NO,
TCL_PRIMARY_KEY_FL, TCL_TYPE, TCL_LENGTH, TCL_MANDATORY_FL, TCL_DELETE_FL, TCL_VERSION_ID,
PTN_ID ) VALUES ( 
1056, 113, NULL, 'ptn_id', 'ptn_id', 5, 'N', 'int', 10, 'Y', 'N', 1, 1); 
INSERT INTO TABLE_COLUMN ( TCL_ID, TBD_ID, ENT_ID, TCL_NAME, TCL_DISPLAY, TCL_ORDER_NO,
TCL_PRIMARY_KEY_FL, TCL_TYPE, TCL_LENGTH, TCL_MANDATORY_FL, TCL_DELETE_FL, TCL_VERSION_ID,
PTN_ID ) VALUES ( 
1057, 114, NULL, 'eng_id', 'eng_id', 0, 'Y', 'int', 10, 'Y', 'N', 1, 1); 
INSERT INTO TABLE_COLUMN ( TCL_ID, TBD_ID, ENT_ID, TCL_NAME, TCL_DISPLAY, TCL_ORDER_NO,
TCL_PRIMARY_KEY_FL, TCL_TYPE, TCL_LENGTH, TCL_MANDATORY_FL, TCL_DELETE_FL, TCL_VERSION_ID,
PTN_ID ) VALUES ( 
1058, 114, NULL, 'ent_id', 'ent_id', 1, 'N', 'int', 10, 'Y', 'N', 1, 1); 
INSERT INTO TABLE_COLUMN ( TCL_ID, TBD_ID, ENT_ID, TCL_NAME, TCL_DISPLAY, TCL_ORDER_NO,
TCL_PRIMARY_KEY_FL, TCL_TYPE, TCL_LENGTH, TCL_MANDATORY_FL, TCL_DELETE_FL, TCL_VERSION_ID,
PTN_ID ) VALUES ( 
1059, 114, NULL, 'eng_number_property', 'eng_number_property', 2, 'N', 'string', 255
, 'Y', 'N', 1, 1); 
INSERT INTO TABLE_COLUMN ( TCL_ID, TBD_ID, ENT_ID, TCL_NAME, TCL_DISPLAY, TCL_ORDER_NO,
TCL_PRIMARY_KEY_FL, TCL_TYPE, TCL_LENGTH, TCL_MANDATORY_FL, TCL_DELETE_FL, TCL_VERSION_ID,
PTN_ID ) VALUES ( 
1060, 114, NULL, 'sng_id', 'sng_id', 3, 'N', 'int', 10, 'N', 'N', 1, 1); 
INSERT INTO TABLE_COLUMN ( TCL_ID, TBD_ID, ENT_ID, TCL_NAME, TCL_DISPLAY, TCL_ORDER_NO,
TCL_PRIMARY_KEY_FL, TCL_TYPE, TCL_LENGTH, TCL_MANDATORY_FL, TCL_DELETE_FL, TCL_VERSION_ID,
PTN_ID ) VALUES ( 
1061, 114, NULL, 'eng_sng_key', 'eng_sng_key', 4, 'N', 'string', 255, 'N', 'N', 1
, 1); 
INSERT INTO TABLE_COLUMN ( TCL_ID, TBD_ID, ENT_ID, TCL_NAME, TCL_DISPLAY, TCL_ORDER_NO,
TCL_PRIMARY_KEY_FL, TCL_TYPE, TCL_LENGTH, TCL_MANDATORY_FL, TCL_DELETE_FL, TCL_VERSION_ID,
PTN_ID ) VALUES ( 
1062, 114, NULL, 'eng_delete_fl', 'eng_delete_fl', 5, 'N', 'bool', 1, 'Y', 'N', 1
, 1); 
INSERT INTO TABLE_COLUMN ( TCL_ID, TBD_ID, ENT_ID, TCL_NAME, TCL_DISPLAY, TCL_ORDER_NO,
TCL_PRIMARY_KEY_FL, TCL_TYPE, TCL_LENGTH, TCL_MANDATORY_FL, TCL_DELETE_FL, TCL_VERSION_ID,
PTN_ID ) VALUES ( 
1063, 114, NULL, 'eng_version_id', 'eng_version_id', 6, 'N', 'int', 10, 'Y', 'N', 1
, 1); 
INSERT INTO TABLE_COLUMN ( TCL_ID, TBD_ID, ENT_ID, TCL_NAME, TCL_DISPLAY, TCL_ORDER_NO,
TCL_PRIMARY_KEY_FL, TCL_TYPE, TCL_LENGTH, TCL_MANDATORY_FL, TCL_DELETE_FL, TCL_VERSION_ID,
PTN_ID ) VALUES ( 
1064, 114, NULL, 'ptn_id', 'ptn_id', 7, 'N', 'int', 10, 'Y', 'N', 1, 1); 
INSERT INTO TABLE_COLUMN ( TCL_ID, TBD_ID, ENT_ID, TCL_NAME, TCL_DISPLAY, TCL_ORDER_NO,
TCL_PRIMARY_KEY_FL, TCL_TYPE, TCL_LENGTH, TCL_MANDATORY_FL, TCL_DELETE_FL, TCL_VERSION_ID,
PTN_ID ) VALUES ( 
1065, 115, NULL, 'trd_id', 'trd_id', 0, 'Y', 'int', 10, 'Y', 'N', 1, 1); 
INSERT INTO TABLE_COLUMN ( TCL_ID, TBD_ID, ENT_ID, TCL_NAME, TCL_DISPLAY, TCL_ORDER_NO,
TCL_PRIMARY_KEY_FL, TCL_TYPE, TCL_LENGTH, TCL_MANDATORY_FL, TCL_DELETE_FL, TCL_VERSION_ID,
PTN_ID ) VALUES ( 
1066, 115, NULL, 'trd_min_usage', 'trd_min_usage', 1, 'N', 'int', 10, 'Y', 'N', 1
, 1); 
INSERT INTO TABLE_COLUMN ( TCL_ID, TBD_ID, ENT_ID, TCL_NAME, TCL_DISPLAY, TCL_ORDER_NO,
TCL_PRIMARY_KEY_FL, TCL_TYPE, TCL_LENGTH, TCL_MANDATORY_FL, TCL_DELETE_FL, TCL_VERSION_ID,
PTN_ID ) VALUES ( 
1067, 115, NULL, 'trd_min_amt', 'trd_min_amt', 2, 'N', 'long', 19, 'Y', 'N', 1, 1); 
INSERT INTO TABLE_COLUMN ( TCL_ID, TBD_ID, ENT_ID, TCL_NAME, TCL_DISPLAY, TCL_ORDER_NO,
TCL_PRIMARY_KEY_FL, TCL_TYPE, TCL_LENGTH, TCL_MANDATORY_FL, TCL_DELETE_FL, TCL_VERSION_ID,
PTN_ID ) VALUES ( 
1068, 115, NULL, 'trd_max_amt', 'trd_max_amt', 3, 'N', 'long', 19, 'N', 'N', 1, 1); 
INSERT INTO TABLE_COLUMN ( TCL_ID, TBD_ID, ENT_ID, TCL_NAME, TCL_DISPLAY, TCL_ORDER_NO,
TCL_PRIMARY_KEY_FL, TCL_TYPE, TCL_LENGTH, TCL_MANDATORY_FL, TCL_DELETE_FL, TCL_VERSION_ID,
PTN_ID ) VALUES ( 
1069, 115, NULL, 'trd_setup_usage', 'trd_setup_usage', 4, 'N', 'int', 10, 'Y', 'N'
, 1, 1); 
INSERT INTO TABLE_COLUMN ( TCL_ID, TBD_ID, ENT_ID, TCL_NAME, TCL_DISPLAY, TCL_ORDER_NO,
TCL_PRIMARY_KEY_FL, TCL_TYPE, TCL_LENGTH, TCL_MANDATORY_FL, TCL_DELETE_FL, TCL_VERSION_ID,
PTN_ID ) VALUES ( 
1070, 115, NULL, 'trd_setup_amt', 'trd_setup_amt', 5, 'N', 'long', 19, 'Y', 'N', 1
, 1); 
INSERT INTO TABLE_COLUMN ( TCL_ID, TBD_ID, ENT_ID, TCL_NAME, TCL_DISPLAY, TCL_ORDER_NO,
TCL_PRIMARY_KEY_FL, TCL_TYPE, TCL_LENGTH, TCL_MANDATORY_FL, TCL_DELETE_FL, TCL_VERSION_ID,
PTN_ID ) VALUES ( 
1071, 115, NULL, 'trd_version_id', 'trd_version_id', 6, 'N', 'int', 10, 'Y', 'N', 1
, 1); 
INSERT INTO TABLE_COLUMN ( TCL_ID, TBD_ID, ENT_ID, TCL_NAME, TCL_DISPLAY, TCL_ORDER_NO,
TCL_PRIMARY_KEY_FL, TCL_TYPE, TCL_LENGTH, TCL_MANDATORY_FL, TCL_DELETE_FL, TCL_VERSION_ID,
PTN_ID ) VALUES ( 
1072, 115, NULL, 'trd_delete_fl', 'trd_delete_fl', 7, 'N', 'bool', 1, 'Y', 'N', 1
, 1); 
INSERT INTO TABLE_COLUMN ( TCL_ID, TBD_ID, ENT_ID, TCL_NAME, TCL_DISPLAY, TCL_ORDER_NO,
TCL_PRIMARY_KEY_FL, TCL_TYPE, TCL_LENGTH, TCL_MANDATORY_FL, TCL_DELETE_FL, TCL_VERSION_ID,
PTN_ID ) VALUES ( 
1073, 115, NULL, 'ptn_id', 'ptn_id', 8, 'N', 'int', 10, 'Y', 'N', 1, 1); 
INSERT INTO TABLE_COLUMN ( TCL_ID, TBD_ID, ENT_ID, TCL_NAME, TCL_DISPLAY, TCL_ORDER_NO,
TCL_PRIMARY_KEY_FL, TCL_TYPE, TCL_LENGTH, TCL_MANDATORY_FL, TCL_DELETE_FL, TCL_VERSION_ID,
PTN_ID ) VALUES ( 
1074, 116, NULL, 'uds_id', 'uds_id', 0, 'Y', 'int', 10, 'Y', 'N', 1, 1); 
INSERT INTO TABLE_COLUMN ( TCL_ID, TBD_ID, ENT_ID, TCL_NAME, TCL_DISPLAY, TCL_ORDER_NO,
TCL_PRIMARY_KEY_FL, TCL_TYPE, TCL_LENGTH, TCL_MANDATORY_FL, TCL_DELETE_FL, TCL_VERSION_ID,
PTN_ID ) VALUES ( 
1075, 116, NULL, 'usr_id', 'usr_id', 1, 'N', 'int', 10, 'Y', 'N', 1, 1); 
INSERT INTO TABLE_COLUMN ( TCL_ID, TBD_ID, ENT_ID, TCL_NAME, TCL_DISPLAY, TCL_ORDER_NO,
TCL_PRIMARY_KEY_FL, TCL_TYPE, TCL_LENGTH, TCL_MANDATORY_FL, TCL_DELETE_FL, TCL_VERSION_ID,
PTN_ID ) VALUES ( 
1076, 116, NULL, 'pmd_id', 'pmd_id', 2, 'N', 'int', 10, 'Y', 'N', 1, 1); 
INSERT INTO TABLE_COLUMN ( TCL_ID, TBD_ID, ENT_ID, TCL_NAME, TCL_DISPLAY, TCL_ORDER_NO,
TCL_PRIMARY_KEY_FL, TCL_TYPE, TCL_LENGTH, TCL_MANDATORY_FL, TCL_DELETE_FL, TCL_VERSION_ID,
PTN_ID ) VALUES ( 
1077, 116, NULL, 'uds_object_pk', 'uds_object_pk', 3, 'N', 'int', 10, 'Y', 'N', 1
, 1); 
INSERT INTO TABLE_COLUMN ( TCL_ID, TBD_ID, ENT_ID, TCL_NAME, TCL_DISPLAY, TCL_ORDER_NO,
TCL_PRIMARY_KEY_FL, TCL_TYPE, TCL_LENGTH, TCL_MANDATORY_FL, TCL_DELETE_FL, TCL_VERSION_ID,
PTN_ID ) VALUES ( 
1078, 116, NULL, 'uds_delete_fl', 'uds_delete_fl', 4, 'N', 'bool', 1, 'Y', 'N', 1
, 1); 
INSERT INTO TABLE_COLUMN ( TCL_ID, TBD_ID, ENT_ID, TCL_NAME, TCL_DISPLAY, TCL_ORDER_NO,
TCL_PRIMARY_KEY_FL, TCL_TYPE, TCL_LENGTH, TCL_MANDATORY_FL, TCL_DELETE_FL, TCL_VERSION_ID,
PTN_ID ) VALUES ( 
1079, 116, NULL, 'uds_version_id', 'uds_version_id', 5, 'N', 'int', 10, 'Y', 'N', 1
, 1); 
INSERT INTO TABLE_COLUMN ( TCL_ID, TBD_ID, ENT_ID, TCL_NAME, TCL_DISPLAY, TCL_ORDER_NO,
TCL_PRIMARY_KEY_FL, TCL_TYPE, TCL_LENGTH, TCL_MANDATORY_FL, TCL_DELETE_FL, TCL_VERSION_ID,
PTN_ID ) VALUES ( 
1080, 116, NULL, 'ptn_id', 'ptn_id', 6, 'N', 'int', 10, 'Y', 'N', 1, 1); 
INSERT INTO TABLE_COLUMN ( TCL_ID, TBD_ID, ENT_ID, TCL_NAME, TCL_DISPLAY, TCL_ORDER_NO,
TCL_PRIMARY_KEY_FL, TCL_TYPE, TCL_LENGTH, TCL_MANDATORY_FL, TCL_DELETE_FL, TCL_VERSION_ID,
PTN_ID ) VALUES ( 
1081, 117, NULL, 'clf_id', 'clf_id', 0, 'Y', 'int', 10, 'Y', 'N', 1, 1); 
INSERT INTO TABLE_COLUMN ( TCL_ID, TBD_ID, ENT_ID, TCL_NAME, TCL_DISPLAY, TCL_ORDER_NO,
TCL_PRIMARY_KEY_FL, TCL_TYPE, TCL_LENGTH, TCL_MANDATORY_FL, TCL_DELETE_FL, TCL_VERSION_ID,
PTN_ID ) VALUES ( 
1082, 117, NULL, 'fcn_id', 'fcn_id', 1, 'N', 'int', 10, 'Y', 'N', 1, 1); 
INSERT INTO TABLE_COLUMN ( TCL_ID, TBD_ID, ENT_ID, TCL_NAME, TCL_DISPLAY, TCL_ORDER_NO,
TCL_PRIMARY_KEY_FL, TCL_TYPE, TCL_LENGTH, TCL_MANDATORY_FL, TCL_DELETE_FL, TCL_VERSION_ID,
PTN_ID ) VALUES ( 
1083, 117, NULL, 'fil_id', 'fil_id', 2, 'N', 'int', 10, 'Y', 'N', 1, 1); 
INSERT INTO TABLE_COLUMN ( TCL_ID, TBD_ID, ENT_ID, TCL_NAME, TCL_DISPLAY, TCL_ORDER_NO,
TCL_PRIMARY_KEY_FL, TCL_TYPE, TCL_LENGTH, TCL_MANDATORY_FL, TCL_DELETE_FL, TCL_VERSION_ID,
PTN_ID ) VALUES ( 
1084, 117, NULL, 'clf_polled_dttm', 'clf_polled_dttm', 3, 'N', 'datetime', -1, 'Y'
, 'N', 1, 1); 
INSERT INTO TABLE_COLUMN ( TCL_ID, TBD_ID, ENT_ID, TCL_NAME, TCL_DISPLAY, TCL_ORDER_NO,
TCL_PRIMARY_KEY_FL, TCL_TYPE, TCL_LENGTH, TCL_MANDATORY_FL, TCL_DELETE_FL, TCL_VERSION_ID,
PTN_ID ) VALUES ( 
1085, 117, NULL, 'clf_start_dttm', 'clf_start_dttm', 4, 'N', 'datetime', -1, 'N', 'N'
, 1, 1); 
INSERT INTO TABLE_COLUMN ( TCL_ID, TBD_ID, ENT_ID, TCL_NAME, TCL_DISPLAY, TCL_ORDER_NO,
TCL_PRIMARY_KEY_FL, TCL_TYPE, TCL_LENGTH, TCL_MANDATORY_FL, TCL_DELETE_FL, TCL_VERSION_ID,
PTN_ID ) VALUES ( 
1086, 117, NULL, 'clf_end_dttm', 'clf_end_dttm', 5, 'N', 'datetime', -1, 'N', 'N'
, 1, 1); 
INSERT INTO TABLE_COLUMN ( TCL_ID, TBD_ID, ENT_ID, TCL_NAME, TCL_DISPLAY, TCL_ORDER_NO,
TCL_PRIMARY_KEY_FL, TCL_TYPE, TCL_LENGTH, TCL_MANDATORY_FL, TCL_DELETE_FL, TCL_VERSION_ID,
PTN_ID ) VALUES ( 
1087, 117, NULL, 'clf_status', 'clf_status', 6, 'N', 'string', 255, 'Y', 'N', 1, 1); 
INSERT INTO TABLE_COLUMN ( TCL_ID, TBD_ID, ENT_ID, TCL_NAME, TCL_DISPLAY, TCL_ORDER_NO,
TCL_PRIMARY_KEY_FL, TCL_TYPE, TCL_LENGTH, TCL_MANDATORY_FL, TCL_DELETE_FL, TCL_VERSION_ID,
PTN_ID ) VALUES ( 
1088, 117, NULL, 'clf_delete_fl', 'clf_delete_fl', 7, 'N', 'bool', 1, 'Y', 'N', 1
, 1); 
INSERT INTO TABLE_COLUMN ( TCL_ID, TBD_ID, ENT_ID, TCL_NAME, TCL_DISPLAY, TCL_ORDER_NO,
TCL_PRIMARY_KEY_FL, TCL_TYPE, TCL_LENGTH, TCL_MANDATORY_FL, TCL_DELETE_FL, TCL_VERSION_ID,
PTN_ID ) VALUES ( 
1089, 117, NULL, 'clf_version_id', 'clf_version_id', 8, 'N', 'int', 10, 'Y', 'N', 1
, 1); 
INSERT INTO TABLE_COLUMN ( TCL_ID, TBD_ID, ENT_ID, TCL_NAME, TCL_DISPLAY, TCL_ORDER_NO,
TCL_PRIMARY_KEY_FL, TCL_TYPE, TCL_LENGTH, TCL_MANDATORY_FL, TCL_DELETE_FL, TCL_VERSION_ID,
PTN_ID ) VALUES ( 
1090, 117, NULL, 'ptn_id', 'ptn_id', 9, 'N', 'int', 10, 'Y', 'N', 1, 1); 
INSERT INTO TABLE_COLUMN ( TCL_ID, TBD_ID, ENT_ID, TCL_NAME, TCL_DISPLAY, TCL_ORDER_NO,
TCL_PRIMARY_KEY_FL, TCL_TYPE, TCL_LENGTH, TCL_MANDATORY_FL, TCL_DELETE_FL, TCL_VERSION_ID,
PTN_ID ) VALUES ( 
1091, 118, NULL, 'agt_id', 'agt_id', 0, 'Y', 'int', 10, 'Y', 'N', 1, 1); 
INSERT INTO TABLE_COLUMN ( TCL_ID, TBD_ID, ENT_ID, TCL_NAME, TCL_DISPLAY, TCL_ORDER_NO,
TCL_PRIMARY_KEY_FL, TCL_TYPE, TCL_LENGTH, TCL_MANDATORY_FL, TCL_DELETE_FL, TCL_VERSION_ID,
PTN_ID ) VALUES ( 
1092, 118, NULL, 'alg_id', 'alg_id', 1, 'N', 'int', 10, 'Y', 'N', 1, 1); 
INSERT INTO TABLE_COLUMN ( TCL_ID, TBD_ID, ENT_ID, TCL_NAME, TCL_DISPLAY, TCL_ORDER_NO,
TCL_PRIMARY_KEY_FL, TCL_TYPE, TCL_LENGTH, TCL_MANDATORY_FL, TCL_DELETE_FL, TCL_VERSION_ID,
PTN_ID ) VALUES ( 
1093, 118, NULL, 'tea_id', 'tea_id', 2, 'N', 'int', 10, 'Y', 'N', 1, 1); 
INSERT INTO TABLE_COLUMN ( TCL_ID, TBD_ID, ENT_ID, TCL_NAME, TCL_DISPLAY, TCL_ORDER_NO,
TCL_PRIMARY_KEY_FL, TCL_TYPE, TCL_LENGTH, TCL_MANDATORY_FL, TCL_DELETE_FL, TCL_VERSION_ID,
PTN_ID ) VALUES ( 
1094, 118, NULL, 'agt_delete_fl', 'agt_delete_fl', 3, 'N', 'bool', 1, 'Y', 'N', 1
, 1); 
INSERT INTO TABLE_COLUMN ( TCL_ID, TBD_ID, ENT_ID, TCL_NAME, TCL_DISPLAY, TCL_ORDER_NO,
TCL_PRIMARY_KEY_FL, TCL_TYPE, TCL_LENGTH, TCL_MANDATORY_FL, TCL_DELETE_FL, TCL_VERSION_ID,
PTN_ID ) VALUES ( 
1095, 118, NULL, 'agt_version_id', 'agt_version_id', 4, 'N', 'int', 10, 'Y', 'N', 1
, 1); 
INSERT INTO TABLE_COLUMN ( TCL_ID, TBD_ID, ENT_ID, TCL_NAME, TCL_DISPLAY, TCL_ORDER_NO,
TCL_PRIMARY_KEY_FL, TCL_TYPE, TCL_LENGTH, TCL_MANDATORY_FL, TCL_DELETE_FL, TCL_VERSION_ID,
PTN_ID ) VALUES ( 
1096, 118, NULL, 'ptn_id', 'ptn_id', 5, 'N', 'int', 10, 'Y', 'N', 1, 1); 
INSERT INTO TABLE_COLUMN ( TCL_ID, TBD_ID, ENT_ID, TCL_NAME, TCL_DISPLAY, TCL_ORDER_NO,
TCL_PRIMARY_KEY_FL, TCL_TYPE, TCL_LENGTH, TCL_MANDATORY_FL, TCL_DELETE_FL, TCL_VERSION_ID,
PTN_ID ) VALUES ( 
1097, 119, NULL, 'sqs_id', 'sqs_id', 0, 'Y', 'int', 10, 'Y', 'N', 1, 1); 
INSERT INTO TABLE_COLUMN ( TCL_ID, TBD_ID, ENT_ID, TCL_NAME, TCL_DISPLAY, TCL_ORDER_NO,
TCL_PRIMARY_KEY_FL, TCL_TYPE, TCL_LENGTH, TCL_MANDATORY_FL, TCL_DELETE_FL, TCL_VERSION_ID,
PTN_ID ) VALUES ( 
1098, 119, NULL, 'sql_id', 'sql_id', 1, 'N', 'int', 10, 'Y', 'N', 1, 1); 
INSERT INTO TABLE_COLUMN ( TCL_ID, TBD_ID, ENT_ID, TCL_NAME, TCL_DISPLAY, TCL_ORDER_NO,
TCL_PRIMARY_KEY_FL, TCL_TYPE, TCL_LENGTH, TCL_MANDATORY_FL, TCL_DELETE_FL, TCL_VERSION_ID,
PTN_ID ) VALUES ( 
1099, 119, NULL, 'sqs_statement', 'sqs_statement', 2, 'N', 'string', 255, 'Y', 'N'
, 1, 1); 
INSERT INTO TABLE_COLUMN ( TCL_ID, TBD_ID, ENT_ID, TCL_NAME, TCL_DISPLAY, TCL_ORDER_NO,
TCL_PRIMARY_KEY_FL, TCL_TYPE, TCL_LENGTH, TCL_MANDATORY_FL, TCL_DELETE_FL, TCL_VERSION_ID,
PTN_ID ) VALUES ( 
1100, 119, NULL, 'sqs_aggregate', 'sqs_aggregate', 3, 'N', 'string', 255, 'N', 'N'
, 1, 1); 
INSERT INTO TABLE_COLUMN ( TCL_ID, TBD_ID, ENT_ID, TCL_NAME, TCL_DISPLAY, TCL_ORDER_NO,
TCL_PRIMARY_KEY_FL, TCL_TYPE, TCL_LENGTH, TCL_MANDATORY_FL, TCL_DELETE_FL, TCL_VERSION_ID,
PTN_ID ) VALUES ( 
1101, 119, NULL, 'sqs_order_no', 'sqs_order_no', 4, 'N', 'int', 10, 'Y', 'N', 1, 1); 
INSERT INTO TABLE_COLUMN ( TCL_ID, TBD_ID, ENT_ID, TCL_NAME, TCL_DISPLAY, TCL_ORDER_NO,
TCL_PRIMARY_KEY_FL, TCL_TYPE, TCL_LENGTH, TCL_MANDATORY_FL, TCL_DELETE_FL, TCL_VERSION_ID,
PTN_ID ) VALUES ( 
1102, 119, NULL, 'sqs_delete_fl', 'sqs_delete_fl', 5, 'N', 'bool', 1, 'Y', 'N', 1
, 1); 
INSERT INTO TABLE_COLUMN ( TCL_ID, TBD_ID, ENT_ID, TCL_NAME, TCL_DISPLAY, TCL_ORDER_NO,
TCL_PRIMARY_KEY_FL, TCL_TYPE, TCL_LENGTH, TCL_MANDATORY_FL, TCL_DELETE_FL, TCL_VERSION_ID,
PTN_ID ) VALUES ( 
1103, 119, NULL, 'sqs_version_id', 'sqs_version_id', 6, 'N', 'int', 10, 'Y', 'N', 1
, 1); 
INSERT INTO TABLE_COLUMN ( TCL_ID, TBD_ID, ENT_ID, TCL_NAME, TCL_DISPLAY, TCL_ORDER_NO,
TCL_PRIMARY_KEY_FL, TCL_TYPE, TCL_LENGTH, TCL_MANDATORY_FL, TCL_DELETE_FL, TCL_VERSION_ID,
PTN_ID ) VALUES ( 
1104, 119, NULL, 'ptn_id', 'ptn_id', 7, 'N', 'int', 10, 'Y', 'N', 1, 1); 
INSERT INTO TABLE_COLUMN ( TCL_ID, TBD_ID, ENT_ID, TCL_NAME, TCL_DISPLAY, TCL_ORDER_NO,
TCL_PRIMARY_KEY_FL, TCL_TYPE, TCL_LENGTH, TCL_MANDATORY_FL, TCL_DELETE_FL, TCL_VERSION_ID,
PTN_ID ) VALUES ( 
1105, 120, NULL, 'sst_id', 'sst_id', 0, 'Y', 'int', 10, 'Y', 'N', 1, 1); 
INSERT INTO TABLE_COLUMN ( TCL_ID, TBD_ID, ENT_ID, TCL_NAME, TCL_DISPLAY, TCL_ORDER_NO,
TCL_PRIMARY_KEY_FL, TCL_TYPE, TCL_LENGTH, TCL_MANDATORY_FL, TCL_DELETE_FL, TCL_VERSION_ID,
PTN_ID ) VALUES ( 
1106, 120, NULL, 'pdg_id', 'pdg_id', 1, 'N', 'int', 10, 'Y', 'N', 1, 1); 
INSERT INTO TABLE_COLUMN ( TCL_ID, TBD_ID, ENT_ID, TCL_NAME, TCL_DISPLAY, TCL_ORDER_NO,
TCL_PRIMARY_KEY_FL, TCL_TYPE, TCL_LENGTH, TCL_MANDATORY_FL, TCL_DELETE_FL, TCL_VERSION_ID,
PTN_ID ) VALUES ( 
1107, 120, NULL, 'sst_task_factory_cmp_id', 'sst_task_factory_cmp_id', 2, 'N', 'int'
, 10, 'Y', 'N', 1, 1); 
INSERT INTO TABLE_COLUMN ( TCL_ID, TBD_ID, ENT_ID, TCL_NAME, TCL_DISPLAY, TCL_ORDER_NO,
TCL_PRIMARY_KEY_FL, TCL_TYPE, TCL_LENGTH, TCL_MANDATORY_FL, TCL_DELETE_FL, TCL_VERSION_ID,
PTN_ID ) VALUES ( 
1108, 120, NULL, 'sst_config_cmp_id', 'sst_config_cmp_id', 3, 'N', 'int', 10, 'N'
, 'N', 1, 1); 
INSERT INTO TABLE_COLUMN ( TCL_ID, TBD_ID, ENT_ID, TCL_NAME, TCL_DISPLAY, TCL_ORDER_NO,
TCL_PRIMARY_KEY_FL, TCL_TYPE, TCL_LENGTH, TCL_MANDATORY_FL, TCL_DELETE_FL, TCL_VERSION_ID,
PTN_ID ) VALUES ( 
1109, 120, NULL, 'sst_code', 'sst_code', 4, 'N', 'string', 255, 'Y', 'N', 1, 1); 
INSERT INTO TABLE_COLUMN ( TCL_ID, TBD_ID, ENT_ID, TCL_NAME, TCL_DISPLAY, TCL_ORDER_NO,
TCL_PRIMARY_KEY_FL, TCL_TYPE, TCL_LENGTH, TCL_MANDATORY_FL, TCL_DELETE_FL, TCL_VERSION_ID,
PTN_ID ) VALUES ( 
1110, 120, NULL, 'sst_name', 'sst_name', 5, 'N', 'string', 255, 'Y', 'N', 1, 1); 
INSERT INTO TABLE_COLUMN ( TCL_ID, TBD_ID, ENT_ID, TCL_NAME, TCL_DISPLAY, TCL_ORDER_NO,
TCL_PRIMARY_KEY_FL, TCL_TYPE, TCL_LENGTH, TCL_MANDATORY_FL, TCL_DELETE_FL, TCL_VERSION_ID,
PTN_ID ) VALUES ( 
1111, 120, NULL, 'sst_delete_fl', 'sst_delete_fl', 6, 'N', 'bool', 1, 'Y', 'N', 1
, 1); 
INSERT INTO TABLE_COLUMN ( TCL_ID, TBD_ID, ENT_ID, TCL_NAME, TCL_DISPLAY, TCL_ORDER_NO,
TCL_PRIMARY_KEY_FL, TCL_TYPE, TCL_LENGTH, TCL_MANDATORY_FL, TCL_DELETE_FL, TCL_VERSION_ID,
PTN_ID ) VALUES ( 
1112, 120, NULL, 'sst_version_id', 'sst_version_id', 7, 'N', 'int', 10, 'Y', 'N', 1
, 1); 
INSERT INTO TABLE_COLUMN ( TCL_ID, TBD_ID, ENT_ID, TCL_NAME, TCL_DISPLAY, TCL_ORDER_NO,
TCL_PRIMARY_KEY_FL, TCL_TYPE, TCL_LENGTH, TCL_MANDATORY_FL, TCL_DELETE_FL, TCL_VERSION_ID,
PTN_ID ) VALUES ( 
1113, 120, NULL, 'ptn_id', 'ptn_id', 8, 'N', 'int', 10, 'Y', 'N', 1, 1); 
INSERT INTO TABLE_COLUMN ( TCL_ID, TBD_ID, ENT_ID, TCL_NAME, TCL_DISPLAY, TCL_ORDER_NO,
TCL_PRIMARY_KEY_FL, TCL_TYPE, TCL_LENGTH, TCL_MANDATORY_FL, TCL_DELETE_FL, TCL_VERSION_ID,
PTN_ID ) VALUES ( 
1114, 121, NULL, 'fgc_id', 'fgc_id', 0, 'Y', 'int', 10, 'Y', 'N', 1, 1); 
INSERT INTO TABLE_COLUMN ( TCL_ID, TBD_ID, ENT_ID, TCL_NAME, TCL_DISPLAY, TCL_ORDER_NO,
TCL_PRIMARY_KEY_FL, TCL_TYPE, TCL_LENGTH, TCL_MANDATORY_FL, TCL_DELETE_FL, TCL_VERSION_ID,
PTN_ID ) VALUES ( 
1115, 121, NULL, 'frg_id', 'frg_id', 1, 'N', 'int', 10, 'Y', 'N', 1, 1); 
INSERT INTO TABLE_COLUMN ( TCL_ID, TBD_ID, ENT_ID, TCL_NAME, TCL_DISPLAY, TCL_ORDER_NO,
TCL_PRIMARY_KEY_FL, TCL_TYPE, TCL_LENGTH, TCL_MANDATORY_FL, TCL_DELETE_FL, TCL_VERSION_ID,
PTN_ID ) VALUES ( 
1116, 121, NULL, 'cmp_id', 'cmp_id', 2, 'N', 'int', 10, 'Y', 'N', 1, 1); 
INSERT INTO TABLE_COLUMN ( TCL_ID, TBD_ID, ENT_ID, TCL_NAME, TCL_DISPLAY, TCL_ORDER_NO,
TCL_PRIMARY_KEY_FL, TCL_TYPE, TCL_LENGTH, TCL_MANDATORY_FL, TCL_DELETE_FL, TCL_VERSION_ID,
PTN_ID ) VALUES ( 
1117, 121, NULL, 'fgc_delete_fl', 'fgc_delete_fl', 3, 'N', 'bool', 1, 'Y', 'N', 1
, 1); 
INSERT INTO TABLE_COLUMN ( TCL_ID, TBD_ID, ENT_ID, TCL_NAME, TCL_DISPLAY, TCL_ORDER_NO,
TCL_PRIMARY_KEY_FL, TCL_TYPE, TCL_LENGTH, TCL_MANDATORY_FL, TCL_DELETE_FL, TCL_VERSION_ID,
PTN_ID ) VALUES ( 
1118, 121, NULL, 'fgc_version_id', 'fgc_version_id', 4, 'N', 'int', 10, 'Y', 'N', 1
, 1); 
INSERT INTO TABLE_COLUMN ( TCL_ID, TBD_ID, ENT_ID, TCL_NAME, TCL_DISPLAY, TCL_ORDER_NO,
TCL_PRIMARY_KEY_FL, TCL_TYPE, TCL_LENGTH, TCL_MANDATORY_FL, TCL_DELETE_FL, TCL_VERSION_ID,
PTN_ID ) VALUES ( 
1119, 121, NULL, 'ptn_id', 'ptn_id', 5, 'N', 'int', 10, 'Y', 'N', 1, 1); 
INSERT INTO TABLE_COLUMN ( TCL_ID, TBD_ID, ENT_ID, TCL_NAME, TCL_DISPLAY, TCL_ORDER_NO,
TCL_PRIMARY_KEY_FL, TCL_TYPE, TCL_LENGTH, TCL_MANDATORY_FL, TCL_DELETE_FL, TCL_VERSION_ID,
PTN_ID ) VALUES ( 
1120, 122, NULL, 'fls_id', 'fls_id', 0, 'Y', 'int', 10, 'Y', 'N', 1, 1); 
INSERT INTO TABLE_COLUMN ( TCL_ID, TBD_ID, ENT_ID, TCL_NAME, TCL_DISPLAY, TCL_ORDER_NO,
TCL_PRIMARY_KEY_FL, TCL_TYPE, TCL_LENGTH, TCL_MANDATORY_FL, TCL_DELETE_FL, TCL_VERSION_ID,
PTN_ID ) VALUES ( 
1121, 122, NULL, 'fls_name', 'fls_name', 1, 'N', 'string', 255, 'Y', 'N', 1, 1); 
INSERT INTO TABLE_COLUMN ( TCL_ID, TBD_ID, ENT_ID, TCL_NAME, TCL_DISPLAY, TCL_ORDER_NO,
TCL_PRIMARY_KEY_FL, TCL_TYPE, TCL_LENGTH, TCL_MANDATORY_FL, TCL_DELETE_FL, TCL_VERSION_ID,
PTN_ID ) VALUES ( 
1122, 122, NULL, 'fls_maximum_concurrent', 'fls_maximum_concurrent', 2, 'N', 'int'
, 10, 'Y', 'N', 1, 1); 
INSERT INTO TABLE_COLUMN ( TCL_ID, TBD_ID, ENT_ID, TCL_NAME, TCL_DISPLAY, TCL_ORDER_NO,
TCL_PRIMARY_KEY_FL, TCL_TYPE, TCL_LENGTH, TCL_MANDATORY_FL, TCL_DELETE_FL, TCL_VERSION_ID,
PTN_ID ) VALUES ( 
1123, 122, NULL, 'fls_stability_secs', 'fls_stability_secs', 3, 'N', 'int', 10, 'N'
, 'N', 1, 1); 
INSERT INTO TABLE_COLUMN ( TCL_ID, TBD_ID, ENT_ID, TCL_NAME, TCL_DISPLAY, TCL_ORDER_NO,
TCL_PRIMARY_KEY_FL, TCL_TYPE, TCL_LENGTH, TCL_MANDATORY_FL, TCL_DELETE_FL, TCL_VERSION_ID,
PTN_ID ) VALUES ( 
1124, 122, NULL, 'cmp_id', 'cmp_id', 4, 'N', 'int', 10, 'Y', 'N', 1, 1); 
INSERT INTO TABLE_COLUMN ( TCL_ID, TBD_ID, ENT_ID, TCL_NAME, TCL_DISPLAY, TCL_ORDER_NO,
TCL_PRIMARY_KEY_FL, TCL_TYPE, TCL_LENGTH, TCL_MANDATORY_FL, TCL_DELETE_FL, TCL_VERSION_ID,
PTN_ID ) VALUES ( 
1125, 122, NULL, 'fls_configured_pig_id', 'fls_configured_pig_id', 5, 'N', 'int', 10
, 'Y', 'N', 1, 1); 
INSERT INTO TABLE_COLUMN ( TCL_ID, TBD_ID, ENT_ID, TCL_NAME, TCL_DISPLAY, TCL_ORDER_NO,
TCL_PRIMARY_KEY_FL, TCL_TYPE, TCL_LENGTH, TCL_MANDATORY_FL, TCL_DELETE_FL, TCL_VERSION_ID,
PTN_ID ) VALUES ( 
1126, 122, NULL, 'fls_running_pig_id', 'fls_running_pig_id', 6, 'N', 'int', 10, 'Y'
, 'N', 1, 1); 
INSERT INTO TABLE_COLUMN ( TCL_ID, TBD_ID, ENT_ID, TCL_NAME, TCL_DISPLAY, TCL_ORDER_NO,
TCL_PRIMARY_KEY_FL, TCL_TYPE, TCL_LENGTH, TCL_MANDATORY_FL, TCL_DELETE_FL, TCL_VERSION_ID,
PTN_ID ) VALUES ( 
1127, 122, NULL, 'fls_status', 'fls_status', 7, 'N', 'string', 255, 'Y', 'N', 1, 1); 
INSERT INTO TABLE_COLUMN ( TCL_ID, TBD_ID, ENT_ID, TCL_NAME, TCL_DISPLAY, TCL_ORDER_NO,
TCL_PRIMARY_KEY_FL, TCL_TYPE, TCL_LENGTH, TCL_MANDATORY_FL, TCL_DELETE_FL, TCL_VERSION_ID,
PTN_ID ) VALUES ( 
1128, 122, NULL, 'fls_delete_fl', 'fls_delete_fl', 8, 'N', 'bool', 1, 'Y', 'N', 1
, 1); 
INSERT INTO TABLE_COLUMN ( TCL_ID, TBD_ID, ENT_ID, TCL_NAME, TCL_DISPLAY, TCL_ORDER_NO,
TCL_PRIMARY_KEY_FL, TCL_TYPE, TCL_LENGTH, TCL_MANDATORY_FL, TCL_DELETE_FL, TCL_VERSION_ID,
PTN_ID ) VALUES ( 
1129, 122, NULL, 'fls_version_id', 'fls_version_id', 9, 'N', 'int', 10, 'Y', 'N', 1
, 1); 
INSERT INTO TABLE_COLUMN ( TCL_ID, TBD_ID, ENT_ID, TCL_NAME, TCL_DISPLAY, TCL_ORDER_NO,
TCL_PRIMARY_KEY_FL, TCL_TYPE, TCL_LENGTH, TCL_MANDATORY_FL, TCL_DELETE_FL, TCL_VERSION_ID,
PTN_ID ) VALUES ( 
1130, 122, NULL, 'ptn_id', 'ptn_id', 10, 'N', 'int', 10, 'Y', 'N', 1, 1); 
INSERT INTO TABLE_COLUMN ( TCL_ID, TBD_ID, ENT_ID, TCL_NAME, TCL_DISPLAY, TCL_ORDER_NO,
TCL_PRIMARY_KEY_FL, TCL_TYPE, TCL_LENGTH, TCL_MANDATORY_FL, TCL_DELETE_FL, TCL_VERSION_ID,
PTN_ID ) VALUES ( 
1131, 123, NULL, 'cih_id', 'cih_id', 0, 'Y', 'int', 10, 'Y', 'N', 1, 1); 
INSERT INTO TABLE_COLUMN ( TCL_ID, TBD_ID, ENT_ID, TCL_NAME, TCL_DISPLAY, TCL_ORDER_NO,
TCL_PRIMARY_KEY_FL, TCL_TYPE, TCL_LENGTH, TCL_MANDATORY_FL, TCL_DELETE_FL, TCL_VERSION_ID,
PTN_ID ) VALUES ( 
1132, 123, NULL, 'cii_id', 'cii_id', 1, 'N', 'int', 10, 'Y', 'N', 1, 1); 
INSERT INTO TABLE_COLUMN ( TCL_ID, TBD_ID, ENT_ID, TCL_NAME, TCL_DISPLAY, TCL_ORDER_NO,
TCL_PRIMARY_KEY_FL, TCL_TYPE, TCL_LENGTH, TCL_MANDATORY_FL, TCL_DELETE_FL, TCL_VERSION_ID,
PTN_ID ) VALUES ( 
1133, 123, NULL, 'cih_dttm', 'cih_dttm', 2, 'N', 'datetime', -1, 'Y', 'N', 1, 1); 
INSERT INTO TABLE_COLUMN ( TCL_ID, TBD_ID, ENT_ID, TCL_NAME, TCL_DISPLAY, TCL_ORDER_NO,
TCL_PRIMARY_KEY_FL, TCL_TYPE, TCL_LENGTH, TCL_MANDATORY_FL, TCL_DELETE_FL, TCL_VERSION_ID,
PTN_ID ) VALUES ( 
1134, 123, NULL, 'cih_code', 'cih_code', 3, 'N', 'string', 255, 'Y', 'N', 1, 1); 
INSERT INTO TABLE_COLUMN ( TCL_ID, TBD_ID, ENT_ID, TCL_NAME, TCL_DISPLAY, TCL_ORDER_NO,
TCL_PRIMARY_KEY_FL, TCL_TYPE, TCL_LENGTH, TCL_MANDATORY_FL, TCL_DELETE_FL, TCL_VERSION_ID,
PTN_ID ) VALUES ( 
1135, 123, NULL, 'usr_id', 'usr_id', 4, 'N', 'int', 10, 'N', 'N', 1, 1); 
INSERT INTO TABLE_COLUMN ( TCL_ID, TBD_ID, ENT_ID, TCL_NAME, TCL_DISPLAY, TCL_ORDER_NO,
TCL_PRIMARY_KEY_FL, TCL_TYPE, TCL_LENGTH, TCL_MANDATORY_FL, TCL_DELETE_FL, TCL_VERSION_ID,
PTN_ID ) VALUES ( 
1136, 123, NULL, 'cih_assigned_tea_id', 'cih_assigned_tea_id', 5, 'N', 'int', 10, 'N'
, 'N', 1, 1); 
INSERT INTO TABLE_COLUMN ( TCL_ID, TBD_ID, ENT_ID, TCL_NAME, TCL_DISPLAY, TCL_ORDER_NO,
TCL_PRIMARY_KEY_FL, TCL_TYPE, TCL_LENGTH, TCL_MANDATORY_FL, TCL_DELETE_FL, TCL_VERSION_ID,
PTN_ID ) VALUES ( 
1137, 123, NULL, 'cih_assigned_usr_id', 'cih_assigned_usr_id', 6, 'N', 'int', 10, 'N'
, 'N', 1, 1); 
INSERT INTO TABLE_COLUMN ( TCL_ID, TBD_ID, ENT_ID, TCL_NAME, TCL_DISPLAY, TCL_ORDER_NO,
TCL_PRIMARY_KEY_FL, TCL_TYPE, TCL_LENGTH, TCL_MANDATORY_FL, TCL_DELETE_FL, TCL_VERSION_ID,
PTN_ID ) VALUES ( 
1138, 123, NULL, 'cih_delete_fl', 'cih_delete_fl', 7, 'N', 'bool', 1, 'Y', 'N', 1
, 1); 
INSERT INTO TABLE_COLUMN ( TCL_ID, TBD_ID, ENT_ID, TCL_NAME, TCL_DISPLAY, TCL_ORDER_NO,
TCL_PRIMARY_KEY_FL, TCL_TYPE, TCL_LENGTH, TCL_MANDATORY_FL, TCL_DELETE_FL, TCL_VERSION_ID,
PTN_ID ) VALUES ( 
1139, 123, NULL, 'cih_version_id', 'cih_version_id', 8, 'N', 'int', 10, 'Y', 'N', 1
, 1); 
INSERT INTO TABLE_COLUMN ( TCL_ID, TBD_ID, ENT_ID, TCL_NAME, TCL_DISPLAY, TCL_ORDER_NO,
TCL_PRIMARY_KEY_FL, TCL_TYPE, TCL_LENGTH, TCL_MANDATORY_FL, TCL_DELETE_FL, TCL_VERSION_ID,
PTN_ID ) VALUES ( 
1140, 123, NULL, 'ptn_id', 'ptn_id', 9, 'N', 'int', 10, 'Y', 'N', 1, 1); 
INSERT INTO TABLE_COLUMN ( TCL_ID, TBD_ID, ENT_ID, TCL_NAME, TCL_DISPLAY, TCL_ORDER_NO,
TCL_PRIMARY_KEY_FL, TCL_TYPE, TCL_LENGTH, TCL_MANDATORY_FL, TCL_DELETE_FL, TCL_VERSION_ID,
PTN_ID ) VALUES ( 
1141, 124, NULL, 'fsy_id', 'fsy_id', 0, 'Y', 'int', 10, 'Y', 'N', 1, 1); 
INSERT INTO TABLE_COLUMN ( TCL_ID, TBD_ID, ENT_ID, TCL_NAME, TCL_DISPLAY, TCL_ORDER_NO,
TCL_PRIMARY_KEY_FL, TCL_TYPE, TCL_LENGTH, TCL_MANDATORY_FL, TCL_DELETE_FL, TCL_VERSION_ID,
PTN_ID ) VALUES ( 
1142, 124, NULL, 'fps_id', 'fps_id', 1, 'N', 'int', 10, 'Y', 'N', 1, 1); 
INSERT INTO TABLE_COLUMN ( TCL_ID, TBD_ID, ENT_ID, TCL_NAME, TCL_DISPLAY, TCL_ORDER_NO,
TCL_PRIMARY_KEY_FL, TCL_TYPE, TCL_LENGTH, TCL_MANDATORY_FL, TCL_DELETE_FL, TCL_VERSION_ID,
PTN_ID ) VALUES ( 
1143, 124, NULL, 'fsy_input_record_type_fl', 'fsy_input_record_type_fl', 2, 'N', 'bool'
, 1, 'Y', 'N', 1, 1); 
INSERT INTO TABLE_COLUMN ( TCL_ID, TBD_ID, ENT_ID, TCL_NAME, TCL_DISPLAY, TCL_ORDER_NO,
TCL_PRIMARY_KEY_FL, TCL_TYPE, TCL_LENGTH, TCL_MANDATORY_FL, TCL_DELETE_FL, TCL_VERSION_ID,
PTN_ID ) VALUES ( 
1144, 124, NULL, 'fsy_record_type', 'fsy_record_type', 3, 'N', 'string', 255, 'Y'
, 'N', 1, 1); 
INSERT INTO TABLE_COLUMN ( TCL_ID, TBD_ID, ENT_ID, TCL_NAME, TCL_DISPLAY, TCL_ORDER_NO,
TCL_PRIMARY_KEY_FL, TCL_TYPE, TCL_LENGTH, TCL_MANDATORY_FL, TCL_DELETE_FL, TCL_VERSION_ID,
PTN_ID ) VALUES ( 
1145, 124, NULL, 'fsy_total_records', 'fsy_total_records', 4, 'N', 'long', 19, 'Y'
, 'N', 1, 1); 
INSERT INTO TABLE_COLUMN ( TCL_ID, TBD_ID, ENT_ID, TCL_NAME, TCL_DISPLAY, TCL_ORDER_NO,
TCL_PRIMARY_KEY_FL, TCL_TYPE, TCL_LENGTH, TCL_MANDATORY_FL, TCL_DELETE_FL, TCL_VERSION_ID,
PTN_ID ) VALUES ( 
1146, 124, NULL, 'fsy_total_usage', 'fsy_total_usage', 5, 'N', 'long', 19, 'N', 'N'
, 1, 1); 
INSERT INTO TABLE_COLUMN ( TCL_ID, TBD_ID, ENT_ID, TCL_NAME, TCL_DISPLAY, TCL_ORDER_NO,
TCL_PRIMARY_KEY_FL, TCL_TYPE, TCL_LENGTH, TCL_MANDATORY_FL, TCL_DELETE_FL, TCL_VERSION_ID,
PTN_ID ) VALUES ( 
1147, 124, NULL, 'fsy_delete_fl', 'fsy_delete_fl', 6, 'N', 'bool', 1, 'Y', 'N', 1
, 1); 
INSERT INTO TABLE_COLUMN ( TCL_ID, TBD_ID, ENT_ID, TCL_NAME, TCL_DISPLAY, TCL_ORDER_NO,
TCL_PRIMARY_KEY_FL, TCL_TYPE, TCL_LENGTH, TCL_MANDATORY_FL, TCL_DELETE_FL, TCL_VERSION_ID,
PTN_ID ) VALUES ( 
1148, 124, NULL, 'fsy_version_id', 'fsy_version_id', 7, 'N', 'int', 10, 'Y', 'N', 1
, 1); 
INSERT INTO TABLE_COLUMN ( TCL_ID, TBD_ID, ENT_ID, TCL_NAME, TCL_DISPLAY, TCL_ORDER_NO,
TCL_PRIMARY_KEY_FL, TCL_TYPE, TCL_LENGTH, TCL_MANDATORY_FL, TCL_DELETE_FL, TCL_VERSION_ID,
PTN_ID ) VALUES ( 
1149, 124, NULL, 'ptn_id', 'ptn_id', 8, 'N', 'int', 10, 'Y', 'N', 1, 1); 
INSERT INTO TABLE_COLUMN ( TCL_ID, TBD_ID, ENT_ID, TCL_NAME, TCL_DISPLAY, TCL_ORDER_NO,
TCL_PRIMARY_KEY_FL, TCL_TYPE, TCL_LENGTH, TCL_MANDATORY_FL, TCL_DELETE_FL, TCL_VERSION_ID,
PTN_ID ) VALUES ( 
1150, 125, NULL, 'tin_id', 'tin_id', 0, 'Y', 'int', 10, 'Y', 'N', 1, 1); 
INSERT INTO TABLE_COLUMN ( TCL_ID, TBD_ID, ENT_ID, TCL_NAME, TCL_DISPLAY, TCL_ORDER_NO,
TCL_PRIMARY_KEY_FL, TCL_TYPE, TCL_LENGTH, TCL_MANDATORY_FL, TCL_DELETE_FL, TCL_VERSION_ID,
PTN_ID ) VALUES ( 
1151, 125, NULL, 'tbd_id', 'tbd_id', 1, 'N', 'int', 10, 'Y', 'N', 1, 1); 
INSERT INTO TABLE_COLUMN ( TCL_ID, TBD_ID, ENT_ID, TCL_NAME, TCL_DISPLAY, TCL_ORDER_NO,
TCL_PRIMARY_KEY_FL, TCL_TYPE, TCL_LENGTH, TCL_MANDATORY_FL, TCL_DELETE_FL, TCL_VERSION_ID,
PTN_ID ) VALUES ( 
1152, 125, NULL, 'sch_id', 'sch_id', 2, 'N', 'int', 10, 'Y', 'N', 1, 1); 
INSERT INTO TABLE_COLUMN ( TCL_ID, TBD_ID, ENT_ID, TCL_NAME, TCL_DISPLAY, TCL_ORDER_NO,
TCL_PRIMARY_KEY_FL, TCL_TYPE, TCL_LENGTH, TCL_MANDATORY_FL, TCL_DELETE_FL, TCL_VERSION_ID,
PTN_ID ) VALUES ( 
1153, 125, NULL, 'tin_partition_tcl_id', 'tin_partition_tcl_id', 3, 'N', 'int', 10
, 'N', 'N', 1, 1); 
INSERT INTO TABLE_COLUMN ( TCL_ID, TBD_ID, ENT_ID, TCL_NAME, TCL_DISPLAY, TCL_ORDER_NO,
TCL_PRIMARY_KEY_FL, TCL_TYPE, TCL_LENGTH, TCL_MANDATORY_FL, TCL_DELETE_FL, TCL_VERSION_ID,
PTN_ID ) VALUES ( 
1154, 125, NULL, 'tin_table_name', 'tin_table_name', 4, 'N', 'string', 255, 'Y', 'N'
, 1, 1); 
INSERT INTO TABLE_COLUMN ( TCL_ID, TBD_ID, ENT_ID, TCL_NAME, TCL_DISPLAY, TCL_ORDER_NO,
TCL_PRIMARY_KEY_FL, TCL_TYPE, TCL_LENGTH, TCL_MANDATORY_FL, TCL_DELETE_FL, TCL_VERSION_ID,
PTN_ID ) VALUES ( 
1155, 125, NULL, 'tin_display_name', 'tin_display_name', 5, 'N', 'string', 255, 'Y'
, 'N', 1, 1); 
INSERT INTO TABLE_COLUMN ( TCL_ID, TBD_ID, ENT_ID, TCL_NAME, TCL_DISPLAY, TCL_ORDER_NO,
TCL_PRIMARY_KEY_FL, TCL_TYPE, TCL_LENGTH, TCL_MANDATORY_FL, TCL_DELETE_FL, TCL_VERSION_ID,
PTN_ID ) VALUES ( 
1156, 125, NULL, 'tin_alias', 'tin_alias', 6, 'N', 'string', 255, 'Y', 'N', 1, 1); 
INSERT INTO TABLE_COLUMN ( TCL_ID, TBD_ID, ENT_ID, TCL_NAME, TCL_DISPLAY, TCL_ORDER_NO,
TCL_PRIMARY_KEY_FL, TCL_TYPE, TCL_LENGTH, TCL_MANDATORY_FL, TCL_DELETE_FL, TCL_VERSION_ID,
PTN_ID ) VALUES ( 
1157, 125, NULL, 'tin_row_count', 'tin_row_count', 7, 'N', 'long', 19, 'N', 'N', 1
, 1); 
INSERT INTO TABLE_COLUMN ( TCL_ID, TBD_ID, ENT_ID, TCL_NAME, TCL_DISPLAY, TCL_ORDER_NO,
TCL_PRIMARY_KEY_FL, TCL_TYPE, TCL_LENGTH, TCL_MANDATORY_FL, TCL_DELETE_FL, TCL_VERSION_ID,
PTN_ID ) VALUES ( 
1158, 125, NULL, 'tin_last_modified_dttm', 'tin_last_modified_dttm', 8, 'N', 'datetime'
, -1, 'N', 'N', 1, 1); 
INSERT INTO TABLE_COLUMN ( TCL_ID, TBD_ID, ENT_ID, TCL_NAME, TCL_DISPLAY, TCL_ORDER_NO,
TCL_PRIMARY_KEY_FL, TCL_TYPE, TCL_LENGTH, TCL_MANDATORY_FL, TCL_DELETE_FL, TCL_VERSION_ID,
PTN_ID ) VALUES ( 
1159, 125, NULL, 'tin_delete_fl', 'tin_delete_fl', 9, 'N', 'bool', 1, 'Y', 'N', 1
, 1); 
INSERT INTO TABLE_COLUMN ( TCL_ID, TBD_ID, ENT_ID, TCL_NAME, TCL_DISPLAY, TCL_ORDER_NO,
TCL_PRIMARY_KEY_FL, TCL_TYPE, TCL_LENGTH, TCL_MANDATORY_FL, TCL_DELETE_FL, TCL_VERSION_ID,
PTN_ID ) VALUES ( 
1160, 125, NULL, 'tin_version_id', 'tin_version_id', 10, 'N', 'int', 10, 'Y', 'N'
, 1, 1); 
INSERT INTO TABLE_COLUMN ( TCL_ID, TBD_ID, ENT_ID, TCL_NAME, TCL_DISPLAY, TCL_ORDER_NO,
TCL_PRIMARY_KEY_FL, TCL_TYPE, TCL_LENGTH, TCL_MANDATORY_FL, TCL_DELETE_FL, TCL_VERSION_ID,
PTN_ID ) VALUES ( 
1161, 125, NULL, 'ptn_id', 'ptn_id', 11, 'N', 'int', 10, 'Y', 'N', 1, 1); 
INSERT INTO TABLE_COLUMN ( TCL_ID, TBD_ID, ENT_ID, TCL_NAME, TCL_DISPLAY, TCL_ORDER_NO,
TCL_PRIMARY_KEY_FL, TCL_TYPE, TCL_LENGTH, TCL_MANDATORY_FL, TCL_DELETE_FL, TCL_VERSION_ID,
PTN_ID ) VALUES ( 
1162, 126, NULL, 'pmd_id', 'pmd_id', 0, 'Y', 'int', 10, 'Y', 'N', 1, 1); 
INSERT INTO TABLE_COLUMN ( TCL_ID, TBD_ID, ENT_ID, TCL_NAME, TCL_DISPLAY, TCL_ORDER_NO,
TCL_PRIMARY_KEY_FL, TCL_TYPE, TCL_LENGTH, TCL_MANDATORY_FL, TCL_DELETE_FL, TCL_VERSION_ID,
PTN_ID ) VALUES ( 
1163, 126, NULL, 'ent_id', 'ent_id', 1, 'N', 'int', 10, 'Y', 'N', 1, 1); 
INSERT INTO TABLE_COLUMN ( TCL_ID, TBD_ID, ENT_ID, TCL_NAME, TCL_DISPLAY, TCL_ORDER_NO,
TCL_PRIMARY_KEY_FL, TCL_TYPE, TCL_LENGTH, TCL_MANDATORY_FL, TCL_DELETE_FL, TCL_VERSION_ID,
PTN_ID ) VALUES ( 
1164, 126, NULL, 'pmd_name', 'pmd_name', 2, 'N', 'string', 255, 'Y', 'N', 1, 1); 
INSERT INTO TABLE_COLUMN ( TCL_ID, TBD_ID, ENT_ID, TCL_NAME, TCL_DISPLAY, TCL_ORDER_NO,
TCL_PRIMARY_KEY_FL, TCL_TYPE, TCL_LENGTH, TCL_MANDATORY_FL, TCL_DELETE_FL, TCL_VERSION_ID,
PTN_ID ) VALUES ( 
1165, 126, NULL, 'pmd_display_property', 'pmd_display_property', 3, 'N', 'string'
, 255, 'Y', 'N', 1, 1); 
INSERT INTO TABLE_COLUMN ( TCL_ID, TBD_ID, ENT_ID, TCL_NAME, TCL_DISPLAY, TCL_ORDER_NO,
TCL_PRIMARY_KEY_FL, TCL_TYPE, TCL_LENGTH, TCL_MANDATORY_FL, TCL_DELETE_FL, TCL_VERSION_ID,
PTN_ID ) VALUES ( 
1166, 126, NULL, 'pmd_extra1', 'pmd_extra1', 4, 'N', 'string', 255, 'N', 'N', 1, 1); 
INSERT INTO TABLE_COLUMN ( TCL_ID, TBD_ID, ENT_ID, TCL_NAME, TCL_DISPLAY, TCL_ORDER_NO,
TCL_PRIMARY_KEY_FL, TCL_TYPE, TCL_LENGTH, TCL_MANDATORY_FL, TCL_DELETE_FL, TCL_VERSION_ID,
PTN_ID ) VALUES ( 
1167, 126, NULL, 'pmd_extra2', 'pmd_extra2', 5, 'N', 'string', 255, 'N', 'N', 1, 1); 
INSERT INTO TABLE_COLUMN ( TCL_ID, TBD_ID, ENT_ID, TCL_NAME, TCL_DISPLAY, TCL_ORDER_NO,
TCL_PRIMARY_KEY_FL, TCL_TYPE, TCL_LENGTH, TCL_MANDATORY_FL, TCL_DELETE_FL, TCL_VERSION_ID,
PTN_ID ) VALUES ( 
1168, 126, NULL, 'pmd_extra3', 'pmd_extra3', 6, 'N', 'string', 255, 'N', 'N', 1, 1); 
INSERT INTO TABLE_COLUMN ( TCL_ID, TBD_ID, ENT_ID, TCL_NAME, TCL_DISPLAY, TCL_ORDER_NO,
TCL_PRIMARY_KEY_FL, TCL_TYPE, TCL_LENGTH, TCL_MANDATORY_FL, TCL_DELETE_FL, TCL_VERSION_ID,
PTN_ID ) VALUES ( 
1169, 126, NULL, 'pmd_extra4', 'pmd_extra4', 7, 'N', 'string', 255, 'N', 'N', 1, 1); 
INSERT INTO TABLE_COLUMN ( TCL_ID, TBD_ID, ENT_ID, TCL_NAME, TCL_DISPLAY, TCL_ORDER_NO,
TCL_PRIMARY_KEY_FL, TCL_TYPE, TCL_LENGTH, TCL_MANDATORY_FL, TCL_DELETE_FL, TCL_VERSION_ID,
PTN_ID ) VALUES ( 
1170, 126, NULL, 'pmd_extra5', 'pmd_extra5', 8, 'N', 'string', 255, 'N', 'N', 1, 1); 
INSERT INTO TABLE_COLUMN ( TCL_ID, TBD_ID, ENT_ID, TCL_NAME, TCL_DISPLAY, TCL_ORDER_NO,
TCL_PRIMARY_KEY_FL, TCL_TYPE, TCL_LENGTH, TCL_MANDATORY_FL, TCL_DELETE_FL, TCL_VERSION_ID,
PTN_ID ) VALUES ( 
1171, 126, NULL, 'pmd_delete_fl', 'pmd_delete_fl', 9, 'N', 'bool', 1, 'Y', 'N', 1
, 1); 
INSERT INTO TABLE_COLUMN ( TCL_ID, TBD_ID, ENT_ID, TCL_NAME, TCL_DISPLAY, TCL_ORDER_NO,
TCL_PRIMARY_KEY_FL, TCL_TYPE, TCL_LENGTH, TCL_MANDATORY_FL, TCL_DELETE_FL, TCL_VERSION_ID,
PTN_ID ) VALUES ( 
1172, 126, NULL, 'pmd_version_id', 'pmd_version_id', 10, 'N', 'int', 10, 'Y', 'N'
, 1, 1); 
INSERT INTO TABLE_COLUMN ( TCL_ID, TBD_ID, ENT_ID, TCL_NAME, TCL_DISPLAY, TCL_ORDER_NO,
TCL_PRIMARY_KEY_FL, TCL_TYPE, TCL_LENGTH, TCL_MANDATORY_FL, TCL_DELETE_FL, TCL_VERSION_ID,
PTN_ID ) VALUES ( 
1173, 126, NULL, 'ptn_id', 'ptn_id', 11, 'N', 'int', 10, 'Y', 'N', 1, 1); 
INSERT INTO TABLE_COLUMN ( TCL_ID, TBD_ID, ENT_ID, TCL_NAME, TCL_DISPLAY, TCL_ORDER_NO,
TCL_PRIMARY_KEY_FL, TCL_TYPE, TCL_LENGTH, TCL_MANDATORY_FL, TCL_DELETE_FL, TCL_VERSION_ID,
PTN_ID ) VALUES ( 
1174, 127, NULL, 'sch_id', 'sch_id', 0, 'Y', 'int', 10, 'Y', 'N', 1, 1); 
INSERT INTO TABLE_COLUMN ( TCL_ID, TBD_ID, ENT_ID, TCL_NAME, TCL_DISPLAY, TCL_ORDER_NO,
TCL_PRIMARY_KEY_FL, TCL_TYPE, TCL_LENGTH, TCL_MANDATORY_FL, TCL_DELETE_FL, TCL_VERSION_ID,
PTN_ID ) VALUES ( 
1175, 127, NULL, 'sct_id', 'sct_id', 1, 'N', 'int', 10, 'Y', 'N', 1, 1); 
INSERT INTO TABLE_COLUMN ( TCL_ID, TBD_ID, ENT_ID, TCL_NAME, TCL_DISPLAY, TCL_ORDER_NO,
TCL_PRIMARY_KEY_FL, TCL_TYPE, TCL_LENGTH, TCL_MANDATORY_FL, TCL_DELETE_FL, TCL_VERSION_ID,
PTN_ID ) VALUES ( 
1176, 127, NULL, 'usg_id', 'usg_id', 2, 'N', 'int', 10, 'N', 'N', 1, 1); 
INSERT INTO TABLE_COLUMN ( TCL_ID, TBD_ID, ENT_ID, TCL_NAME, TCL_DISPLAY, TCL_ORDER_NO,
TCL_PRIMARY_KEY_FL, TCL_TYPE, TCL_LENGTH, TCL_MANDATORY_FL, TCL_DELETE_FL, TCL_VERSION_ID,
PTN_ID ) VALUES ( 
1177, 127, NULL, 'sch_name', 'sch_name', 3, 'N', 'string', 255, 'Y', 'N', 1, 1); 
INSERT INTO TABLE_COLUMN ( TCL_ID, TBD_ID, ENT_ID, TCL_NAME, TCL_DISPLAY, TCL_ORDER_NO,
TCL_PRIMARY_KEY_FL, TCL_TYPE, TCL_LENGTH, TCL_MANDATORY_FL, TCL_DELETE_FL, TCL_VERSION_ID,
PTN_ID ) VALUES ( 
1178, 127, NULL, 'sch_delete_fl', 'sch_delete_fl', 4, 'N', 'bool', 1, 'Y', 'N', 1
, 1); 
INSERT INTO TABLE_COLUMN ( TCL_ID, TBD_ID, ENT_ID, TCL_NAME, TCL_DISPLAY, TCL_ORDER_NO,
TCL_PRIMARY_KEY_FL, TCL_TYPE, TCL_LENGTH, TCL_MANDATORY_FL, TCL_DELETE_FL, TCL_VERSION_ID,
PTN_ID ) VALUES ( 
1179, 127, NULL, 'sch_version_id', 'sch_version_id', 5, 'N', 'int', 10, 'Y', 'N', 1
, 1); 
INSERT INTO TABLE_COLUMN ( TCL_ID, TBD_ID, ENT_ID, TCL_NAME, TCL_DISPLAY, TCL_ORDER_NO,
TCL_PRIMARY_KEY_FL, TCL_TYPE, TCL_LENGTH, TCL_MANDATORY_FL, TCL_DELETE_FL, TCL_VERSION_ID,
PTN_ID ) VALUES ( 
1180, 127, NULL, 'ptn_id', 'ptn_id', 6, 'N', 'int', 10, 'Y', 'N', 1, 1); 
INSERT INTO TABLE_COLUMN ( TCL_ID, TBD_ID, ENT_ID, TCL_NAME, TCL_DISPLAY, TCL_ORDER_NO,
TCL_PRIMARY_KEY_FL, TCL_TYPE, TCL_LENGTH, TCL_MANDATORY_FL, TCL_DELETE_FL, TCL_VERSION_ID,
PTN_ID ) VALUES ( 
1181, 128, NULL, 'ify_id', 'ify_id', 0, 'Y', 'int', 10, 'Y', 'N', 1, 1); 
INSERT INTO TABLE_COLUMN ( TCL_ID, TBD_ID, ENT_ID, TCL_NAME, TCL_DISPLAY, TCL_ORDER_NO,
TCL_PRIMARY_KEY_FL, TCL_TYPE, TCL_LENGTH, TCL_MANDATORY_FL, TCL_DELETE_FL, TCL_VERSION_ID,
PTN_ID ) VALUES ( 
1182, 128, NULL, 'ify_code', 'ify_code', 1, 'N', 'string', 255, 'Y', 'N', 1, 1); 
INSERT INTO TABLE_COLUMN ( TCL_ID, TBD_ID, ENT_ID, TCL_NAME, TCL_DISPLAY, TCL_ORDER_NO,
TCL_PRIMARY_KEY_FL, TCL_TYPE, TCL_LENGTH, TCL_MANDATORY_FL, TCL_DELETE_FL, TCL_VERSION_ID,
PTN_ID ) VALUES ( 
1183, 128, NULL, 'ify_name', 'ify_name', 2, 'N', 'string', 255, 'Y', 'N', 1, 1); 
INSERT INTO TABLE_COLUMN ( TCL_ID, TBD_ID, ENT_ID, TCL_NAME, TCL_DISPLAY, TCL_ORDER_NO,
TCL_PRIMARY_KEY_FL, TCL_TYPE, TCL_LENGTH, TCL_MANDATORY_FL, TCL_DELETE_FL, TCL_VERSION_ID,
PTN_ID ) VALUES ( 
1184, 128, NULL, 'cmp_id', 'cmp_id', 3, 'N', 'int', 10, 'Y', 'N', 1, 1); 
INSERT INTO TABLE_COLUMN ( TCL_ID, TBD_ID, ENT_ID, TCL_NAME, TCL_DISPLAY, TCL_ORDER_NO,
TCL_PRIMARY_KEY_FL, TCL_TYPE, TCL_LENGTH, TCL_MANDATORY_FL, TCL_DELETE_FL, TCL_VERSION_ID,
PTN_ID ) VALUES ( 
1185, 128, NULL, 'ify_delete_fl', 'ify_delete_fl', 4, 'N', 'bool', 1, 'Y', 'N', 1
, 1); 
INSERT INTO TABLE_COLUMN ( TCL_ID, TBD_ID, ENT_ID, TCL_NAME, TCL_DISPLAY, TCL_ORDER_NO,
TCL_PRIMARY_KEY_FL, TCL_TYPE, TCL_LENGTH, TCL_MANDATORY_FL, TCL_DELETE_FL, TCL_VERSION_ID,
PTN_ID ) VALUES ( 
1186, 128, NULL, 'ify_version_id', 'ify_version_id', 5, 'N', 'int', 10, 'Y', 'N', 1
, 1); 
INSERT INTO TABLE_COLUMN ( TCL_ID, TBD_ID, ENT_ID, TCL_NAME, TCL_DISPLAY, TCL_ORDER_NO,
TCL_PRIMARY_KEY_FL, TCL_TYPE, TCL_LENGTH, TCL_MANDATORY_FL, TCL_DELETE_FL, TCL_VERSION_ID,
PTN_ID ) VALUES ( 
1187, 128, NULL, 'ptn_id', 'ptn_id', 6, 'N', 'int', 10, 'Y', 'N', 1, 1); 
INSERT INTO TABLE_COLUMN ( TCL_ID, TBD_ID, ENT_ID, TCL_NAME, TCL_DISPLAY, TCL_ORDER_NO,
TCL_PRIMARY_KEY_FL, TCL_TYPE, TCL_LENGTH, TCL_MANDATORY_FL, TCL_DELETE_FL, TCL_VERSION_ID,
PTN_ID ) VALUES ( 
1188, 129, NULL, 'trp_id', 'trp_id', 0, 'Y', 'int', 10, 'Y', 'N', 1, 1); 
INSERT INTO TABLE_COLUMN ( TCL_ID, TBD_ID, ENT_ID, TCL_NAME, TCL_DISPLAY, TCL_ORDER_NO,
TCL_PRIMARY_KEY_FL, TCL_TYPE, TCL_LENGTH, TCL_MANDATORY_FL, TCL_DELETE_FL, TCL_VERSION_ID,
PTN_ID ) VALUES ( 
1189, 129, NULL, 'cmp_id', 'cmp_id', 1, 'N', 'int', 10, 'Y', 'N', 1, 1); 
INSERT INTO TABLE_COLUMN ( TCL_ID, TBD_ID, ENT_ID, TCL_NAME, TCL_DISPLAY, TCL_ORDER_NO,
TCL_PRIMARY_KEY_FL, TCL_TYPE, TCL_LENGTH, TCL_MANDATORY_FL, TCL_DELETE_FL, TCL_VERSION_ID,
PTN_ID ) VALUES ( 
1190, 129, NULL, 'trt_id', 'trt_id', 2, 'N', 'int', 10, 'Y', 'N', 1, 1); 
INSERT INTO TABLE_COLUMN ( TCL_ID, TBD_ID, ENT_ID, TCL_NAME, TCL_DISPLAY, TCL_ORDER_NO,
TCL_PRIMARY_KEY_FL, TCL_TYPE, TCL_LENGTH, TCL_MANDATORY_FL, TCL_DELETE_FL, TCL_VERSION_ID,
PTN_ID ) VALUES ( 
1191, 129, NULL, 'trp_order_no', 'trp_order_no', 3, 'N', 'int', 10, 'Y', 'N', 1, 1); 
INSERT INTO TABLE_COLUMN ( TCL_ID, TBD_ID, ENT_ID, TCL_NAME, TCL_DISPLAY, TCL_ORDER_NO,
TCL_PRIMARY_KEY_FL, TCL_TYPE, TCL_LENGTH, TCL_MANDATORY_FL, TCL_DELETE_FL, TCL_VERSION_ID,
PTN_ID ) VALUES ( 
1192, 129, NULL, 'trp_name', 'trp_name', 4, 'N', 'string', 255, 'Y', 'N', 1, 1); 
INSERT INTO TABLE_COLUMN ( TCL_ID, TBD_ID, ENT_ID, TCL_NAME, TCL_DISPLAY, TCL_ORDER_NO,
TCL_PRIMARY_KEY_FL, TCL_TYPE, TCL_LENGTH, TCL_MANDATORY_FL, TCL_DELETE_FL, TCL_VERSION_ID,
PTN_ID ) VALUES ( 
1193, 129, NULL, 'trp_delete_fl', 'trp_delete_fl', 5, 'N', 'bool', 1, 'Y', 'N', 1
, 1); 
INSERT INTO TABLE_COLUMN ( TCL_ID, TBD_ID, ENT_ID, TCL_NAME, TCL_DISPLAY, TCL_ORDER_NO,
TCL_PRIMARY_KEY_FL, TCL_TYPE, TCL_LENGTH, TCL_MANDATORY_FL, TCL_DELETE_FL, TCL_VERSION_ID,
PTN_ID ) VALUES ( 
1194, 129, NULL, 'trp_version_id', 'trp_version_id', 6, 'N', 'int', 10, 'Y', 'N', 1
, 1); 
INSERT INTO TABLE_COLUMN ( TCL_ID, TBD_ID, ENT_ID, TCL_NAME, TCL_DISPLAY, TCL_ORDER_NO,
TCL_PRIMARY_KEY_FL, TCL_TYPE, TCL_LENGTH, TCL_MANDATORY_FL, TCL_DELETE_FL, TCL_VERSION_ID,
PTN_ID ) VALUES ( 
1195, 129, NULL, 'ptn_id', 'ptn_id', 7, 'N', 'int', 10, 'Y', 'N', 1, 1); 
INSERT INTO TABLE_COLUMN ( TCL_ID, TBD_ID, ENT_ID, TCL_NAME, TCL_DISPLAY, TCL_ORDER_NO,
TCL_PRIMARY_KEY_FL, TCL_TYPE, TCL_LENGTH, TCL_MANDATORY_FL, TCL_DELETE_FL, TCL_VERSION_ID,
PTN_ID ) VALUES ( 
1196, 130, NULL, 'cii_id', 'cii_id', 0, 'Y', 'int', 10, 'Y', 'N', 1, 1); 
INSERT INTO TABLE_COLUMN ( TCL_ID, TBD_ID, ENT_ID, TCL_NAME, TCL_DISPLAY, TCL_ORDER_NO,
TCL_PRIMARY_KEY_FL, TCL_TYPE, TCL_LENGTH, TCL_MANDATORY_FL, TCL_DELETE_FL, TCL_VERSION_ID,
PTN_ID ) VALUES ( 
1197, 130, NULL, 'cit_id', 'cit_id', 1, 'N', 'int', 10, 'Y', 'N', 1, 1); 
INSERT INTO TABLE_COLUMN ( TCL_ID, TBD_ID, ENT_ID, TCL_NAME, TCL_DISPLAY, TCL_ORDER_NO,
TCL_PRIMARY_KEY_FL, TCL_TYPE, TCL_LENGTH, TCL_MANDATORY_FL, TCL_DELETE_FL, TCL_VERSION_ID,
PTN_ID ) VALUES ( 
1198, 130, NULL, 'cdi_id', 'cdi_id', 2, 'N', 'int', 10, 'Y', 'N', 1, 1); 
INSERT INTO TABLE_COLUMN ( TCL_ID, TBD_ID, ENT_ID, TCL_NAME, TCL_DISPLAY, TCL_ORDER_NO,
TCL_PRIMARY_KEY_FL, TCL_TYPE, TCL_LENGTH, TCL_MANDATORY_FL, TCL_DELETE_FL, TCL_VERSION_ID,
PTN_ID ) VALUES ( 
1199, 130, NULL, 'cii_current_cds_id', 'cii_current_cds_id', 3, 'N', 'int', 10, 'Y'
, 'N', 1, 1); 
INSERT INTO TABLE_COLUMN ( TCL_ID, TBD_ID, ENT_ID, TCL_NAME, TCL_DISPLAY, TCL_ORDER_NO,
TCL_PRIMARY_KEY_FL, TCL_TYPE, TCL_LENGTH, TCL_MANDATORY_FL, TCL_DELETE_FL, TCL_VERSION_ID,
PTN_ID ) VALUES ( 
1200, 130, NULL, 'cip_id', 'cip_id', 4, 'N', 'int', 10, 'Y', 'N', 1, 1); 
INSERT INTO TABLE_COLUMN ( TCL_ID, TBD_ID, ENT_ID, TCL_NAME, TCL_DISPLAY, TCL_ORDER_NO,
TCL_PRIMARY_KEY_FL, TCL_TYPE, TCL_LENGTH, TCL_MANDATORY_FL, TCL_DELETE_FL, TCL_VERSION_ID,
PTN_ID ) VALUES ( 
1202, 130, NULL, 'cii_desc', 'cii_desc', 6, 'N', 'string', 255, 'Y', 'N', 1, 1); 
INSERT INTO TABLE_COLUMN ( TCL_ID, TBD_ID, ENT_ID, TCL_NAME, TCL_DISPLAY, TCL_ORDER_NO,
TCL_PRIMARY_KEY_FL, TCL_TYPE, TCL_LENGTH, TCL_MANDATORY_FL, TCL_DELETE_FL, TCL_VERSION_ID,
PTN_ID ) VALUES ( 
1203, 130, NULL, 'cii_assigned_tea_id', 'cii_assigned_tea_id', 7, 'N', 'int', 10, 'N'
, 'N', 1, 1); 
INSERT INTO TABLE_COLUMN ( TCL_ID, TBD_ID, ENT_ID, TCL_NAME, TCL_DISPLAY, TCL_ORDER_NO,
TCL_PRIMARY_KEY_FL, TCL_TYPE, TCL_LENGTH, TCL_MANDATORY_FL, TCL_DELETE_FL, TCL_VERSION_ID,
PTN_ID ) VALUES ( 
1204, 130, NULL, 'cii_assigned_usr_id', 'cii_assigned_usr_id', 8, 'N', 'int', 10, 'N'
, 'N', 1, 1); 
INSERT INTO TABLE_COLUMN ( TCL_ID, TBD_ID, ENT_ID, TCL_NAME, TCL_DISPLAY, TCL_ORDER_NO,
TCL_PRIMARY_KEY_FL, TCL_TYPE, TCL_LENGTH, TCL_MANDATORY_FL, TCL_DELETE_FL, TCL_VERSION_ID,
PTN_ID ) VALUES ( 
1205, 130, NULL, 'cii_due_dttm', 'cii_due_dttm', 9, 'N', 'datetime', -1, 'N', 'N'
, 1, 1); 
INSERT INTO TABLE_COLUMN ( TCL_ID, TBD_ID, ENT_ID, TCL_NAME, TCL_DISPLAY, TCL_ORDER_NO,
TCL_PRIMARY_KEY_FL, TCL_TYPE, TCL_LENGTH, TCL_MANDATORY_FL, TCL_DELETE_FL, TCL_VERSION_ID,
PTN_ID ) VALUES ( 
1206, 130, NULL, 'cii_created_usr_id', 'cii_created_usr_id', 10, 'N', 'int', 10, 'N'
, 'N', 1, 1); 
INSERT INTO TABLE_COLUMN ( TCL_ID, TBD_ID, ENT_ID, TCL_NAME, TCL_DISPLAY, TCL_ORDER_NO,
TCL_PRIMARY_KEY_FL, TCL_TYPE, TCL_LENGTH, TCL_MANDATORY_FL, TCL_DELETE_FL, TCL_VERSION_ID,
PTN_ID ) VALUES ( 
1207, 130, NULL, 'cii_created_dttm', 'cii_created_dttm', 11, 'N', 'datetime', -1, 'Y'
, 'N', 1, 1); 
INSERT INTO TABLE_COLUMN ( TCL_ID, TBD_ID, ENT_ID, TCL_NAME, TCL_DISPLAY, TCL_ORDER_NO,
TCL_PRIMARY_KEY_FL, TCL_TYPE, TCL_LENGTH, TCL_MANDATORY_FL, TCL_DELETE_FL, TCL_VERSION_ID,
PTN_ID ) VALUES ( 
1208, 130, NULL, 'cii_opened_usr_id', 'cii_opened_usr_id', 12, 'N', 'int', 10, 'N'
, 'N', 1, 1); 
INSERT INTO TABLE_COLUMN ( TCL_ID, TBD_ID, ENT_ID, TCL_NAME, TCL_DISPLAY, TCL_ORDER_NO,
TCL_PRIMARY_KEY_FL, TCL_TYPE, TCL_LENGTH, TCL_MANDATORY_FL, TCL_DELETE_FL, TCL_VERSION_ID,
PTN_ID ) VALUES ( 
1209, 130, NULL, 'cii_opened_dttm', 'cii_opened_dttm', 13, 'N', 'datetime', -1, 'N'
, 'N', 1, 1); 
INSERT INTO TABLE_COLUMN ( TCL_ID, TBD_ID, ENT_ID, TCL_NAME, TCL_DISPLAY, TCL_ORDER_NO,
TCL_PRIMARY_KEY_FL, TCL_TYPE, TCL_LENGTH, TCL_MANDATORY_FL, TCL_DELETE_FL, TCL_VERSION_ID,
PTN_ID ) VALUES ( 
1210, 130, NULL, 'cii_closed_usr_id', 'cii_closed_usr_id', 14, 'N', 'int', 10, 'N'
, 'N', 1, 1); 
INSERT INTO TABLE_COLUMN ( TCL_ID, TBD_ID, ENT_ID, TCL_NAME, TCL_DISPLAY, TCL_ORDER_NO,
TCL_PRIMARY_KEY_FL, TCL_TYPE, TCL_LENGTH, TCL_MANDATORY_FL, TCL_DELETE_FL, TCL_VERSION_ID,
PTN_ID ) VALUES ( 
1211, 130, NULL, 'cii_closed_dttm', 'cii_closed_dttm', 15, 'N', 'datetime', -1, 'N'
, 'N', 1, 1); 
INSERT INTO TABLE_COLUMN ( TCL_ID, TBD_ID, ENT_ID, TCL_NAME, TCL_DISPLAY, TCL_ORDER_NO,
TCL_PRIMARY_KEY_FL, TCL_TYPE, TCL_LENGTH, TCL_MANDATORY_FL, TCL_DELETE_FL, TCL_VERSION_ID,
PTN_ID ) VALUES ( 
1212, 130, NULL, 'cii_closed_by_case_fl', 'cii_closed_by_case_fl', 16, 'N', 'bool'
, 1, 'Y', 'N', 1, 1); 
INSERT INTO TABLE_COLUMN ( TCL_ID, TBD_ID, ENT_ID, TCL_NAME, TCL_DISPLAY, TCL_ORDER_NO,
TCL_PRIMARY_KEY_FL, TCL_TYPE, TCL_LENGTH, TCL_MANDATORY_FL, TCL_DELETE_FL, TCL_VERSION_ID,
PTN_ID ) VALUES ( 
1213, 130, NULL, 'cii_external_reference', 'cii_external_reference', 17, 'N', 'string'
, 255, 'N', 'N', 1, 1); 
INSERT INTO TABLE_COLUMN ( TCL_ID, TBD_ID, ENT_ID, TCL_NAME, TCL_DISPLAY, TCL_ORDER_NO,
TCL_PRIMARY_KEY_FL, TCL_TYPE, TCL_LENGTH, TCL_MANDATORY_FL, TCL_DELETE_FL, TCL_VERSION_ID,
PTN_ID ) VALUES ( 
1214, 130, NULL, 'cii_cost_field', 'cii_cost_field', 18, 'N', 'long', 19, 'N', 'N'
, 1, 1); 
INSERT INTO TABLE_COLUMN ( TCL_ID, TBD_ID, ENT_ID, TCL_NAME, TCL_DISPLAY, TCL_ORDER_NO,
TCL_PRIMARY_KEY_FL, TCL_TYPE, TCL_LENGTH, TCL_MANDATORY_FL, TCL_DELETE_FL, TCL_VERSION_ID,
PTN_ID ) VALUES ( 
1215, 130, NULL, 'cii_escalation_level', 'cii_escalation_level', 19, 'N', 'int', 10
, 'N', 'N', 1, 1); 
INSERT INTO TABLE_COLUMN ( TCL_ID, TBD_ID, ENT_ID, TCL_NAME, TCL_DISPLAY, TCL_ORDER_NO,
TCL_PRIMARY_KEY_FL, TCL_TYPE, TCL_LENGTH, TCL_MANDATORY_FL, TCL_DELETE_FL, TCL_VERSION_ID,
PTN_ID ) VALUES ( 
1216, 130, NULL, 'cii_extra1', 'cii_extra1', 20, 'N', 'string', 255, 'N', 'N', 1, 1); 
INSERT INTO TABLE_COLUMN ( TCL_ID, TBD_ID, ENT_ID, TCL_NAME, TCL_DISPLAY, TCL_ORDER_NO,
TCL_PRIMARY_KEY_FL, TCL_TYPE, TCL_LENGTH, TCL_MANDATORY_FL, TCL_DELETE_FL, TCL_VERSION_ID,
PTN_ID ) VALUES ( 
1217, 130, NULL, 'cii_extra2', 'cii_extra2', 21, 'N', 'string', 255, 'N', 'N', 1, 1); 
INSERT INTO TABLE_COLUMN ( TCL_ID, TBD_ID, ENT_ID, TCL_NAME, TCL_DISPLAY, TCL_ORDER_NO,
TCL_PRIMARY_KEY_FL, TCL_TYPE, TCL_LENGTH, TCL_MANDATORY_FL, TCL_DELETE_FL, TCL_VERSION_ID,
PTN_ID ) VALUES ( 
1218, 130, NULL, 'cii_extra3', 'cii_extra3', 22, 'N', 'string', 255, 'N', 'N', 1, 1); 
INSERT INTO TABLE_COLUMN ( TCL_ID, TBD_ID, ENT_ID, TCL_NAME, TCL_DISPLAY, TCL_ORDER_NO,
TCL_PRIMARY_KEY_FL, TCL_TYPE, TCL_LENGTH, TCL_MANDATORY_FL, TCL_DELETE_FL, TCL_VERSION_ID,
PTN_ID ) VALUES ( 
1219, 130, NULL, 'cii_extra4', 'cii_extra4', 23, 'N', 'string', 255, 'N', 'N', 1, 1); 
INSERT INTO TABLE_COLUMN ( TCL_ID, TBD_ID, ENT_ID, TCL_NAME, TCL_DISPLAY, TCL_ORDER_NO,
TCL_PRIMARY_KEY_FL, TCL_TYPE, TCL_LENGTH, TCL_MANDATORY_FL, TCL_DELETE_FL, TCL_VERSION_ID,
PTN_ID ) VALUES ( 
1220, 130, NULL, 'cii_extra5', 'cii_extra5', 24, 'N', 'string', 255, 'N', 'N', 1, 1); 
INSERT INTO TABLE_COLUMN ( TCL_ID, TBD_ID, ENT_ID, TCL_NAME, TCL_DISPLAY, TCL_ORDER_NO,
TCL_PRIMARY_KEY_FL, TCL_TYPE, TCL_LENGTH, TCL_MANDATORY_FL, TCL_DELETE_FL, TCL_VERSION_ID,
PTN_ID ) VALUES ( 
1221, 130, NULL, 'cii_cancelled_fl', 'cii_cancelled_fl', 25, 'N', 'bool', 1, 'Y', 'N'
, 1, 1); 
INSERT INTO TABLE_COLUMN ( TCL_ID, TBD_ID, ENT_ID, TCL_NAME, TCL_DISPLAY, TCL_ORDER_NO,
TCL_PRIMARY_KEY_FL, TCL_TYPE, TCL_LENGTH, TCL_MANDATORY_FL, TCL_DELETE_FL, TCL_VERSION_ID,
PTN_ID ) VALUES ( 
1222, 130, NULL, 'cii_case_item_no', 'cii_case_item_no', 26, 'N', 'int', 10, 'Y', 'N'
, 1, 1); 
INSERT INTO TABLE_COLUMN ( TCL_ID, TBD_ID, ENT_ID, TCL_NAME, TCL_DISPLAY, TCL_ORDER_NO,
TCL_PRIMARY_KEY_FL, TCL_TYPE, TCL_LENGTH, TCL_MANDATORY_FL, TCL_DELETE_FL, TCL_VERSION_ID,
PTN_ID ) VALUES ( 
1223, 130, NULL, 'cii_recovered_cost', 'cii_recovered_cost', 27, 'N', 'long', 19, 'N'
, 'N', 1, 1); 
INSERT INTO TABLE_COLUMN ( TCL_ID, TBD_ID, ENT_ID, TCL_NAME, TCL_DISPLAY, TCL_ORDER_NO,
TCL_PRIMARY_KEY_FL, TCL_TYPE, TCL_LENGTH, TCL_MANDATORY_FL, TCL_DELETE_FL, TCL_VERSION_ID,
PTN_ID ) VALUES ( 
1224, 130, NULL, 'cii_delete_fl', 'cii_delete_fl', 28, 'N', 'bool', 1, 'Y', 'N', 1
, 1); 
INSERT INTO TABLE_COLUMN ( TCL_ID, TBD_ID, ENT_ID, TCL_NAME, TCL_DISPLAY, TCL_ORDER_NO,
TCL_PRIMARY_KEY_FL, TCL_TYPE, TCL_LENGTH, TCL_MANDATORY_FL, TCL_DELETE_FL, TCL_VERSION_ID,
PTN_ID ) VALUES ( 
1225, 130, NULL, 'cii_version_id', 'cii_version_id', 29, 'N', 'int', 10, 'Y', 'N'
, 1, 1); 
INSERT INTO TABLE_COLUMN ( TCL_ID, TBD_ID, ENT_ID, TCL_NAME, TCL_DISPLAY, TCL_ORDER_NO,
TCL_PRIMARY_KEY_FL, TCL_TYPE, TCL_LENGTH, TCL_MANDATORY_FL, TCL_DELETE_FL, TCL_VERSION_ID,
PTN_ID ) VALUES ( 
1226, 130, NULL, 'ptn_id', 'ptn_id', 30, 'N', 'int', 10, 'Y', 'N', 1, 1); 
INSERT INTO TABLE_COLUMN ( TCL_ID, TBD_ID, ENT_ID, TCL_NAME, TCL_DISPLAY, TCL_ORDER_NO,
TCL_PRIMARY_KEY_FL, TCL_TYPE, TCL_LENGTH, TCL_MANDATORY_FL, TCL_DELETE_FL, TCL_VERSION_ID,
PTN_ID ) VALUES ( 
1227, 131, NULL, 'aso_id', 'aso_id', 0, 'Y', 'int', 10, 'Y', 'N', 1, 1); 
INSERT INTO TABLE_COLUMN ( TCL_ID, TBD_ID, ENT_ID, TCL_NAME, TCL_DISPLAY, TCL_ORDER_NO,
TCL_PRIMARY_KEY_FL, TCL_TYPE, TCL_LENGTH, TCL_MANDATORY_FL, TCL_DELETE_FL, TCL_VERSION_ID,
PTN_ID ) VALUES ( 
1228, 131, NULL, 'asq_id', 'asq_id', 1, 'N', 'int', 10, 'Y', 'N', 1, 1); 
INSERT INTO TABLE_COLUMN ( TCL_ID, TBD_ID, ENT_ID, TCL_NAME, TCL_DISPLAY, TCL_ORDER_NO,
TCL_PRIMARY_KEY_FL, TCL_TYPE, TCL_LENGTH, TCL_MANDATORY_FL, TCL_DELETE_FL, TCL_VERSION_ID,
PTN_ID ) VALUES ( 
1229, 131, NULL, 'ass_id', 'ass_id', 2, 'N', 'int', 10, 'N', 'N', 1, 1); 
INSERT INTO TABLE_COLUMN ( TCL_ID, TBD_ID, ENT_ID, TCL_NAME, TCL_DISPLAY, TCL_ORDER_NO,
TCL_PRIMARY_KEY_FL, TCL_TYPE, TCL_LENGTH, TCL_MANDATORY_FL, TCL_DELETE_FL, TCL_VERSION_ID,
PTN_ID ) VALUES ( 
1230, 131, NULL, 'aso_descending_fl', 'aso_descending_fl', 3, 'N', 'bool', 1, 'Y'
, 'N', 1, 1); 
INSERT INTO TABLE_COLUMN ( TCL_ID, TBD_ID, ENT_ID, TCL_NAME, TCL_DISPLAY, TCL_ORDER_NO,
TCL_PRIMARY_KEY_FL, TCL_TYPE, TCL_LENGTH, TCL_MANDATORY_FL, TCL_DELETE_FL, TCL_VERSION_ID,
PTN_ID ) VALUES ( 
1231, 131, NULL, 'aso_order_no', 'aso_order_no', 4, 'N', 'int', 10, 'Y', 'N', 1, 1); 
INSERT INTO TABLE_COLUMN ( TCL_ID, TBD_ID, ENT_ID, TCL_NAME, TCL_DISPLAY, TCL_ORDER_NO,
TCL_PRIMARY_KEY_FL, TCL_TYPE, TCL_LENGTH, TCL_MANDATORY_FL, TCL_DELETE_FL, TCL_VERSION_ID,
PTN_ID ) VALUES ( 
1232, 131, NULL, 'aso_delete_fl', 'aso_delete_fl', 5, 'N', 'bool', 1, 'Y', 'N', 1
, 1); 
INSERT INTO TABLE_COLUMN ( TCL_ID, TBD_ID, ENT_ID, TCL_NAME, TCL_DISPLAY, TCL_ORDER_NO,
TCL_PRIMARY_KEY_FL, TCL_TYPE, TCL_LENGTH, TCL_MANDATORY_FL, TCL_DELETE_FL, TCL_VERSION_ID,
PTN_ID ) VALUES ( 
1233, 131, NULL, 'aso_version_id', 'aso_version_id', 6, 'N', 'int', 10, 'Y', 'N', 1
, 1); 
INSERT INTO TABLE_COLUMN ( TCL_ID, TBD_ID, ENT_ID, TCL_NAME, TCL_DISPLAY, TCL_ORDER_NO,
TCL_PRIMARY_KEY_FL, TCL_TYPE, TCL_LENGTH, TCL_MANDATORY_FL, TCL_DELETE_FL, TCL_VERSION_ID,
PTN_ID ) VALUES ( 
1234, 131, NULL, 'ptn_id', 'ptn_id', 7, 'N', 'int', 10, 'Y', 'N', 1, 1); 
INSERT INTO TABLE_COLUMN ( TCL_ID, TBD_ID, ENT_ID, TCL_NAME, TCL_DISPLAY, TCL_ORDER_NO,
TCL_PRIMARY_KEY_FL, TCL_TYPE, TCL_LENGTH, TCL_MANDATORY_FL, TCL_DELETE_FL, TCL_VERSION_ID,
PTN_ID ) VALUES ( 
1235, 132, NULL, 'not_id', 'not_id', 0, 'Y', 'int', 10, 'Y', 'N', 1, 1); 
INSERT INTO TABLE_COLUMN ( TCL_ID, TBD_ID, ENT_ID, TCL_NAME, TCL_DISPLAY, TCL_ORDER_NO,
TCL_PRIMARY_KEY_FL, TCL_TYPE, TCL_LENGTH, TCL_MANDATORY_FL, TCL_DELETE_FL, TCL_VERSION_ID,
PTN_ID ) VALUES ( 
1236, 132, NULL, 'not_name', 'not_name', 1, 'N', 'string', 255, 'Y', 'N', 1, 1); 
INSERT INTO TABLE_COLUMN ( TCL_ID, TBD_ID, ENT_ID, TCL_NAME, TCL_DISPLAY, TCL_ORDER_NO,
TCL_PRIMARY_KEY_FL, TCL_TYPE, TCL_LENGTH, TCL_MANDATORY_FL, TCL_DELETE_FL, TCL_VERSION_ID,
PTN_ID ) VALUES ( 
1237, 132, NULL, 'ent_id', 'ent_id', 2, 'N', 'int', 10, 'Y', 'N', 1, 1); 
INSERT INTO TABLE_COLUMN ( TCL_ID, TBD_ID, ENT_ID, TCL_NAME, TCL_DISPLAY, TCL_ORDER_NO,
TCL_PRIMARY_KEY_FL, TCL_TYPE, TCL_LENGTH, TCL_MANDATORY_FL, TCL_DELETE_FL, TCL_VERSION_ID,
PTN_ID ) VALUES ( 
1238, 132, NULL, 'not_object_pk', 'not_object_pk', 3, 'N', 'int', 10, 'Y', 'N', 1
, 1); 
INSERT INTO TABLE_COLUMN ( TCL_ID, TBD_ID, ENT_ID, TCL_NAME, TCL_DISPLAY, TCL_ORDER_NO,
TCL_PRIMARY_KEY_FL, TCL_TYPE, TCL_LENGTH, TCL_MANDATORY_FL, TCL_DELETE_FL, TCL_VERSION_ID,
PTN_ID ) VALUES ( 
1239, 132, NULL, 'lst_id', 'lst_id', 4, 'N', 'int', 10, 'Y', 'N', 1, 1); 
INSERT INTO TABLE_COLUMN ( TCL_ID, TBD_ID, ENT_ID, TCL_NAME, TCL_DISPLAY, TCL_ORDER_NO,
TCL_PRIMARY_KEY_FL, TCL_TYPE, TCL_LENGTH, TCL_MANDATORY_FL, TCL_DELETE_FL, TCL_VERSION_ID,
PTN_ID ) VALUES ( 
1240, 132, NULL, 'not_created_usr_id', 'not_created_usr_id', 5, 'N', 'int', 10, 'Y'
, 'N', 1, 1); 
INSERT INTO TABLE_COLUMN ( TCL_ID, TBD_ID, ENT_ID, TCL_NAME, TCL_DISPLAY, TCL_ORDER_NO,
TCL_PRIMARY_KEY_FL, TCL_TYPE, TCL_LENGTH, TCL_MANDATORY_FL, TCL_DELETE_FL, TCL_VERSION_ID,
PTN_ID ) VALUES ( 
1241, 132, NULL, 'not_created_dttm', 'not_created_dttm', 6, 'N', 'datetime', -1, 'Y'
, 'N', 1, 1); 
INSERT INTO TABLE_COLUMN ( TCL_ID, TBD_ID, ENT_ID, TCL_NAME, TCL_DISPLAY, TCL_ORDER_NO,
TCL_PRIMARY_KEY_FL, TCL_TYPE, TCL_LENGTH, TCL_MANDATORY_FL, TCL_DELETE_FL, TCL_VERSION_ID,
PTN_ID ) VALUES ( 
1242, 132, NULL, 'not_delete_fl', 'not_delete_fl', 7, 'N', 'bool', 1, 'Y', 'N', 1
, 1); 
INSERT INTO TABLE_COLUMN ( TCL_ID, TBD_ID, ENT_ID, TCL_NAME, TCL_DISPLAY, TCL_ORDER_NO,
TCL_PRIMARY_KEY_FL, TCL_TYPE, TCL_LENGTH, TCL_MANDATORY_FL, TCL_DELETE_FL, TCL_VERSION_ID,
PTN_ID ) VALUES ( 
1243, 132, NULL, 'not_version_id', 'not_version_id', 8, 'N', 'int', 10, 'Y', 'N', 1
, 1); 
INSERT INTO TABLE_COLUMN ( TCL_ID, TBD_ID, ENT_ID, TCL_NAME, TCL_DISPLAY, TCL_ORDER_NO,
TCL_PRIMARY_KEY_FL, TCL_TYPE, TCL_LENGTH, TCL_MANDATORY_FL, TCL_DELETE_FL, TCL_VERSION_ID,
PTN_ID ) VALUES ( 
1244, 132, NULL, 'ptn_id', 'ptn_id', 9, 'N', 'int', 10, 'Y', 'N', 1, 1); 
INSERT INTO TABLE_COLUMN ( TCL_ID, TBD_ID, ENT_ID, TCL_NAME, TCL_DISPLAY, TCL_ORDER_NO,
TCL_PRIMARY_KEY_FL, TCL_TYPE, TCL_LENGTH, TCL_MANDATORY_FL, TCL_DELETE_FL, TCL_VERSION_ID,
PTN_ID ) VALUES ( 
1245, 133, NULL, 'dpr_id', 'dpr_id', 0, 'Y', 'int', 10, 'Y', 'N', 1, 1); 
INSERT INTO TABLE_COLUMN ( TCL_ID, TBD_ID, ENT_ID, TCL_NAME, TCL_DISPLAY, TCL_ORDER_NO,
TCL_PRIMARY_KEY_FL, TCL_TYPE, TCL_LENGTH, TCL_MANDATORY_FL, TCL_DELETE_FL, TCL_VERSION_ID,
PTN_ID ) VALUES ( 
1246, 133, NULL, 'dpr_name', 'dpr_name', 1, 'N', 'string', 255, 'Y', 'N', 1, 1); 
INSERT INTO TABLE_COLUMN ( TCL_ID, TBD_ID, ENT_ID, TCL_NAME, TCL_DISPLAY, TCL_ORDER_NO,
TCL_PRIMARY_KEY_FL, TCL_TYPE, TCL_LENGTH, TCL_MANDATORY_FL, TCL_DELETE_FL, TCL_VERSION_ID,
PTN_ID ) VALUES ( 
1247, 133, NULL, 'dpr_server_package', 'dpr_server_package', 2, 'N', 'string', 255
, 'Y', 'N', 1, 1); 
INSERT INTO TABLE_COLUMN ( TCL_ID, TBD_ID, ENT_ID, TCL_NAME, TCL_DISPLAY, TCL_ORDER_NO,
TCL_PRIMARY_KEY_FL, TCL_TYPE, TCL_LENGTH, TCL_MANDATORY_FL, TCL_DELETE_FL, TCL_VERSION_ID,
PTN_ID ) VALUES ( 
1248, 133, NULL, 'dpr_pdg_key', 'dpr_pdg_key', 3, 'N', 'string', 255, 'Y', 'N', 1
, 1); 
INSERT INTO TABLE_COLUMN ( TCL_ID, TBD_ID, ENT_ID, TCL_NAME, TCL_DISPLAY, TCL_ORDER_NO,
TCL_PRIMARY_KEY_FL, TCL_TYPE, TCL_LENGTH, TCL_MANDATORY_FL, TCL_DELETE_FL, TCL_VERSION_ID,
PTN_ID ) VALUES ( 
1249, 133, NULL, 'dpr_delete_fl', 'dpr_delete_fl', 4, 'N', 'bool', 1, 'Y', 'N', 1
, 1); 
INSERT INTO TABLE_COLUMN ( TCL_ID, TBD_ID, ENT_ID, TCL_NAME, TCL_DISPLAY, TCL_ORDER_NO,
TCL_PRIMARY_KEY_FL, TCL_TYPE, TCL_LENGTH, TCL_MANDATORY_FL, TCL_DELETE_FL, TCL_VERSION_ID,
PTN_ID ) VALUES ( 
1250, 133, NULL, 'dpr_version_id', 'dpr_version_id', 5, 'N', 'int', 10, 'Y', 'N', 1
, 1); 
INSERT INTO TABLE_COLUMN ( TCL_ID, TBD_ID, ENT_ID, TCL_NAME, TCL_DISPLAY, TCL_ORDER_NO,
TCL_PRIMARY_KEY_FL, TCL_TYPE, TCL_LENGTH, TCL_MANDATORY_FL, TCL_DELETE_FL, TCL_VERSION_ID,
PTN_ID ) VALUES ( 
1251, 133, NULL, 'ptn_id', 'ptn_id', 6, 'N', 'int', 10, 'Y', 'N', 1, 1); 
INSERT INTO TABLE_COLUMN ( TCL_ID, TBD_ID, ENT_ID, TCL_NAME, TCL_DISPLAY, TCL_ORDER_NO,
TCL_PRIMARY_KEY_FL, TCL_TYPE, TCL_LENGTH, TCL_MANDATORY_FL, TCL_DELETE_FL, TCL_VERSION_ID,
PTN_ID ) VALUES ( 
1252, 134, NULL, 'rpt_id', 'rpt_id', 0, 'Y', 'int', 10, 'Y', 'N', 1, 1); 
INSERT INTO TABLE_COLUMN ( TCL_ID, TBD_ID, ENT_ID, TCL_NAME, TCL_DISPLAY, TCL_ORDER_NO,
TCL_PRIMARY_KEY_FL, TCL_TYPE, TCL_LENGTH, TCL_MANDATORY_FL, TCL_DELETE_FL, TCL_VERSION_ID,
PTN_ID ) VALUES ( 
1253, 134, NULL, 'rpt_name', 'rpt_name', 1, 'N', 'string', 255, 'Y', 'N', 1, 1); 
INSERT INTO TABLE_COLUMN ( TCL_ID, TBD_ID, ENT_ID, TCL_NAME, TCL_DISPLAY, TCL_ORDER_NO,
TCL_PRIMARY_KEY_FL, TCL_TYPE, TCL_LENGTH, TCL_MANDATORY_FL, TCL_DELETE_FL, TCL_VERSION_ID,
PTN_ID ) VALUES ( 
1254, 134, NULL, 'rpt_design_file_name', 'rpt_design_file_name', 2, 'N', 'string'
, 255, 'Y', 'N', 1, 1); 
INSERT INTO TABLE_COLUMN ( TCL_ID, TBD_ID, ENT_ID, TCL_NAME, TCL_DISPLAY, TCL_ORDER_NO,
TCL_PRIMARY_KEY_FL, TCL_TYPE, TCL_LENGTH, TCL_MANDATORY_FL, TCL_DELETE_FL, TCL_VERSION_ID,
PTN_ID ) VALUES ( 
1255, 134, NULL, 'ald_id', 'ald_id', 3, 'N', 'int', 10, 'Y', 'N', 1, 1); 
INSERT INTO TABLE_COLUMN ( TCL_ID, TBD_ID, ENT_ID, TCL_NAME, TCL_DISPLAY, TCL_ORDER_NO,
TCL_PRIMARY_KEY_FL, TCL_TYPE, TCL_LENGTH, TCL_MANDATORY_FL, TCL_DELETE_FL, TCL_VERSION_ID,
PTN_ID ) VALUES ( 
1256, 134, NULL, 'rpt_delete_fl', 'rpt_delete_fl', 4, 'N', 'bool', 1, 'Y', 'N', 1
, 1); 
INSERT INTO TABLE_COLUMN ( TCL_ID, TBD_ID, ENT_ID, TCL_NAME, TCL_DISPLAY, TCL_ORDER_NO,
TCL_PRIMARY_KEY_FL, TCL_TYPE, TCL_LENGTH, TCL_MANDATORY_FL, TCL_DELETE_FL, TCL_VERSION_ID,
PTN_ID ) VALUES ( 
1257, 134, NULL, 'rpt_version_id', 'rpt_version_id', 5, 'N', 'int', 10, 'Y', 'N', 1
, 1); 
INSERT INTO TABLE_COLUMN ( TCL_ID, TBD_ID, ENT_ID, TCL_NAME, TCL_DISPLAY, TCL_ORDER_NO,
TCL_PRIMARY_KEY_FL, TCL_TYPE, TCL_LENGTH, TCL_MANDATORY_FL, TCL_DELETE_FL, TCL_VERSION_ID,
PTN_ID ) VALUES ( 
1258, 134, NULL, 'ptn_id', 'ptn_id', 6, 'N', 'int', 10, 'Y', 'N', 1, 1); 
INSERT INTO TABLE_COLUMN ( TCL_ID, TBD_ID, ENT_ID, TCL_NAME, TCL_DISPLAY, TCL_ORDER_NO,
TCL_PRIMARY_KEY_FL, TCL_TYPE, TCL_LENGTH, TCL_MANDATORY_FL, TCL_DELETE_FL, TCL_VERSION_ID,
PTN_ID ) VALUES ( 
1259, 135, NULL, 'fps_id', 'fps_id', 0, 'Y', 'int', 10, 'Y', 'N', 1, 1); 
INSERT INTO TABLE_COLUMN ( TCL_ID, TBD_ID, ENT_ID, TCL_NAME, TCL_DISPLAY, TCL_ORDER_NO,
TCL_PRIMARY_KEY_FL, TCL_TYPE, TCL_LENGTH, TCL_MANDATORY_FL, TCL_DELETE_FL, TCL_VERSION_ID,
PTN_ID ) VALUES ( 
1260, 135, NULL, 'fil_id', 'fil_id', 1, 'N', 'int', 10, 'Y', 'N', 1, 1); 
INSERT INTO TABLE_COLUMN ( TCL_ID, TBD_ID, ENT_ID, TCL_NAME, TCL_DISPLAY, TCL_ORDER_NO,
TCL_PRIMARY_KEY_FL, TCL_TYPE, TCL_LENGTH, TCL_MANDATORY_FL, TCL_DELETE_FL, TCL_VERSION_ID,
PTN_ID ) VALUES ( 
1261, 135, NULL, 'fps_total_input_records', 'fps_total_input_records', 2, 'N', 'long'
, 19, 'Y', 'N', 1, 1); 
INSERT INTO TABLE_COLUMN ( TCL_ID, TBD_ID, ENT_ID, TCL_NAME, TCL_DISPLAY, TCL_ORDER_NO,
TCL_PRIMARY_KEY_FL, TCL_TYPE, TCL_LENGTH, TCL_MANDATORY_FL, TCL_DELETE_FL, TCL_VERSION_ID,
PTN_ID ) VALUES ( 
1262, 135, NULL, 'fps_total_output_records', 'fps_total_output_records', 3, 'N', 'long'
, 19, 'Y', 'N', 1, 1); 
INSERT INTO TABLE_COLUMN ( TCL_ID, TBD_ID, ENT_ID, TCL_NAME, TCL_DISPLAY, TCL_ORDER_NO,
TCL_PRIMARY_KEY_FL, TCL_TYPE, TCL_LENGTH, TCL_MANDATORY_FL, TCL_DELETE_FL, TCL_VERSION_ID,
PTN_ID ) VALUES ( 
1263, 135, NULL, 'fps_total_input_usage', 'fps_total_input_usage', 4, 'N', 'long'
, 19, 'N', 'N', 1, 1); 
INSERT INTO TABLE_COLUMN ( TCL_ID, TBD_ID, ENT_ID, TCL_NAME, TCL_DISPLAY, TCL_ORDER_NO,
TCL_PRIMARY_KEY_FL, TCL_TYPE, TCL_LENGTH, TCL_MANDATORY_FL, TCL_DELETE_FL, TCL_VERSION_ID,
PTN_ID ) VALUES ( 
1264, 135, NULL, 'fps_total_output_usage', 'fps_total_output_usage', 5, 'N', 'long'
, 19, 'N', 'N', 1, 1); 
INSERT INTO TABLE_COLUMN ( TCL_ID, TBD_ID, ENT_ID, TCL_NAME, TCL_DISPLAY, TCL_ORDER_NO,
TCL_PRIMARY_KEY_FL, TCL_TYPE, TCL_LENGTH, TCL_MANDATORY_FL, TCL_DELETE_FL, TCL_VERSION_ID,
PTN_ID ) VALUES ( 
1265, 135, NULL, 'fps_first_record_dttm', 'fps_first_record_dttm', 6, 'N', 'datetime'
, -1, 'N', 'N', 1, 1); 
INSERT INTO TABLE_COLUMN ( TCL_ID, TBD_ID, ENT_ID, TCL_NAME, TCL_DISPLAY, TCL_ORDER_NO,
TCL_PRIMARY_KEY_FL, TCL_TYPE, TCL_LENGTH, TCL_MANDATORY_FL, TCL_DELETE_FL, TCL_VERSION_ID,
PTN_ID ) VALUES ( 
1266, 135, NULL, 'fps_last_record_dttm', 'fps_last_record_dttm', 7, 'N', 'datetime'
, -1, 'N', 'N', 1, 1); 
INSERT INTO TABLE_COLUMN ( TCL_ID, TBD_ID, ENT_ID, TCL_NAME, TCL_DISPLAY, TCL_ORDER_NO,
TCL_PRIMARY_KEY_FL, TCL_TYPE, TCL_LENGTH, TCL_MANDATORY_FL, TCL_DELETE_FL, TCL_VERSION_ID,
PTN_ID ) VALUES ( 
1267, 135, NULL, 'fps_earliest_record_dttm', 'fps_earliest_record_dttm', 8, 'N', 'datetime'
, -1, 'N', 'N', 1, 1); 
INSERT INTO TABLE_COLUMN ( TCL_ID, TBD_ID, ENT_ID, TCL_NAME, TCL_DISPLAY, TCL_ORDER_NO,
TCL_PRIMARY_KEY_FL, TCL_TYPE, TCL_LENGTH, TCL_MANDATORY_FL, TCL_DELETE_FL, TCL_VERSION_ID,
PTN_ID ) VALUES ( 
1268, 135, NULL, 'fps_latest_record_dttm', 'fps_latest_record_dttm', 9, 'N', 'datetime'
, -1, 'N', 'N', 1, 1); 
INSERT INTO TABLE_COLUMN ( TCL_ID, TBD_ID, ENT_ID, TCL_NAME, TCL_DISPLAY, TCL_ORDER_NO,
TCL_PRIMARY_KEY_FL, TCL_TYPE, TCL_LENGTH, TCL_MANDATORY_FL, TCL_DELETE_FL, TCL_VERSION_ID,
PTN_ID ) VALUES ( 
1269, 135, NULL, 'fps_first_record_seq_num', 'fps_first_record_seq_num', 10, 'N', 'long'
, 19, 'N', 'N', 1, 1); 
INSERT INTO TABLE_COLUMN ( TCL_ID, TBD_ID, ENT_ID, TCL_NAME, TCL_DISPLAY, TCL_ORDER_NO,
TCL_PRIMARY_KEY_FL, TCL_TYPE, TCL_LENGTH, TCL_MANDATORY_FL, TCL_DELETE_FL, TCL_VERSION_ID,
PTN_ID ) VALUES ( 
1270, 135, NULL, 'fps_last_record_seq_num', 'fps_last_record_seq_num', 11, 'N', 'long'
, 19, 'N', 'N', 1, 1); 
INSERT INTO TABLE_COLUMN ( TCL_ID, TBD_ID, ENT_ID, TCL_NAME, TCL_DISPLAY, TCL_ORDER_NO,
TCL_PRIMARY_KEY_FL, TCL_TYPE, TCL_LENGTH, TCL_MANDATORY_FL, TCL_DELETE_FL, TCL_VERSION_ID,
PTN_ID ) VALUES ( 
1271, 135, NULL, 'fps_first_block_seq_num', 'fps_first_block_seq_num', 12, 'N', 'long'
, 19, 'N', 'N', 1, 1); 
INSERT INTO TABLE_COLUMN ( TCL_ID, TBD_ID, ENT_ID, TCL_NAME, TCL_DISPLAY, TCL_ORDER_NO,
TCL_PRIMARY_KEY_FL, TCL_TYPE, TCL_LENGTH, TCL_MANDATORY_FL, TCL_DELETE_FL, TCL_VERSION_ID,
PTN_ID ) VALUES ( 
1272, 135, NULL, 'fps_last_block_seq_num', 'fps_last_block_seq_num', 13, 'N', 'long'
, 19, 'N', 'N', 1, 1); 
INSERT INTO TABLE_COLUMN ( TCL_ID, TBD_ID, ENT_ID, TCL_NAME, TCL_DISPLAY, TCL_ORDER_NO,
TCL_PRIMARY_KEY_FL, TCL_TYPE, TCL_LENGTH, TCL_MANDATORY_FL, TCL_DELETE_FL, TCL_VERSION_ID,
PTN_ID ) VALUES ( 
1273, 135, NULL, 'fps_delete_fl', 'fps_delete_fl', 14, 'N', 'bool', 1, 'Y', 'N', 1
, 1); 
INSERT INTO TABLE_COLUMN ( TCL_ID, TBD_ID, ENT_ID, TCL_NAME, TCL_DISPLAY, TCL_ORDER_NO,
TCL_PRIMARY_KEY_FL, TCL_TYPE, TCL_LENGTH, TCL_MANDATORY_FL, TCL_DELETE_FL, TCL_VERSION_ID,
PTN_ID ) VALUES ( 
1274, 135, NULL, 'fps_version_id', 'fps_version_id', 15, 'N', 'int', 10, 'Y', 'N'
, 1, 1); 
INSERT INTO TABLE_COLUMN ( TCL_ID, TBD_ID, ENT_ID, TCL_NAME, TCL_DISPLAY, TCL_ORDER_NO,
TCL_PRIMARY_KEY_FL, TCL_TYPE, TCL_LENGTH, TCL_MANDATORY_FL, TCL_DELETE_FL, TCL_VERSION_ID,
PTN_ID ) VALUES ( 
1275, 135, NULL, 'ptn_id', 'ptn_id', 16, 'N', 'int', 10, 'Y', 'N', 1, 1); 
INSERT INTO TABLE_COLUMN ( TCL_ID, TBD_ID, ENT_ID, TCL_NAME, TCL_DISPLAY, TCL_ORDER_NO,
TCL_PRIMARY_KEY_FL, TCL_TYPE, TCL_LENGTH, TCL_MANDATORY_FL, TCL_DELETE_FL, TCL_VERSION_ID,
PTN_ID ) VALUES ( 
1276, 136, NULL, 'dfc_id', 'dfc_id', 0, 'Y', 'int', 10, 'Y', 'N', 1, 1); 
INSERT INTO TABLE_COLUMN ( TCL_ID, TBD_ID, ENT_ID, TCL_NAME, TCL_DISPLAY, TCL_ORDER_NO,
TCL_PRIMARY_KEY_FL, TCL_TYPE, TCL_LENGTH, TCL_MANDATORY_FL, TCL_DELETE_FL, TCL_VERSION_ID,
PTN_ID ) VALUES ( 
1277, 136, NULL, 'dtf_id', 'dtf_id', 1, 'N', 'int', 10, 'Y', 'N', 1, 1); 
INSERT INTO TABLE_COLUMN ( TCL_ID, TBD_ID, ENT_ID, TCL_NAME, TCL_DISPLAY, TCL_ORDER_NO,
TCL_PRIMARY_KEY_FL, TCL_TYPE, TCL_LENGTH, TCL_MANDATORY_FL, TCL_DELETE_FL, TCL_VERSION_ID,
PTN_ID ) VALUES ( 
1278, 136, NULL, 'tcl_id', 'tcl_id', 2, 'N', 'int', 10, 'Y', 'N', 1, 1); 
INSERT INTO TABLE_COLUMN ( TCL_ID, TBD_ID, ENT_ID, TCL_NAME, TCL_DISPLAY, TCL_ORDER_NO,
TCL_PRIMARY_KEY_FL, TCL_TYPE, TCL_LENGTH, TCL_MANDATORY_FL, TCL_DELETE_FL, TCL_VERSION_ID,
PTN_ID ) VALUES ( 
1279, 136, NULL, 'dfc_label', 'dfc_label', 3, 'N', 'string', 255, 'Y', 'N', 1, 1); 
INSERT INTO TABLE_COLUMN ( TCL_ID, TBD_ID, ENT_ID, TCL_NAME, TCL_DISPLAY, TCL_ORDER_NO,
TCL_PRIMARY_KEY_FL, TCL_TYPE, TCL_LENGTH, TCL_MANDATORY_FL, TCL_DELETE_FL, TCL_VERSION_ID,
PTN_ID ) VALUES ( 
1280, 136, NULL, 'dfc_order_no', 'dfc_order_no', 4, 'N', 'int', 10, 'Y', 'N', 1, 1); 
INSERT INTO TABLE_COLUMN ( TCL_ID, TBD_ID, ENT_ID, TCL_NAME, TCL_DISPLAY, TCL_ORDER_NO,
TCL_PRIMARY_KEY_FL, TCL_TYPE, TCL_LENGTH, TCL_MANDATORY_FL, TCL_DELETE_FL, TCL_VERSION_ID,
PTN_ID ) VALUES ( 
1281, 136, NULL, 'dfc_visible_fl', 'dfc_visible_fl', 5, 'N', 'bool', 1, 'Y', 'N', 1
, 1); 
INSERT INTO TABLE_COLUMN ( TCL_ID, TBD_ID, ENT_ID, TCL_NAME, TCL_DISPLAY, TCL_ORDER_NO,
TCL_PRIMARY_KEY_FL, TCL_TYPE, TCL_LENGTH, TCL_MANDATORY_FL, TCL_DELETE_FL, TCL_VERSION_ID,
PTN_ID ) VALUES ( 
1282, 136, NULL, 'dfc_delete_fl', 'dfc_delete_fl', 6, 'N', 'bool', 1, 'Y', 'N', 1
, 1); 
INSERT INTO TABLE_COLUMN ( TCL_ID, TBD_ID, ENT_ID, TCL_NAME, TCL_DISPLAY, TCL_ORDER_NO,
TCL_PRIMARY_KEY_FL, TCL_TYPE, TCL_LENGTH, TCL_MANDATORY_FL, TCL_DELETE_FL, TCL_VERSION_ID,
PTN_ID ) VALUES ( 
1283, 136, NULL, 'dfc_version_id', 'dfc_version_id', 7, 'N', 'int', 10, 'Y', 'N', 1
, 1); 
INSERT INTO TABLE_COLUMN ( TCL_ID, TBD_ID, ENT_ID, TCL_NAME, TCL_DISPLAY, TCL_ORDER_NO,
TCL_PRIMARY_KEY_FL, TCL_TYPE, TCL_LENGTH, TCL_MANDATORY_FL, TCL_DELETE_FL, TCL_VERSION_ID,
PTN_ID ) VALUES ( 
1284, 136, NULL, 'ptn_id', 'ptn_id', 8, 'N', 'int', 10, 'Y', 'N', 1, 1); 
INSERT INTO TABLE_COLUMN ( TCL_ID, TBD_ID, ENT_ID, TCL_NAME, TCL_DISPLAY, TCL_ORDER_NO,
TCL_PRIMARY_KEY_FL, TCL_TYPE, TCL_LENGTH, TCL_MANDATORY_FL, TCL_DELETE_FL, TCL_VERSION_ID,
PTN_ID ) VALUES ( 
1285, 137, NULL, 'dsl_id', 'dsl_id', 0, 'Y', 'int', 10, 'Y', 'N', 1, 1); 
INSERT INTO TABLE_COLUMN ( TCL_ID, TBD_ID, ENT_ID, TCL_NAME, TCL_DISPLAY, TCL_ORDER_NO,
TCL_PRIMARY_KEY_FL, TCL_TYPE, TCL_LENGTH, TCL_MANDATORY_FL, TCL_DELETE_FL, TCL_VERSION_ID,
PTN_ID ) VALUES ( 
1286, 137, NULL, 'dsy_id', 'dsy_id', 1, 'N', 'int', 10, 'Y', 'N', 1, 1); 
INSERT INTO TABLE_COLUMN ( TCL_ID, TBD_ID, ENT_ID, TCL_NAME, TCL_DISPLAY, TCL_ORDER_NO,
TCL_PRIMARY_KEY_FL, TCL_TYPE, TCL_LENGTH, TCL_MANDATORY_FL, TCL_DELETE_FL, TCL_VERSION_ID,
PTN_ID ) VALUES ( 
1287, 137, NULL, 'pig_id', 'pig_id', 2, 'N', 'int', 10, 'Y', 'N', 1, 1); 
INSERT INTO TABLE_COLUMN ( TCL_ID, TBD_ID, ENT_ID, TCL_NAME, TCL_DISPLAY, TCL_ORDER_NO,
TCL_PRIMARY_KEY_FL, TCL_TYPE, TCL_LENGTH, TCL_MANDATORY_FL, TCL_DELETE_FL, TCL_VERSION_ID,
PTN_ID ) VALUES ( 
1288, 137, NULL, 'dsl_name', 'dsl_name', 3, 'N', 'string', 255, 'Y', 'N', 1, 1); 
INSERT INTO TABLE_COLUMN ( TCL_ID, TBD_ID, ENT_ID, TCL_NAME, TCL_DISPLAY, TCL_ORDER_NO,
TCL_PRIMARY_KEY_FL, TCL_TYPE, TCL_LENGTH, TCL_MANDATORY_FL, TCL_DELETE_FL, TCL_VERSION_ID,
PTN_ID ) VALUES ( 
1289, 137, NULL, 'dsl_delete_fl', 'dsl_delete_fl', 4, 'N', 'bool', 1, 'Y', 'N', 1
, 1); 
INSERT INTO TABLE_COLUMN ( TCL_ID, TBD_ID, ENT_ID, TCL_NAME, TCL_DISPLAY, TCL_ORDER_NO,
TCL_PRIMARY_KEY_FL, TCL_TYPE, TCL_LENGTH, TCL_MANDATORY_FL, TCL_DELETE_FL, TCL_VERSION_ID,
PTN_ID ) VALUES ( 
1290, 137, NULL, 'dsl_version_id', 'dsl_version_id', 5, 'N', 'int', 10, 'Y', 'N', 1
, 1); 
INSERT INTO TABLE_COLUMN ( TCL_ID, TBD_ID, ENT_ID, TCL_NAME, TCL_DISPLAY, TCL_ORDER_NO,
TCL_PRIMARY_KEY_FL, TCL_TYPE, TCL_LENGTH, TCL_MANDATORY_FL, TCL_DELETE_FL, TCL_VERSION_ID,
PTN_ID ) VALUES ( 
1291, 137, NULL, 'ptn_id', 'ptn_id', 6, 'N', 'int', 10, 'Y', 'N', 1, 1); 
INSERT INTO TABLE_COLUMN ( TCL_ID, TBD_ID, ENT_ID, TCL_NAME, TCL_DISPLAY, TCL_ORDER_NO,
TCL_PRIMARY_KEY_FL, TCL_TYPE, TCL_LENGTH, TCL_MANDATORY_FL, TCL_DELETE_FL, TCL_VERSION_ID,
PTN_ID ) VALUES ( 
1292, 138, NULL, 'eav_id', 'eav_id', 0, 'Y', 'int', 10, 'Y', 'N', 1, 1); 
INSERT INTO TABLE_COLUMN ( TCL_ID, TBD_ID, ENT_ID, TCL_NAME, TCL_DISPLAY, TCL_ORDER_NO,
TCL_PRIMARY_KEY_FL, TCL_TYPE, TCL_LENGTH, TCL_MANDATORY_FL, TCL_DELETE_FL, TCL_VERSION_ID,
PTN_ID ) VALUES ( 
1293, 138, NULL, 'ead_id', 'ead_id', 1, 'N', 'int', 10, 'Y', 'N', 1, 1); 
INSERT INTO TABLE_COLUMN ( TCL_ID, TBD_ID, ENT_ID, TCL_NAME, TCL_DISPLAY, TCL_ORDER_NO,
TCL_PRIMARY_KEY_FL, TCL_TYPE, TCL_LENGTH, TCL_MANDATORY_FL, TCL_DELETE_FL, TCL_VERSION_ID,
PTN_ID ) VALUES ( 
1294, 138, NULL, 'eav_object_pk', 'eav_object_pk', 2, 'N', 'int', 10, 'Y', 'N', 1
, 1); 
INSERT INTO TABLE_COLUMN ( TCL_ID, TBD_ID, ENT_ID, TCL_NAME, TCL_DISPLAY, TCL_ORDER_NO,
TCL_PRIMARY_KEY_FL, TCL_TYPE, TCL_LENGTH, TCL_MANDATORY_FL, TCL_DELETE_FL, TCL_VERSION_ID,
PTN_ID ) VALUES ( 
1295, 138, NULL, 'eav_value', 'eav_value', 3, 'N', 'string', 255, 'N', 'N', 1, 1); 
INSERT INTO TABLE_COLUMN ( TCL_ID, TBD_ID, ENT_ID, TCL_NAME, TCL_DISPLAY, TCL_ORDER_NO,
TCL_PRIMARY_KEY_FL, TCL_TYPE, TCL_LENGTH, TCL_MANDATORY_FL, TCL_DELETE_FL, TCL_VERSION_ID,
PTN_ID ) VALUES ( 
1296, 138, NULL, 'eav_delete_fl', 'eav_delete_fl', 4, 'N', 'bool', 1, 'Y', 'N', 1
, 1); 
INSERT INTO TABLE_COLUMN ( TCL_ID, TBD_ID, ENT_ID, TCL_NAME, TCL_DISPLAY, TCL_ORDER_NO,
TCL_PRIMARY_KEY_FL, TCL_TYPE, TCL_LENGTH, TCL_MANDATORY_FL, TCL_DELETE_FL, TCL_VERSION_ID,
PTN_ID ) VALUES ( 
1297, 138, NULL, 'eav_version_id', 'eav_version_id', 5, 'N', 'int', 10, 'Y', 'N', 1
, 1); 
INSERT INTO TABLE_COLUMN ( TCL_ID, TBD_ID, ENT_ID, TCL_NAME, TCL_DISPLAY, TCL_ORDER_NO,
TCL_PRIMARY_KEY_FL, TCL_TYPE, TCL_LENGTH, TCL_MANDATORY_FL, TCL_DELETE_FL, TCL_VERSION_ID,
PTN_ID ) VALUES ( 
1298, 138, NULL, 'ptn_id', 'ptn_id', 6, 'N', 'int', 10, 'Y', 'N', 1, 1); 
INSERT INTO TABLE_COLUMN ( TCL_ID, TBD_ID, ENT_ID, TCL_NAME, TCL_DISPLAY, TCL_ORDER_NO,
TCL_PRIMARY_KEY_FL, TCL_TYPE, TCL_LENGTH, TCL_MANDATORY_FL, TCL_DELETE_FL, TCL_VERSION_ID,
PTN_ID ) VALUES ( 
1299, 139, NULL, 'grc_id', 'grc_id', 0, 'Y', 'int', 10, 'Y', 'N', 1, 1); 
INSERT INTO TABLE_COLUMN ( TCL_ID, TBD_ID, ENT_ID, TCL_NAME, TCL_DISPLAY, TCL_ORDER_NO,
TCL_PRIMARY_KEY_FL, TCL_TYPE, TCL_LENGTH, TCL_MANDATORY_FL, TCL_DELETE_FL, TCL_VERSION_ID,
PTN_ID ) VALUES ( 
1300, 139, NULL, 'grd_id', 'grd_id', 1, 'N', 'int', 10, 'Y', 'N', 1, 1); 
INSERT INTO TABLE_COLUMN ( TCL_ID, TBD_ID, ENT_ID, TCL_NAME, TCL_DISPLAY, TCL_ORDER_NO,
TCL_PRIMARY_KEY_FL, TCL_TYPE, TCL_LENGTH, TCL_MANDATORY_FL, TCL_DELETE_FL, TCL_VERSION_ID,
PTN_ID ) VALUES ( 
1301, 139, NULL, 'grc_label', 'grc_label', 2, 'N', 'string', 255, 'N', 'N', 1, 1); 
INSERT INTO TABLE_COLUMN ( TCL_ID, TBD_ID, ENT_ID, TCL_NAME, TCL_DISPLAY, TCL_ORDER_NO,
TCL_PRIMARY_KEY_FL, TCL_TYPE, TCL_LENGTH, TCL_MANDATORY_FL, TCL_DELETE_FL, TCL_VERSION_ID,
PTN_ID ) VALUES ( 
1302, 139, NULL, 'grc_order_no', 'grc_order_no', 3, 'N', 'int', 10, 'Y', 'N', 1, 1); 
INSERT INTO TABLE_COLUMN ( TCL_ID, TBD_ID, ENT_ID, TCL_NAME, TCL_DISPLAY, TCL_ORDER_NO,
TCL_PRIMARY_KEY_FL, TCL_TYPE, TCL_LENGTH, TCL_MANDATORY_FL, TCL_DELETE_FL, TCL_VERSION_ID,
PTN_ID ) VALUES ( 
1303, 139, NULL, 'grc_type', 'grc_type', 4, 'N', 'string', 255, 'Y', 'N', 1, 1); 
INSERT INTO TABLE_COLUMN ( TCL_ID, TBD_ID, ENT_ID, TCL_NAME, TCL_DISPLAY, TCL_ORDER_NO,
TCL_PRIMARY_KEY_FL, TCL_TYPE, TCL_LENGTH, TCL_MANDATORY_FL, TCL_DELETE_FL, TCL_VERSION_ID,
PTN_ID ) VALUES ( 
1304, 139, NULL, 'grc_visible_fl', 'grc_visible_fl', 5, 'N', 'bool', 1, 'Y', 'N', 1
, 1); 
INSERT INTO TABLE_COLUMN ( TCL_ID, TBD_ID, ENT_ID, TCL_NAME, TCL_DISPLAY, TCL_ORDER_NO,
TCL_PRIMARY_KEY_FL, TCL_TYPE, TCL_LENGTH, TCL_MANDATORY_FL, TCL_DELETE_FL, TCL_VERSION_ID,
PTN_ID ) VALUES ( 
1305, 139, NULL, 'grc_sort', 'grc_sort', 6, 'N', 'string', 255, 'Y', 'N', 1, 1); 
INSERT INTO TABLE_COLUMN ( TCL_ID, TBD_ID, ENT_ID, TCL_NAME, TCL_DISPLAY, TCL_ORDER_NO,
TCL_PRIMARY_KEY_FL, TCL_TYPE, TCL_LENGTH, TCL_MANDATORY_FL, TCL_DELETE_FL, TCL_VERSION_ID,
PTN_ID ) VALUES ( 
1306, 139, NULL, 'grc_text_align', 'grc_text_align', 7, 'N', 'string', 255, 'Y', 'N'
, 1, 1); 
INSERT INTO TABLE_COLUMN ( TCL_ID, TBD_ID, ENT_ID, TCL_NAME, TCL_DISPLAY, TCL_ORDER_NO,
TCL_PRIMARY_KEY_FL, TCL_TYPE, TCL_LENGTH, TCL_MANDATORY_FL, TCL_DELETE_FL, TCL_VERSION_ID,
PTN_ID ) VALUES ( 
1307, 139, NULL, 'grc_data_property', 'grc_data_property', 8, 'N', 'string', 255, 'Y'
, 'N', 1, 1); 
INSERT INTO TABLE_COLUMN ( TCL_ID, TBD_ID, ENT_ID, TCL_NAME, TCL_DISPLAY, TCL_ORDER_NO,
TCL_PRIMARY_KEY_FL, TCL_TYPE, TCL_LENGTH, TCL_MANDATORY_FL, TCL_DELETE_FL, TCL_VERSION_ID,
PTN_ID ) VALUES ( 
1308, 139, NULL, 'grc_null_display', 'grc_null_display', 9, 'N', 'string', 255, 'N'
, 'N', 1, 1); 
INSERT INTO TABLE_COLUMN ( TCL_ID, TBD_ID, ENT_ID, TCL_NAME, TCL_DISPLAY, TCL_ORDER_NO,
TCL_PRIMARY_KEY_FL, TCL_TYPE, TCL_LENGTH, TCL_MANDATORY_FL, TCL_DELETE_FL, TCL_VERSION_ID,
PTN_ID ) VALUES ( 
1309, 139, NULL, 'grc_delete_fl', 'grc_delete_fl', 10, 'N', 'bool', 1, 'Y', 'N', 1
, 1); 
INSERT INTO TABLE_COLUMN ( TCL_ID, TBD_ID, ENT_ID, TCL_NAME, TCL_DISPLAY, TCL_ORDER_NO,
TCL_PRIMARY_KEY_FL, TCL_TYPE, TCL_LENGTH, TCL_MANDATORY_FL, TCL_DELETE_FL, TCL_VERSION_ID,
PTN_ID ) VALUES ( 
1310, 139, NULL, 'grc_version_id', 'grc_version_id', 11, 'N', 'int', 10, 'Y', 'N'
, 1, 1); 
INSERT INTO TABLE_COLUMN ( TCL_ID, TBD_ID, ENT_ID, TCL_NAME, TCL_DISPLAY, TCL_ORDER_NO,
TCL_PRIMARY_KEY_FL, TCL_TYPE, TCL_LENGTH, TCL_MANDATORY_FL, TCL_DELETE_FL, TCL_VERSION_ID,
PTN_ID ) VALUES ( 
1311, 139, NULL, 'ptn_id', 'ptn_id', 12, 'N', 'int', 10, 'Y', 'N', 1, 1); 
INSERT INTO TABLE_COLUMN ( TCL_ID, TBD_ID, ENT_ID, TCL_NAME, TCL_DISPLAY, TCL_ORDER_NO,
TCL_PRIMARY_KEY_FL, TCL_TYPE, TCL_LENGTH, TCL_MANDATORY_FL, TCL_DELETE_FL, TCL_VERSION_ID,
PTN_ID ) VALUES ( 
1312, 140, NULL, 'dbd_id', 'dbd_id', 0, 'Y', 'int', 10, 'Y', 'N', 1, 1); 
INSERT INTO TABLE_COLUMN ( TCL_ID, TBD_ID, ENT_ID, TCL_NAME, TCL_DISPLAY, TCL_ORDER_NO,
TCL_PRIMARY_KEY_FL, TCL_TYPE, TCL_LENGTH, TCL_MANDATORY_FL, TCL_DELETE_FL, TCL_VERSION_ID,
PTN_ID ) VALUES ( 
1313, 140, NULL, 'lyt_id', 'lyt_id', 1, 'N', 'int', 10, 'Y', 'N', 1, 1); 
INSERT INTO TABLE_COLUMN ( TCL_ID, TBD_ID, ENT_ID, TCL_NAME, TCL_DISPLAY, TCL_ORDER_NO,
TCL_PRIMARY_KEY_FL, TCL_TYPE, TCL_LENGTH, TCL_MANDATORY_FL, TCL_DELETE_FL, TCL_VERSION_ID,
PTN_ID ) VALUES ( 
1314, 140, NULL, 'dbd_name', 'dbd_name', 2, 'N', 'string', 255, 'Y', 'N', 1, 1); 
INSERT INTO TABLE_COLUMN ( TCL_ID, TBD_ID, ENT_ID, TCL_NAME, TCL_DISPLAY, TCL_ORDER_NO,
TCL_PRIMARY_KEY_FL, TCL_TYPE, TCL_LENGTH, TCL_MANDATORY_FL, TCL_DELETE_FL, TCL_VERSION_ID,
PTN_ID ) VALUES ( 
1315, 140, NULL, 'dbd_refresh_interval', 'dbd_refresh_interval', 3, 'N', 'int', 10
, 'N', 'N', 1, 1); 
INSERT INTO TABLE_COLUMN ( TCL_ID, TBD_ID, ENT_ID, TCL_NAME, TCL_DISPLAY, TCL_ORDER_NO,
TCL_PRIMARY_KEY_FL, TCL_TYPE, TCL_LENGTH, TCL_MANDATORY_FL, TCL_DELETE_FL, TCL_VERSION_ID,
PTN_ID ) VALUES ( 
1316, 140, NULL, 'dbd_description', 'dbd_description', 4, 'N', 'string', 255, 'N'
, 'N', 1, 1); 
INSERT INTO TABLE_COLUMN ( TCL_ID, TBD_ID, ENT_ID, TCL_NAME, TCL_DISPLAY, TCL_ORDER_NO,
TCL_PRIMARY_KEY_FL, TCL_TYPE, TCL_LENGTH, TCL_MANDATORY_FL, TCL_DELETE_FL, TCL_VERSION_ID,
PTN_ID ) VALUES ( 
1317, 140, NULL, 'dbd_favourite_fl', 'dbd_favourite_fl', 5, 'N', 'bool', 1, 'Y', 'N'
, 1, 1); 
INSERT INTO TABLE_COLUMN ( TCL_ID, TBD_ID, ENT_ID, TCL_NAME, TCL_DISPLAY, TCL_ORDER_NO,
TCL_PRIMARY_KEY_FL, TCL_TYPE, TCL_LENGTH, TCL_MANDATORY_FL, TCL_DELETE_FL, TCL_VERSION_ID,
PTN_ID ) VALUES ( 
1318, 140, NULL, 'dbd_delete_fl', 'dbd_delete_fl', 6, 'N', 'bool', 1, 'Y', 'N', 1
, 1); 
INSERT INTO TABLE_COLUMN ( TCL_ID, TBD_ID, ENT_ID, TCL_NAME, TCL_DISPLAY, TCL_ORDER_NO,
TCL_PRIMARY_KEY_FL, TCL_TYPE, TCL_LENGTH, TCL_MANDATORY_FL, TCL_DELETE_FL, TCL_VERSION_ID,
PTN_ID ) VALUES ( 
1319, 140, NULL, 'dbd_version_id', 'dbd_version_id', 7, 'N', 'int', 10, 'Y', 'N', 1
, 1); 
INSERT INTO TABLE_COLUMN ( TCL_ID, TBD_ID, ENT_ID, TCL_NAME, TCL_DISPLAY, TCL_ORDER_NO,
TCL_PRIMARY_KEY_FL, TCL_TYPE, TCL_LENGTH, TCL_MANDATORY_FL, TCL_DELETE_FL, TCL_VERSION_ID,
PTN_ID ) VALUES ( 
1320, 140, NULL, 'ptn_id', 'ptn_id', 8, 'N', 'int', 10, 'Y', 'N', 1, 1); 
INSERT INTO TABLE_COLUMN ( TCL_ID, TBD_ID, ENT_ID, TCL_NAME, TCL_DISPLAY, TCL_ORDER_NO,
TCL_PRIMARY_KEY_FL, TCL_TYPE, TCL_LENGTH, TCL_MANDATORY_FL, TCL_DELETE_FL, TCL_VERSION_ID,
PTN_ID ) VALUES ( 
1321, 141, NULL, 'ptn_id', 'ptn_id', 0, 'Y', 'int', 10, 'Y', 'N', 1, 1); 
INSERT INTO TABLE_COLUMN ( TCL_ID, TBD_ID, ENT_ID, TCL_NAME, TCL_DISPLAY, TCL_ORDER_NO,
TCL_PRIMARY_KEY_FL, TCL_TYPE, TCL_LENGTH, TCL_MANDATORY_FL, TCL_DELETE_FL, TCL_VERSION_ID,
PTN_ID ) VALUES ( 
1322, 141, NULL, 'ptn_name', 'ptn_name', 1, 'N', 'string', 255, 'Y', 'N', 1, 1); 
INSERT INTO TABLE_COLUMN ( TCL_ID, TBD_ID, ENT_ID, TCL_NAME, TCL_DISPLAY, TCL_ORDER_NO,
TCL_PRIMARY_KEY_FL, TCL_TYPE, TCL_LENGTH, TCL_MANDATORY_FL, TCL_DELETE_FL, TCL_VERSION_ID,
PTN_ID ) VALUES ( 
1323, 141, NULL, 'ptn_delete_fl', 'ptn_delete_fl', 2, 'N', 'bool', 1, 'Y', 'N', 1
, 1); 
INSERT INTO TABLE_COLUMN ( TCL_ID, TBD_ID, ENT_ID, TCL_NAME, TCL_DISPLAY, TCL_ORDER_NO,
TCL_PRIMARY_KEY_FL, TCL_TYPE, TCL_LENGTH, TCL_MANDATORY_FL, TCL_DELETE_FL, TCL_VERSION_ID,
PTN_ID ) VALUES ( 
1324, 141, NULL, 'ptn_version_id', 'ptn_version_id', 3, 'N', 'int', 10, 'Y', 'N', 1
, 1); 
INSERT INTO TABLE_COLUMN ( TCL_ID, TBD_ID, ENT_ID, TCL_NAME, TCL_DISPLAY, TCL_ORDER_NO,
TCL_PRIMARY_KEY_FL, TCL_TYPE, TCL_LENGTH, TCL_MANDATORY_FL, TCL_DELETE_FL, TCL_VERSION_ID,
PTN_ID ) VALUES ( 
1325, 142, NULL, 'srm_id', 'srm_id', 0, 'Y', 'int', 10, 'Y', 'N', 1, 1); 
INSERT INTO TABLE_COLUMN ( TCL_ID, TBD_ID, ENT_ID, TCL_NAME, TCL_DISPLAY, TCL_ORDER_NO,
TCL_PRIMARY_KEY_FL, TCL_TYPE, TCL_LENGTH, TCL_MANDATORY_FL, TCL_DELETE_FL, TCL_VERSION_ID,
PTN_ID ) VALUES ( 
1326, 142, NULL, 'srs_id', 'srs_id', 1, 'N', 'int', 10, 'Y', 'N', 1, 1); 
INSERT INTO TABLE_COLUMN ( TCL_ID, TBD_ID, ENT_ID, TCL_NAME, TCL_DISPLAY, TCL_ORDER_NO,
TCL_PRIMARY_KEY_FL, TCL_TYPE, TCL_LENGTH, TCL_MANDATORY_FL, TCL_DELETE_FL, TCL_VERSION_ID,
PTN_ID ) VALUES ( 
1327, 142, NULL, 'srl_id', 'srl_id', 2, 'N', 'int', 10, 'Y', 'N', 1, 1); 
INSERT INTO TABLE_COLUMN ( TCL_ID, TBD_ID, ENT_ID, TCL_NAME, TCL_DISPLAY, TCL_ORDER_NO,
TCL_PRIMARY_KEY_FL, TCL_TYPE, TCL_LENGTH, TCL_MANDATORY_FL, TCL_DELETE_FL, TCL_VERSION_ID,
PTN_ID ) VALUES ( 
1328, 142, NULL, 'srm_match_string', 'srm_match_string', 3, 'N', 'string', 255, 'N'
, 'N', 1, 1); 
INSERT INTO TABLE_COLUMN ( TCL_ID, TBD_ID, ENT_ID, TCL_NAME, TCL_DISPLAY, TCL_ORDER_NO,
TCL_PRIMARY_KEY_FL, TCL_TYPE, TCL_LENGTH, TCL_MANDATORY_FL, TCL_DELETE_FL, TCL_VERSION_ID,
PTN_ID ) VALUES ( 
1329, 142, NULL, 'srm_delete_fl', 'srm_delete_fl', 4, 'N', 'bool', 1, 'Y', 'N', 1
, 1); 
INSERT INTO TABLE_COLUMN ( TCL_ID, TBD_ID, ENT_ID, TCL_NAME, TCL_DISPLAY, TCL_ORDER_NO,
TCL_PRIMARY_KEY_FL, TCL_TYPE, TCL_LENGTH, TCL_MANDATORY_FL, TCL_DELETE_FL, TCL_VERSION_ID,
PTN_ID ) VALUES ( 
1330, 142, NULL, 'srm_version_id', 'srm_version_id', 5, 'N', 'int', 10, 'Y', 'N', 1
, 1); 
INSERT INTO TABLE_COLUMN ( TCL_ID, TBD_ID, ENT_ID, TCL_NAME, TCL_DISPLAY, TCL_ORDER_NO,
TCL_PRIMARY_KEY_FL, TCL_TYPE, TCL_LENGTH, TCL_MANDATORY_FL, TCL_DELETE_FL, TCL_VERSION_ID,
PTN_ID ) VALUES ( 
1331, 142, NULL, 'ptn_id', 'ptn_id', 6, 'N', 'int', 10, 'Y', 'N', 1, 1); 
INSERT INTO TABLE_COLUMN ( TCL_ID, TBD_ID, ENT_ID, TCL_NAME, TCL_DISPLAY, TCL_ORDER_NO,
TCL_PRIMARY_KEY_FL, TCL_TYPE, TCL_LENGTH, TCL_MANDATORY_FL, TCL_DELETE_FL, TCL_VERSION_ID,
PTN_ID ) VALUES ( 
1332, 143, NULL, 'igp_id', 'igp_id', 0, 'Y', 'int', 10, 'Y', 'N', 1, 1); 
INSERT INTO TABLE_COLUMN ( TCL_ID, TBD_ID, ENT_ID, TCL_NAME, TCL_DISPLAY, TCL_ORDER_NO,
TCL_PRIMARY_KEY_FL, TCL_TYPE, TCL_LENGTH, TCL_MANDATORY_FL, TCL_DELETE_FL, TCL_VERSION_ID,
PTN_ID ) VALUES ( 
1333, 143, NULL, 'igp_name', 'igp_name', 1, 'N', 'string', 255, 'Y', 'N', 1, 1); 
INSERT INTO TABLE_COLUMN ( TCL_ID, TBD_ID, ENT_ID, TCL_NAME, TCL_DISPLAY, TCL_ORDER_NO,
TCL_PRIMARY_KEY_FL, TCL_TYPE, TCL_LENGTH, TCL_MANDATORY_FL, TCL_DELETE_FL, TCL_VERSION_ID,
PTN_ID ) VALUES ( 
1334, 143, NULL, 'igp_delete_fl', 'igp_delete_fl', 2, 'N', 'bool', 1, 'Y', 'N', 1
, 1); 
INSERT INTO TABLE_COLUMN ( TCL_ID, TBD_ID, ENT_ID, TCL_NAME, TCL_DISPLAY, TCL_ORDER_NO,
TCL_PRIMARY_KEY_FL, TCL_TYPE, TCL_LENGTH, TCL_MANDATORY_FL, TCL_DELETE_FL, TCL_VERSION_ID,
PTN_ID ) VALUES ( 
1335, 143, NULL, 'igp_version_id', 'igp_version_id', 3, 'N', 'int', 10, 'Y', 'N', 1
, 1); 
INSERT INTO TABLE_COLUMN ( TCL_ID, TBD_ID, ENT_ID, TCL_NAME, TCL_DISPLAY, TCL_ORDER_NO,
TCL_PRIMARY_KEY_FL, TCL_TYPE, TCL_LENGTH, TCL_MANDATORY_FL, TCL_DELETE_FL, TCL_VERSION_ID,
PTN_ID ) VALUES ( 
1336, 143, NULL, 'ptn_id', 'ptn_id', 4, 'N', 'int', 10, 'Y', 'N', 1, 1); 
INSERT INTO TABLE_COLUMN ( TCL_ID, TBD_ID, ENT_ID, TCL_NAME, TCL_DISPLAY, TCL_ORDER_NO,
TCL_PRIMARY_KEY_FL, TCL_TYPE, TCL_LENGTH, TCL_MANDATORY_FL, TCL_DELETE_FL, TCL_VERSION_ID,
PTN_ID ) VALUES ( 
1337, 144, NULL, 'dsy_id', 'dsy_id', 0, 'Y', 'int', 10, 'Y', 'N', 1, 1); 
INSERT INTO TABLE_COLUMN ( TCL_ID, TBD_ID, ENT_ID, TCL_NAME, TCL_DISPLAY, TCL_ORDER_NO,
TCL_PRIMARY_KEY_FL, TCL_TYPE, TCL_LENGTH, TCL_MANDATORY_FL, TCL_DELETE_FL, TCL_VERSION_ID,
PTN_ID ) VALUES ( 
1338, 144, NULL, 'cmp_id', 'cmp_id', 1, 'N', 'int', 10, 'Y', 'N', 1, 1); 
INSERT INTO TABLE_COLUMN ( TCL_ID, TBD_ID, ENT_ID, TCL_NAME, TCL_DISPLAY, TCL_ORDER_NO,
TCL_PRIMARY_KEY_FL, TCL_TYPE, TCL_LENGTH, TCL_MANDATORY_FL, TCL_DELETE_FL, TCL_VERSION_ID,
PTN_ID ) VALUES ( 
1339, 144, NULL, 'pig_id', 'pig_id', 2, 'N', 'int', 10, 'Y', 'N', 1, 1); 
INSERT INTO TABLE_COLUMN ( TCL_ID, TBD_ID, ENT_ID, TCL_NAME, TCL_DISPLAY, TCL_ORDER_NO,
TCL_PRIMARY_KEY_FL, TCL_TYPE, TCL_LENGTH, TCL_MANDATORY_FL, TCL_DELETE_FL, TCL_VERSION_ID,
PTN_ID ) VALUES ( 
1340, 144, NULL, 'dsy_name', 'dsy_name', 3, 'N', 'string', 255, 'Y', 'N', 1, 1); 
INSERT INTO TABLE_COLUMN ( TCL_ID, TBD_ID, ENT_ID, TCL_NAME, TCL_DISPLAY, TCL_ORDER_NO,
TCL_PRIMARY_KEY_FL, TCL_TYPE, TCL_LENGTH, TCL_MANDATORY_FL, TCL_DELETE_FL, TCL_VERSION_ID,
PTN_ID ) VALUES ( 
1341, 144, NULL, 'dsy_delete_fl', 'dsy_delete_fl', 4, 'N', 'bool', 1, 'Y', 'N', 1
, 1); 
INSERT INTO TABLE_COLUMN ( TCL_ID, TBD_ID, ENT_ID, TCL_NAME, TCL_DISPLAY, TCL_ORDER_NO,
TCL_PRIMARY_KEY_FL, TCL_TYPE, TCL_LENGTH, TCL_MANDATORY_FL, TCL_DELETE_FL, TCL_VERSION_ID,
PTN_ID ) VALUES ( 
1342, 144, NULL, 'dsy_version_id', 'dsy_version_id', 5, 'N', 'int', 10, 'Y', 'N', 1
, 1); 
INSERT INTO TABLE_COLUMN ( TCL_ID, TBD_ID, ENT_ID, TCL_NAME, TCL_DISPLAY, TCL_ORDER_NO,
TCL_PRIMARY_KEY_FL, TCL_TYPE, TCL_LENGTH, TCL_MANDATORY_FL, TCL_DELETE_FL, TCL_VERSION_ID,
PTN_ID ) VALUES ( 
1343, 144, NULL, 'ptn_id', 'ptn_id', 6, 'N', 'int', 10, 'Y', 'N', 1, 1); 
INSERT INTO TABLE_COLUMN ( TCL_ID, TBD_ID, ENT_ID, TCL_NAME, TCL_DISPLAY, TCL_ORDER_NO,
TCL_PRIMARY_KEY_FL, TCL_TYPE, TCL_LENGTH, TCL_MANDATORY_FL, TCL_DELETE_FL, TCL_VERSION_ID,
PTN_ID ) VALUES ( 
1344, 145, NULL, 'aul_id', 'aul_id', 0, 'Y', 'int', 10, 'Y', 'N', 1, 1); 
INSERT INTO TABLE_COLUMN ( TCL_ID, TBD_ID, ENT_ID, TCL_NAME, TCL_DISPLAY, TCL_ORDER_NO,
TCL_PRIMARY_KEY_FL, TCL_TYPE, TCL_LENGTH, TCL_MANDATORY_FL, TCL_DELETE_FL, TCL_VERSION_ID,
PTN_ID ) VALUES ( 
1345, 145, NULL, 'ent_id', 'ent_id', 1, 'N', 'int', 10, 'Y', 'N', 1, 1); 
INSERT INTO TABLE_COLUMN ( TCL_ID, TBD_ID, ENT_ID, TCL_NAME, TCL_DISPLAY, TCL_ORDER_NO,
TCL_PRIMARY_KEY_FL, TCL_TYPE, TCL_LENGTH, TCL_MANDATORY_FL, TCL_DELETE_FL, TCL_VERSION_ID,
PTN_ID ) VALUES ( 
1346, 145, NULL, 'aul_level', 'aul_level', 2, 'N', 'int', 10, 'Y', 'N', 1, 1); 
INSERT INTO TABLE_COLUMN ( TCL_ID, TBD_ID, ENT_ID, TCL_NAME, TCL_DISPLAY, TCL_ORDER_NO,
TCL_PRIMARY_KEY_FL, TCL_TYPE, TCL_LENGTH, TCL_MANDATORY_FL, TCL_DELETE_FL, TCL_VERSION_ID,
PTN_ID ) VALUES ( 
1347, 145, NULL, 'aul_delete_fl', 'aul_delete_fl', 3, 'N', 'bool', 1, 'Y', 'N', 1
, 1); 
INSERT INTO TABLE_COLUMN ( TCL_ID, TBD_ID, ENT_ID, TCL_NAME, TCL_DISPLAY, TCL_ORDER_NO,
TCL_PRIMARY_KEY_FL, TCL_TYPE, TCL_LENGTH, TCL_MANDATORY_FL, TCL_DELETE_FL, TCL_VERSION_ID,
PTN_ID ) VALUES ( 
1348, 145, NULL, 'aul_version_id', 'aul_version_id', 4, 'N', 'int', 10, 'Y', 'N', 1
, 1); 
INSERT INTO TABLE_COLUMN ( TCL_ID, TBD_ID, ENT_ID, TCL_NAME, TCL_DISPLAY, TCL_ORDER_NO,
TCL_PRIMARY_KEY_FL, TCL_TYPE, TCL_LENGTH, TCL_MANDATORY_FL, TCL_DELETE_FL, TCL_VERSION_ID,
PTN_ID ) VALUES ( 
1349, 145, NULL, 'ptn_id', 'ptn_id', 5, 'N', 'int', 10, 'Y', 'N', 1, 1); 
INSERT INTO TABLE_COLUMN ( TCL_ID, TBD_ID, ENT_ID, TCL_NAME, TCL_DISPLAY, TCL_ORDER_NO,
TCL_PRIMARY_KEY_FL, TCL_TYPE, TCL_LENGTH, TCL_MANDATORY_FL, TCL_DELETE_FL, TCL_VERSION_ID,
PTN_ID ) VALUES ( 
1350, 146, NULL, 'lsi_id', 'lsi_id', 0, 'Y', 'int', 10, 'Y', 'N', 1, 1); 
INSERT INTO TABLE_COLUMN ( TCL_ID, TBD_ID, ENT_ID, TCL_NAME, TCL_DISPLAY, TCL_ORDER_NO,
TCL_PRIMARY_KEY_FL, TCL_TYPE, TCL_LENGTH, TCL_MANDATORY_FL, TCL_DELETE_FL, TCL_VERSION_ID,
PTN_ID ) VALUES ( 
1351, 146, NULL, 'lst_id', 'lst_id', 1, 'N', 'int', 10, 'Y', 'N', 1, 1); 
INSERT INTO TABLE_COLUMN ( TCL_ID, TBD_ID, ENT_ID, TCL_NAME, TCL_DISPLAY, TCL_ORDER_NO,
TCL_PRIMARY_KEY_FL, TCL_TYPE, TCL_LENGTH, TCL_MANDATORY_FL, TCL_DELETE_FL, TCL_VERSION_ID,
PTN_ID ) VALUES ( 
1352, 146, NULL, 'lsi_order_no', 'lsi_order_no', 2, 'N', 'int', 10, 'Y', 'N', 1, 1); 
INSERT INTO TABLE_COLUMN ( TCL_ID, TBD_ID, ENT_ID, TCL_NAME, TCL_DISPLAY, TCL_ORDER_NO,
TCL_PRIMARY_KEY_FL, TCL_TYPE, TCL_LENGTH, TCL_MANDATORY_FL, TCL_DELETE_FL, TCL_VERSION_ID,
PTN_ID ) VALUES ( 
1353, 146, NULL, 'lsi_string', 'lsi_string', 3, 'N', 'string', 255, 'Y', 'N', 1, 1); 
INSERT INTO TABLE_COLUMN ( TCL_ID, TBD_ID, ENT_ID, TCL_NAME, TCL_DISPLAY, TCL_ORDER_NO,
TCL_PRIMARY_KEY_FL, TCL_TYPE, TCL_LENGTH, TCL_MANDATORY_FL, TCL_DELETE_FL, TCL_VERSION_ID,
PTN_ID ) VALUES ( 
1354, 146, NULL, 'lsi_delete_fl', 'lsi_delete_fl', 4, 'N', 'bool', 1, 'Y', 'N', 1
, 1); 
INSERT INTO TABLE_COLUMN ( TCL_ID, TBD_ID, ENT_ID, TCL_NAME, TCL_DISPLAY, TCL_ORDER_NO,
TCL_PRIMARY_KEY_FL, TCL_TYPE, TCL_LENGTH, TCL_MANDATORY_FL, TCL_DELETE_FL, TCL_VERSION_ID,
PTN_ID ) VALUES ( 
1355, 146, NULL, 'lsi_version_id', 'lsi_version_id', 5, 'N', 'int', 10, 'Y', 'N', 1
, 1); 
INSERT INTO TABLE_COLUMN ( TCL_ID, TBD_ID, ENT_ID, TCL_NAME, TCL_DISPLAY, TCL_ORDER_NO,
TCL_PRIMARY_KEY_FL, TCL_TYPE, TCL_LENGTH, TCL_MANDATORY_FL, TCL_DELETE_FL, TCL_VERSION_ID,
PTN_ID ) VALUES ( 
1356, 146, NULL, 'ptn_id', 'ptn_id', 6, 'N', 'int', 10, 'Y', 'N', 1, 1); 
INSERT INTO TABLE_COLUMN ( TCL_ID, TBD_ID, ENT_ID, TCL_NAME, TCL_DISPLAY, TCL_ORDER_NO,
TCL_PRIMARY_KEY_FL, TCL_TYPE, TCL_LENGTH, TCL_MANDATORY_FL, TCL_DELETE_FL, TCL_VERSION_ID,
PTN_ID ) VALUES ( 
1357, 147, NULL, 'sla_id', 'sla_id', 0, 'Y', 'int', 10, 'Y', 'N', 1, 1); 
INSERT INTO TABLE_COLUMN ( TCL_ID, TBD_ID, ENT_ID, TCL_NAME, TCL_DISPLAY, TCL_ORDER_NO,
TCL_PRIMARY_KEY_FL, TCL_TYPE, TCL_LENGTH, TCL_MANDATORY_FL, TCL_DELETE_FL, TCL_VERSION_ID,
PTN_ID ) VALUES ( 
1358, 147, NULL, 'sla_name', 'sla_name', 1, 'N', 'string', 255, 'Y', 'N', 1, 1); 
INSERT INTO TABLE_COLUMN ( TCL_ID, TBD_ID, ENT_ID, TCL_NAME, TCL_DISPLAY, TCL_ORDER_NO,
TCL_PRIMARY_KEY_FL, TCL_TYPE, TCL_LENGTH, TCL_MANDATORY_FL, TCL_DELETE_FL, TCL_VERSION_ID,
PTN_ID ) VALUES ( 
1359, 147, NULL, 'sla_label', 'sla_label', 2, 'N', 'string', 255, 'Y', 'N', 1, 1); 
INSERT INTO TABLE_COLUMN ( TCL_ID, TBD_ID, ENT_ID, TCL_NAME, TCL_DISPLAY, TCL_ORDER_NO,
TCL_PRIMARY_KEY_FL, TCL_TYPE, TCL_LENGTH, TCL_MANDATORY_FL, TCL_DELETE_FL, TCL_VERSION_ID,
PTN_ID ) VALUES ( 
1360, 147, NULL, 'sla_delete_fl', 'sla_delete_fl', 3, 'N', 'bool', 1, 'Y', 'N', 1
, 1); 
INSERT INTO TABLE_COLUMN ( TCL_ID, TBD_ID, ENT_ID, TCL_NAME, TCL_DISPLAY, TCL_ORDER_NO,
TCL_PRIMARY_KEY_FL, TCL_TYPE, TCL_LENGTH, TCL_MANDATORY_FL, TCL_DELETE_FL, TCL_VERSION_ID,
PTN_ID ) VALUES ( 
1361, 147, NULL, 'sla_version_id', 'sla_version_id', 4, 'N', 'int', 10, 'Y', 'N', 1
, 1); 
INSERT INTO TABLE_COLUMN ( TCL_ID, TBD_ID, ENT_ID, TCL_NAME, TCL_DISPLAY, TCL_ORDER_NO,
TCL_PRIMARY_KEY_FL, TCL_TYPE, TCL_LENGTH, TCL_MANDATORY_FL, TCL_DELETE_FL, TCL_VERSION_ID,
PTN_ID ) VALUES ( 
1362, 147, NULL, 'ptn_id', 'ptn_id', 5, 'N', 'int', 10, 'Y', 'N', 1, 1); 
INSERT INTO TABLE_COLUMN ( TCL_ID, TBD_ID, ENT_ID, TCL_NAME, TCL_DISPLAY, TCL_ORDER_NO,
TCL_PRIMARY_KEY_FL, TCL_TYPE, TCL_LENGTH, TCL_MANDATORY_FL, TCL_DELETE_FL, TCL_VERSION_ID,
PTN_ID ) VALUES ( 
1363, 148, NULL, 'stm_id', 'stm_id', 0, 'Y', 'int', 10, 'Y', 'N', 1, 1); 
INSERT INTO TABLE_COLUMN ( TCL_ID, TBD_ID, ENT_ID, TCL_NAME, TCL_DISPLAY, TCL_ORDER_NO,
TCL_PRIMARY_KEY_FL, TCL_TYPE, TCL_LENGTH, TCL_MANDATORY_FL, TCL_DELETE_FL, TCL_VERSION_ID,
PTN_ID ) VALUES ( 
1364, 148, NULL, 'stm_name', 'stm_name', 1, 'N', 'string', 255, 'Y', 'N', 1, 1); 
INSERT INTO TABLE_COLUMN ( TCL_ID, TBD_ID, ENT_ID, TCL_NAME, TCL_DISPLAY, TCL_ORDER_NO,
TCL_PRIMARY_KEY_FL, TCL_TYPE, TCL_LENGTH, TCL_MANDATORY_FL, TCL_DELETE_FL, TCL_VERSION_ID,
PTN_ID ) VALUES ( 
1365, 148, NULL, 'stm_delete_fl', 'stm_delete_fl', 2, 'N', 'bool', 1, 'Y', 'N', 1
, 1); 
INSERT INTO TABLE_COLUMN ( TCL_ID, TBD_ID, ENT_ID, TCL_NAME, TCL_DISPLAY, TCL_ORDER_NO,
TCL_PRIMARY_KEY_FL, TCL_TYPE, TCL_LENGTH, TCL_MANDATORY_FL, TCL_DELETE_FL, TCL_VERSION_ID,
PTN_ID ) VALUES ( 
1366, 148, NULL, 'stm_version_id', 'stm_version_id', 3, 'N', 'int', 10, 'Y', 'N', 1
, 1); 
INSERT INTO TABLE_COLUMN ( TCL_ID, TBD_ID, ENT_ID, TCL_NAME, TCL_DISPLAY, TCL_ORDER_NO,
TCL_PRIMARY_KEY_FL, TCL_TYPE, TCL_LENGTH, TCL_MANDATORY_FL, TCL_DELETE_FL, TCL_VERSION_ID,
PTN_ID ) VALUES ( 
1367, 148, NULL, 'ptn_id', 'ptn_id', 4, 'N', 'int', 10, 'Y', 'N', 1, 1); 
INSERT INTO TABLE_COLUMN ( TCL_ID, TBD_ID, ENT_ID, TCL_NAME, TCL_DISPLAY, TCL_ORDER_NO,
TCL_PRIMARY_KEY_FL, TCL_TYPE, TCL_LENGTH, TCL_MANDATORY_FL, TCL_DELETE_FL, TCL_VERSION_ID,
PTN_ID ) VALUES ( 
1368, 149, NULL, 'asq_id', 'asq_id', 0, 'Y', 'int', 10, 'Y', 'N', 1, 1); 
INSERT INTO TABLE_COLUMN ( TCL_ID, TBD_ID, ENT_ID, TCL_NAME, TCL_DISPLAY, TCL_ORDER_NO,
TCL_PRIMARY_KEY_FL, TCL_TYPE, TCL_LENGTH, TCL_MANDATORY_FL, TCL_DELETE_FL, TCL_VERSION_ID,
PTN_ID ) VALUES ( 
1369, 149, NULL, 'asq_max_rows', 'asq_max_rows', 1, 'N', 'int', 10, 'N', 'N', 1, 1); 
INSERT INTO TABLE_COLUMN ( TCL_ID, TBD_ID, ENT_ID, TCL_NAME, TCL_DISPLAY, TCL_ORDER_NO,
TCL_PRIMARY_KEY_FL, TCL_TYPE, TCL_LENGTH, TCL_MANDATORY_FL, TCL_DELETE_FL, TCL_VERSION_ID,
PTN_ID ) VALUES ( 
1370, 149, NULL, 'asq_distinct_fl', 'asq_distinct_fl', 2, 'N', 'bool', 1, 'Y', 'N'
, 1, 1); 
INSERT INTO TABLE_COLUMN ( TCL_ID, TBD_ID, ENT_ID, TCL_NAME, TCL_DISPLAY, TCL_ORDER_NO,
TCL_PRIMARY_KEY_FL, TCL_TYPE, TCL_LENGTH, TCL_MANDATORY_FL, TCL_DELETE_FL, TCL_VERSION_ID,
PTN_ID ) VALUES ( 
1371, 149, NULL, 'asq_delete_fl', 'asq_delete_fl', 3, 'N', 'bool', 1, 'Y', 'N', 1
, 1); 
INSERT INTO TABLE_COLUMN ( TCL_ID, TBD_ID, ENT_ID, TCL_NAME, TCL_DISPLAY, TCL_ORDER_NO,
TCL_PRIMARY_KEY_FL, TCL_TYPE, TCL_LENGTH, TCL_MANDATORY_FL, TCL_DELETE_FL, TCL_VERSION_ID,
PTN_ID ) VALUES ( 
1372, 149, NULL, 'asq_version_id', 'asq_version_id', 4, 'N', 'int', 10, 'Y', 'N', 1
, 1); 
INSERT INTO TABLE_COLUMN ( TCL_ID, TBD_ID, ENT_ID, TCL_NAME, TCL_DISPLAY, TCL_ORDER_NO,
TCL_PRIMARY_KEY_FL, TCL_TYPE, TCL_LENGTH, TCL_MANDATORY_FL, TCL_DELETE_FL, TCL_VERSION_ID,
PTN_ID ) VALUES ( 
1373, 149, NULL, 'ptn_id', 'ptn_id', 5, 'N', 'int', 10, 'Y', 'N', 1, 1); 
INSERT INTO TABLE_COLUMN ( TCL_ID, TBD_ID, ENT_ID, TCL_NAME, TCL_DISPLAY, TCL_ORDER_NO,
TCL_PRIMARY_KEY_FL, TCL_TYPE, TCL_LENGTH, TCL_MANDATORY_FL, TCL_DELETE_FL, TCL_VERSION_ID,
PTN_ID ) VALUES ( 
1374, 150, NULL, 'dgc_id', 'dgc_id', 0, 'Y', 'int', 10, 'Y', 'N', 1, 1); 
INSERT INTO TABLE_COLUMN ( TCL_ID, TBD_ID, ENT_ID, TCL_NAME, TCL_DISPLAY, TCL_ORDER_NO,
TCL_PRIMARY_KEY_FL, TCL_TYPE, TCL_LENGTH, TCL_MANDATORY_FL, TCL_DELETE_FL, TCL_VERSION_ID,
PTN_ID ) VALUES ( 
1375, 150, NULL, 'dgr_id', 'dgr_id', 1, 'N', 'int', 10, 'Y', 'N', 1, 1); 
INSERT INTO TABLE_COLUMN ( TCL_ID, TBD_ID, ENT_ID, TCL_NAME, TCL_DISPLAY, TCL_ORDER_NO,
TCL_PRIMARY_KEY_FL, TCL_TYPE, TCL_LENGTH, TCL_MANDATORY_FL, TCL_DELETE_FL, TCL_VERSION_ID,
PTN_ID ) VALUES ( 
1376, 150, NULL, 'dgc_label', 'dgc_label', 2, 'N', 'string', 255, 'N', 'N', 1, 1); 
INSERT INTO TABLE_COLUMN ( TCL_ID, TBD_ID, ENT_ID, TCL_NAME, TCL_DISPLAY, TCL_ORDER_NO,
TCL_PRIMARY_KEY_FL, TCL_TYPE, TCL_LENGTH, TCL_MANDATORY_FL, TCL_DELETE_FL, TCL_VERSION_ID,
PTN_ID ) VALUES ( 
1377, 150, NULL, 'dgc_order_no', 'dgc_order_no', 3, 'N', 'int', 10, 'Y', 'N', 1, 1); 
INSERT INTO TABLE_COLUMN ( TCL_ID, TBD_ID, ENT_ID, TCL_NAME, TCL_DISPLAY, TCL_ORDER_NO,
TCL_PRIMARY_KEY_FL, TCL_TYPE, TCL_LENGTH, TCL_MANDATORY_FL, TCL_DELETE_FL, TCL_VERSION_ID,
PTN_ID ) VALUES ( 
1378, 150, NULL, 'dgc_type', 'dgc_type', 4, 'N', 'string', 255, 'Y', 'N', 1, 1); 
INSERT INTO TABLE_COLUMN ( TCL_ID, TBD_ID, ENT_ID, TCL_NAME, TCL_DISPLAY, TCL_ORDER_NO,
TCL_PRIMARY_KEY_FL, TCL_TYPE, TCL_LENGTH, TCL_MANDATORY_FL, TCL_DELETE_FL, TCL_VERSION_ID,
PTN_ID ) VALUES ( 
1379, 150, NULL, 'dgc_visible_fl', 'dgc_visible_fl', 5, 'N', 'bool', 1, 'Y', 'N', 1
, 1); 
INSERT INTO TABLE_COLUMN ( TCL_ID, TBD_ID, ENT_ID, TCL_NAME, TCL_DISPLAY, TCL_ORDER_NO,
TCL_PRIMARY_KEY_FL, TCL_TYPE, TCL_LENGTH, TCL_MANDATORY_FL, TCL_DELETE_FL, TCL_VERSION_ID,
PTN_ID ) VALUES ( 
1380, 150, NULL, 'dgc_sort', 'dgc_sort', 6, 'N', 'string', 255, 'Y', 'N', 1, 1); 
INSERT INTO TABLE_COLUMN ( TCL_ID, TBD_ID, ENT_ID, TCL_NAME, TCL_DISPLAY, TCL_ORDER_NO,
TCL_PRIMARY_KEY_FL, TCL_TYPE, TCL_LENGTH, TCL_MANDATORY_FL, TCL_DELETE_FL, TCL_VERSION_ID,
PTN_ID ) VALUES ( 
1381, 150, NULL, 'dgc_text_align', 'dgc_text_align', 7, 'N', 'string', 255, 'Y', 'N'
, 1, 1); 
INSERT INTO TABLE_COLUMN ( TCL_ID, TBD_ID, ENT_ID, TCL_NAME, TCL_DISPLAY, TCL_ORDER_NO,
TCL_PRIMARY_KEY_FL, TCL_TYPE, TCL_LENGTH, TCL_MANDATORY_FL, TCL_DELETE_FL, TCL_VERSION_ID,
PTN_ID ) VALUES ( 
1382, 150, NULL, 'dgc_data_property', 'dgc_data_property', 8, 'N', 'string', 255, 'Y'
, 'N', 1, 1); 
INSERT INTO TABLE_COLUMN ( TCL_ID, TBD_ID, ENT_ID, TCL_NAME, TCL_DISPLAY, TCL_ORDER_NO,
TCL_PRIMARY_KEY_FL, TCL_TYPE, TCL_LENGTH, TCL_MANDATORY_FL, TCL_DELETE_FL, TCL_VERSION_ID,
PTN_ID ) VALUES ( 
1383, 150, NULL, 'dgc_null_display', 'dgc_null_display', 9, 'N', 'string', 255, 'N'
, 'N', 1, 1); 
INSERT INTO TABLE_COLUMN ( TCL_ID, TBD_ID, ENT_ID, TCL_NAME, TCL_DISPLAY, TCL_ORDER_NO,
TCL_PRIMARY_KEY_FL, TCL_TYPE, TCL_LENGTH, TCL_MANDATORY_FL, TCL_DELETE_FL, TCL_VERSION_ID,
PTN_ID ) VALUES ( 
1384, 150, NULL, 'dgc_delete_fl', 'dgc_delete_fl', 10, 'N', 'bool', 1, 'Y', 'N', 1
, 1); 
INSERT INTO TABLE_COLUMN ( TCL_ID, TBD_ID, ENT_ID, TCL_NAME, TCL_DISPLAY, TCL_ORDER_NO,
TCL_PRIMARY_KEY_FL, TCL_TYPE, TCL_LENGTH, TCL_MANDATORY_FL, TCL_DELETE_FL, TCL_VERSION_ID,
PTN_ID ) VALUES ( 
1385, 150, NULL, 'dgc_version_id', 'dgc_version_id', 11, 'N', 'int', 10, 'Y', 'N'
, 1, 1); 
INSERT INTO TABLE_COLUMN ( TCL_ID, TBD_ID, ENT_ID, TCL_NAME, TCL_DISPLAY, TCL_ORDER_NO,
TCL_PRIMARY_KEY_FL, TCL_TYPE, TCL_LENGTH, TCL_MANDATORY_FL, TCL_DELETE_FL, TCL_VERSION_ID,
PTN_ID ) VALUES ( 
1386, 150, NULL, 'ptn_id', 'ptn_id', 12, 'N', 'int', 10, 'Y', 'N', 1, 1); 
INSERT INTO TABLE_COLUMN ( TCL_ID, TBD_ID, ENT_ID, TCL_NAME, TCL_DISPLAY, TCL_ORDER_NO,
TCL_PRIMARY_KEY_FL, TCL_TYPE, TCL_LENGTH, TCL_MANDATORY_FL, TCL_DELETE_FL, TCL_VERSION_ID,
PTN_ID ) VALUES ( 
1387, 151, NULL, 'cit_id', 'cit_id', 0, 'Y', 'int', 10, 'Y', 'N', 1, 1); 
INSERT INTO TABLE_COLUMN ( TCL_ID, TBD_ID, ENT_ID, TCL_NAME, TCL_DISPLAY, TCL_ORDER_NO,
TCL_PRIMARY_KEY_FL, TCL_TYPE, TCL_LENGTH, TCL_MANDATORY_FL, TCL_DELETE_FL, TCL_VERSION_ID,
PTN_ID ) VALUES ( 
1388, 151, NULL, 'cdn_id', 'cdn_id', 1, 'N', 'int', 10, 'Y', 'N', 1, 1); 
INSERT INTO TABLE_COLUMN ( TCL_ID, TBD_ID, ENT_ID, TCL_NAME, TCL_DISPLAY, TCL_ORDER_NO,
TCL_PRIMARY_KEY_FL, TCL_TYPE, TCL_LENGTH, TCL_MANDATORY_FL, TCL_DELETE_FL, TCL_VERSION_ID,
PTN_ID ) VALUES ( 
1389, 151, NULL, 'cit_case_no', 'cit_case_no', 2, 'N', 'long', 19, 'Y', 'N', 1, 1); 
INSERT INTO TABLE_COLUMN ( TCL_ID, TBD_ID, ENT_ID, TCL_NAME, TCL_DISPLAY, TCL_ORDER_NO,
TCL_PRIMARY_KEY_FL, TCL_TYPE, TCL_LENGTH, TCL_MANDATORY_FL, TCL_DELETE_FL, TCL_VERSION_ID,
PTN_ID ) VALUES ( 
1390, 151, NULL, 'cit_desc', 'cit_desc', 3, 'N', 'string', 255, 'Y', 'N', 1, 1); 
INSERT INTO TABLE_COLUMN ( TCL_ID, TBD_ID, ENT_ID, TCL_NAME, TCL_DISPLAY, TCL_ORDER_NO,
TCL_PRIMARY_KEY_FL, TCL_TYPE, TCL_LENGTH, TCL_MANDATORY_FL, TCL_DELETE_FL, TCL_VERSION_ID,
PTN_ID ) VALUES ( 
1391, 151, NULL, 'cit_owner_usr_id', 'cit_owner_usr_id', 4, 'N', 'int', 10, 'N', 'N'
, 1, 1); 
INSERT INTO TABLE_COLUMN ( TCL_ID, TBD_ID, ENT_ID, TCL_NAME, TCL_DISPLAY, TCL_ORDER_NO,
TCL_PRIMARY_KEY_FL, TCL_TYPE, TCL_LENGTH, TCL_MANDATORY_FL, TCL_DELETE_FL, TCL_VERSION_ID,
PTN_ID ) VALUES ( 
1392, 151, NULL, 'cit_due_dttm', 'cit_due_dttm', 5, 'N', 'datetime', -1, 'N', 'N'
, 1, 1); 
INSERT INTO TABLE_COLUMN ( TCL_ID, TBD_ID, ENT_ID, TCL_NAME, TCL_DISPLAY, TCL_ORDER_NO,
TCL_PRIMARY_KEY_FL, TCL_TYPE, TCL_LENGTH, TCL_MANDATORY_FL, TCL_DELETE_FL, TCL_VERSION_ID,
PTN_ID ) VALUES ( 
1393, 151, NULL, 'cit_created_usr_id', 'cit_created_usr_id', 6, 'N', 'int', 10, 'N'
, 'N', 1, 1); 
INSERT INTO TABLE_COLUMN ( TCL_ID, TBD_ID, ENT_ID, TCL_NAME, TCL_DISPLAY, TCL_ORDER_NO,
TCL_PRIMARY_KEY_FL, TCL_TYPE, TCL_LENGTH, TCL_MANDATORY_FL, TCL_DELETE_FL, TCL_VERSION_ID,
PTN_ID ) VALUES ( 
1394, 151, NULL, 'cit_created_dttm', 'cit_created_dttm', 7, 'N', 'datetime', -1, 'Y'
, 'N', 1, 1); 
INSERT INTO TABLE_COLUMN ( TCL_ID, TBD_ID, ENT_ID, TCL_NAME, TCL_DISPLAY, TCL_ORDER_NO,
TCL_PRIMARY_KEY_FL, TCL_TYPE, TCL_LENGTH, TCL_MANDATORY_FL, TCL_DELETE_FL, TCL_VERSION_ID,
PTN_ID ) VALUES ( 
1395, 151, NULL, 'cit_opened_usr_id', 'cit_opened_usr_id', 8, 'N', 'int', 10, 'N'
, 'N', 1, 1); 
INSERT INTO TABLE_COLUMN ( TCL_ID, TBD_ID, ENT_ID, TCL_NAME, TCL_DISPLAY, TCL_ORDER_NO,
TCL_PRIMARY_KEY_FL, TCL_TYPE, TCL_LENGTH, TCL_MANDATORY_FL, TCL_DELETE_FL, TCL_VERSION_ID,
PTN_ID ) VALUES ( 
1396, 151, NULL, 'cit_opened_dttm', 'cit_opened_dttm', 9, 'N', 'datetime', -1, 'N'
, 'N', 1, 1); 
INSERT INTO TABLE_COLUMN ( TCL_ID, TBD_ID, ENT_ID, TCL_NAME, TCL_DISPLAY, TCL_ORDER_NO,
TCL_PRIMARY_KEY_FL, TCL_TYPE, TCL_LENGTH, TCL_MANDATORY_FL, TCL_DELETE_FL, TCL_VERSION_ID,
PTN_ID ) VALUES ( 
1397, 151, NULL, 'cit_closed_usr_id', 'cit_closed_usr_id', 10, 'N', 'int', 10, 'N'
, 'N', 1, 1); 
INSERT INTO TABLE_COLUMN ( TCL_ID, TBD_ID, ENT_ID, TCL_NAME, TCL_DISPLAY, TCL_ORDER_NO,
TCL_PRIMARY_KEY_FL, TCL_TYPE, TCL_LENGTH, TCL_MANDATORY_FL, TCL_DELETE_FL, TCL_VERSION_ID,
PTN_ID ) VALUES ( 
1398, 151, NULL, 'cit_closed_dttm', 'cit_closed_dttm', 11, 'N', 'datetime', -1, 'N'
, 'N', 1, 1); 
INSERT INTO TABLE_COLUMN ( TCL_ID, TBD_ID, ENT_ID, TCL_NAME, TCL_DISPLAY, TCL_ORDER_NO,
TCL_PRIMARY_KEY_FL, TCL_TYPE, TCL_LENGTH, TCL_MANDATORY_FL, TCL_DELETE_FL, TCL_VERSION_ID,
PTN_ID ) VALUES ( 
1399, 151, NULL, 'cit_external_reference', 'cit_external_reference', 12, 'N', 'string'
, 255, 'N', 'N', 1, 1); 
INSERT INTO TABLE_COLUMN ( TCL_ID, TBD_ID, ENT_ID, TCL_NAME, TCL_DISPLAY, TCL_ORDER_NO,
TCL_PRIMARY_KEY_FL, TCL_TYPE, TCL_LENGTH, TCL_MANDATORY_FL, TCL_DELETE_FL, TCL_VERSION_ID,
PTN_ID ) VALUES ( 
1400, 151, NULL, 'cit_delete_fl', 'cit_delete_fl', 13, 'N', 'bool', 1, 'Y', 'N', 1
, 1); 
INSERT INTO TABLE_COLUMN ( TCL_ID, TBD_ID, ENT_ID, TCL_NAME, TCL_DISPLAY, TCL_ORDER_NO,
TCL_PRIMARY_KEY_FL, TCL_TYPE, TCL_LENGTH, TCL_MANDATORY_FL, TCL_DELETE_FL, TCL_VERSION_ID,
PTN_ID ) VALUES ( 
1401, 151, NULL, 'cit_version_id', 'cit_version_id', 14, 'N', 'int', 10, 'Y', 'N'
, 1, 1); 
INSERT INTO TABLE_COLUMN ( TCL_ID, TBD_ID, ENT_ID, TCL_NAME, TCL_DISPLAY, TCL_ORDER_NO,
TCL_PRIMARY_KEY_FL, TCL_TYPE, TCL_LENGTH, TCL_MANDATORY_FL, TCL_DELETE_FL, TCL_VERSION_ID,
PTN_ID ) VALUES ( 
1402, 151, NULL, 'ptn_id', 'ptn_id', 15, 'N', 'int', 10, 'Y', 'N', 1, 1); 
INSERT INTO TABLE_COLUMN ( TCL_ID, TBD_ID, ENT_ID, TCL_NAME, TCL_DISPLAY, TCL_ORDER_NO,
TCL_PRIMARY_KEY_FL, TCL_TYPE, TCL_LENGTH, TCL_MANDATORY_FL, TCL_DELETE_FL, TCL_VERSION_ID,
PTN_ID ) VALUES ( 
1403, 152, NULL, 'tfo_id', 'tfo_id', 0, 'Y', 'int', 10, 'Y', 'N', 1, 1); 
INSERT INTO TABLE_COLUMN ( TCL_ID, TBD_ID, ENT_ID, TCL_NAME, TCL_DISPLAY, TCL_ORDER_NO,
TCL_PRIMARY_KEY_FL, TCL_TYPE, TCL_LENGTH, TCL_MANDATORY_FL, TCL_DELETE_FL, TCL_VERSION_ID,
PTN_ID ) VALUES ( 
1404, 152, NULL, 'tre_id', 'tre_id', 1, 'N', 'int', 10, 'Y', 'N', 1, 1); 
INSERT INTO TABLE_COLUMN ( TCL_ID, TBD_ID, ENT_ID, TCL_NAME, TCL_DISPLAY, TCL_ORDER_NO,
TCL_PRIMARY_KEY_FL, TCL_TYPE, TCL_LENGTH, TCL_MANDATORY_FL, TCL_DELETE_FL, TCL_VERSION_ID,
PTN_ID ) VALUES ( 
1405, 152, NULL, 'tfo_name', 'tfo_name', 2, 'N', 'string', 255, 'Y', 'N', 1, 1); 
INSERT INTO TABLE_COLUMN ( TCL_ID, TBD_ID, ENT_ID, TCL_NAME, TCL_DISPLAY, TCL_ORDER_NO,
TCL_PRIMARY_KEY_FL, TCL_TYPE, TCL_LENGTH, TCL_MANDATORY_FL, TCL_DELETE_FL, TCL_VERSION_ID,
PTN_ID ) VALUES ( 
1406, 152, NULL, 'tfo_root_tfo_id', 'tfo_root_tfo_id', 3, 'N', 'int', 10, 'N', 'N'
, 1, 1); 
INSERT INTO TABLE_COLUMN ( TCL_ID, TBD_ID, ENT_ID, TCL_NAME, TCL_DISPLAY, TCL_ORDER_NO,
TCL_PRIMARY_KEY_FL, TCL_TYPE, TCL_LENGTH, TCL_MANDATORY_FL, TCL_DELETE_FL, TCL_VERSION_ID,
PTN_ID ) VALUES ( 
1407, 152, NULL, 'tfo_parent_tfo_id', 'tfo_parent_tfo_id', 4, 'N', 'int', 10, 'N'
, 'N', 1, 1); 
INSERT INTO TABLE_COLUMN ( TCL_ID, TBD_ID, ENT_ID, TCL_NAME, TCL_DISPLAY, TCL_ORDER_NO,
TCL_PRIMARY_KEY_FL, TCL_TYPE, TCL_LENGTH, TCL_MANDATORY_FL, TCL_DELETE_FL, TCL_VERSION_ID,
PTN_ID ) VALUES ( 
1408, 152, NULL, 'tfo_delete_fl', 'tfo_delete_fl', 5, 'N', 'bool', 1, 'Y', 'N', 1
, 1); 
INSERT INTO TABLE_COLUMN ( TCL_ID, TBD_ID, ENT_ID, TCL_NAME, TCL_DISPLAY, TCL_ORDER_NO,
TCL_PRIMARY_KEY_FL, TCL_TYPE, TCL_LENGTH, TCL_MANDATORY_FL, TCL_DELETE_FL, TCL_VERSION_ID,
PTN_ID ) VALUES ( 
1409, 152, NULL, 'tfo_version_id', 'tfo_version_id', 6, 'N', 'int', 10, 'Y', 'N', 1
, 1); 
INSERT INTO TABLE_COLUMN ( TCL_ID, TBD_ID, ENT_ID, TCL_NAME, TCL_DISPLAY, TCL_ORDER_NO,
TCL_PRIMARY_KEY_FL, TCL_TYPE, TCL_LENGTH, TCL_MANDATORY_FL, TCL_DELETE_FL, TCL_VERSION_ID,
PTN_ID ) VALUES ( 
1410, 152, NULL, 'ptn_id', 'ptn_id', 7, 'N', 'int', 10, 'Y', 'N', 1, 1); 
INSERT INTO TABLE_COLUMN ( TCL_ID, TBD_ID, ENT_ID, TCL_NAME, TCL_DISPLAY, TCL_ORDER_NO,
TCL_PRIMARY_KEY_FL, TCL_TYPE, TCL_LENGTH, TCL_MANDATORY_FL, TCL_DELETE_FL, TCL_VERSION_ID,
PTN_ID ) VALUES ( 
1411, 153, NULL, 'srl_id', 'srl_id', 0, 'Y', 'int', 10, 'Y', 'N', 1, 1); 
INSERT INTO TABLE_COLUMN ( TCL_ID, TBD_ID, ENT_ID, TCL_NAME, TCL_DISPLAY, TCL_ORDER_NO,
TCL_PRIMARY_KEY_FL, TCL_TYPE, TCL_LENGTH, TCL_MANDATORY_FL, TCL_DELETE_FL, TCL_VERSION_ID,
PTN_ID ) VALUES ( 
1412, 153, NULL, 'srs_id', 'srs_id', 1, 'N', 'int', 10, 'Y', 'N', 1, 1); 
INSERT INTO TABLE_COLUMN ( TCL_ID, TBD_ID, ENT_ID, TCL_NAME, TCL_DISPLAY, TCL_ORDER_NO,
TCL_PRIMARY_KEY_FL, TCL_TYPE, TCL_LENGTH, TCL_MANDATORY_FL, TCL_DELETE_FL, TCL_VERSION_ID,
PTN_ID ) VALUES ( 
1413, 153, NULL, 'srl_name', 'srl_name', 2, 'N', 'string', 255, 'Y', 'N', 1, 1); 
INSERT INTO TABLE_COLUMN ( TCL_ID, TBD_ID, ENT_ID, TCL_NAME, TCL_DISPLAY, TCL_ORDER_NO,
TCL_PRIMARY_KEY_FL, TCL_TYPE, TCL_LENGTH, TCL_MANDATORY_FL, TCL_DELETE_FL, TCL_VERSION_ID,
PTN_ID ) VALUES ( 
1414, 153, NULL, 'srl_delete_fl', 'srl_delete_fl', 3, 'N', 'bool', 1, 'Y', 'N', 1
, 1); 
INSERT INTO TABLE_COLUMN ( TCL_ID, TBD_ID, ENT_ID, TCL_NAME, TCL_DISPLAY, TCL_ORDER_NO,
TCL_PRIMARY_KEY_FL, TCL_TYPE, TCL_LENGTH, TCL_MANDATORY_FL, TCL_DELETE_FL, TCL_VERSION_ID,
PTN_ID ) VALUES ( 
1415, 153, NULL, 'srl_version_id', 'srl_version_id', 4, 'N', 'int', 10, 'Y', 'N', 1
, 1); 
INSERT INTO TABLE_COLUMN ( TCL_ID, TBD_ID, ENT_ID, TCL_NAME, TCL_DISPLAY, TCL_ORDER_NO,
TCL_PRIMARY_KEY_FL, TCL_TYPE, TCL_LENGTH, TCL_MANDATORY_FL, TCL_DELETE_FL, TCL_VERSION_ID,
PTN_ID ) VALUES ( 
1416, 153, NULL, 'ptn_id', 'ptn_id', 5, 'N', 'int', 10, 'Y', 'N', 1, 1); 
INSERT INTO TABLE_COLUMN ( TCL_ID, TBD_ID, ENT_ID, TCL_NAME, TCL_DISPLAY, TCL_ORDER_NO,
TCL_PRIMARY_KEY_FL, TCL_TYPE, TCL_LENGTH, TCL_MANDATORY_FL, TCL_DELETE_FL, TCL_VERSION_ID,
PTN_ID ) VALUES ( 
1417, 154, NULL, 'elt_id', 'elt_id', 0, 'Y', 'int', 10, 'Y', 'N', 1, 1); 
INSERT INTO TABLE_COLUMN ( TCL_ID, TBD_ID, ENT_ID, TCL_NAME, TCL_DISPLAY, TCL_ORDER_NO,
TCL_PRIMARY_KEY_FL, TCL_TYPE, TCL_LENGTH, TCL_MANDATORY_FL, TCL_DELETE_FL, TCL_VERSION_ID,
PTN_ID ) VALUES ( 
1418, 154, NULL, 'est_id', 'est_id', 1, 'N', 'int', 10, 'Y', 'N', 1, 1); 
INSERT INTO TABLE_COLUMN ( TCL_ID, TBD_ID, ENT_ID, TCL_NAME, TCL_DISPLAY, TCL_ORDER_NO,
TCL_PRIMARY_KEY_FL, TCL_TYPE, TCL_LENGTH, TCL_MANDATORY_FL, TCL_DELETE_FL, TCL_VERSION_ID,
PTN_ID ) VALUES ( 
1419, 154, NULL, 'egp_id', 'egp_id', 2, 'N', 'int', 10, 'Y', 'N', 1, 1); 
INSERT INTO TABLE_COLUMN ( TCL_ID, TBD_ID, ENT_ID, TCL_NAME, TCL_DISPLAY, TCL_ORDER_NO,
TCL_PRIMARY_KEY_FL, TCL_TYPE, TCL_LENGTH, TCL_MANDATORY_FL, TCL_DELETE_FL, TCL_VERSION_ID,
PTN_ID ) VALUES ( 
1420, 154, NULL, 'ctr_id', 'ctr_id', 3, 'N', 'int', 10, 'Y', 'N', 1, 1); 
INSERT INTO TABLE_COLUMN ( TCL_ID, TBD_ID, ENT_ID, TCL_NAME, TCL_DISPLAY, TCL_ORDER_NO,
TCL_PRIMARY_KEY_FL, TCL_TYPE, TCL_LENGTH, TCL_MANDATORY_FL, TCL_DELETE_FL, TCL_VERSION_ID,
PTN_ID ) VALUES ( 
1421, 154, NULL, 'elt_name', 'elt_name', 4, 'N', 'string', 255, 'Y', 'N', 1, 1); 
INSERT INTO TABLE_COLUMN ( TCL_ID, TBD_ID, ENT_ID, TCL_NAME, TCL_DISPLAY, TCL_ORDER_NO,
TCL_PRIMARY_KEY_FL, TCL_TYPE, TCL_LENGTH, TCL_MANDATORY_FL, TCL_DELETE_FL, TCL_VERSION_ID,
PTN_ID ) VALUES ( 
1422, 154, NULL, 'elt_display', 'elt_display', 5, 'N', 'string', 255, 'Y', 'N', 1
, 1); 
INSERT INTO TABLE_COLUMN ( TCL_ID, TBD_ID, ENT_ID, TCL_NAME, TCL_DISPLAY, TCL_ORDER_NO,
TCL_PRIMARY_KEY_FL, TCL_TYPE, TCL_LENGTH, TCL_MANDATORY_FL, TCL_DELETE_FL, TCL_VERSION_ID,
PTN_ID ) VALUES ( 
1423, 154, NULL, 'elt_from_dttm', 'elt_from_dttm', 6, 'N', 'datetime', -1, 'Y', 'N'
, 1, 1); 
INSERT INTO TABLE_COLUMN ( TCL_ID, TBD_ID, ENT_ID, TCL_NAME, TCL_DISPLAY, TCL_ORDER_NO,
TCL_PRIMARY_KEY_FL, TCL_TYPE, TCL_LENGTH, TCL_MANDATORY_FL, TCL_DELETE_FL, TCL_VERSION_ID,
PTN_ID ) VALUES ( 
1424, 154, NULL, 'elt_to_dttm', 'elt_to_dttm', 7, 'N', 'datetime', -1, 'Y', 'N', 1
, 1); 
INSERT INTO TABLE_COLUMN ( TCL_ID, TBD_ID, ENT_ID, TCL_NAME, TCL_DISPLAY, TCL_ORDER_NO,
TCL_PRIMARY_KEY_FL, TCL_TYPE, TCL_LENGTH, TCL_MANDATORY_FL, TCL_DELETE_FL, TCL_VERSION_ID,
PTN_ID ) VALUES ( 
1425, 154, NULL, 'elt_digits', 'elt_digits', 8, 'N', 'string', 255, 'Y', 'N', 1, 1); 
INSERT INTO TABLE_COLUMN ( TCL_ID, TBD_ID, ENT_ID, TCL_NAME, TCL_DISPLAY, TCL_ORDER_NO,
TCL_PRIMARY_KEY_FL, TCL_TYPE, TCL_LENGTH, TCL_MANDATORY_FL, TCL_DELETE_FL, TCL_VERSION_ID,
PTN_ID ) VALUES ( 
1426, 154, NULL, 'elt_parent_elt_id', 'elt_parent_elt_id', 9, 'N', 'int', 10, 'N'
, 'N', 1, 1); 
INSERT INTO TABLE_COLUMN ( TCL_ID, TBD_ID, ENT_ID, TCL_NAME, TCL_DISPLAY, TCL_ORDER_NO,
TCL_PRIMARY_KEY_FL, TCL_TYPE, TCL_LENGTH, TCL_MANDATORY_FL, TCL_DELETE_FL, TCL_VERSION_ID,
PTN_ID ) VALUES ( 
1427, 154, NULL, 'elt_matchable_fl', 'elt_matchable_fl', 10, 'N', 'bool', 1, 'Y', 'N'
, 1, 1); 
INSERT INTO TABLE_COLUMN ( TCL_ID, TBD_ID, ENT_ID, TCL_NAME, TCL_DISPLAY, TCL_ORDER_NO,
TCL_PRIMARY_KEY_FL, TCL_TYPE, TCL_LENGTH, TCL_MANDATORY_FL, TCL_DELETE_FL, TCL_VERSION_ID,
PTN_ID ) VALUES ( 
1428, 154, NULL, 'elt_match_whole_fl', 'elt_match_whole_fl', 11, 'N', 'bool', 1, 'Y'
, 'N', 1, 1); 
INSERT INTO TABLE_COLUMN ( TCL_ID, TBD_ID, ENT_ID, TCL_NAME, TCL_DISPLAY, TCL_ORDER_NO,
TCL_PRIMARY_KEY_FL, TCL_TYPE, TCL_LENGTH, TCL_MANDATORY_FL, TCL_DELETE_FL, TCL_VERSION_ID,
PTN_ID ) VALUES ( 
1429, 154, NULL, 'elt_version_id', 'elt_version_id', 12, 'N', 'int', 10, 'Y', 'N'
, 1, 1); 
INSERT INTO TABLE_COLUMN ( TCL_ID, TBD_ID, ENT_ID, TCL_NAME, TCL_DISPLAY, TCL_ORDER_NO,
TCL_PRIMARY_KEY_FL, TCL_TYPE, TCL_LENGTH, TCL_MANDATORY_FL, TCL_DELETE_FL, TCL_VERSION_ID,
PTN_ID ) VALUES ( 
1430, 154, NULL, 'elt_delete_fl', 'elt_delete_fl', 13, 'N', 'bool', 1, 'Y', 'N', 1
, 1); 
INSERT INTO TABLE_COLUMN ( TCL_ID, TBD_ID, ENT_ID, TCL_NAME, TCL_DISPLAY, TCL_ORDER_NO,
TCL_PRIMARY_KEY_FL, TCL_TYPE, TCL_LENGTH, TCL_MANDATORY_FL, TCL_DELETE_FL, TCL_VERSION_ID,
PTN_ID ) VALUES ( 
1431, 154, NULL, 'ptn_id', 'ptn_id', 14, 'N', 'int', 10, 'Y', 'N', 1, 1); 
INSERT INTO TABLE_COLUMN ( TCL_ID, TBD_ID, ENT_ID, TCL_NAME, TCL_DISPLAY, TCL_ORDER_NO,
TCL_PRIMARY_KEY_FL, TCL_TYPE, TCL_LENGTH, TCL_MANDATORY_FL, TCL_DELETE_FL, TCL_VERSION_ID,
PTN_ID ) VALUES ( 
1432, 155, NULL, 'tre_id', 'tre_id', 0, 'Y', 'int', 10, 'Y', 'N', 1, 1); 
INSERT INTO TABLE_COLUMN ( TCL_ID, TBD_ID, ENT_ID, TCL_NAME, TCL_DISPLAY, TCL_ORDER_NO,
TCL_PRIMARY_KEY_FL, TCL_TYPE, TCL_LENGTH, TCL_MANDATORY_FL, TCL_DELETE_FL, TCL_VERSION_ID,
PTN_ID ) VALUES ( 
1433, 155, NULL, 'tre_name', 'tre_name', 1, 'N', 'string', 255, 'Y', 'N', 1, 1); 
INSERT INTO TABLE_COLUMN ( TCL_ID, TBD_ID, ENT_ID, TCL_NAME, TCL_DISPLAY, TCL_ORDER_NO,
TCL_PRIMARY_KEY_FL, TCL_TYPE, TCL_LENGTH, TCL_MANDATORY_FL, TCL_DELETE_FL, TCL_VERSION_ID,
PTN_ID ) VALUES ( 
1434, 155, NULL, 'tfo_id', 'tfo_id', 2, 'N', 'int', 10, 'N', 'N', 1, 1); 
INSERT INTO TABLE_COLUMN ( TCL_ID, TBD_ID, ENT_ID, TCL_NAME, TCL_DISPLAY, TCL_ORDER_NO,
TCL_PRIMARY_KEY_FL, TCL_TYPE, TCL_LENGTH, TCL_MANDATORY_FL, TCL_DELETE_FL, TCL_VERSION_ID,
PTN_ID ) VALUES ( 
1435, 155, NULL, 'tre_delete_fl', 'tre_delete_fl', 3, 'N', 'bool', 1, 'Y', 'N', 1
, 1); 
INSERT INTO TABLE_COLUMN ( TCL_ID, TBD_ID, ENT_ID, TCL_NAME, TCL_DISPLAY, TCL_ORDER_NO,
TCL_PRIMARY_KEY_FL, TCL_TYPE, TCL_LENGTH, TCL_MANDATORY_FL, TCL_DELETE_FL, TCL_VERSION_ID,
PTN_ID ) VALUES ( 
1436, 155, NULL, 'tre_version_id', 'tre_version_id', 4, 'N', 'int', 10, 'Y', 'N', 1
, 1); 
INSERT INTO TABLE_COLUMN ( TCL_ID, TBD_ID, ENT_ID, TCL_NAME, TCL_DISPLAY, TCL_ORDER_NO,
TCL_PRIMARY_KEY_FL, TCL_TYPE, TCL_LENGTH, TCL_MANDATORY_FL, TCL_DELETE_FL, TCL_VERSION_ID,
PTN_ID ) VALUES ( 
1437, 155, NULL, 'ptn_id', 'ptn_id', 5, 'N', 'int', 10, 'Y', 'N', 1, 1); 
INSERT INTO TABLE_COLUMN ( TCL_ID, TBD_ID, ENT_ID, TCL_NAME, TCL_DISPLAY, TCL_ORDER_NO,
TCL_PRIMARY_KEY_FL, TCL_TYPE, TCL_LENGTH, TCL_MANDATORY_FL, TCL_DELETE_FL, TCL_VERSION_ID,
PTN_ID ) VALUES ( 
1438, 156, NULL, 'srs_id', 'srs_id', 0, 'Y', 'int', 10, 'Y', 'N', 1, 1); 
INSERT INTO TABLE_COLUMN ( TCL_ID, TBD_ID, ENT_ID, TCL_NAME, TCL_DISPLAY, TCL_ORDER_NO,
TCL_PRIMARY_KEY_FL, TCL_TYPE, TCL_LENGTH, TCL_MANDATORY_FL, TCL_DELETE_FL, TCL_VERSION_ID,
PTN_ID ) VALUES ( 
1439, 156, NULL, 'srs_name', 'srs_name', 1, 'N', 'string', 255, 'Y', 'N', 1, 1); 
INSERT INTO TABLE_COLUMN ( TCL_ID, TBD_ID, ENT_ID, TCL_NAME, TCL_DISPLAY, TCL_ORDER_NO,
TCL_PRIMARY_KEY_FL, TCL_TYPE, TCL_LENGTH, TCL_MANDATORY_FL, TCL_DELETE_FL, TCL_VERSION_ID,
PTN_ID ) VALUES ( 
1440, 156, NULL, 'srs_delete_fl', 'srs_delete_fl', 2, 'N', 'bool', 1, 'Y', 'N', 1
, 1); 
INSERT INTO TABLE_COLUMN ( TCL_ID, TBD_ID, ENT_ID, TCL_NAME, TCL_DISPLAY, TCL_ORDER_NO,
TCL_PRIMARY_KEY_FL, TCL_TYPE, TCL_LENGTH, TCL_MANDATORY_FL, TCL_DELETE_FL, TCL_VERSION_ID,
PTN_ID ) VALUES ( 
1441, 156, NULL, 'srs_version_id', 'srs_version_id', 3, 'N', 'int', 10, 'Y', 'N', 1
, 1); 
INSERT INTO TABLE_COLUMN ( TCL_ID, TBD_ID, ENT_ID, TCL_NAME, TCL_DISPLAY, TCL_ORDER_NO,
TCL_PRIMARY_KEY_FL, TCL_TYPE, TCL_LENGTH, TCL_MANDATORY_FL, TCL_DELETE_FL, TCL_VERSION_ID,
PTN_ID ) VALUES ( 
1442, 156, NULL, 'ptn_id', 'ptn_id', 4, 'N', 'int', 10, 'Y', 'N', 1, 1); 
INSERT INTO TABLE_COLUMN ( TCL_ID, TBD_ID, ENT_ID, TCL_NAME, TCL_DISPLAY, TCL_ORDER_NO,
TCL_PRIMARY_KEY_FL, TCL_TYPE, TCL_LENGTH, TCL_MANDATORY_FL, TCL_DELETE_FL, TCL_VERSION_ID,
PTN_ID ) VALUES ( 
1443, 157, NULL, 'cdc_id', 'cdc_id', 0, 'Y', 'int', 10, 'Y', 'N', 1, 1); 
INSERT INTO TABLE_COLUMN ( TCL_ID, TBD_ID, ENT_ID, TCL_NAME, TCL_DISPLAY, TCL_ORDER_NO,
TCL_PRIMARY_KEY_FL, TCL_TYPE, TCL_LENGTH, TCL_MANDATORY_FL, TCL_DELETE_FL, TCL_VERSION_ID,
PTN_ID ) VALUES ( 
1444, 157, NULL, 'cdc_class', 'cdc_class', 1, 'N', 'string', 255, 'Y', 'N', 1, 1); 
INSERT INTO TABLE_COLUMN ( TCL_ID, TBD_ID, ENT_ID, TCL_NAME, TCL_DISPLAY, TCL_ORDER_NO,
TCL_PRIMARY_KEY_FL, TCL_TYPE, TCL_LENGTH, TCL_MANDATORY_FL, TCL_DELETE_FL, TCL_VERSION_ID,
PTN_ID ) VALUES ( 
1445, 157, NULL, 'cdc_last_changed_dttm', 'cdc_last_changed_dttm', 2, 'N', 'datetime'
, -1, 'Y', 'N', 1, 1); 
INSERT INTO TABLE_COLUMN ( TCL_ID, TBD_ID, ENT_ID, TCL_NAME, TCL_DISPLAY, TCL_ORDER_NO,
TCL_PRIMARY_KEY_FL, TCL_TYPE, TCL_LENGTH, TCL_MANDATORY_FL, TCL_DELETE_FL, TCL_VERSION_ID,
PTN_ID ) VALUES ( 
1446, 157, NULL, 'cdc_delete_fl', 'cdc_delete_fl', 3, 'N', 'bool', 1, 'Y', 'N', 1
, 1); 
INSERT INTO TABLE_COLUMN ( TCL_ID, TBD_ID, ENT_ID, TCL_NAME, TCL_DISPLAY, TCL_ORDER_NO,
TCL_PRIMARY_KEY_FL, TCL_TYPE, TCL_LENGTH, TCL_MANDATORY_FL, TCL_DELETE_FL, TCL_VERSION_ID,
PTN_ID ) VALUES ( 
1447, 157, NULL, 'ptn_id', 'ptn_id', 4, 'N', 'int', 10, 'Y', 'N', 1, 1); 
INSERT INTO TABLE_COLUMN ( TCL_ID, TBD_ID, ENT_ID, TCL_NAME, TCL_DISPLAY, TCL_ORDER_NO,
TCL_PRIMARY_KEY_FL, TCL_TYPE, TCL_LENGTH, TCL_MANDATORY_FL, TCL_DELETE_FL, TCL_VERSION_ID,
PTN_ID ) VALUES ( 
1448, 158, NULL, 'ivn_id', 'ivn_id', 0, 'Y', 'int', 10, 'Y', 'N', 1, 1); 
INSERT INTO TABLE_COLUMN ( TCL_ID, TBD_ID, ENT_ID, TCL_NAME, TCL_DISPLAY, TCL_ORDER_NO,
TCL_PRIMARY_KEY_FL, TCL_TYPE, TCL_LENGTH, TCL_MANDATORY_FL, TCL_DELETE_FL, TCL_VERSION_ID,
PTN_ID ) VALUES ( 
1449, 158, NULL, 'ivn_parent_ivn_id', 'ivn_parent_ivn_id', 1, 'N', 'int', 10, 'N'
, 'N', 1, 1); 
INSERT INTO TABLE_COLUMN ( TCL_ID, TBD_ID, ENT_ID, TCL_NAME, TCL_DISPLAY, TCL_ORDER_NO,
TCL_PRIMARY_KEY_FL, TCL_TYPE, TCL_LENGTH, TCL_MANDATORY_FL, TCL_DELETE_FL, TCL_VERSION_ID,
PTN_ID ) VALUES ( 
1450, 158, NULL, 'ivn_name', 'ivn_name', 2, 'N', 'string', 255, 'Y', 'N', 1, 1); 
INSERT INTO TABLE_COLUMN ( TCL_ID, TBD_ID, ENT_ID, TCL_NAME, TCL_DISPLAY, TCL_ORDER_NO,
TCL_PRIMARY_KEY_FL, TCL_TYPE, TCL_LENGTH, TCL_MANDATORY_FL, TCL_DELETE_FL, TCL_VERSION_ID,
PTN_ID ) VALUES ( 
1451, 158, NULL, 'ivn_major_ver', 'ivn_major_ver', 3, 'N', 'int', 10, 'Y', 'N', 1
, 1); 
INSERT INTO TABLE_COLUMN ( TCL_ID, TBD_ID, ENT_ID, TCL_NAME, TCL_DISPLAY, TCL_ORDER_NO,
TCL_PRIMARY_KEY_FL, TCL_TYPE, TCL_LENGTH, TCL_MANDATORY_FL, TCL_DELETE_FL, TCL_VERSION_ID,
PTN_ID ) VALUES ( 
1452, 158, NULL, 'ivn_minor_ver', 'ivn_minor_ver', 4, 'N', 'int', 10, 'Y', 'N', 1
, 1); 
INSERT INTO TABLE_COLUMN ( TCL_ID, TBD_ID, ENT_ID, TCL_NAME, TCL_DISPLAY, TCL_ORDER_NO,
TCL_PRIMARY_KEY_FL, TCL_TYPE, TCL_LENGTH, TCL_MANDATORY_FL, TCL_DELETE_FL, TCL_VERSION_ID,
PTN_ID ) VALUES ( 
1453, 158, NULL, 'ivn_revision_ver', 'ivn_revision_ver', 5, 'N', 'int', 10, 'Y', 'N'
, 1, 1); 
INSERT INTO TABLE_COLUMN ( TCL_ID, TBD_ID, ENT_ID, TCL_NAME, TCL_DISPLAY, TCL_ORDER_NO,
TCL_PRIMARY_KEY_FL, TCL_TYPE, TCL_LENGTH, TCL_MANDATORY_FL, TCL_DELETE_FL, TCL_VERSION_ID,
PTN_ID ) VALUES ( 
1454, 158, NULL, 'ivn_delete_fl', 'ivn_delete_fl', 6, 'N', 'bool', 1, 'Y', 'N', 1
, 1); 
INSERT INTO TABLE_COLUMN ( TCL_ID, TBD_ID, ENT_ID, TCL_NAME, TCL_DISPLAY, TCL_ORDER_NO,
TCL_PRIMARY_KEY_FL, TCL_TYPE, TCL_LENGTH, TCL_MANDATORY_FL, TCL_DELETE_FL, TCL_VERSION_ID,
PTN_ID ) VALUES ( 
1455, 158, NULL, 'ivn_version_id', 'ivn_version_id', 7, 'N', 'int', 10, 'Y', 'N', 1
, 1); 
INSERT INTO TABLE_COLUMN ( TCL_ID, TBD_ID, ENT_ID, TCL_NAME, TCL_DISPLAY, TCL_ORDER_NO,
TCL_PRIMARY_KEY_FL, TCL_TYPE, TCL_LENGTH, TCL_MANDATORY_FL, TCL_DELETE_FL, TCL_VERSION_ID,
PTN_ID ) VALUES ( 
1456, 158, NULL, 'ptn_id', 'ptn_id', 8, 'N', 'int', 10, 'Y', 'N', 1, 1); 
INSERT INTO TABLE_COLUMN ( TCL_ID, TBD_ID, ENT_ID, TCL_NAME, TCL_DISPLAY, TCL_ORDER_NO,
TCL_PRIMARY_KEY_FL, TCL_TYPE, TCL_LENGTH, TCL_MANDATORY_FL, TCL_DELETE_FL, TCL_VERSION_ID,
PTN_ID ) VALUES ( 
1457, 159, NULL, 'esy_id', 'esy_id', 0, 'Y', 'int', 10, 'Y', 'N', 1, 1); 
INSERT INTO TABLE_COLUMN ( TCL_ID, TBD_ID, ENT_ID, TCL_NAME, TCL_DISPLAY, TCL_ORDER_NO,
TCL_PRIMARY_KEY_FL, TCL_TYPE, TCL_LENGTH, TCL_MANDATORY_FL, TCL_DELETE_FL, TCL_VERSION_ID,
PTN_ID ) VALUES ( 
1458, 159, NULL, 'esy_code', 'esy_code', 1, 'N', 'string', 255, 'Y', 'N', 1, 1); 
INSERT INTO TABLE_COLUMN ( TCL_ID, TBD_ID, ENT_ID, TCL_NAME, TCL_DISPLAY, TCL_ORDER_NO,
TCL_PRIMARY_KEY_FL, TCL_TYPE, TCL_LENGTH, TCL_MANDATORY_FL, TCL_DELETE_FL, TCL_VERSION_ID,
PTN_ID ) VALUES ( 
1459, 159, NULL, 'esy_name', 'esy_name', 2, 'N', 'string', 255, 'Y', 'N', 1, 1); 
INSERT INTO TABLE_COLUMN ( TCL_ID, TBD_ID, ENT_ID, TCL_NAME, TCL_DISPLAY, TCL_ORDER_NO,
TCL_PRIMARY_KEY_FL, TCL_TYPE, TCL_LENGTH, TCL_MANDATORY_FL, TCL_DELETE_FL, TCL_VERSION_ID,
PTN_ID ) VALUES ( 
1460, 159, NULL, 'esy_delete_fl', 'esy_delete_fl', 3, 'N', 'bool', 1, 'Y', 'N', 1
, 1); 
INSERT INTO TABLE_COLUMN ( TCL_ID, TBD_ID, ENT_ID, TCL_NAME, TCL_DISPLAY, TCL_ORDER_NO,
TCL_PRIMARY_KEY_FL, TCL_TYPE, TCL_LENGTH, TCL_MANDATORY_FL, TCL_DELETE_FL, TCL_VERSION_ID,
PTN_ID ) VALUES ( 
1461, 159, NULL, 'esy_version_id', 'esy_version_id', 4, 'N', 'int', 10, 'Y', 'N', 1
, 1); 
INSERT INTO TABLE_COLUMN ( TCL_ID, TBD_ID, ENT_ID, TCL_NAME, TCL_DISPLAY, TCL_ORDER_NO,
TCL_PRIMARY_KEY_FL, TCL_TYPE, TCL_LENGTH, TCL_MANDATORY_FL, TCL_DELETE_FL, TCL_VERSION_ID,
PTN_ID ) VALUES ( 
1462, 159, NULL, 'ptn_id', 'ptn_id', 5, 'N', 'int', 10, 'Y', 'N', 1, 1); 
INSERT INTO TABLE_COLUMN ( TCL_ID, TBD_ID, ENT_ID, TCL_NAME, TCL_DISPLAY, TCL_ORDER_NO,
TCL_PRIMARY_KEY_FL, TCL_TYPE, TCL_LENGTH, TCL_MANDATORY_FL, TCL_DELETE_FL, TCL_VERSION_ID,
PTN_ID ) VALUES ( 
1463, 160, NULL, 'ect_id', 'ect_id', 0, 'Y', 'int', 10, 'Y', 'N', 1, 1); 
INSERT INTO TABLE_COLUMN ( TCL_ID, TBD_ID, ENT_ID, TCL_NAME, TCL_DISPLAY, TCL_ORDER_NO,
TCL_PRIMARY_KEY_FL, TCL_TYPE, TCL_LENGTH, TCL_MANDATORY_FL, TCL_DELETE_FL, TCL_VERSION_ID,
PTN_ID ) VALUES ( 
1464, 160, NULL, 'bnd_id', 'bnd_id', 1, 'N', 'int', 10, 'Y', 'N', 1, 1); 
INSERT INTO TABLE_COLUMN ( TCL_ID, TBD_ID, ENT_ID, TCL_NAME, TCL_DISPLAY, TCL_ORDER_NO,
TCL_PRIMARY_KEY_FL, TCL_TYPE, TCL_LENGTH, TCL_MANDATORY_FL, TCL_DELETE_FL, TCL_VERSION_ID,
PTN_ID ) VALUES ( 
1465, 160, NULL, 'ect_from_elt_id', 'ect_from_elt_id', 2, 'N', 'int', 10, 'N', 'N'
, 1, 1); 
INSERT INTO TABLE_COLUMN ( TCL_ID, TBD_ID, ENT_ID, TCL_NAME, TCL_DISPLAY, TCL_ORDER_NO,
TCL_PRIMARY_KEY_FL, TCL_TYPE, TCL_LENGTH, TCL_MANDATORY_FL, TCL_DELETE_FL, TCL_VERSION_ID,
PTN_ID ) VALUES ( 
1466, 160, NULL, 'ect_to_elt_id', 'ect_to_elt_id', 3, 'N', 'int', 10, 'Y', 'N', 1
, 1); 
INSERT INTO TABLE_COLUMN ( TCL_ID, TBD_ID, ENT_ID, TCL_NAME, TCL_DISPLAY, TCL_ORDER_NO,
TCL_PRIMARY_KEY_FL, TCL_TYPE, TCL_LENGTH, TCL_MANDATORY_FL, TCL_DELETE_FL, TCL_VERSION_ID,
PTN_ID ) VALUES ( 
1467, 160, NULL, 'ect_version_id', 'ect_version_id', 4, 'N', 'int', 10, 'Y', 'N', 1
, 1); 
INSERT INTO TABLE_COLUMN ( TCL_ID, TBD_ID, ENT_ID, TCL_NAME, TCL_DISPLAY, TCL_ORDER_NO,
TCL_PRIMARY_KEY_FL, TCL_TYPE, TCL_LENGTH, TCL_MANDATORY_FL, TCL_DELETE_FL, TCL_VERSION_ID,
PTN_ID ) VALUES ( 
1468, 160, NULL, 'ect_delete_fl', 'ect_delete_fl', 5, 'N', 'bool', 1, 'Y', 'N', 1
, 1); 
INSERT INTO TABLE_COLUMN ( TCL_ID, TBD_ID, ENT_ID, TCL_NAME, TCL_DISPLAY, TCL_ORDER_NO,
TCL_PRIMARY_KEY_FL, TCL_TYPE, TCL_LENGTH, TCL_MANDATORY_FL, TCL_DELETE_FL, TCL_VERSION_ID,
PTN_ID ) VALUES ( 
1469, 160, NULL, 'ptn_id', 'ptn_id', 6, 'N', 'int', 10, 'Y', 'N', 1, 1); 
INSERT INTO TABLE_COLUMN ( TCL_ID, TBD_ID, ENT_ID, TCL_NAME, TCL_DISPLAY, TCL_ORDER_NO,
TCL_PRIMARY_KEY_FL, TCL_TYPE, TCL_LENGTH, TCL_MANDATORY_FL, TCL_DELETE_FL, TCL_VERSION_ID,
PTN_ID ) VALUES ( 
1470, 161, NULL, 'sqw_id', 'sqw_id', 0, 'Y', 'int', 10, 'Y', 'N', 1, 1); 
INSERT INTO TABLE_COLUMN ( TCL_ID, TBD_ID, ENT_ID, TCL_NAME, TCL_DISPLAY, TCL_ORDER_NO,
TCL_PRIMARY_KEY_FL, TCL_TYPE, TCL_LENGTH, TCL_MANDATORY_FL, TCL_DELETE_FL, TCL_VERSION_ID,
PTN_ID ) VALUES ( 
1471, 161, NULL, 'sql_id', 'sql_id', 1, 'N', 'int', 10, 'Y', 'N', 1, 1); 
INSERT INTO TABLE_COLUMN ( TCL_ID, TBD_ID, ENT_ID, TCL_NAME, TCL_DISPLAY, TCL_ORDER_NO,
TCL_PRIMARY_KEY_FL, TCL_TYPE, TCL_LENGTH, TCL_MANDATORY_FL, TCL_DELETE_FL, TCL_VERSION_ID,
PTN_ID ) VALUES ( 
1472, 161, NULL, 'sqw_operator', 'sqw_operator', 2, 'N', 'string', 255, 'N', 'N', 1
, 1); 
INSERT INTO TABLE_COLUMN ( TCL_ID, TBD_ID, ENT_ID, TCL_NAME, TCL_DISPLAY, TCL_ORDER_NO,
TCL_PRIMARY_KEY_FL, TCL_TYPE, TCL_LENGTH, TCL_MANDATORY_FL, TCL_DELETE_FL, TCL_VERSION_ID,
PTN_ID ) VALUES ( 
1473, 161, NULL, 'sqw_filter_fl', 'sqw_filter_fl', 3, 'N', 'bool', 1, 'Y', 'N', 1
, 1); 
INSERT INTO TABLE_COLUMN ( TCL_ID, TBD_ID, ENT_ID, TCL_NAME, TCL_DISPLAY, TCL_ORDER_NO,
TCL_PRIMARY_KEY_FL, TCL_TYPE, TCL_LENGTH, TCL_MANDATORY_FL, TCL_DELETE_FL, TCL_VERSION_ID,
PTN_ID ) VALUES ( 
1474, 161, NULL, 'sqw_expression1_tcl_id', 'sqw_expression1_tcl_id', 4, 'N', 'int'
, 10, 'N', 'N', 1, 1); 
INSERT INTO TABLE_COLUMN ( TCL_ID, TBD_ID, ENT_ID, TCL_NAME, TCL_DISPLAY, TCL_ORDER_NO,
TCL_PRIMARY_KEY_FL, TCL_TYPE, TCL_LENGTH, TCL_MANDATORY_FL, TCL_DELETE_FL, TCL_VERSION_ID,
PTN_ID ) VALUES ( 
1475, 161, NULL, 'sqw_expression1', 'sqw_expression1', 5, 'N', 'string', 255, 'N'
, 'N', 1, 1); 
INSERT INTO TABLE_COLUMN ( TCL_ID, TBD_ID, ENT_ID, TCL_NAME, TCL_DISPLAY, TCL_ORDER_NO,
TCL_PRIMARY_KEY_FL, TCL_TYPE, TCL_LENGTH, TCL_MANDATORY_FL, TCL_DELETE_FL, TCL_VERSION_ID,
PTN_ID ) VALUES ( 
1476, 161, NULL, 'sqw_expression_operator', 'sqw_expression_operator', 6, 'N', 'string'
, 255, 'N', 'N', 1, 1); 
INSERT INTO TABLE_COLUMN ( TCL_ID, TBD_ID, ENT_ID, TCL_NAME, TCL_DISPLAY, TCL_ORDER_NO,
TCL_PRIMARY_KEY_FL, TCL_TYPE, TCL_LENGTH, TCL_MANDATORY_FL, TCL_DELETE_FL, TCL_VERSION_ID,
PTN_ID ) VALUES ( 
1477, 161, NULL, 'sqw_expression1_datatype', 'sqw_expression1_datatype', 7, 'N', 'string'
, 255, 'N', 'N', 1, 1); 
INSERT INTO TABLE_COLUMN ( TCL_ID, TBD_ID, ENT_ID, TCL_NAME, TCL_DISPLAY, TCL_ORDER_NO,
TCL_PRIMARY_KEY_FL, TCL_TYPE, TCL_LENGTH, TCL_MANDATORY_FL, TCL_DELETE_FL, TCL_VERSION_ID,
PTN_ID ) VALUES ( 
1478, 161, NULL, 'sqw_expression2_tcl_id', 'sqw_expression2_tcl_id', 8, 'N', 'int'
, 10, 'N', 'N', 1, 1); 
INSERT INTO TABLE_COLUMN ( TCL_ID, TBD_ID, ENT_ID, TCL_NAME, TCL_DISPLAY, TCL_ORDER_NO,
TCL_PRIMARY_KEY_FL, TCL_TYPE, TCL_LENGTH, TCL_MANDATORY_FL, TCL_DELETE_FL, TCL_VERSION_ID,
PTN_ID ) VALUES ( 
1479, 161, NULL, 'sqw_expression2', 'sqw_expression2', 9, 'N', 'string', 255, 'N'
, 'N', 1, 1); 
INSERT INTO TABLE_COLUMN ( TCL_ID, TBD_ID, ENT_ID, TCL_NAME, TCL_DISPLAY, TCL_ORDER_NO,
TCL_PRIMARY_KEY_FL, TCL_TYPE, TCL_LENGTH, TCL_MANDATORY_FL, TCL_DELETE_FL, TCL_VERSION_ID,
PTN_ID ) VALUES ( 
1480, 161, NULL, 'sqw_expression2_datatype', 'sqw_expression2_datatype', 10, 'N', 'string'
, 255, 'N', 'N', 1, 1); 
INSERT INTO TABLE_COLUMN ( TCL_ID, TBD_ID, ENT_ID, TCL_NAME, TCL_DISPLAY, TCL_ORDER_NO,
TCL_PRIMARY_KEY_FL, TCL_TYPE, TCL_LENGTH, TCL_MANDATORY_FL, TCL_DELETE_FL, TCL_VERSION_ID,
PTN_ID ) VALUES ( 
1481, 161, NULL, 'qfr_id', 'qfr_id', 11, 'N', 'int', 10, 'N', 'N', 1, 1); 
INSERT INTO TABLE_COLUMN ( TCL_ID, TBD_ID, ENT_ID, TCL_NAME, TCL_DISPLAY, TCL_ORDER_NO,
TCL_PRIMARY_KEY_FL, TCL_TYPE, TCL_LENGTH, TCL_MANDATORY_FL, TCL_DELETE_FL, TCL_VERSION_ID,
PTN_ID ) VALUES ( 
1482, 161, NULL, 'qbr_id', 'qbr_id', 12, 'N', 'int', 10, 'N', 'N', 1, 1); 
INSERT INTO TABLE_COLUMN ( TCL_ID, TBD_ID, ENT_ID, TCL_NAME, TCL_DISPLAY, TCL_ORDER_NO,
TCL_PRIMARY_KEY_FL, TCL_TYPE, TCL_LENGTH, TCL_MANDATORY_FL, TCL_DELETE_FL, TCL_VERSION_ID,
PTN_ID ) VALUES ( 
1483, 161, NULL, 'sqf_id', 'sqf_id', 13, 'N', 'int', 10, 'N', 'N', 1, 1); 
INSERT INTO TABLE_COLUMN ( TCL_ID, TBD_ID, ENT_ID, TCL_NAME, TCL_DISPLAY, TCL_ORDER_NO,
TCL_PRIMARY_KEY_FL, TCL_TYPE, TCL_LENGTH, TCL_MANDATORY_FL, TCL_DELETE_FL, TCL_VERSION_ID,
PTN_ID ) VALUES ( 
1484, 161, NULL, 'sqw_open_count', 'sqw_open_count', 14, 'N', 'int', 10, 'Y', 'N'
, 1, 1); 
INSERT INTO TABLE_COLUMN ( TCL_ID, TBD_ID, ENT_ID, TCL_NAME, TCL_DISPLAY, TCL_ORDER_NO,
TCL_PRIMARY_KEY_FL, TCL_TYPE, TCL_LENGTH, TCL_MANDATORY_FL, TCL_DELETE_FL, TCL_VERSION_ID,
PTN_ID ) VALUES ( 
1485, 161, NULL, 'sqw_close_count', 'sqw_close_count', 15, 'N', 'int', 10, 'Y', 'N'
, 1, 1); 
INSERT INTO TABLE_COLUMN ( TCL_ID, TBD_ID, ENT_ID, TCL_NAME, TCL_DISPLAY, TCL_ORDER_NO,
TCL_PRIMARY_KEY_FL, TCL_TYPE, TCL_LENGTH, TCL_MANDATORY_FL, TCL_DELETE_FL, TCL_VERSION_ID,
PTN_ID ) VALUES ( 
1486, 161, NULL, 'sqw_order_no', 'sqw_order_no', 16, 'N', 'int', 10, 'Y', 'N', 1, 1); 
INSERT INTO TABLE_COLUMN ( TCL_ID, TBD_ID, ENT_ID, TCL_NAME, TCL_DISPLAY, TCL_ORDER_NO,
TCL_PRIMARY_KEY_FL, TCL_TYPE, TCL_LENGTH, TCL_MANDATORY_FL, TCL_DELETE_FL, TCL_VERSION_ID,
PTN_ID ) VALUES ( 
1487, 161, NULL, 'sqw_delete_fl', 'sqw_delete_fl', 17, 'N', 'bool', 1, 'Y', 'N', 1
, 1); 
INSERT INTO TABLE_COLUMN ( TCL_ID, TBD_ID, ENT_ID, TCL_NAME, TCL_DISPLAY, TCL_ORDER_NO,
TCL_PRIMARY_KEY_FL, TCL_TYPE, TCL_LENGTH, TCL_MANDATORY_FL, TCL_DELETE_FL, TCL_VERSION_ID,
PTN_ID ) VALUES ( 
1488, 161, NULL, 'sqw_version_id', 'sqw_version_id', 18, 'N', 'int', 10, 'Y', 'N'
, 1, 1); 
INSERT INTO TABLE_COLUMN ( TCL_ID, TBD_ID, ENT_ID, TCL_NAME, TCL_DISPLAY, TCL_ORDER_NO,
TCL_PRIMARY_KEY_FL, TCL_TYPE, TCL_LENGTH, TCL_MANDATORY_FL, TCL_DELETE_FL, TCL_VERSION_ID,
PTN_ID ) VALUES ( 
1489, 161, NULL, 'ptn_id', 'ptn_id', 19, 'N', 'int', 10, 'Y', 'N', 1, 1); 
INSERT INTO TABLE_COLUMN ( TCL_ID, TBD_ID, ENT_ID, TCL_NAME, TCL_DISPLAY, TCL_ORDER_NO,
TCL_PRIMARY_KEY_FL, TCL_TYPE, TCL_LENGTH, TCL_MANDATORY_FL, TCL_DELETE_FL, TCL_VERSION_ID,
PTN_ID ) VALUES ( 
1490, 162, NULL, 'rol_id', 'rol_id', 0, 'Y', 'int', 10, 'Y', 'N', 1, 1); 
INSERT INTO TABLE_COLUMN ( TCL_ID, TBD_ID, ENT_ID, TCL_NAME, TCL_DISPLAY, TCL_ORDER_NO,
TCL_PRIMARY_KEY_FL, TCL_TYPE, TCL_LENGTH, TCL_MANDATORY_FL, TCL_DELETE_FL, TCL_VERSION_ID,
PTN_ID ) VALUES ( 
1491, 162, NULL, 'rol_name', 'rol_name', 1, 'N', 'string', 255, 'Y', 'N', 1, 1); 
INSERT INTO TABLE_COLUMN ( TCL_ID, TBD_ID, ENT_ID, TCL_NAME, TCL_DISPLAY, TCL_ORDER_NO,
TCL_PRIMARY_KEY_FL, TCL_TYPE, TCL_LENGTH, TCL_MANDATORY_FL, TCL_DELETE_FL, TCL_VERSION_ID,
PTN_ID ) VALUES ( 
1492, 162, NULL, 'rol_delete_fl', 'rol_delete_fl', 2, 'N', 'bool', 1, 'Y', 'N', 1
, 1); 
INSERT INTO TABLE_COLUMN ( TCL_ID, TBD_ID, ENT_ID, TCL_NAME, TCL_DISPLAY, TCL_ORDER_NO,
TCL_PRIMARY_KEY_FL, TCL_TYPE, TCL_LENGTH, TCL_MANDATORY_FL, TCL_DELETE_FL, TCL_VERSION_ID,
PTN_ID ) VALUES ( 
1493, 162, NULL, 'rol_version_id', 'rol_version_id', 3, 'N', 'int', 10, 'Y', 'N', 1
, 1); 
INSERT INTO TABLE_COLUMN ( TCL_ID, TBD_ID, ENT_ID, TCL_NAME, TCL_DISPLAY, TCL_ORDER_NO,
TCL_PRIMARY_KEY_FL, TCL_TYPE, TCL_LENGTH, TCL_MANDATORY_FL, TCL_DELETE_FL, TCL_VERSION_ID,
PTN_ID ) VALUES ( 
1494, 162, NULL, 'ptn_id', 'ptn_id', 4, 'N', 'int', 10, 'Y', 'N', 1, 1); 
INSERT INTO TABLE_COLUMN ( TCL_ID, TBD_ID, ENT_ID, TCL_NAME, TCL_DISPLAY, TCL_ORDER_NO,
TCL_PRIMARY_KEY_FL, TCL_TYPE, TCL_LENGTH, TCL_MANDATORY_FL, TCL_DELETE_FL, TCL_VERSION_ID,
PTN_ID ) VALUES ( 
1495, 163, NULL, 'dgm_id', 'dgm_id', 0, 'Y', 'int', 10, 'Y', 'N', 1, 1); 
INSERT INTO TABLE_COLUMN ( TCL_ID, TBD_ID, ENT_ID, TCL_NAME, TCL_DISPLAY, TCL_ORDER_NO,
TCL_PRIMARY_KEY_FL, TCL_TYPE, TCL_LENGTH, TCL_MANDATORY_FL, TCL_DELETE_FL, TCL_VERSION_ID,
PTN_ID ) VALUES ( 
1496, 163, NULL, 'dgl_id', 'dgl_id', 1, 'N', 'int', 10, 'Y', 'N', 1, 1); 
INSERT INTO TABLE_COLUMN ( TCL_ID, TBD_ID, ENT_ID, TCL_NAME, TCL_DISPLAY, TCL_ORDER_NO,
TCL_PRIMARY_KEY_FL, TCL_TYPE, TCL_LENGTH, TCL_MANDATORY_FL, TCL_DELETE_FL, TCL_VERSION_ID,
PTN_ID ) VALUES ( 
1497, 163, NULL, 'dgp_id', 'dgp_id', 2, 'N', 'int', 10, 'Y', 'N', 1, 1); 
INSERT INTO TABLE_COLUMN ( TCL_ID, TBD_ID, ENT_ID, TCL_NAME, TCL_DISPLAY, TCL_ORDER_NO,
TCL_PRIMARY_KEY_FL, TCL_TYPE, TCL_LENGTH, TCL_MANDATORY_FL, TCL_DELETE_FL, TCL_VERSION_ID,
PTN_ID ) VALUES ( 
1498, 163, NULL, 'dgm_order_no', 'dgm_order_no', 3, 'N', 'int', 10, 'Y', 'N', 1, 1); 
INSERT INTO TABLE_COLUMN ( TCL_ID, TBD_ID, ENT_ID, TCL_NAME, TCL_DISPLAY, TCL_ORDER_NO,
TCL_PRIMARY_KEY_FL, TCL_TYPE, TCL_LENGTH, TCL_MANDATORY_FL, TCL_DELETE_FL, TCL_VERSION_ID,
PTN_ID ) VALUES ( 
1499, 163, NULL, 'tsg_id', 'tsg_id', 4, 'N', 'int', 10, 'Y', 'N', 1, 1); 
INSERT INTO TABLE_COLUMN ( TCL_ID, TBD_ID, ENT_ID, TCL_NAME, TCL_DISPLAY, TCL_ORDER_NO,
TCL_PRIMARY_KEY_FL, TCL_TYPE, TCL_LENGTH, TCL_MANDATORY_FL, TCL_DELETE_FL, TCL_VERSION_ID,
PTN_ID ) VALUES ( 
1500, 163, NULL, 'dgm_delete_fl', 'dgm_delete_fl', 5, 'N', 'bool', 1, 'Y', 'N', 1
, 1); 
INSERT INTO TABLE_COLUMN ( TCL_ID, TBD_ID, ENT_ID, TCL_NAME, TCL_DISPLAY, TCL_ORDER_NO,
TCL_PRIMARY_KEY_FL, TCL_TYPE, TCL_LENGTH, TCL_MANDATORY_FL, TCL_DELETE_FL, TCL_VERSION_ID,
PTN_ID ) VALUES ( 
1501, 163, NULL, 'dgm_version_id', 'dgm_version_id', 6, 'N', 'int', 10, 'Y', 'N', 1
, 1); 
INSERT INTO TABLE_COLUMN ( TCL_ID, TBD_ID, ENT_ID, TCL_NAME, TCL_DISPLAY, TCL_ORDER_NO,
TCL_PRIMARY_KEY_FL, TCL_TYPE, TCL_LENGTH, TCL_MANDATORY_FL, TCL_DELETE_FL, TCL_VERSION_ID,
PTN_ID ) VALUES ( 
1502, 163, NULL, 'ptn_id', 'ptn_id', 7, 'N', 'int', 10, 'Y', 'N', 1, 1); 
INSERT INTO TABLE_COLUMN ( TCL_ID, TBD_ID, ENT_ID, TCL_NAME, TCL_DISPLAY, TCL_ORDER_NO,
TCL_PRIMARY_KEY_FL, TCL_TYPE, TCL_LENGTH, TCL_MANDATORY_FL, TCL_DELETE_FL, TCL_VERSION_ID,
PTN_ID ) VALUES ( 
1503, 164, NULL, 'rfc_id', 'rfc_id', 0, 'Y', 'int', 10, 'Y', 'N', 1, 1); 
INSERT INTO TABLE_COLUMN ( TCL_ID, TBD_ID, ENT_ID, TCL_NAME, TCL_DISPLAY, TCL_ORDER_NO,
TCL_PRIMARY_KEY_FL, TCL_TYPE, TCL_LENGTH, TCL_MANDATORY_FL, TCL_DELETE_FL, TCL_VERSION_ID,
PTN_ID ) VALUES ( 
1504, 164, NULL, 'rft_id', 'rft_id', 1, 'N', 'int', 10, 'Y', 'N', 1, 1); 
INSERT INTO TABLE_COLUMN ( TCL_ID, TBD_ID, ENT_ID, TCL_NAME, TCL_DISPLAY, TCL_ORDER_NO,
TCL_PRIMARY_KEY_FL, TCL_TYPE, TCL_LENGTH, TCL_MANDATORY_FL, TCL_DELETE_FL, TCL_VERSION_ID,
PTN_ID ) VALUES ( 
1505, 164, NULL, 'rfc_label', 'rfc_label', 2, 'N', 'string', 255, 'Y', 'N', 1, 1); 
INSERT INTO TABLE_COLUMN ( TCL_ID, TBD_ID, ENT_ID, TCL_NAME, TCL_DISPLAY, TCL_ORDER_NO,
TCL_PRIMARY_KEY_FL, TCL_TYPE, TCL_LENGTH, TCL_MANDATORY_FL, TCL_DELETE_FL, TCL_VERSION_ID,
PTN_ID ) VALUES ( 
1506, 164, NULL, 'rfc_type', 'rfc_type', 3, 'N', 'string', 255, 'Y', 'N', 1, 1); 
INSERT INTO TABLE_COLUMN ( TCL_ID, TBD_ID, ENT_ID, TCL_NAME, TCL_DISPLAY, TCL_ORDER_NO,
TCL_PRIMARY_KEY_FL, TCL_TYPE, TCL_LENGTH, TCL_MANDATORY_FL, TCL_DELETE_FL, TCL_VERSION_ID,
PTN_ID ) VALUES ( 
1507, 164, NULL, 'rfc_data_property', 'rfc_data_property', 4, 'N', 'string', 255, 'Y'
, 'N', 1, 1); 
INSERT INTO TABLE_COLUMN ( TCL_ID, TBD_ID, ENT_ID, TCL_NAME, TCL_DISPLAY, TCL_ORDER_NO,
TCL_PRIMARY_KEY_FL, TCL_TYPE, TCL_LENGTH, TCL_MANDATORY_FL, TCL_DELETE_FL, TCL_VERSION_ID,
PTN_ID ) VALUES ( 
1508, 164, NULL, 'rfc_order_no', 'rfc_order_no', 5, 'N', 'int', 10, 'Y', 'N', 1, 1); 
INSERT INTO TABLE_COLUMN ( TCL_ID, TBD_ID, ENT_ID, TCL_NAME, TCL_DISPLAY, TCL_ORDER_NO,
TCL_PRIMARY_KEY_FL, TCL_TYPE, TCL_LENGTH, TCL_MANDATORY_FL, TCL_DELETE_FL, TCL_VERSION_ID,
PTN_ID ) VALUES ( 
1509, 164, NULL, 'rfc_visible_fl', 'rfc_visible_fl', 6, 'N', 'bool', 1, 'Y', 'N', 1
, 1); 
INSERT INTO TABLE_COLUMN ( TCL_ID, TBD_ID, ENT_ID, TCL_NAME, TCL_DISPLAY, TCL_ORDER_NO,
TCL_PRIMARY_KEY_FL, TCL_TYPE, TCL_LENGTH, TCL_MANDATORY_FL, TCL_DELETE_FL, TCL_VERSION_ID,
PTN_ID ) VALUES ( 
1510, 164, NULL, 'rfc_sort_fl', 'rfc_sort_fl', 7, 'N', 'bool', 1, 'Y', 'N', 1, 1); 
INSERT INTO TABLE_COLUMN ( TCL_ID, TBD_ID, ENT_ID, TCL_NAME, TCL_DISPLAY, TCL_ORDER_NO,
TCL_PRIMARY_KEY_FL, TCL_TYPE, TCL_LENGTH, TCL_MANDATORY_FL, TCL_DELETE_FL, TCL_VERSION_ID,
PTN_ID ) VALUES ( 
1511, 164, NULL, 'rfc_mandatory_fl', 'rfc_mandatory_fl', 8, 'N', 'bool', 1, 'Y', 'N'
, 1, 1); 
INSERT INTO TABLE_COLUMN ( TCL_ID, TBD_ID, ENT_ID, TCL_NAME, TCL_DISPLAY, TCL_ORDER_NO,
TCL_PRIMARY_KEY_FL, TCL_TYPE, TCL_LENGTH, TCL_MANDATORY_FL, TCL_DELETE_FL, TCL_VERSION_ID,
PTN_ID ) VALUES ( 
1512, 164, NULL, 'rfc_extra1', 'rfc_extra1', 9, 'N', 'string', 255, 'N', 'N', 1, 1); 
INSERT INTO TABLE_COLUMN ( TCL_ID, TBD_ID, ENT_ID, TCL_NAME, TCL_DISPLAY, TCL_ORDER_NO,
TCL_PRIMARY_KEY_FL, TCL_TYPE, TCL_LENGTH, TCL_MANDATORY_FL, TCL_DELETE_FL, TCL_VERSION_ID,
PTN_ID ) VALUES ( 
1513, 164, NULL, 'rfc_extra2', 'rfc_extra2', 10, 'N', 'string', 255, 'N', 'N', 1, 1); 
INSERT INTO TABLE_COLUMN ( TCL_ID, TBD_ID, ENT_ID, TCL_NAME, TCL_DISPLAY, TCL_ORDER_NO,
TCL_PRIMARY_KEY_FL, TCL_TYPE, TCL_LENGTH, TCL_MANDATORY_FL, TCL_DELETE_FL, TCL_VERSION_ID,
PTN_ID ) VALUES ( 
1514, 164, NULL, 'rfc_extra3', 'rfc_extra3', 11, 'N', 'string', 255, 'N', 'N', 1, 1); 
INSERT INTO TABLE_COLUMN ( TCL_ID, TBD_ID, ENT_ID, TCL_NAME, TCL_DISPLAY, TCL_ORDER_NO,
TCL_PRIMARY_KEY_FL, TCL_TYPE, TCL_LENGTH, TCL_MANDATORY_FL, TCL_DELETE_FL, TCL_VERSION_ID,
PTN_ID ) VALUES ( 
1515, 164, NULL, 'rfc_extra4', 'rfc_extra4', 12, 'N', 'string', 255, 'N', 'N', 1, 1); 
INSERT INTO TABLE_COLUMN ( TCL_ID, TBD_ID, ENT_ID, TCL_NAME, TCL_DISPLAY, TCL_ORDER_NO,
TCL_PRIMARY_KEY_FL, TCL_TYPE, TCL_LENGTH, TCL_MANDATORY_FL, TCL_DELETE_FL, TCL_VERSION_ID,
PTN_ID ) VALUES ( 
1516, 164, NULL, 'rfc_extra5', 'rfc_extra5', 13, 'N', 'string', 255, 'N', 'N', 1, 1); 
INSERT INTO TABLE_COLUMN ( TCL_ID, TBD_ID, ENT_ID, TCL_NAME, TCL_DISPLAY, TCL_ORDER_NO,
TCL_PRIMARY_KEY_FL, TCL_TYPE, TCL_LENGTH, TCL_MANDATORY_FL, TCL_DELETE_FL, TCL_VERSION_ID,
PTN_ID ) VALUES ( 
1517, 164, NULL, 'rfc_delete_fl', 'rfc_delete_fl', 14, 'N', 'bool', 1, 'Y', 'N', 1
, 1); 
INSERT INTO TABLE_COLUMN ( TCL_ID, TBD_ID, ENT_ID, TCL_NAME, TCL_DISPLAY, TCL_ORDER_NO,
TCL_PRIMARY_KEY_FL, TCL_TYPE, TCL_LENGTH, TCL_MANDATORY_FL, TCL_DELETE_FL, TCL_VERSION_ID,
PTN_ID ) VALUES ( 
1518, 164, NULL, 'rfc_version_id', 'rfc_version_id', 15, 'N', 'int', 10, 'Y', 'N'
, 1, 1); 
INSERT INTO TABLE_COLUMN ( TCL_ID, TBD_ID, ENT_ID, TCL_NAME, TCL_DISPLAY, TCL_ORDER_NO,
TCL_PRIMARY_KEY_FL, TCL_TYPE, TCL_LENGTH, TCL_MANDATORY_FL, TCL_DELETE_FL, TCL_VERSION_ID,
PTN_ID ) VALUES ( 
1519, 164, NULL, 'ptn_id', 'ptn_id', 16, 'N', 'int', 10, 'Y', 'N', 1, 1); 
INSERT INTO TABLE_COLUMN ( TCL_ID, TBD_ID, ENT_ID, TCL_NAME, TCL_DISPLAY, TCL_ORDER_NO,
TCL_PRIMARY_KEY_FL, TCL_TYPE, TCL_LENGTH, TCL_MANDATORY_FL, TCL_DELETE_FL, TCL_VERSION_ID,
PTN_ID ) VALUES ( 
1520, 165, NULL, 'rsh_id', 'rsh_id', 0, 'Y', 'int', 10, 'Y', 'N', 1, 1); 
INSERT INTO TABLE_COLUMN ( TCL_ID, TBD_ID, ENT_ID, TCL_NAME, TCL_DISPLAY, TCL_ORDER_NO,
TCL_PRIMARY_KEY_FL, TCL_TYPE, TCL_LENGTH, TCL_MANDATORY_FL, TCL_DELETE_FL, TCL_VERSION_ID,
PTN_ID ) VALUES ( 
1521, 165, NULL, 'rsh_frequency_cmp_id', 'rsh_frequency_cmp_id', 1, 'N', 'int', 10
, 'Y', 'N', 1, 1); 
INSERT INTO TABLE_COLUMN ( TCL_ID, TBD_ID, ENT_ID, TCL_NAME, TCL_DISPLAY, TCL_ORDER_NO,
TCL_PRIMARY_KEY_FL, TCL_TYPE, TCL_LENGTH, TCL_MANDATORY_FL, TCL_DELETE_FL, TCL_VERSION_ID,
PTN_ID ) VALUES ( 
1522, 165, NULL, 'rsh_frequency_multiplier', 'rsh_frequency_multiplier', 2, 'N', 'int'
, 10, 'Y', 'N', 1, 1); 
INSERT INTO TABLE_COLUMN ( TCL_ID, TBD_ID, ENT_ID, TCL_NAME, TCL_DISPLAY, TCL_ORDER_NO,
TCL_PRIMARY_KEY_FL, TCL_TYPE, TCL_LENGTH, TCL_MANDATORY_FL, TCL_DELETE_FL, TCL_VERSION_ID,
PTN_ID ) VALUES ( 
1523, 165, NULL, 'dgl_id', 'dgl_id', 3, 'N', 'int', 10, 'N', 'N', 1, 1); 
INSERT INTO TABLE_COLUMN ( TCL_ID, TBD_ID, ENT_ID, TCL_NAME, TCL_DISPLAY, TCL_ORDER_NO,
TCL_PRIMARY_KEY_FL, TCL_TYPE, TCL_LENGTH, TCL_MANDATORY_FL, TCL_DELETE_FL, TCL_VERSION_ID,
PTN_ID ) VALUES ( 
1524, 165, NULL, 'rsh_next_dttm', 'rsh_next_dttm', 4, 'N', 'datetime', -1, 'Y', 'N'
, 1, 1); 
INSERT INTO TABLE_COLUMN ( TCL_ID, TBD_ID, ENT_ID, TCL_NAME, TCL_DISPLAY, TCL_ORDER_NO,
TCL_PRIMARY_KEY_FL, TCL_TYPE, TCL_LENGTH, TCL_MANDATORY_FL, TCL_DELETE_FL, TCL_VERSION_ID,
PTN_ID ) VALUES ( 
1525, 165, NULL, 'rsh_delete_fl', 'rsh_delete_fl', 5, 'N', 'bool', 1, 'Y', 'N', 1
, 1); 
INSERT INTO TABLE_COLUMN ( TCL_ID, TBD_ID, ENT_ID, TCL_NAME, TCL_DISPLAY, TCL_ORDER_NO,
TCL_PRIMARY_KEY_FL, TCL_TYPE, TCL_LENGTH, TCL_MANDATORY_FL, TCL_DELETE_FL, TCL_VERSION_ID,
PTN_ID ) VALUES ( 
1526, 165, NULL, 'rsh_version_id', 'rsh_version_id', 6, 'N', 'int', 10, 'Y', 'N', 1
, 1); 
INSERT INTO TABLE_COLUMN ( TCL_ID, TBD_ID, ENT_ID, TCL_NAME, TCL_DISPLAY, TCL_ORDER_NO,
TCL_PRIMARY_KEY_FL, TCL_TYPE, TCL_LENGTH, TCL_MANDATORY_FL, TCL_DELETE_FL, TCL_VERSION_ID,
PTN_ID ) VALUES ( 
1527, 165, NULL, 'ptn_id', 'ptn_id', 7, 'N', 'int', 10, 'Y', 'N', 1, 1); 
INSERT INTO TABLE_COLUMN ( TCL_ID, TBD_ID, ENT_ID, TCL_NAME, TCL_DISPLAY, TCL_ORDER_NO,
TCL_PRIMARY_KEY_FL, TCL_TYPE, TCL_LENGTH, TCL_MANDATORY_FL, TCL_DELETE_FL, TCL_VERSION_ID,
PTN_ID ) VALUES ( 
1528, 166, NULL, 'cdi_id', 'cdi_id', 0, 'Y', 'int', 10, 'Y', 'N', 1, 1); 
INSERT INTO TABLE_COLUMN ( TCL_ID, TBD_ID, ENT_ID, TCL_NAME, TCL_DISPLAY, TCL_ORDER_NO,
TCL_PRIMARY_KEY_FL, TCL_TYPE, TCL_LENGTH, TCL_MANDATORY_FL, TCL_DELETE_FL, TCL_VERSION_ID,
PTN_ID ) VALUES ( 
1529, 166, NULL, 'cdn_id', 'cdn_id', 1, 'N', 'int', 10, 'Y', 'N', 1, 1); 
INSERT INTO TABLE_COLUMN ( TCL_ID, TBD_ID, ENT_ID, TCL_NAME, TCL_DISPLAY, TCL_ORDER_NO,
TCL_PRIMARY_KEY_FL, TCL_TYPE, TCL_LENGTH, TCL_MANDATORY_FL, TCL_DELETE_FL, TCL_VERSION_ID,
PTN_ID ) VALUES ( 
1530, 166, NULL, 'cdi_name', 'cdi_name', 2, 'N', 'string', 255, 'Y', 'N', 1, 1); 
INSERT INTO TABLE_COLUMN ( TCL_ID, TBD_ID, ENT_ID, TCL_NAME, TCL_DISPLAY, TCL_ORDER_NO,
TCL_PRIMARY_KEY_FL, TCL_TYPE, TCL_LENGTH, TCL_MANDATORY_FL, TCL_DELETE_FL, TCL_VERSION_ID,
PTN_ID ) VALUES ( 
860, 92, NULL, 'fcn_fsn_start_no', 'fcn_fsn_start_no', 8, 'N', 'string', 255, 'N'
, 'N', 1, 1); 
INSERT INTO TABLE_COLUMN ( TCL_ID, TBD_ID, ENT_ID, TCL_NAME, TCL_DISPLAY, TCL_ORDER_NO,
TCL_PRIMARY_KEY_FL, TCL_TYPE, TCL_LENGTH, TCL_MANDATORY_FL, TCL_DELETE_FL, TCL_VERSION_ID,
PTN_ID ) VALUES ( 
1577, 171, NULL, 'nat_data4', 'nat_data4', 7, 'N', 'string', 255, 'N', 'N', 1, 1); 
INSERT INTO TABLE_COLUMN ( TCL_ID, TBD_ID, ENT_ID, TCL_NAME, TCL_DISPLAY, TCL_ORDER_NO,
TCL_PRIMARY_KEY_FL, TCL_TYPE, TCL_LENGTH, TCL_MANDATORY_FL, TCL_DELETE_FL, TCL_VERSION_ID,
PTN_ID ) VALUES ( 
1578, 171, NULL, 'nat_data5', 'nat_data5', 8, 'N', 'string', 255, 'N', 'N', 1, 1); 
INSERT INTO TABLE_COLUMN ( TCL_ID, TBD_ID, ENT_ID, TCL_NAME, TCL_DISPLAY, TCL_ORDER_NO,
TCL_PRIMARY_KEY_FL, TCL_TYPE, TCL_LENGTH, TCL_MANDATORY_FL, TCL_DELETE_FL, TCL_VERSION_ID,
PTN_ID ) VALUES ( 
1579, 171, NULL, 'nat_delete_fl', 'nat_delete_fl', 9, 'N', 'bool', 1, 'Y', 'N', 1
, 1); 
INSERT INTO TABLE_COLUMN ( TCL_ID, TBD_ID, ENT_ID, TCL_NAME, TCL_DISPLAY, TCL_ORDER_NO,
TCL_PRIMARY_KEY_FL, TCL_TYPE, TCL_LENGTH, TCL_MANDATORY_FL, TCL_DELETE_FL, TCL_VERSION_ID,
PTN_ID ) VALUES ( 
1580, 171, NULL, 'nat_version_id', 'nat_version_id', 10, 'N', 'int', 10, 'Y', 'N'
, 1, 1); 
INSERT INTO TABLE_COLUMN ( TCL_ID, TBD_ID, ENT_ID, TCL_NAME, TCL_DISPLAY, TCL_ORDER_NO,
TCL_PRIMARY_KEY_FL, TCL_TYPE, TCL_LENGTH, TCL_MANDATORY_FL, TCL_DELETE_FL, TCL_VERSION_ID,
PTN_ID ) VALUES ( 
1581, 171, NULL, 'ptn_id', 'ptn_id', 11, 'N', 'int', 10, 'Y', 'N', 1, 1); 
INSERT INTO TABLE_COLUMN ( TCL_ID, TBD_ID, ENT_ID, TCL_NAME, TCL_DISPLAY, TCL_ORDER_NO,
TCL_PRIMARY_KEY_FL, TCL_TYPE, TCL_LENGTH, TCL_MANDATORY_FL, TCL_DELETE_FL, TCL_VERSION_ID,
PTN_ID ) VALUES ( 
1582, 172, NULL, 'pig_id', 'pig_id', 0, 'Y', 'int', 10, 'Y', 'N', 1, 1); 
INSERT INTO TABLE_COLUMN ( TCL_ID, TBD_ID, ENT_ID, TCL_NAME, TCL_DISPLAY, TCL_ORDER_NO,
TCL_PRIMARY_KEY_FL, TCL_TYPE, TCL_LENGTH, TCL_MANDATORY_FL, TCL_DELETE_FL, TCL_VERSION_ID,
PTN_ID ) VALUES ( 
1583, 172, NULL, 'pdg_id', 'pdg_id', 1, 'N', 'int', 10, 'Y', 'N', 1, 1); 
INSERT INTO TABLE_COLUMN ( TCL_ID, TBD_ID, ENT_ID, TCL_NAME, TCL_DISPLAY, TCL_ORDER_NO,
TCL_PRIMARY_KEY_FL, TCL_TYPE, TCL_LENGTH, TCL_MANDATORY_FL, TCL_DELETE_FL, TCL_VERSION_ID,
PTN_ID ) VALUES ( 
1584, 172, NULL, 'pig_name', 'pig_name', 2, 'N', 'string', 255, 'Y', 'N', 1, 1); 
INSERT INTO TABLE_COLUMN ( TCL_ID, TBD_ID, ENT_ID, TCL_NAME, TCL_DISPLAY, TCL_ORDER_NO,
TCL_PRIMARY_KEY_FL, TCL_TYPE, TCL_LENGTH, TCL_MANDATORY_FL, TCL_DELETE_FL, TCL_VERSION_ID,
PTN_ID ) VALUES ( 
1585, 172, NULL, 'pig_delete_fl', 'pig_delete_fl', 3, 'N', 'bool', 1, 'Y', 'N', 1
, 1); 
INSERT INTO TABLE_COLUMN ( TCL_ID, TBD_ID, ENT_ID, TCL_NAME, TCL_DISPLAY, TCL_ORDER_NO,
TCL_PRIMARY_KEY_FL, TCL_TYPE, TCL_LENGTH, TCL_MANDATORY_FL, TCL_DELETE_FL, TCL_VERSION_ID,
PTN_ID ) VALUES ( 
1586, 172, NULL, 'pig_version_id', 'pig_version_id', 4, 'N', 'int', 10, 'Y', 'N', 1
, 1); 
INSERT INTO TABLE_COLUMN ( TCL_ID, TBD_ID, ENT_ID, TCL_NAME, TCL_DISPLAY, TCL_ORDER_NO,
TCL_PRIMARY_KEY_FL, TCL_TYPE, TCL_LENGTH, TCL_MANDATORY_FL, TCL_DELETE_FL, TCL_VERSION_ID,
PTN_ID ) VALUES ( 
1587, 172, NULL, 'ptn_id', 'ptn_id', 5, 'N', 'int', 10, 'Y', 'N', 1, 1); 
INSERT INTO TABLE_COLUMN ( TCL_ID, TBD_ID, ENT_ID, TCL_NAME, TCL_DISPLAY, TCL_ORDER_NO,
TCL_PRIMARY_KEY_FL, TCL_TYPE, TCL_LENGTH, TCL_MANDATORY_FL, TCL_DELETE_FL, TCL_VERSION_ID,
PTN_ID ) VALUES ( 
1588, 173, NULL, 'dsc_id', 'dsc_id', 0, 'Y', 'int', 10, 'Y', 'N', 1, 1); 
INSERT INTO TABLE_COLUMN ( TCL_ID, TBD_ID, ENT_ID, TCL_NAME, TCL_DISPLAY, TCL_ORDER_NO,
TCL_PRIMARY_KEY_FL, TCL_TYPE, TCL_LENGTH, TCL_MANDATORY_FL, TCL_DELETE_FL, TCL_VERSION_ID,
PTN_ID ) VALUES ( 
1589, 173, NULL, 'dsl_id', 'dsl_id', 1, 'N', 'int', 10, 'Y', 'N', 1, 1); 
INSERT INTO TABLE_COLUMN ( TCL_ID, TBD_ID, ENT_ID, TCL_NAME, TCL_DISPLAY, TCL_ORDER_NO,
TCL_PRIMARY_KEY_FL, TCL_TYPE, TCL_LENGTH, TCL_MANDATORY_FL, TCL_DELETE_FL, TCL_VERSION_ID,
PTN_ID ) VALUES ( 
1590, 173, NULL, 'pig_id', 'pig_id', 2, 'N', 'int', 10, 'Y', 'N', 1, 1); 
INSERT INTO TABLE_COLUMN ( TCL_ID, TBD_ID, ENT_ID, TCL_NAME, TCL_DISPLAY, TCL_ORDER_NO,
TCL_PRIMARY_KEY_FL, TCL_TYPE, TCL_LENGTH, TCL_MANDATORY_FL, TCL_DELETE_FL, TCL_VERSION_ID,
PTN_ID ) VALUES ( 
1591, 173, NULL, 'dsc_name', 'dsc_name', 3, 'N', 'string', 255, 'Y', 'N', 1, 1); 
INSERT INTO TABLE_COLUMN ( TCL_ID, TBD_ID, ENT_ID, TCL_NAME, TCL_DISPLAY, TCL_ORDER_NO,
TCL_PRIMARY_KEY_FL, TCL_TYPE, TCL_LENGTH, TCL_MANDATORY_FL, TCL_DELETE_FL, TCL_VERSION_ID,
PTN_ID ) VALUES ( 
1592, 173, NULL, 'dsc_delete_fl', 'dsc_delete_fl', 4, 'N', 'bool', 1, 'Y', 'N', 1
, 1); 
INSERT INTO TABLE_COLUMN ( TCL_ID, TBD_ID, ENT_ID, TCL_NAME, TCL_DISPLAY, TCL_ORDER_NO,
TCL_PRIMARY_KEY_FL, TCL_TYPE, TCL_LENGTH, TCL_MANDATORY_FL, TCL_DELETE_FL, TCL_VERSION_ID,
PTN_ID ) VALUES ( 
1593, 173, NULL, 'dsc_version_id', 'dsc_version_id', 5, 'N', 'int', 10, 'Y', 'N', 1
, 1); 
INSERT INTO TABLE_COLUMN ( TCL_ID, TBD_ID, ENT_ID, TCL_NAME, TCL_DISPLAY, TCL_ORDER_NO,
TCL_PRIMARY_KEY_FL, TCL_TYPE, TCL_LENGTH, TCL_MANDATORY_FL, TCL_DELETE_FL, TCL_VERSION_ID,
PTN_ID ) VALUES ( 
1594, 173, NULL, 'ptn_id', 'ptn_id', 6, 'N', 'int', 10, 'Y', 'N', 1, 1); 
INSERT INTO TABLE_COLUMN ( TCL_ID, TBD_ID, ENT_ID, TCL_NAME, TCL_DISPLAY, TCL_ORDER_NO,
TCL_PRIMARY_KEY_FL, TCL_TYPE, TCL_LENGTH, TCL_MANDATORY_FL, TCL_DELETE_FL, TCL_VERSION_ID,
PTN_ID ) VALUES ( 
1595, 174, NULL, 'rfg_id', 'rfg_id', 0, 'Y', 'int', 10, 'Y', 'N', 1, 1); 
INSERT INTO TABLE_COLUMN ( TCL_ID, TBD_ID, ENT_ID, TCL_NAME, TCL_DISPLAY, TCL_ORDER_NO,
TCL_PRIMARY_KEY_FL, TCL_TYPE, TCL_LENGTH, TCL_MANDATORY_FL, TCL_DELETE_FL, TCL_VERSION_ID,
PTN_ID ) VALUES ( 
1596, 174, NULL, 'rfg_class_name', 'rfg_class_name', 1, 'N', 'string', 255, 'Y', 'N'
, 1, 1); 
INSERT INTO TABLE_COLUMN ( TCL_ID, TBD_ID, ENT_ID, TCL_NAME, TCL_DISPLAY, TCL_ORDER_NO,
TCL_PRIMARY_KEY_FL, TCL_TYPE, TCL_LENGTH, TCL_MANDATORY_FL, TCL_DELETE_FL, TCL_VERSION_ID,
PTN_ID ) VALUES ( 
1597, 174, NULL, 'rfg_timeout_mins', 'rfg_timeout_mins', 2, 'N', 'int', 10, 'Y', 'N'
, 1, 1); 
INSERT INTO TABLE_COLUMN ( TCL_ID, TBD_ID, ENT_ID, TCL_NAME, TCL_DISPLAY, TCL_ORDER_NO,
TCL_PRIMARY_KEY_FL, TCL_TYPE, TCL_LENGTH, TCL_MANDATORY_FL, TCL_DELETE_FL, TCL_VERSION_ID,
PTN_ID ) VALUES ( 
1598, 174, NULL, 'rfg_delete_fl', 'rfg_delete_fl', 3, 'N', 'bool', 1, 'Y', 'N', 1
, 1); 
INSERT INTO TABLE_COLUMN ( TCL_ID, TBD_ID, ENT_ID, TCL_NAME, TCL_DISPLAY, TCL_ORDER_NO,
TCL_PRIMARY_KEY_FL, TCL_TYPE, TCL_LENGTH, TCL_MANDATORY_FL, TCL_DELETE_FL, TCL_VERSION_ID,
PTN_ID ) VALUES ( 
1599, 174, NULL, 'rfg_version_id', 'rfg_version_id', 4, 'N', 'int', 10, 'Y', 'N', 1
, 1); 
INSERT INTO TABLE_COLUMN ( TCL_ID, TBD_ID, ENT_ID, TCL_NAME, TCL_DISPLAY, TCL_ORDER_NO,
TCL_PRIMARY_KEY_FL, TCL_TYPE, TCL_LENGTH, TCL_MANDATORY_FL, TCL_DELETE_FL, TCL_VERSION_ID,
PTN_ID ) VALUES ( 
1600, 174, NULL, 'ptn_id', 'ptn_id', 5, 'N', 'int', 10, 'Y', 'N', 1, 1); 
INSERT INTO TABLE_COLUMN ( TCL_ID, TBD_ID, ENT_ID, TCL_NAME, TCL_DISPLAY, TCL_ORDER_NO,
TCL_PRIMARY_KEY_FL, TCL_TYPE, TCL_LENGTH, TCL_MANDATORY_FL, TCL_DELETE_FL, TCL_VERSION_ID,
PTN_ID ) VALUES ( 
1601, 175, NULL, 'tcc_id', 'tcc_id', 0, 'Y', 'int', 10, 'Y', 'N', 1, 1); 
INSERT INTO TABLE_COLUMN ( TCL_ID, TBD_ID, ENT_ID, TCL_NAME, TCL_DISPLAY, TCL_ORDER_NO,
TCL_PRIMARY_KEY_FL, TCL_TYPE, TCL_LENGTH, TCL_MANDATORY_FL, TCL_DELETE_FL, TCL_VERSION_ID,
PTN_ID ) VALUES ( 
1602, 175, NULL, 'tcr_id', 'tcr_id', 1, 'N', 'int', 10, 'Y', 'N', 1, 1); 
INSERT INTO TABLE_COLUMN ( TCL_ID, TBD_ID, ENT_ID, TCL_NAME, TCL_DISPLAY, TCL_ORDER_NO,
TCL_PRIMARY_KEY_FL, TCL_TYPE, TCL_LENGTH, TCL_MANDATORY_FL, TCL_DELETE_FL, TCL_VERSION_ID,
PTN_ID ) VALUES ( 
1603, 175, NULL, 'sts_id', 'sts_id', 2, 'N', 'int', 10, 'Y', 'N', 1, 1); 
INSERT INTO TABLE_COLUMN ( TCL_ID, TBD_ID, ENT_ID, TCL_NAME, TCL_DISPLAY, TCL_ORDER_NO,
TCL_PRIMARY_KEY_FL, TCL_TYPE, TCL_LENGTH, TCL_MANDATORY_FL, TCL_DELETE_FL, TCL_VERSION_ID,
PTN_ID ) VALUES ( 
1604, 175, NULL, 'tcc_count', 'tcc_count', 3, 'N', 'int', 10, 'Y', 'N', 1, 1); 
INSERT INTO TABLE_COLUMN ( TCL_ID, TBD_ID, ENT_ID, TCL_NAME, TCL_DISPLAY, TCL_ORDER_NO,
TCL_PRIMARY_KEY_FL, TCL_TYPE, TCL_LENGTH, TCL_MANDATORY_FL, TCL_DELETE_FL, TCL_VERSION_ID,
PTN_ID ) VALUES ( 
1605, 175, NULL, 'tcc_delete_fl', 'tcc_delete_fl', 4, 'N', 'bool', 1, 'Y', 'N', 1
, 1); 
INSERT INTO TABLE_COLUMN ( TCL_ID, TBD_ID, ENT_ID, TCL_NAME, TCL_DISPLAY, TCL_ORDER_NO,
TCL_PRIMARY_KEY_FL, TCL_TYPE, TCL_LENGTH, TCL_MANDATORY_FL, TCL_DELETE_FL, TCL_VERSION_ID,
PTN_ID ) VALUES ( 
1606, 175, NULL, 'tcc_version_id', 'tcc_version_id', 5, 'N', 'int', 10, 'Y', 'N', 1
, 1); 
INSERT INTO TABLE_COLUMN ( TCL_ID, TBD_ID, ENT_ID, TCL_NAME, TCL_DISPLAY, TCL_ORDER_NO,
TCL_PRIMARY_KEY_FL, TCL_TYPE, TCL_LENGTH, TCL_MANDATORY_FL, TCL_DELETE_FL, TCL_VERSION_ID,
PTN_ID ) VALUES ( 
1607, 175, NULL, 'ptn_id', 'ptn_id', 6, 'N', 'int', 10, 'Y', 'N', 1, 1); 
INSERT INTO TABLE_COLUMN ( TCL_ID, TBD_ID, ENT_ID, TCL_NAME, TCL_DISPLAY, TCL_ORDER_NO,
TCL_PRIMARY_KEY_FL, TCL_TYPE, TCL_LENGTH, TCL_MANDATORY_FL, TCL_DELETE_FL, TCL_VERSION_ID,
PTN_ID ) VALUES ( 
1608, 176, NULL, 'cis_id', 'cis_id', 0, 'Y', 'int', 10, 'Y', 'N', 1, 1); 
INSERT INTO TABLE_COLUMN ( TCL_ID, TBD_ID, ENT_ID, TCL_NAME, TCL_DISPLAY, TCL_ORDER_NO,
TCL_PRIMARY_KEY_FL, TCL_TYPE, TCL_LENGTH, TCL_MANDATORY_FL, TCL_DELETE_FL, TCL_VERSION_ID,
PTN_ID ) VALUES ( 
1609, 176, NULL, 'cii_id', 'cii_id', 1, 'N', 'int', 10, 'Y', 'N', 1, 1); 
INSERT INTO TABLE_COLUMN ( TCL_ID, TBD_ID, ENT_ID, TCL_NAME, TCL_DISPLAY, TCL_ORDER_NO,
TCL_PRIMARY_KEY_FL, TCL_TYPE, TCL_LENGTH, TCL_MANDATORY_FL, TCL_DELETE_FL, TCL_VERSION_ID,
PTN_ID ) VALUES ( 
1610, 176, NULL, 'cds_id', 'cds_id', 2, 'N', 'int', 10, 'Y', 'N', 1, 1); 
INSERT INTO TABLE_COLUMN ( TCL_ID, TBD_ID, ENT_ID, TCL_NAME, TCL_DISPLAY, TCL_ORDER_NO,
TCL_PRIMARY_KEY_FL, TCL_TYPE, TCL_LENGTH, TCL_MANDATORY_FL, TCL_DELETE_FL, TCL_VERSION_ID,
PTN_ID ) VALUES ( 
1611, 176, NULL, 'cis_order_no', 'cis_order_no', 3, 'N', 'int', 10, 'Y', 'N', 1, 1); 
INSERT INTO TABLE_COLUMN ( TCL_ID, TBD_ID, ENT_ID, TCL_NAME, TCL_DISPLAY, TCL_ORDER_NO,
TCL_PRIMARY_KEY_FL, TCL_TYPE, TCL_LENGTH, TCL_MANDATORY_FL, TCL_DELETE_FL, TCL_VERSION_ID,
PTN_ID ) VALUES ( 
1612, 176, NULL, 'cis_start_usr_id', 'cis_start_usr_id', 4, 'N', 'int', 10, 'N', 'N'
, 1, 1); 
INSERT INTO TABLE_COLUMN ( TCL_ID, TBD_ID, ENT_ID, TCL_NAME, TCL_DISPLAY, TCL_ORDER_NO,
TCL_PRIMARY_KEY_FL, TCL_TYPE, TCL_LENGTH, TCL_MANDATORY_FL, TCL_DELETE_FL, TCL_VERSION_ID,
PTN_ID ) VALUES ( 
1613, 176, NULL, 'cis_start_dttm', 'cis_start_dttm', 5, 'N', 'datetime', -1, 'N', 'N'
, 1, 1); 
INSERT INTO TABLE_COLUMN ( TCL_ID, TBD_ID, ENT_ID, TCL_NAME, TCL_DISPLAY, TCL_ORDER_NO,
TCL_PRIMARY_KEY_FL, TCL_TYPE, TCL_LENGTH, TCL_MANDATORY_FL, TCL_DELETE_FL, TCL_VERSION_ID,
PTN_ID ) VALUES ( 
1614, 176, NULL, 'cis_end_usr_id', 'cis_end_usr_id', 6, 'N', 'int', 10, 'N', 'N', 1
, 1); 
INSERT INTO TABLE_COLUMN ( TCL_ID, TBD_ID, ENT_ID, TCL_NAME, TCL_DISPLAY, TCL_ORDER_NO,
TCL_PRIMARY_KEY_FL, TCL_TYPE, TCL_LENGTH, TCL_MANDATORY_FL, TCL_DELETE_FL, TCL_VERSION_ID,
PTN_ID ) VALUES ( 
1615, 176, NULL, 'cis_end_dttm', 'cis_end_dttm', 7, 'N', 'datetime', -1, 'N', 'N'
, 1, 1); 
INSERT INTO TABLE_COLUMN ( TCL_ID, TBD_ID, ENT_ID, TCL_NAME, TCL_DISPLAY, TCL_ORDER_NO,
TCL_PRIMARY_KEY_FL, TCL_TYPE, TCL_LENGTH, TCL_MANDATORY_FL, TCL_DELETE_FL, TCL_VERSION_ID,
PTN_ID ) VALUES ( 
1616, 176, NULL, 'lst_id', 'lst_id', 8, 'N', 'int', 10, 'N', 'N', 1, 1); 
INSERT INTO TABLE_COLUMN ( TCL_ID, TBD_ID, ENT_ID, TCL_NAME, TCL_DISPLAY, TCL_ORDER_NO,
TCL_PRIMARY_KEY_FL, TCL_TYPE, TCL_LENGTH, TCL_MANDATORY_FL, TCL_DELETE_FL, TCL_VERSION_ID,
PTN_ID ) VALUES ( 
1617, 176, NULL, 'pig_id', 'pig_id', 9, 'N', 'int', 10, 'N', 'N', 1, 1); 
INSERT INTO TABLE_COLUMN ( TCL_ID, TBD_ID, ENT_ID, TCL_NAME, TCL_DISPLAY, TCL_ORDER_NO,
TCL_PRIMARY_KEY_FL, TCL_TYPE, TCL_LENGTH, TCL_MANDATORY_FL, TCL_DELETE_FL, TCL_VERSION_ID,
PTN_ID ) VALUES ( 
1618, 176, NULL, 'cis_delete_fl', 'cis_delete_fl', 10, 'N', 'bool', 1, 'Y', 'N', 1
, 1); 
INSERT INTO TABLE_COLUMN ( TCL_ID, TBD_ID, ENT_ID, TCL_NAME, TCL_DISPLAY, TCL_ORDER_NO,
TCL_PRIMARY_KEY_FL, TCL_TYPE, TCL_LENGTH, TCL_MANDATORY_FL, TCL_DELETE_FL, TCL_VERSION_ID,
PTN_ID ) VALUES ( 
1619, 176, NULL, 'cis_version_id', 'cis_version_id', 11, 'N', 'int', 10, 'Y', 'N'
, 1, 1); 
INSERT INTO TABLE_COLUMN ( TCL_ID, TBD_ID, ENT_ID, TCL_NAME, TCL_DISPLAY, TCL_ORDER_NO,
TCL_PRIMARY_KEY_FL, TCL_TYPE, TCL_LENGTH, TCL_MANDATORY_FL, TCL_DELETE_FL, TCL_VERSION_ID,
PTN_ID ) VALUES ( 
1620, 176, NULL, 'ptn_id', 'ptn_id', 12, 'N', 'int', 10, 'Y', 'N', 1, 1); 
INSERT INTO TABLE_COLUMN ( TCL_ID, TBD_ID, ENT_ID, TCL_NAME, TCL_DISPLAY, TCL_ORDER_NO,
TCL_PRIMARY_KEY_FL, TCL_TYPE, TCL_LENGTH, TCL_MANDATORY_FL, TCL_DELETE_FL, TCL_VERSION_ID,
PTN_ID ) VALUES ( 
1621, 177, NULL, 'asw_id', 'asw_id', 0, 'Y', 'int', 10, 'Y', 'N', 1, 1); 
INSERT INTO TABLE_COLUMN ( TCL_ID, TBD_ID, ENT_ID, TCL_NAME, TCL_DISPLAY, TCL_ORDER_NO,
TCL_PRIMARY_KEY_FL, TCL_TYPE, TCL_LENGTH, TCL_MANDATORY_FL, TCL_DELETE_FL, TCL_VERSION_ID,
PTN_ID ) VALUES ( 
1622, 177, NULL, 'asq_id', 'asq_id', 1, 'N', 'int', 10, 'Y', 'N', 1, 1); 
INSERT INTO TABLE_COLUMN ( TCL_ID, TBD_ID, ENT_ID, TCL_NAME, TCL_DISPLAY, TCL_ORDER_NO,
TCL_PRIMARY_KEY_FL, TCL_TYPE, TCL_LENGTH, TCL_MANDATORY_FL, TCL_DELETE_FL, TCL_VERSION_ID,
PTN_ID ) VALUES ( 
1623, 177, NULL, 'asw_operator', 'asw_operator', 2, 'N', 'string', 255, 'N', 'N', 1
, 1); 
INSERT INTO TABLE_COLUMN ( TCL_ID, TBD_ID, ENT_ID, TCL_NAME, TCL_DISPLAY, TCL_ORDER_NO,
TCL_PRIMARY_KEY_FL, TCL_TYPE, TCL_LENGTH, TCL_MANDATORY_FL, TCL_DELETE_FL, TCL_VERSION_ID,
PTN_ID ) VALUES ( 
1624, 177, NULL, 'asw_expression1', 'asw_expression1', 3, 'N', 'string', 255, 'Y'
, 'N', 1, 1); 
INSERT INTO TABLE_COLUMN ( TCL_ID, TBD_ID, ENT_ID, TCL_NAME, TCL_DISPLAY, TCL_ORDER_NO,
TCL_PRIMARY_KEY_FL, TCL_TYPE, TCL_LENGTH, TCL_MANDATORY_FL, TCL_DELETE_FL, TCL_VERSION_ID,
PTN_ID ) VALUES ( 
1625, 177, NULL, 'asw_expression1_display_name', 'asw_expression1_display_name', 4
, 'N', 'string', 255, 'Y', 'N', 1, 1); 
INSERT INTO TABLE_COLUMN ( TCL_ID, TBD_ID, ENT_ID, TCL_NAME, TCL_DISPLAY, TCL_ORDER_NO,
TCL_PRIMARY_KEY_FL, TCL_TYPE, TCL_LENGTH, TCL_MANDATORY_FL, TCL_DELETE_FL, TCL_VERSION_ID,
PTN_ID ) VALUES ( 
1626, 177, NULL, 'asw_colum1_indent', 'asw_colum1_indent', 5, 'N', 'string', 255, 'N'
, 'N', 1, 1); 
INSERT INTO TABLE_COLUMN ( TCL_ID, TBD_ID, ENT_ID, TCL_NAME, TCL_DISPLAY, TCL_ORDER_NO,
TCL_PRIMARY_KEY_FL, TCL_TYPE, TCL_LENGTH, TCL_MANDATORY_FL, TCL_DELETE_FL, TCL_VERSION_ID,
PTN_ID ) VALUES ( 
1627, 177, NULL, 'asw_expression_operator', 'asw_expression_operator', 6, 'N', 'string'
, 255, 'Y', 'N', 1, 1); 
INSERT INTO TABLE_COLUMN ( TCL_ID, TBD_ID, ENT_ID, TCL_NAME, TCL_DISPLAY, TCL_ORDER_NO,
TCL_PRIMARY_KEY_FL, TCL_TYPE, TCL_LENGTH, TCL_MANDATORY_FL, TCL_DELETE_FL, TCL_VERSION_ID,
PTN_ID ) VALUES ( 
1628, 177, NULL, 'asw_expression1_data_type', 'asw_expression1_data_type', 7, 'N'
, 'string', 255, 'Y', 'N', 1, 1); 
INSERT INTO TABLE_COLUMN ( TCL_ID, TBD_ID, ENT_ID, TCL_NAME, TCL_DISPLAY, TCL_ORDER_NO,
TCL_PRIMARY_KEY_FL, TCL_TYPE, TCL_LENGTH, TCL_MANDATORY_FL, TCL_DELETE_FL, TCL_VERSION_ID,
PTN_ID ) VALUES ( 
1629, 177, NULL, 'asw_expression1_s_q_l_type', 'asw_expression1_s_q_l_type', 8, 'N'
, 'int', 10, 'Y', 'N', 1, 1); 
INSERT INTO TABLE_COLUMN ( TCL_ID, TBD_ID, ENT_ID, TCL_NAME, TCL_DISPLAY, TCL_ORDER_NO,
TCL_PRIMARY_KEY_FL, TCL_TYPE, TCL_LENGTH, TCL_MANDATORY_FL, TCL_DELETE_FL, TCL_VERSION_ID,
PTN_ID ) VALUES ( 
1630, 177, NULL, 'asw_expression2', 'asw_expression2', 9, 'N', 'string', 255, 'Y'
, 'N', 1, 1); 
INSERT INTO TABLE_COLUMN ( TCL_ID, TBD_ID, ENT_ID, TCL_NAME, TCL_DISPLAY, TCL_ORDER_NO,
TCL_PRIMARY_KEY_FL, TCL_TYPE, TCL_LENGTH, TCL_MANDATORY_FL, TCL_DELETE_FL, TCL_VERSION_ID,
PTN_ID ) VALUES ( 
1631, 177, NULL, 'asw_expression2_display_name', 'asw_expression2_display_name', 10
, 'N', 'string', 255, 'Y', 'N', 1, 1); 
INSERT INTO TABLE_COLUMN ( TCL_ID, TBD_ID, ENT_ID, TCL_NAME, TCL_DISPLAY, TCL_ORDER_NO,
TCL_PRIMARY_KEY_FL, TCL_TYPE, TCL_LENGTH, TCL_MANDATORY_FL, TCL_DELETE_FL, TCL_VERSION_ID,
PTN_ID ) VALUES ( 
1632, 177, NULL, 'asw_colum2_indent', 'asw_colum2_indent', 11, 'N', 'string', 255
, 'N', 'N', 1, 1); 
INSERT INTO TABLE_COLUMN ( TCL_ID, TBD_ID, ENT_ID, TCL_NAME, TCL_DISPLAY, TCL_ORDER_NO,
TCL_PRIMARY_KEY_FL, TCL_TYPE, TCL_LENGTH, TCL_MANDATORY_FL, TCL_DELETE_FL, TCL_VERSION_ID,
PTN_ID ) VALUES ( 
1633, 177, NULL, 'asw_expression2_data_type', 'asw_expression2_data_type', 12, 'N'
, 'string', 255, 'Y', 'N', 1, 1); 
INSERT INTO TABLE_COLUMN ( TCL_ID, TBD_ID, ENT_ID, TCL_NAME, TCL_DISPLAY, TCL_ORDER_NO,
TCL_PRIMARY_KEY_FL, TCL_TYPE, TCL_LENGTH, TCL_MANDATORY_FL, TCL_DELETE_FL, TCL_VERSION_ID,
PTN_ID ) VALUES ( 
1634, 177, NULL, 'asw_expression2_s_q_l_type', 'asw_expression2_s_q_l_type', 13, 'N'
, 'int', 10, 'Y', 'N', 1, 1); 
INSERT INTO TABLE_COLUMN ( TCL_ID, TBD_ID, ENT_ID, TCL_NAME, TCL_DISPLAY, TCL_ORDER_NO,
TCL_PRIMARY_KEY_FL, TCL_TYPE, TCL_LENGTH, TCL_MANDATORY_FL, TCL_DELETE_FL, TCL_VERSION_ID,
PTN_ID ) VALUES ( 
1635, 177, NULL, 'asf_id', 'asf_id', 14, 'N', 'int', 10, 'N', 'N', 1, 1); 
INSERT INTO TABLE_COLUMN ( TCL_ID, TBD_ID, ENT_ID, TCL_NAME, TCL_DISPLAY, TCL_ORDER_NO,
TCL_PRIMARY_KEY_FL, TCL_TYPE, TCL_LENGTH, TCL_MANDATORY_FL, TCL_DELETE_FL, TCL_VERSION_ID,
PTN_ID ) VALUES ( 
1636, 177, NULL, 'asw_order_no', 'asw_order_no', 15, 'N', 'int', 10, 'Y', 'N', 1, 1); 
INSERT INTO TABLE_COLUMN ( TCL_ID, TBD_ID, ENT_ID, TCL_NAME, TCL_DISPLAY, TCL_ORDER_NO,
TCL_PRIMARY_KEY_FL, TCL_TYPE, TCL_LENGTH, TCL_MANDATORY_FL, TCL_DELETE_FL, TCL_VERSION_ID,
PTN_ID ) VALUES ( 
1637, 177, NULL, 'asw_delete_fl', 'asw_delete_fl', 16, 'N', 'bool', 1, 'Y', 'N', 1
, 1); 
INSERT INTO TABLE_COLUMN ( TCL_ID, TBD_ID, ENT_ID, TCL_NAME, TCL_DISPLAY, TCL_ORDER_NO,
TCL_PRIMARY_KEY_FL, TCL_TYPE, TCL_LENGTH, TCL_MANDATORY_FL, TCL_DELETE_FL, TCL_VERSION_ID,
PTN_ID ) VALUES ( 
1638, 177, NULL, 'asw_version_id', 'asw_version_id', 17, 'N', 'int', 10, 'Y', 'N'
, 1, 1); 
INSERT INTO TABLE_COLUMN ( TCL_ID, TBD_ID, ENT_ID, TCL_NAME, TCL_DISPLAY, TCL_ORDER_NO,
TCL_PRIMARY_KEY_FL, TCL_TYPE, TCL_LENGTH, TCL_MANDATORY_FL, TCL_DELETE_FL, TCL_VERSION_ID,
PTN_ID ) VALUES ( 
1639, 177, NULL, 'ptn_id', 'ptn_id', 18, 'N', 'int', 10, 'Y', 'N', 1, 1); 
INSERT INTO TABLE_COLUMN ( TCL_ID, TBD_ID, ENT_ID, TCL_NAME, TCL_DISPLAY, TCL_ORDER_NO,
TCL_PRIMARY_KEY_FL, TCL_TYPE, TCL_LENGTH, TCL_MANDATORY_FL, TCL_DELETE_FL, TCL_VERSION_ID,
PTN_ID ) VALUES ( 
1640, 178, NULL, 'cur_id', 'cur_id', 0, 'Y', 'int', 10, 'Y', 'N', 1, 1); 
INSERT INTO TABLE_COLUMN ( TCL_ID, TBD_ID, ENT_ID, TCL_NAME, TCL_DISPLAY, TCL_ORDER_NO,
TCL_PRIMARY_KEY_FL, TCL_TYPE, TCL_LENGTH, TCL_MANDATORY_FL, TCL_DELETE_FL, TCL_VERSION_ID,
PTN_ID ) VALUES ( 
1641, 178, NULL, 'cur_name', 'cur_name', 1, 'N', 'string', 255, 'Y', 'N', 1, 1); 
INSERT INTO TABLE_COLUMN ( TCL_ID, TBD_ID, ENT_ID, TCL_NAME, TCL_DISPLAY, TCL_ORDER_NO,
TCL_PRIMARY_KEY_FL, TCL_TYPE, TCL_LENGTH, TCL_MANDATORY_FL, TCL_DELETE_FL, TCL_VERSION_ID,
PTN_ID ) VALUES ( 
1642, 178, NULL, 'cur_iso_cd', 'cur_iso_cd', 2, 'N', 'string', 255, 'Y', 'N', 1, 1); 
INSERT INTO TABLE_COLUMN ( TCL_ID, TBD_ID, ENT_ID, TCL_NAME, TCL_DISPLAY, TCL_ORDER_NO,
TCL_PRIMARY_KEY_FL, TCL_TYPE, TCL_LENGTH, TCL_MANDATORY_FL, TCL_DELETE_FL, TCL_VERSION_ID,
PTN_ID ) VALUES ( 
1643, 178, NULL, 'cur_culture', 'cur_culture', 3, 'N', 'string', 255, 'Y', 'N', 1
, 1); 
INSERT INTO TABLE_COLUMN ( TCL_ID, TBD_ID, ENT_ID, TCL_NAME, TCL_DISPLAY, TCL_ORDER_NO,
TCL_PRIMARY_KEY_FL, TCL_TYPE, TCL_LENGTH, TCL_MANDATORY_FL, TCL_DELETE_FL, TCL_VERSION_ID,
PTN_ID ) VALUES ( 
1644, 178, NULL, 'cur_delete_fl', 'cur_delete_fl', 4, 'N', 'bool', 1, 'Y', 'N', 1
, 1); 
INSERT INTO TABLE_COLUMN ( TCL_ID, TBD_ID, ENT_ID, TCL_NAME, TCL_DISPLAY, TCL_ORDER_NO,
TCL_PRIMARY_KEY_FL, TCL_TYPE, TCL_LENGTH, TCL_MANDATORY_FL, TCL_DELETE_FL, TCL_VERSION_ID,
PTN_ID ) VALUES ( 
1645, 178, NULL, 'cur_version_id', 'cur_version_id', 5, 'N', 'int', 10, 'Y', 'N', 1
, 1); 
INSERT INTO TABLE_COLUMN ( TCL_ID, TBD_ID, ENT_ID, TCL_NAME, TCL_DISPLAY, TCL_ORDER_NO,
TCL_PRIMARY_KEY_FL, TCL_TYPE, TCL_LENGTH, TCL_MANDATORY_FL, TCL_DELETE_FL, TCL_VERSION_ID,
PTN_ID ) VALUES ( 
1646, 178, NULL, 'ptn_id', 'ptn_id', 6, 'N', 'int', 10, 'Y', 'N', 1, 1); 
INSERT INTO TABLE_COLUMN ( TCL_ID, TBD_ID, ENT_ID, TCL_NAME, TCL_DISPLAY, TCL_ORDER_NO,
TCL_PRIMARY_KEY_FL, TCL_TYPE, TCL_LENGTH, TCL_MANDATORY_FL, TCL_DELETE_FL, TCL_VERSION_ID,
PTN_ID ) VALUES ( 
1647, 179, NULL, 'tcb_id', 'tcb_id', 0, 'Y', 'int', 10, 'Y', 'N', 1, 1); 
INSERT INTO TABLE_COLUMN ( TCL_ID, TBD_ID, ENT_ID, TCL_NAME, TCL_DISPLAY, TCL_ORDER_NO,
TCL_PRIMARY_KEY_FL, TCL_TYPE, TCL_LENGTH, TCL_MANDATORY_FL, TCL_DELETE_FL, TCL_VERSION_ID,
PTN_ID ) VALUES ( 
1648, 179, NULL, 'bnd_id', 'bnd_id', 1, 'N', 'int', 10, 'Y', 'N', 1, 1); 
INSERT INTO TABLE_COLUMN ( TCL_ID, TBD_ID, ENT_ID, TCL_NAME, TCL_DISPLAY, TCL_ORDER_NO,
TCL_PRIMARY_KEY_FL, TCL_TYPE, TCL_LENGTH, TCL_MANDATORY_FL, TCL_DELETE_FL, TCL_VERSION_ID,
PTN_ID ) VALUES ( 
1649, 179, NULL, 'tcs_id', 'tcs_id', 2, 'N', 'int', 10, 'Y', 'N', 1, 1); 
INSERT INTO TABLE_COLUMN ( TCL_ID, TBD_ID, ENT_ID, TCL_NAME, TCL_DISPLAY, TCL_ORDER_NO,
TCL_PRIMARY_KEY_FL, TCL_TYPE, TCL_LENGTH, TCL_MANDATORY_FL, TCL_DELETE_FL, TCL_VERSION_ID,
PTN_ID ) VALUES ( 
1650, 179, NULL, 'tcb_version_id', 'tcb_version_id', 3, 'N', 'int', 10, 'Y', 'N', 1
, 1); 
INSERT INTO TABLE_COLUMN ( TCL_ID, TBD_ID, ENT_ID, TCL_NAME, TCL_DISPLAY, TCL_ORDER_NO,
TCL_PRIMARY_KEY_FL, TCL_TYPE, TCL_LENGTH, TCL_MANDATORY_FL, TCL_DELETE_FL, TCL_VERSION_ID,
PTN_ID ) VALUES ( 
1651, 179, NULL, 'tcb_delete_fl', 'tcb_delete_fl', 4, 'N', 'bool', 1, 'Y', 'N', 1
, 1); 
INSERT INTO TABLE_COLUMN ( TCL_ID, TBD_ID, ENT_ID, TCL_NAME, TCL_DISPLAY, TCL_ORDER_NO,
TCL_PRIMARY_KEY_FL, TCL_TYPE, TCL_LENGTH, TCL_MANDATORY_FL, TCL_DELETE_FL, TCL_VERSION_ID,
PTN_ID ) VALUES ( 
1652, 179, NULL, 'ptn_id', 'ptn_id', 5, 'N', 'int', 10, 'Y', 'N', 1, 1); 
INSERT INTO TABLE_COLUMN ( TCL_ID, TBD_ID, ENT_ID, TCL_NAME, TCL_DISPLAY, TCL_ORDER_NO,
TCL_PRIMARY_KEY_FL, TCL_TYPE, TCL_LENGTH, TCL_MANDATORY_FL, TCL_DELETE_FL, TCL_VERSION_ID,
PTN_ID ) VALUES ( 
1653, 180, NULL, 'cog_id', 'cog_id', 0, 'Y', 'int', 10, 'Y', 'N', 1, 1); 
INSERT INTO TABLE_COLUMN ( TCL_ID, TBD_ID, ENT_ID, TCL_NAME, TCL_DISPLAY, TCL_ORDER_NO,
TCL_PRIMARY_KEY_FL, TCL_TYPE, TCL_LENGTH, TCL_MANDATORY_FL, TCL_DELETE_FL, TCL_VERSION_ID,
PTN_ID ) VALUES ( 
1654, 180, NULL, 'csb_id', 'csb_id', 1, 'N', 'int', 10, 'Y', 'N', 1, 1); 
INSERT INTO TABLE_COLUMN ( TCL_ID, TBD_ID, ENT_ID, TCL_NAME, TCL_DISPLAY, TCL_ORDER_NO,
TCL_PRIMARY_KEY_FL, TCL_TYPE, TCL_LENGTH, TCL_MANDATORY_FL, TCL_DELETE_FL, TCL_VERSION_ID,
PTN_ID ) VALUES ( 
1655, 180, NULL, 'cog_name', 'cog_name', 2, 'N', 'string', 255, 'Y', 'N', 1, 1); 
INSERT INTO TABLE_COLUMN ( TCL_ID, TBD_ID, ENT_ID, TCL_NAME, TCL_DISPLAY, TCL_ORDER_NO,
TCL_PRIMARY_KEY_FL, TCL_TYPE, TCL_LENGTH, TCL_MANDATORY_FL, TCL_DELETE_FL, TCL_VERSION_ID,
PTN_ID ) VALUES ( 
1656, 180, NULL, 'cog_horizontal_pos', 'cog_horizontal_pos', 3, 'N', 'string', 255
, 'N', 'N', 1, 1); 
INSERT INTO TABLE_COLUMN ( TCL_ID, TBD_ID, ENT_ID, TCL_NAME, TCL_DISPLAY, TCL_ORDER_NO,
TCL_PRIMARY_KEY_FL, TCL_TYPE, TCL_LENGTH, TCL_MANDATORY_FL, TCL_DELETE_FL, TCL_VERSION_ID,
PTN_ID ) VALUES ( 
1657, 180, NULL, 'cog_vertical_pos', 'cog_vertical_pos', 4, 'N', 'string', 255, 'N'
, 'N', 1, 1); 
INSERT INTO TABLE_COLUMN ( TCL_ID, TBD_ID, ENT_ID, TCL_NAME, TCL_DISPLAY, TCL_ORDER_NO,
TCL_PRIMARY_KEY_FL, TCL_TYPE, TCL_LENGTH, TCL_MANDATORY_FL, TCL_DELETE_FL, TCL_VERSION_ID,
PTN_ID ) VALUES ( 
1658, 180, NULL, 'cog_show_below_chart', 'cog_show_below_chart', 5, 'N', 'string'
, 255, 'N', 'N', 1, 1); 
INSERT INTO TABLE_COLUMN ( TCL_ID, TBD_ID, ENT_ID, TCL_NAME, TCL_DISPLAY, TCL_ORDER_NO,
TCL_PRIMARY_KEY_FL, TCL_TYPE, TCL_LENGTH, TCL_MANDATORY_FL, TCL_DELETE_FL, TCL_VERSION_ID,
PTN_ID ) VALUES ( 
1659, 180, NULL, 'cog_delete_fl', 'cog_delete_fl', 6, 'N', 'bool', 1, 'Y', 'N', 1
, 1); 
INSERT INTO TABLE_COLUMN ( TCL_ID, TBD_ID, ENT_ID, TCL_NAME, TCL_DISPLAY, TCL_ORDER_NO,
TCL_PRIMARY_KEY_FL, TCL_TYPE, TCL_LENGTH, TCL_MANDATORY_FL, TCL_DELETE_FL, TCL_VERSION_ID,
PTN_ID ) VALUES ( 
1660, 180, NULL, 'cog_version_id', 'cog_version_id', 7, 'N', 'int', 10, 'Y', 'N', 1
, 1); 
INSERT INTO TABLE_COLUMN ( TCL_ID, TBD_ID, ENT_ID, TCL_NAME, TCL_DISPLAY, TCL_ORDER_NO,
TCL_PRIMARY_KEY_FL, TCL_TYPE, TCL_LENGTH, TCL_MANDATORY_FL, TCL_DELETE_FL, TCL_VERSION_ID,
PTN_ID ) VALUES ( 
1661, 180, NULL, 'ptn_id', 'ptn_id', 8, 'N', 'int', 10, 'Y', 'N', 1, 1); 
INSERT INTO TABLE_COLUMN ( TCL_ID, TBD_ID, ENT_ID, TCL_NAME, TCL_DISPLAY, TCL_ORDER_NO,
TCL_PRIMARY_KEY_FL, TCL_TYPE, TCL_LENGTH, TCL_MANDATORY_FL, TCL_DELETE_FL, TCL_VERSION_ID,
PTN_ID ) VALUES ( 
1662, 181, NULL, 'tff_id', 'tff_id', 0, 'Y', 'int', 10, 'Y', 'N', 1, 1); 
INSERT INTO TABLE_COLUMN ( TCL_ID, TBD_ID, ENT_ID, TCL_NAME, TCL_DISPLAY, TCL_ORDER_NO,
TCL_PRIMARY_KEY_FL, TCL_TYPE, TCL_LENGTH, TCL_MANDATORY_FL, TCL_DELETE_FL, TCL_VERSION_ID,
PTN_ID ) VALUES ( 
1663, 181, NULL, 'tff_parent_tff_id', 'tff_parent_tff_id', 1, 'N', 'int', 10, 'N'
, 'N', 1, 1); 
INSERT INTO TABLE_COLUMN ( TCL_ID, TBD_ID, ENT_ID, TCL_NAME, TCL_DISPLAY, TCL_ORDER_NO,
TCL_PRIMARY_KEY_FL, TCL_TYPE, TCL_LENGTH, TCL_MANDATORY_FL, TCL_DELETE_FL, TCL_VERSION_ID,
PTN_ID ) VALUES ( 
1664, 181, NULL, 'tff_root_tff_id', 'tff_root_tff_id', 2, 'N', 'int', 10, 'N', 'N'
, 1, 1); 
INSERT INTO TABLE_COLUMN ( TCL_ID, TBD_ID, ENT_ID, TCL_NAME, TCL_DISPLAY, TCL_ORDER_NO,
TCL_PRIMARY_KEY_FL, TCL_TYPE, TCL_LENGTH, TCL_MANDATORY_FL, TCL_DELETE_FL, TCL_VERSION_ID,
PTN_ID ) VALUES ( 
1665, 181, NULL, 'tcs_id', 'tcs_id', 3, 'N', 'int', 10, 'Y', 'N', 1, 1); 
INSERT INTO TABLE_COLUMN ( TCL_ID, TBD_ID, ENT_ID, TCL_NAME, TCL_DISPLAY, TCL_ORDER_NO,
TCL_PRIMARY_KEY_FL, TCL_TYPE, TCL_LENGTH, TCL_MANDATORY_FL, TCL_DELETE_FL, TCL_VERSION_ID,
PTN_ID ) VALUES ( 
1666, 181, NULL, 'tft_id', 'tft_id', 4, 'N', 'int', 10, 'Y', 'N', 1, 1); 
INSERT INTO TABLE_COLUMN ( TCL_ID, TBD_ID, ENT_ID, TCL_NAME, TCL_DISPLAY, TCL_ORDER_NO,
TCL_PRIMARY_KEY_FL, TCL_TYPE, TCL_LENGTH, TCL_MANDATORY_FL, TCL_DELETE_FL, TCL_VERSION_ID,
PTN_ID ) VALUES ( 
1667, 181, NULL, 'ctr_id', 'ctr_id', 5, 'N', 'int', 10, 'Y', 'N', 1, 1); 
INSERT INTO TABLE_COLUMN ( TCL_ID, TBD_ID, ENT_ID, TCL_NAME, TCL_DISPLAY, TCL_ORDER_NO,
TCL_PRIMARY_KEY_FL, TCL_TYPE, TCL_LENGTH, TCL_MANDATORY_FL, TCL_DELETE_FL, TCL_VERSION_ID,
PTN_ID ) VALUES ( 
1668, 181, NULL, 'cur_id', 'cur_id', 6, 'N', 'int', 10, 'Y', 'N', 1, 1); 
INSERT INTO TABLE_COLUMN ( TCL_ID, TBD_ID, ENT_ID, TCL_NAME, TCL_DISPLAY, TCL_ORDER_NO,
TCL_PRIMARY_KEY_FL, TCL_TYPE, TCL_LENGTH, TCL_MANDATORY_FL, TCL_DELETE_FL, TCL_VERSION_ID,
PTN_ID ) VALUES ( 
1669, 181, NULL, 'dgl_id', 'dgl_id', 7, 'N', 'int', 10, 'Y', 'N', 1, 1); 
INSERT INTO TABLE_COLUMN ( TCL_ID, TBD_ID, ENT_ID, TCL_NAME, TCL_DISPLAY, TCL_ORDER_NO,
TCL_PRIMARY_KEY_FL, TCL_TYPE, TCL_LENGTH, TCL_MANDATORY_FL, TCL_DELETE_FL, TCL_VERSION_ID,
PTN_ID ) VALUES ( 
1670, 181, NULL, 'tff_cur_dp', 'tff_cur_dp', 8, 'N', 'int', 10, 'Y', 'N', 1, 1); 
INSERT INTO TABLE_COLUMN ( TCL_ID, TBD_ID, ENT_ID, TCL_NAME, TCL_DISPLAY, TCL_ORDER_NO,
TCL_PRIMARY_KEY_FL, TCL_TYPE, TCL_LENGTH, TCL_MANDATORY_FL, TCL_DELETE_FL, TCL_VERSION_ID,
PTN_ID ) VALUES ( 
1671, 181, NULL, 'tff_name', 'tff_name', 9, 'N', 'string', 255, 'Y', 'N', 1, 1); 
INSERT INTO TABLE_COLUMN ( TCL_ID, TBD_ID, ENT_ID, TCL_NAME, TCL_DISPLAY, TCL_ORDER_NO,
TCL_PRIMARY_KEY_FL, TCL_TYPE, TCL_LENGTH, TCL_MANDATORY_FL, TCL_DELETE_FL, TCL_VERSION_ID,
PTN_ID ) VALUES ( 
1672, 181, NULL, 'tff_cashflow_cd', 'tff_cashflow_cd', 10, 'N', 'string', 255, 'Y'
, 'N', 1, 1); 
INSERT INTO TABLE_COLUMN ( TCL_ID, TBD_ID, ENT_ID, TCL_NAME, TCL_DISPLAY, TCL_ORDER_NO,
TCL_PRIMARY_KEY_FL, TCL_TYPE, TCL_LENGTH, TCL_MANDATORY_FL, TCL_DELETE_FL, TCL_VERSION_ID,
PTN_ID ) VALUES ( 
1673, 181, NULL, 'tff_allow_negative_fl', 'tff_allow_negative_fl', 11, 'N', 'bool'
, 1, 'Y', 'N', 1, 1); 
INSERT INTO TABLE_COLUMN ( TCL_ID, TBD_ID, ENT_ID, TCL_NAME, TCL_DISPLAY, TCL_ORDER_NO,
TCL_PRIMARY_KEY_FL, TCL_TYPE, TCL_LENGTH, TCL_MANDATORY_FL, TCL_DELETE_FL, TCL_VERSION_ID,
PTN_ID ) VALUES ( 
1674, 181, NULL, 'tff_rounding_cd', 'tff_rounding_cd', 12, 'N', 'string', 255, 'Y'
, 'N', 1, 1); 
INSERT INTO TABLE_COLUMN ( TCL_ID, TBD_ID, ENT_ID, TCL_NAME, TCL_DISPLAY, TCL_ORDER_NO,
TCL_PRIMARY_KEY_FL, TCL_TYPE, TCL_LENGTH, TCL_MANDATORY_FL, TCL_DELETE_FL, TCL_VERSION_ID,
PTN_ID ) VALUES ( 
1675, 181, NULL, 'tff_cross_period_fl', 'tff_cross_period_fl', 13, 'N', 'bool', 1
, 'Y', 'N', 1, 1); 
INSERT INTO TABLE_COLUMN ( TCL_ID, TBD_ID, ENT_ID, TCL_NAME, TCL_DISPLAY, TCL_ORDER_NO,
TCL_PRIMARY_KEY_FL, TCL_TYPE, TCL_LENGTH, TCL_MANDATORY_FL, TCL_DELETE_FL, TCL_VERSION_ID,
PTN_ID ) VALUES ( 
1676, 181, NULL, 'tff_external_reference', 'tff_external_reference', 14, 'N', 'string'
, 255, 'N', 'N', 1, 1); 
INSERT INTO TABLE_COLUMN ( TCL_ID, TBD_ID, ENT_ID, TCL_NAME, TCL_DISPLAY, TCL_ORDER_NO,
TCL_PRIMARY_KEY_FL, TCL_TYPE, TCL_LENGTH, TCL_MANDATORY_FL, TCL_DELETE_FL, TCL_VERSION_ID,
PTN_ID ) VALUES ( 
1677, 181, NULL, 'tff_usage_per_unit_def', 'tff_usage_per_unit_def', 15, 'N', 'int'
, 10, 'Y', 'N', 1, 1); 
INSERT INTO TABLE_COLUMN ( TCL_ID, TBD_ID, ENT_ID, TCL_NAME, TCL_DISPLAY, TCL_ORDER_NO,
TCL_PRIMARY_KEY_FL, TCL_TYPE, TCL_LENGTH, TCL_MANDATORY_FL, TCL_DELETE_FL, TCL_VERSION_ID,
PTN_ID ) VALUES ( 
1678, 181, NULL, 'tff_min_usage_def', 'tff_min_usage_def', 16, 'N', 'int', 10, 'Y'
, 'N', 1, 1); 
INSERT INTO TABLE_COLUMN ( TCL_ID, TBD_ID, ENT_ID, TCL_NAME, TCL_DISPLAY, TCL_ORDER_NO,
TCL_PRIMARY_KEY_FL, TCL_TYPE, TCL_LENGTH, TCL_MANDATORY_FL, TCL_DELETE_FL, TCL_VERSION_ID,
PTN_ID ) VALUES ( 
1679, 181, NULL, 'tff_min_amt_def', 'tff_min_amt_def', 17, 'N', 'long', 19, 'Y', 'N'
, 1, 1); 
INSERT INTO TABLE_COLUMN ( TCL_ID, TBD_ID, ENT_ID, TCL_NAME, TCL_DISPLAY, TCL_ORDER_NO,
TCL_PRIMARY_KEY_FL, TCL_TYPE, TCL_LENGTH, TCL_MANDATORY_FL, TCL_DELETE_FL, TCL_VERSION_ID,
PTN_ID ) VALUES ( 
1680, 181, NULL, 'tff_max_amt_def', 'tff_max_amt_def', 18, 'N', 'long', 19, 'N', 'N'
, 1, 1); 
INSERT INTO TABLE_COLUMN ( TCL_ID, TBD_ID, ENT_ID, TCL_NAME, TCL_DISPLAY, TCL_ORDER_NO,
TCL_PRIMARY_KEY_FL, TCL_TYPE, TCL_LENGTH, TCL_MANDATORY_FL, TCL_DELETE_FL, TCL_VERSION_ID,
PTN_ID ) VALUES ( 
1681, 181, NULL, 'tff_setup_usage_def', 'tff_setup_usage_def', 19, 'N', 'int', 10
, 'Y', 'N', 1, 1); 
INSERT INTO TABLE_COLUMN ( TCL_ID, TBD_ID, ENT_ID, TCL_NAME, TCL_DISPLAY, TCL_ORDER_NO,
TCL_PRIMARY_KEY_FL, TCL_TYPE, TCL_LENGTH, TCL_MANDATORY_FL, TCL_DELETE_FL, TCL_VERSION_ID,
PTN_ID ) VALUES ( 
1682, 181, NULL, 'tff_setup_amt_def', 'tff_setup_amt_def', 20, 'N', 'long', 19, 'Y'
, 'N', 1, 1); 
INSERT INTO TABLE_COLUMN ( TCL_ID, TBD_ID, ENT_ID, TCL_NAME, TCL_DISPLAY, TCL_ORDER_NO,
TCL_PRIMARY_KEY_FL, TCL_TYPE, TCL_LENGTH, TCL_MANDATORY_FL, TCL_DELETE_FL, TCL_VERSION_ID,
PTN_ID ) VALUES ( 
1683, 181, NULL, 'tff_version_id', 'tff_version_id', 21, 'N', 'int', 10, 'Y', 'N'
, 1, 1); 
INSERT INTO TABLE_COLUMN ( TCL_ID, TBD_ID, ENT_ID, TCL_NAME, TCL_DISPLAY, TCL_ORDER_NO,
TCL_PRIMARY_KEY_FL, TCL_TYPE, TCL_LENGTH, TCL_MANDATORY_FL, TCL_DELETE_FL, TCL_VERSION_ID,
PTN_ID ) VALUES ( 
1684, 181, NULL, 'tff_delete_fl', 'tff_delete_fl', 22, 'N', 'bool', 1, 'Y', 'N', 1
, 1); 
INSERT INTO TABLE_COLUMN ( TCL_ID, TBD_ID, ENT_ID, TCL_NAME, TCL_DISPLAY, TCL_ORDER_NO,
TCL_PRIMARY_KEY_FL, TCL_TYPE, TCL_LENGTH, TCL_MANDATORY_FL, TCL_DELETE_FL, TCL_VERSION_ID,
PTN_ID ) VALUES ( 
1685, 181, NULL, 'ptn_id', 'ptn_id', 23, 'N', 'int', 10, 'Y', 'N', 1, 1); 
INSERT INTO TABLE_COLUMN ( TCL_ID, TBD_ID, ENT_ID, TCL_NAME, TCL_DISPLAY, TCL_ORDER_NO,
TCL_PRIMARY_KEY_FL, TCL_TYPE, TCL_LENGTH, TCL_MANDATORY_FL, TCL_DELETE_FL, TCL_VERSION_ID,
PTN_ID ) VALUES ( 
1686, 182, NULL, 'prd_id', 'prd_id', 0, 'Y', 'int', 10, 'Y', 'N', 1, 1); 
INSERT INTO TABLE_COLUMN ( TCL_ID, TBD_ID, ENT_ID, TCL_NAME, TCL_DISPLAY, TCL_ORDER_NO,
TCL_PRIMARY_KEY_FL, TCL_TYPE, TCL_LENGTH, TCL_MANDATORY_FL, TCL_DELETE_FL, TCL_VERSION_ID,
PTN_ID ) VALUES ( 
1687, 182, NULL, 'pdg_id', 'pdg_id', 1, 'N', 'int', 10, 'Y', 'N', 1, 1); 
INSERT INTO TABLE_COLUMN ( TCL_ID, TBD_ID, ENT_ID, TCL_NAME, TCL_DISPLAY, TCL_ORDER_NO,
TCL_PRIMARY_KEY_FL, TCL_TYPE, TCL_LENGTH, TCL_MANDATORY_FL, TCL_DELETE_FL, TCL_VERSION_ID,
PTN_ID ) VALUES ( 
1688, 182, NULL, 'cmp_id', 'cmp_id', 2, 'N', 'int', 10, 'Y', 'N', 1, 1); 
INSERT INTO TABLE_COLUMN ( TCL_ID, TBD_ID, ENT_ID, TCL_NAME, TCL_DISPLAY, TCL_ORDER_NO,
TCL_PRIMARY_KEY_FL, TCL_TYPE, TCL_LENGTH, TCL_MANDATORY_FL, TCL_DELETE_FL, TCL_VERSION_ID,
PTN_ID ) VALUES ( 
1689, 182, NULL, 'prd_key', 'prd_key', 3, 'N', 'string', 255, 'Y', 'N', 1, 1); 
INSERT INTO TABLE_COLUMN ( TCL_ID, TBD_ID, ENT_ID, TCL_NAME, TCL_DISPLAY, TCL_ORDER_NO,
TCL_PRIMARY_KEY_FL, TCL_TYPE, TCL_LENGTH, TCL_MANDATORY_FL, TCL_DELETE_FL, TCL_VERSION_ID,
PTN_ID ) VALUES ( 
1690, 182, NULL, 'prd_name', 'prd_name', 4, 'N', 'string', 255, 'Y', 'N', 1, 1); 
INSERT INTO TABLE_COLUMN ( TCL_ID, TBD_ID, ENT_ID, TCL_NAME, TCL_DISPLAY, TCL_ORDER_NO,
TCL_PRIMARY_KEY_FL, TCL_TYPE, TCL_LENGTH, TCL_MANDATORY_FL, TCL_DELETE_FL, TCL_VERSION_ID,
PTN_ID ) VALUES ( 
1691, 182, NULL, 'prd_default', 'prd_default', 5, 'N', 'string', 255, 'N', 'N', 1
, 1); 
INSERT INTO TABLE_COLUMN ( TCL_ID, TBD_ID, ENT_ID, TCL_NAME, TCL_DISPLAY, TCL_ORDER_NO,
TCL_PRIMARY_KEY_FL, TCL_TYPE, TCL_LENGTH, TCL_MANDATORY_FL, TCL_DELETE_FL, TCL_VERSION_ID,
PTN_ID ) VALUES ( 
1692, 182, NULL, 'prd_read_only_fl', 'prd_read_only_fl', 6, 'N', 'bool', 1, 'Y', 'N'
, 1, 1); 
INSERT INTO TABLE_COLUMN ( TCL_ID, TBD_ID, ENT_ID, TCL_NAME, TCL_DISPLAY, TCL_ORDER_NO,
TCL_PRIMARY_KEY_FL, TCL_TYPE, TCL_LENGTH, TCL_MANDATORY_FL, TCL_DELETE_FL, TCL_VERSION_ID,
PTN_ID ) VALUES ( 
1693, 182, NULL, 'prd_mandatory_fl', 'prd_mandatory_fl', 7, 'N', 'bool', 1, 'Y', 'N'
, 1, 1); 
INSERT INTO TABLE_COLUMN ( TCL_ID, TBD_ID, ENT_ID, TCL_NAME, TCL_DISPLAY, TCL_ORDER_NO,
TCL_PRIMARY_KEY_FL, TCL_TYPE, TCL_LENGTH, TCL_MANDATORY_FL, TCL_DELETE_FL, TCL_VERSION_ID,
PTN_ID ) VALUES ( 
1694, 182, NULL, 'prd_rendered_fl', 'prd_rendered_fl', 8, 'N', 'bool', 1, 'N', 'N'
, 1, 1); 
INSERT INTO TABLE_COLUMN ( TCL_ID, TBD_ID, ENT_ID, TCL_NAME, TCL_DISPLAY, TCL_ORDER_NO,
TCL_PRIMARY_KEY_FL, TCL_TYPE, TCL_LENGTH, TCL_MANDATORY_FL, TCL_DELETE_FL, TCL_VERSION_ID,
PTN_ID ) VALUES ( 
1695, 182, NULL, 'prd_extra1', 'prd_extra1', 9, 'N', 'string', 255, 'N', 'N', 1, 1); 
INSERT INTO TABLE_COLUMN ( TCL_ID, TBD_ID, ENT_ID, TCL_NAME, TCL_DISPLAY, TCL_ORDER_NO,
TCL_PRIMARY_KEY_FL, TCL_TYPE, TCL_LENGTH, TCL_MANDATORY_FL, TCL_DELETE_FL, TCL_VERSION_ID,
PTN_ID ) VALUES ( 
1696, 182, NULL, 'prd_extra2', 'prd_extra2', 10, 'N', 'string', 255, 'N', 'N', 1, 1); 
INSERT INTO TABLE_COLUMN ( TCL_ID, TBD_ID, ENT_ID, TCL_NAME, TCL_DISPLAY, TCL_ORDER_NO,
TCL_PRIMARY_KEY_FL, TCL_TYPE, TCL_LENGTH, TCL_MANDATORY_FL, TCL_DELETE_FL, TCL_VERSION_ID,
PTN_ID ) VALUES ( 
1697, 182, NULL, 'prd_extra3', 'prd_extra3', 11, 'N', 'string', 255, 'N', 'N', 1, 1); 
INSERT INTO TABLE_COLUMN ( TCL_ID, TBD_ID, ENT_ID, TCL_NAME, TCL_DISPLAY, TCL_ORDER_NO,
TCL_PRIMARY_KEY_FL, TCL_TYPE, TCL_LENGTH, TCL_MANDATORY_FL, TCL_DELETE_FL, TCL_VERSION_ID,
PTN_ID ) VALUES ( 
1698, 182, NULL, 'prd_extra4', 'prd_extra4', 12, 'N', 'string', 255, 'N', 'N', 1, 1); 
INSERT INTO TABLE_COLUMN ( TCL_ID, TBD_ID, ENT_ID, TCL_NAME, TCL_DISPLAY, TCL_ORDER_NO,
TCL_PRIMARY_KEY_FL, TCL_TYPE, TCL_LENGTH, TCL_MANDATORY_FL, TCL_DELETE_FL, TCL_VERSION_ID,
PTN_ID ) VALUES ( 
1699, 182, NULL, 'prd_extra5', 'prd_extra5', 13, 'N', 'string', 255, 'N', 'N', 1, 1); 
INSERT INTO TABLE_COLUMN ( TCL_ID, TBD_ID, ENT_ID, TCL_NAME, TCL_DISPLAY, TCL_ORDER_NO,
TCL_PRIMARY_KEY_FL, TCL_TYPE, TCL_LENGTH, TCL_MANDATORY_FL, TCL_DELETE_FL, TCL_VERSION_ID,
PTN_ID ) VALUES ( 
1700, 182, NULL, 'prd_delete_fl', 'prd_delete_fl', 14, 'N', 'bool', 1, 'Y', 'N', 1
, 1); 
INSERT INTO TABLE_COLUMN ( TCL_ID, TBD_ID, ENT_ID, TCL_NAME, TCL_DISPLAY, TCL_ORDER_NO,
TCL_PRIMARY_KEY_FL, TCL_TYPE, TCL_LENGTH, TCL_MANDATORY_FL, TCL_DELETE_FL, TCL_VERSION_ID,
PTN_ID ) VALUES ( 
1701, 182, NULL, 'prd_version_id', 'prd_version_id', 15, 'N', 'int', 10, 'Y', 'N'
, 1, 1); 
INSERT INTO TABLE_COLUMN ( TCL_ID, TBD_ID, ENT_ID, TCL_NAME, TCL_DISPLAY, TCL_ORDER_NO,
TCL_PRIMARY_KEY_FL, TCL_TYPE, TCL_LENGTH, TCL_MANDATORY_FL, TCL_DELETE_FL, TCL_VERSION_ID,
PTN_ID ) VALUES ( 
1702, 182, NULL, 'ptn_id', 'ptn_id', 16, 'N', 'int', 10, 'Y', 'N', 1, 1); 
INSERT INTO TABLE_COLUMN ( TCL_ID, TBD_ID, ENT_ID, TCL_NAME, TCL_DISPLAY, TCL_ORDER_NO,
TCL_PRIMARY_KEY_FL, TCL_TYPE, TCL_LENGTH, TCL_MANDATORY_FL, TCL_DELETE_FL, TCL_VERSION_ID,
PTN_ID ) VALUES ( 
1703, 183, NULL, 'asf_id', 'asf_id', 0, 'Y', 'int', 10, 'Y', 'N', 1, 1); 
INSERT INTO TABLE_COLUMN ( TCL_ID, TBD_ID, ENT_ID, TCL_NAME, TCL_DISPLAY, TCL_ORDER_NO,
TCL_PRIMARY_KEY_FL, TCL_TYPE, TCL_LENGTH, TCL_MANDATORY_FL, TCL_DELETE_FL, TCL_VERSION_ID,
PTN_ID ) VALUES ( 
1704, 183, NULL, 'asq_id', 'asq_id', 1, 'N', 'int', 10, 'Y', 'N', 1, 1); 
INSERT INTO TABLE_COLUMN ( TCL_ID, TBD_ID, ENT_ID, TCL_NAME, TCL_DISPLAY, TCL_ORDER_NO,
TCL_PRIMARY_KEY_FL, TCL_TYPE, TCL_LENGTH, TCL_MANDATORY_FL, TCL_DELETE_FL, TCL_VERSION_ID,
PTN_ID ) VALUES ( 
1705, 183, NULL, 'asf_table_name', 'asf_table_name', 2, 'N', 'string', 255, 'Y', 'N'
, 1, 1); 
INSERT INTO TABLE_COLUMN ( TCL_ID, TBD_ID, ENT_ID, TCL_NAME, TCL_DISPLAY, TCL_ORDER_NO,
TCL_PRIMARY_KEY_FL, TCL_TYPE, TCL_LENGTH, TCL_MANDATORY_FL, TCL_DELETE_FL, TCL_VERSION_ID,
PTN_ID ) VALUES ( 
1706, 183, NULL, 'asf_table_alias', 'asf_table_alias', 3, 'N', 'string', 255, 'N'
, 'N', 1, 1); 
INSERT INTO TABLE_COLUMN ( TCL_ID, TBD_ID, ENT_ID, TCL_NAME, TCL_DISPLAY, TCL_ORDER_NO,
TCL_PRIMARY_KEY_FL, TCL_TYPE, TCL_LENGTH, TCL_MANDATORY_FL, TCL_DELETE_FL, TCL_VERSION_ID,
PTN_ID ) VALUES ( 
1707, 183, NULL, 'asf_order_no', 'asf_order_no', 4, 'N', 'int', 10, 'Y', 'N', 1, 1); 
INSERT INTO TABLE_COLUMN ( TCL_ID, TBD_ID, ENT_ID, TCL_NAME, TCL_DISPLAY, TCL_ORDER_NO,
TCL_PRIMARY_KEY_FL, TCL_TYPE, TCL_LENGTH, TCL_MANDATORY_FL, TCL_DELETE_FL, TCL_VERSION_ID,
PTN_ID ) VALUES ( 
1708, 183, NULL, 'asf_join_type', 'asf_join_type', 5, 'N', 'string', 255, 'N', 'N'
, 1, 1); 
INSERT INTO TABLE_COLUMN ( TCL_ID, TBD_ID, ENT_ID, TCL_NAME, TCL_DISPLAY, TCL_ORDER_NO,
TCL_PRIMARY_KEY_FL, TCL_TYPE, TCL_LENGTH, TCL_MANDATORY_FL, TCL_DELETE_FL, TCL_VERSION_ID,
PTN_ID ) VALUES ( 
1709, 183, NULL, 'asf_column1', 'asf_column1', 6, 'N', 'string', 255, 'N', 'N', 1
, 1); 
INSERT INTO TABLE_COLUMN ( TCL_ID, TBD_ID, ENT_ID, TCL_NAME, TCL_DISPLAY, TCL_ORDER_NO,
TCL_PRIMARY_KEY_FL, TCL_TYPE, TCL_LENGTH, TCL_MANDATORY_FL, TCL_DELETE_FL, TCL_VERSION_ID,
PTN_ID ) VALUES ( 
1710, 183, NULL, 'asf_operator', 'asf_operator', 7, 'N', 'string', 255, 'N', 'N', 1
, 1); 
INSERT INTO TABLE_COLUMN ( TCL_ID, TBD_ID, ENT_ID, TCL_NAME, TCL_DISPLAY, TCL_ORDER_NO,
TCL_PRIMARY_KEY_FL, TCL_TYPE, TCL_LENGTH, TCL_MANDATORY_FL, TCL_DELETE_FL, TCL_VERSION_ID,
PTN_ID ) VALUES ( 
1711, 183, NULL, 'asf_column2', 'asf_column2', 8, 'N', 'string', 255, 'N', 'N', 1
, 1); 
INSERT INTO TABLE_COLUMN ( TCL_ID, TBD_ID, ENT_ID, TCL_NAME, TCL_DISPLAY, TCL_ORDER_NO,
TCL_PRIMARY_KEY_FL, TCL_TYPE, TCL_LENGTH, TCL_MANDATORY_FL, TCL_DELETE_FL, TCL_VERSION_ID,
PTN_ID ) VALUES ( 
1712, 183, NULL, 'asf_delete_fl', 'asf_delete_fl', 9, 'N', 'bool', 1, 'Y', 'N', 1
, 1); 
INSERT INTO TABLE_COLUMN ( TCL_ID, TBD_ID, ENT_ID, TCL_NAME, TCL_DISPLAY, TCL_ORDER_NO,
TCL_PRIMARY_KEY_FL, TCL_TYPE, TCL_LENGTH, TCL_MANDATORY_FL, TCL_DELETE_FL, TCL_VERSION_ID,
PTN_ID ) VALUES ( 
1713, 183, NULL, 'asf_version_id', 'asf_version_id', 10, 'N', 'int', 10, 'Y', 'N'
, 1, 1); 
INSERT INTO TABLE_COLUMN ( TCL_ID, TBD_ID, ENT_ID, TCL_NAME, TCL_DISPLAY, TCL_ORDER_NO,
TCL_PRIMARY_KEY_FL, TCL_TYPE, TCL_LENGTH, TCL_MANDATORY_FL, TCL_DELETE_FL, TCL_VERSION_ID,
PTN_ID ) VALUES ( 
1714, 183, NULL, 'ptn_id', 'ptn_id', 11, 'N', 'int', 10, 'Y', 'N', 1, 1); 
INSERT INTO TABLE_COLUMN ( TCL_ID, TBD_ID, ENT_ID, TCL_NAME, TCL_DISPLAY, TCL_ORDER_NO,
TCL_PRIMARY_KEY_FL, TCL_TYPE, TCL_LENGTH, TCL_MANDATORY_FL, TCL_DELETE_FL, TCL_VERSION_ID,
PTN_ID ) VALUES ( 
1715, 184, NULL, 'bos_id', 'bos_id', 0, 'Y', 'int', 10, 'Y', 'N', 1, 1); 
INSERT INTO TABLE_COLUMN ( TCL_ID, TBD_ID, ENT_ID, TCL_NAME, TCL_DISPLAY, TCL_ORDER_NO,
TCL_PRIMARY_KEY_FL, TCL_TYPE, TCL_LENGTH, TCL_MANDATORY_FL, TCL_DELETE_FL, TCL_VERSION_ID,
PTN_ID ) VALUES ( 
1716, 184, NULL, 'bos_name', 'bos_name', 1, 'N', 'string', 255, 'Y', 'N', 1, 1); 
INSERT INTO TABLE_COLUMN ( TCL_ID, TBD_ID, ENT_ID, TCL_NAME, TCL_DISPLAY, TCL_ORDER_NO,
TCL_PRIMARY_KEY_FL, TCL_TYPE, TCL_LENGTH, TCL_MANDATORY_FL, TCL_DELETE_FL, TCL_VERSION_ID,
PTN_ID ) VALUES ( 
1717, 184, NULL, 'bos_cms_name', 'bos_cms_name', 2, 'N', 'string', 255, 'Y', 'N', 1
, 1); 
INSERT INTO TABLE_COLUMN ( TCL_ID, TBD_ID, ENT_ID, TCL_NAME, TCL_DISPLAY, TCL_ORDER_NO,
TCL_PRIMARY_KEY_FL, TCL_TYPE, TCL_LENGTH, TCL_MANDATORY_FL, TCL_DELETE_FL, TCL_VERSION_ID,
PTN_ID ) VALUES ( 
1718, 184, NULL, 'bos_address', 'bos_address', 3, 'N', 'string', 255, 'Y', 'N', 1
, 1); 
INSERT INTO TABLE_COLUMN ( TCL_ID, TBD_ID, ENT_ID, TCL_NAME, TCL_DISPLAY, TCL_ORDER_NO,
TCL_PRIMARY_KEY_FL, TCL_TYPE, TCL_LENGTH, TCL_MANDATORY_FL, TCL_DELETE_FL, TCL_VERSION_ID,
PTN_ID ) VALUES ( 
1719, 184, NULL, 'bos_port', 'bos_port', 4, 'N', 'int', 10, 'N', 'N', 1, 1); 
INSERT INTO TABLE_COLUMN ( TCL_ID, TBD_ID, ENT_ID, TCL_NAME, TCL_DISPLAY, TCL_ORDER_NO,
TCL_PRIMARY_KEY_FL, TCL_TYPE, TCL_LENGTH, TCL_MANDATORY_FL, TCL_DELETE_FL, TCL_VERSION_ID,
PTN_ID ) VALUES ( 
1720, 184, NULL, 'bos_authentication', 'bos_authentication', 5, 'N', 'string', 255
, 'Y', 'N', 1, 1); 
INSERT INTO TABLE_COLUMN ( TCL_ID, TBD_ID, ENT_ID, TCL_NAME, TCL_DISPLAY, TCL_ORDER_NO,
TCL_PRIMARY_KEY_FL, TCL_TYPE, TCL_LENGTH, TCL_MANDATORY_FL, TCL_DELETE_FL, TCL_VERSION_ID,
PTN_ID ) VALUES ( 
1721, 184, NULL, 'bos_username', 'bos_username', 6, 'N', 'string', 255, 'Y', 'N', 1
, 1); 
INSERT INTO TABLE_COLUMN ( TCL_ID, TBD_ID, ENT_ID, TCL_NAME, TCL_DISPLAY, TCL_ORDER_NO,
TCL_PRIMARY_KEY_FL, TCL_TYPE, TCL_LENGTH, TCL_MANDATORY_FL, TCL_DELETE_FL, TCL_VERSION_ID,
PTN_ID ) VALUES ( 
1722, 184, NULL, 'bos_password', 'bos_password', 7, 'N', 'string', 255, 'N', 'N', 1
, 1); 
INSERT INTO TABLE_COLUMN ( TCL_ID, TBD_ID, ENT_ID, TCL_NAME, TCL_DISPLAY, TCL_ORDER_NO,
TCL_PRIMARY_KEY_FL, TCL_TYPE, TCL_LENGTH, TCL_MANDATORY_FL, TCL_DELETE_FL, TCL_VERSION_ID,
PTN_ID ) VALUES ( 
1723, 184, NULL, 'bos_delete_fl', 'bos_delete_fl', 8, 'N', 'bool', 1, 'Y', 'N', 1
, 1); 
INSERT INTO TABLE_COLUMN ( TCL_ID, TBD_ID, ENT_ID, TCL_NAME, TCL_DISPLAY, TCL_ORDER_NO,
TCL_PRIMARY_KEY_FL, TCL_TYPE, TCL_LENGTH, TCL_MANDATORY_FL, TCL_DELETE_FL, TCL_VERSION_ID,
PTN_ID ) VALUES ( 
1724, 184, NULL, 'bos_version_id', 'bos_version_id', 9, 'N', 'int', 10, 'Y', 'N', 1
, 1); 
INSERT INTO TABLE_COLUMN ( TCL_ID, TBD_ID, ENT_ID, TCL_NAME, TCL_DISPLAY, TCL_ORDER_NO,
TCL_PRIMARY_KEY_FL, TCL_TYPE, TCL_LENGTH, TCL_MANDATORY_FL, TCL_DELETE_FL, TCL_VERSION_ID,
PTN_ID ) VALUES ( 
1725, 184, NULL, 'ptn_id', 'ptn_id', 10, 'N', 'int', 10, 'Y', 'N', 1, 1); 
INSERT INTO TABLE_COLUMN ( TCL_ID, TBD_ID, ENT_ID, TCL_NAME, TCL_DISPLAY, TCL_ORDER_NO,
TCL_PRIMARY_KEY_FL, TCL_TYPE, TCL_LENGTH, TCL_MANDATORY_FL, TCL_DELETE_FL, TCL_VERSION_ID,
PTN_ID ) VALUES ( 
1726, 185, NULL, 'qfr_id', 'qfr_id', 0, 'Y', 'int', 10, 'Y', 'N', 1, 1); 
INSERT INTO TABLE_COLUMN ( TCL_ID, TBD_ID, ENT_ID, TCL_NAME, TCL_DISPLAY, TCL_ORDER_NO,
TCL_PRIMARY_KEY_FL, TCL_TYPE, TCL_LENGTH, TCL_MANDATORY_FL, TCL_DELETE_FL, TCL_VERSION_ID,
PTN_ID ) VALUES ( 
1727, 185, NULL, 'sql_id', 'sql_id', 1, 'N', 'int', 10, 'Y', 'N', 1, 1); 
INSERT INTO TABLE_COLUMN ( TCL_ID, TBD_ID, ENT_ID, TCL_NAME, TCL_DISPLAY, TCL_ORDER_NO,
TCL_PRIMARY_KEY_FL, TCL_TYPE, TCL_LENGTH, TCL_MANDATORY_FL, TCL_DELETE_FL, TCL_VERSION_ID,
PTN_ID ) VALUES ( 
1728, 185, NULL, 'qfr_locked_usr_id', 'qfr_locked_usr_id', 2, 'N', 'int', 10, 'N'
, 'N', 1, 1); 
INSERT INTO TABLE_COLUMN ( TCL_ID, TBD_ID, ENT_ID, TCL_NAME, TCL_DISPLAY, TCL_ORDER_NO,
TCL_PRIMARY_KEY_FL, TCL_TYPE, TCL_LENGTH, TCL_MANDATORY_FL, TCL_DELETE_FL, TCL_VERSION_ID,
PTN_ID ) VALUES ( 
1729, 185, NULL, 'qfr_name', 'qfr_name', 3, 'N', 'string', 255, 'Y', 'N', 1, 1); 
INSERT INTO TABLE_COLUMN ( TCL_ID, TBD_ID, ENT_ID, TCL_NAME, TCL_DISPLAY, TCL_ORDER_NO,
TCL_PRIMARY_KEY_FL, TCL_TYPE, TCL_LENGTH, TCL_MANDATORY_FL, TCL_DELETE_FL, TCL_VERSION_ID,
PTN_ID ) VALUES ( 
1730, 185, NULL, 'qfr_delete_fl', 'qfr_delete_fl', 4, 'N', 'bool', 1, 'Y', 'N', 1
, 1); 
INSERT INTO TABLE_COLUMN ( TCL_ID, TBD_ID, ENT_ID, TCL_NAME, TCL_DISPLAY, TCL_ORDER_NO,
TCL_PRIMARY_KEY_FL, TCL_TYPE, TCL_LENGTH, TCL_MANDATORY_FL, TCL_DELETE_FL, TCL_VERSION_ID,
PTN_ID ) VALUES ( 
1731, 185, NULL, 'qfr_version_id', 'qfr_version_id', 5, 'N', 'int', 10, 'Y', 'N', 1
, 1); 
INSERT INTO TABLE_COLUMN ( TCL_ID, TBD_ID, ENT_ID, TCL_NAME, TCL_DISPLAY, TCL_ORDER_NO,
TCL_PRIMARY_KEY_FL, TCL_TYPE, TCL_LENGTH, TCL_MANDATORY_FL, TCL_DELETE_FL, TCL_VERSION_ID,
PTN_ID ) VALUES ( 
1732, 185, NULL, 'ptn_id', 'ptn_id', 6, 'N', 'int', 10, 'Y', 'N', 1, 1); 
INSERT INTO TABLE_COLUMN ( TCL_ID, TBD_ID, ENT_ID, TCL_NAME, TCL_DISPLAY, TCL_ORDER_NO,
TCL_PRIMARY_KEY_FL, TCL_TYPE, TCL_LENGTH, TCL_MANDATORY_FL, TCL_DELETE_FL, TCL_VERSION_ID,
PTN_ID ) VALUES ( 
1733, 186, NULL, 'dgd_id', 'dgd_id', 0, 'Y', 'int', 10, 'Y', 'N', 1, 1); 
INSERT INTO TABLE_COLUMN ( TCL_ID, TBD_ID, ENT_ID, TCL_NAME, TCL_DISPLAY, TCL_ORDER_NO,
TCL_PRIMARY_KEY_FL, TCL_TYPE, TCL_LENGTH, TCL_MANDATORY_FL, TCL_DELETE_FL, TCL_VERSION_ID,
PTN_ID ) VALUES ( 
1734, 186, NULL, 'dgp_id', 'dgp_id', 1, 'N', 'int', 10, 'Y', 'N', 1, 1); 
INSERT INTO TABLE_COLUMN ( TCL_ID, TBD_ID, ENT_ID, TCL_NAME, TCL_DISPLAY, TCL_ORDER_NO,
TCL_PRIMARY_KEY_FL, TCL_TYPE, TCL_LENGTH, TCL_MANDATORY_FL, TCL_DELETE_FL, TCL_VERSION_ID,
PTN_ID ) VALUES ( 
1735, 186, NULL, 'dgd_name', 'dgd_name', 2, 'N', 'string', 255, 'Y', 'N', 1, 1); 
INSERT INTO TABLE_COLUMN ( TCL_ID, TBD_ID, ENT_ID, TCL_NAME, TCL_DISPLAY, TCL_ORDER_NO,
TCL_PRIMARY_KEY_FL, TCL_TYPE, TCL_LENGTH, TCL_MANDATORY_FL, TCL_DELETE_FL, TCL_VERSION_ID,
PTN_ID ) VALUES ( 
1736, 186, NULL, 'dgd_dt', 'dgd_dt', 3, 'N', 'datetime', -1, 'Y', 'N', 1, 1); 
INSERT INTO TABLE_COLUMN ( TCL_ID, TBD_ID, ENT_ID, TCL_NAME, TCL_DISPLAY, TCL_ORDER_NO,
TCL_PRIMARY_KEY_FL, TCL_TYPE, TCL_LENGTH, TCL_MANDATORY_FL, TCL_DELETE_FL, TCL_VERSION_ID,
PTN_ID ) VALUES ( 
1737, 186, NULL, 'dgd_delete_fl', 'dgd_delete_fl', 4, 'N', 'bool', 1, 'Y', 'N', 1
, 1); 
INSERT INTO TABLE_COLUMN ( TCL_ID, TBD_ID, ENT_ID, TCL_NAME, TCL_DISPLAY, TCL_ORDER_NO,
TCL_PRIMARY_KEY_FL, TCL_TYPE, TCL_LENGTH, TCL_MANDATORY_FL, TCL_DELETE_FL, TCL_VERSION_ID,
PTN_ID ) VALUES ( 
1738, 186, NULL, 'dgd_version_id', 'dgd_version_id', 5, 'N', 'int', 10, 'Y', 'N', 1
, 1); 
INSERT INTO TABLE_COLUMN ( TCL_ID, TBD_ID, ENT_ID, TCL_NAME, TCL_DISPLAY, TCL_ORDER_NO,
TCL_PRIMARY_KEY_FL, TCL_TYPE, TCL_LENGTH, TCL_MANDATORY_FL, TCL_DELETE_FL, TCL_VERSION_ID,
PTN_ID ) VALUES ( 
1739, 186, NULL, 'ptn_id', 'ptn_id', 6, 'N', 'int', 10, 'Y', 'N', 1, 1); 
INSERT INTO TABLE_COLUMN ( TCL_ID, TBD_ID, ENT_ID, TCL_NAME, TCL_DISPLAY, TCL_ORDER_NO,
TCL_PRIMARY_KEY_FL, TCL_TYPE, TCL_LENGTH, TCL_MANDATORY_FL, TCL_DELETE_FL, TCL_VERSION_ID,
PTN_ID ) VALUES ( 
1740, 187, NULL, 'tbs_id', 'tbs_id', 0, 'Y', 'int', 10, 'Y', 'N', 1, 1); 
INSERT INTO TABLE_COLUMN ( TCL_ID, TBD_ID, ENT_ID, TCL_NAME, TCL_DISPLAY, TCL_ORDER_NO,
TCL_PRIMARY_KEY_FL, TCL_TYPE, TCL_LENGTH, TCL_MANDATORY_FL, TCL_DELETE_FL, TCL_VERSION_ID,
PTN_ID ) VALUES ( 
1741, 187, NULL, 'tab_id', 'tab_id', 1, 'N', 'int', 10, 'Y', 'N', 1, 1); 
INSERT INTO TABLE_COLUMN ( TCL_ID, TBD_ID, ENT_ID, TCL_NAME, TCL_DISPLAY, TCL_ORDER_NO,
TCL_PRIMARY_KEY_FL, TCL_TYPE, TCL_LENGTH, TCL_MANDATORY_FL, TCL_DELETE_FL, TCL_VERSION_ID,
PTN_ID ) VALUES ( 
1742, 187, NULL, 'dgm_id', 'dgm_id', 2, 'N', 'int', 10, 'Y', 'N', 1, 1); 
INSERT INTO TABLE_COLUMN ( TCL_ID, TBD_ID, ENT_ID, TCL_NAME, TCL_DISPLAY, TCL_ORDER_NO,
TCL_PRIMARY_KEY_FL, TCL_TYPE, TCL_LENGTH, TCL_MANDATORY_FL, TCL_DELETE_FL, TCL_VERSION_ID,
PTN_ID ) VALUES ( 
1743, 187, NULL, 'tsg_id', 'tsg_id', 3, 'N', 'int', 10, 'Y', 'N', 1, 1); 
INSERT INTO TABLE_COLUMN ( TCL_ID, TBD_ID, ENT_ID, TCL_NAME, TCL_DISPLAY, TCL_ORDER_NO,
TCL_PRIMARY_KEY_FL, TCL_TYPE, TCL_LENGTH, TCL_MANDATORY_FL, TCL_DELETE_FL, TCL_VERSION_ID,
PTN_ID ) VALUES ( 
1744, 187, NULL, 'tbs_delete_fl', 'tbs_delete_fl', 4, 'N', 'bool', 1, 'Y', 'N', 1
, 1); 
INSERT INTO TABLE_COLUMN ( TCL_ID, TBD_ID, ENT_ID, TCL_NAME, TCL_DISPLAY, TCL_ORDER_NO,
TCL_PRIMARY_KEY_FL, TCL_TYPE, TCL_LENGTH, TCL_MANDATORY_FL, TCL_DELETE_FL, TCL_VERSION_ID,
PTN_ID ) VALUES ( 
1745, 187, NULL, 'tbs_version_id', 'tbs_version_id', 5, 'N', 'int', 10, 'Y', 'N', 1
, 1); 
INSERT INTO TABLE_COLUMN ( TCL_ID, TBD_ID, ENT_ID, TCL_NAME, TCL_DISPLAY, TCL_ORDER_NO,
TCL_PRIMARY_KEY_FL, TCL_TYPE, TCL_LENGTH, TCL_MANDATORY_FL, TCL_DELETE_FL, TCL_VERSION_ID,
PTN_ID ) VALUES ( 
1746, 187, NULL, 'ptn_id', 'ptn_id', 6, 'N', 'int', 10, 'Y', 'N', 1, 1); 
INSERT INTO TABLE_COLUMN ( TCL_ID, TBD_ID, ENT_ID, TCL_NAME, TCL_DISPLAY, TCL_ORDER_NO,
TCL_PRIMARY_KEY_FL, TCL_TYPE, TCL_LENGTH, TCL_MANDATORY_FL, TCL_DELETE_FL, TCL_VERSION_ID,
PTN_ID ) VALUES ( 
1747, 188, NULL, 'tur_id', 'tur_id', 0, 'Y', 'int', 10, 'Y', 'N', 1, 1); 
INSERT INTO TABLE_COLUMN ( TCL_ID, TBD_ID, ENT_ID, TCL_NAME, TCL_DISPLAY, TCL_ORDER_NO,
TCL_PRIMARY_KEY_FL, TCL_TYPE, TCL_LENGTH, TCL_MANDATORY_FL, TCL_DELETE_FL, TCL_VERSION_ID,
PTN_ID ) VALUES ( 
1748, 188, NULL, 'tea_id', 'tea_id', 1, 'N', 'int', 10, 'Y', 'N', 1, 1); 
INSERT INTO TABLE_COLUMN ( TCL_ID, TBD_ID, ENT_ID, TCL_NAME, TCL_DISPLAY, TCL_ORDER_NO,
TCL_PRIMARY_KEY_FL, TCL_TYPE, TCL_LENGTH, TCL_MANDATORY_FL, TCL_DELETE_FL, TCL_VERSION_ID,
PTN_ID ) VALUES ( 
1749, 188, NULL, 'usr_id', 'usr_id', 2, 'N', 'int', 10, 'Y', 'N', 1, 1); 
INSERT INTO TABLE_COLUMN ( TCL_ID, TBD_ID, ENT_ID, TCL_NAME, TCL_DISPLAY, TCL_ORDER_NO,
TCL_PRIMARY_KEY_FL, TCL_TYPE, TCL_LENGTH, TCL_MANDATORY_FL, TCL_DELETE_FL, TCL_VERSION_ID,
PTN_ID ) VALUES ( 
1750, 188, NULL, 'tur_delete_fl', 'tur_delete_fl', 3, 'N', 'bool', 1, 'Y', 'N', 1
, 1); 
INSERT INTO TABLE_COLUMN ( TCL_ID, TBD_ID, ENT_ID, TCL_NAME, TCL_DISPLAY, TCL_ORDER_NO,
TCL_PRIMARY_KEY_FL, TCL_TYPE, TCL_LENGTH, TCL_MANDATORY_FL, TCL_DELETE_FL, TCL_VERSION_ID,
PTN_ID ) VALUES ( 
1751, 188, NULL, 'tur_version_id', 'tur_version_id', 4, 'N', 'int', 10, 'Y', 'N', 1
, 1); 
INSERT INTO TABLE_COLUMN ( TCL_ID, TBD_ID, ENT_ID, TCL_NAME, TCL_DISPLAY, TCL_ORDER_NO,
TCL_PRIMARY_KEY_FL, TCL_TYPE, TCL_LENGTH, TCL_MANDATORY_FL, TCL_DELETE_FL, TCL_VERSION_ID,
PTN_ID ) VALUES ( 
1752, 188, NULL, 'ptn_id', 'ptn_id', 5, 'N', 'int', 10, 'Y', 'N', 1, 1); 
INSERT INTO TABLE_COLUMN ( TCL_ID, TBD_ID, ENT_ID, TCL_NAME, TCL_DISPLAY, TCL_ORDER_NO,
TCL_PRIMARY_KEY_FL, TCL_TYPE, TCL_LENGTH, TCL_MANDATORY_FL, TCL_DELETE_FL, TCL_VERSION_ID,
PTN_ID ) VALUES ( 
1753, 189, NULL, 'rsl_id', 'rsl_id', 0, 'Y', 'int', 10, 'Y', 'N', 1, 1); 
INSERT INTO TABLE_COLUMN ( TCL_ID, TBD_ID, ENT_ID, TCL_NAME, TCL_DISPLAY, TCL_ORDER_NO,
TCL_PRIMARY_KEY_FL, TCL_TYPE, TCL_LENGTH, TCL_MANDATORY_FL, TCL_DELETE_FL, TCL_VERSION_ID,
PTN_ID ) VALUES ( 
1754, 189, NULL, 'rol_id', 'rol_id', 1, 'N', 'int', 10, 'Y', 'N', 1, 1); 
INSERT INTO TABLE_COLUMN ( TCL_ID, TBD_ID, ENT_ID, TCL_NAME, TCL_DISPLAY, TCL_ORDER_NO,
TCL_PRIMARY_KEY_FL, TCL_TYPE, TCL_LENGTH, TCL_MANDATORY_FL, TCL_DELETE_FL, TCL_VERSION_ID,
PTN_ID ) VALUES ( 
1755, 189, NULL, 'sla_id', 'sla_id', 2, 'N', 'int', 10, 'Y', 'N', 1, 1); 
INSERT INTO TABLE_COLUMN ( TCL_ID, TBD_ID, ENT_ID, TCL_NAME, TCL_DISPLAY, TCL_ORDER_NO,
TCL_PRIMARY_KEY_FL, TCL_TYPE, TCL_LENGTH, TCL_MANDATORY_FL, TCL_DELETE_FL, TCL_VERSION_ID,
PTN_ID ) VALUES ( 
1756, 189, NULL, 'rsl_delete_fl', 'rsl_delete_fl', 3, 'N', 'bool', 1, 'Y', 'N', 1
, 1); 
INSERT INTO TABLE_COLUMN ( TCL_ID, TBD_ID, ENT_ID, TCL_NAME, TCL_DISPLAY, TCL_ORDER_NO,
TCL_PRIMARY_KEY_FL, TCL_TYPE, TCL_LENGTH, TCL_MANDATORY_FL, TCL_DELETE_FL, TCL_VERSION_ID,
PTN_ID ) VALUES ( 
1757, 189, NULL, 'rsl_version_id', 'rsl_version_id', 4, 'N', 'int', 10, 'Y', 'N', 1
, 1); 
INSERT INTO TABLE_COLUMN ( TCL_ID, TBD_ID, ENT_ID, TCL_NAME, TCL_DISPLAY, TCL_ORDER_NO,
TCL_PRIMARY_KEY_FL, TCL_TYPE, TCL_LENGTH, TCL_MANDATORY_FL, TCL_DELETE_FL, TCL_VERSION_ID,
PTN_ID ) VALUES ( 
1758, 189, NULL, 'ptn_id', 'ptn_id', 5, 'N', 'int', 10, 'Y', 'N', 1, 1); 
INSERT INTO TABLE_COLUMN ( TCL_ID, TBD_ID, ENT_ID, TCL_NAME, TCL_DISPLAY, TCL_ORDER_NO,
TCL_PRIMARY_KEY_FL, TCL_TYPE, TCL_LENGTH, TCL_MANDATORY_FL, TCL_DELETE_FL, TCL_VERSION_ID,
PTN_ID ) VALUES ( 
1759, 190, NULL, 'bor_id', 'bor_id', 0, 'Y', 'int', 10, 'Y', 'N', 1, 1); 
INSERT INTO TABLE_COLUMN ( TCL_ID, TBD_ID, ENT_ID, TCL_NAME, TCL_DISPLAY, TCL_ORDER_NO,
TCL_PRIMARY_KEY_FL, TCL_TYPE, TCL_LENGTH, TCL_MANDATORY_FL, TCL_DELETE_FL, TCL_VERSION_ID,
PTN_ID ) VALUES ( 
1760, 190, NULL, 'bog_id', 'bog_id', 1, 'N', 'int', 10, 'Y', 'N', 1, 1); 
INSERT INTO TABLE_COLUMN ( TCL_ID, TBD_ID, ENT_ID, TCL_NAME, TCL_DISPLAY, TCL_ORDER_NO,
TCL_PRIMARY_KEY_FL, TCL_TYPE, TCL_LENGTH, TCL_MANDATORY_FL, TCL_DELETE_FL, TCL_VERSION_ID,
PTN_ID ) VALUES ( 
1761, 190, NULL, 'bor_name', 'bor_name', 2, 'N', 'string', 255, 'Y', 'N', 1, 1); 
INSERT INTO TABLE_COLUMN ( TCL_ID, TBD_ID, ENT_ID, TCL_NAME, TCL_DISPLAY, TCL_ORDER_NO,
TCL_PRIMARY_KEY_FL, TCL_TYPE, TCL_LENGTH, TCL_MANDATORY_FL, TCL_DELETE_FL, TCL_VERSION_ID,
PTN_ID ) VALUES ( 
1762, 190, NULL, 'bor_type', 'bor_type', 3, 'N', 'string', 255, 'Y', 'N', 1, 1); 
INSERT INTO TABLE_COLUMN ( TCL_ID, TBD_ID, ENT_ID, TCL_NAME, TCL_DISPLAY, TCL_ORDER_NO,
TCL_PRIMARY_KEY_FL, TCL_TYPE, TCL_LENGTH, TCL_MANDATORY_FL, TCL_DELETE_FL, TCL_VERSION_ID,
PTN_ID ) VALUES ( 
1763, 190, NULL, 'bor_doc_no', 'bor_doc_no', 4, 'N', 'int', 10, 'Y', 'N', 1, 1); 
INSERT INTO TABLE_COLUMN ( TCL_ID, TBD_ID, ENT_ID, TCL_NAME, TCL_DISPLAY, TCL_ORDER_NO,
TCL_PRIMARY_KEY_FL, TCL_TYPE, TCL_LENGTH, TCL_MANDATORY_FL, TCL_DELETE_FL, TCL_VERSION_ID,
PTN_ID ) VALUES ( 
1764, 190, NULL, 'bor_delete_fl', 'bor_delete_fl', 5, 'N', 'bool', 1, 'Y', 'N', 1
, 1); 
INSERT INTO TABLE_COLUMN ( TCL_ID, TBD_ID, ENT_ID, TCL_NAME, TCL_DISPLAY, TCL_ORDER_NO,
TCL_PRIMARY_KEY_FL, TCL_TYPE, TCL_LENGTH, TCL_MANDATORY_FL, TCL_DELETE_FL, TCL_VERSION_ID,
PTN_ID ) VALUES ( 
1765, 190, NULL, 'bor_version_id', 'bor_version_id', 6, 'N', 'int', 10, 'Y', 'N', 1
, 1); 
INSERT INTO TABLE_COLUMN ( TCL_ID, TBD_ID, ENT_ID, TCL_NAME, TCL_DISPLAY, TCL_ORDER_NO,
TCL_PRIMARY_KEY_FL, TCL_TYPE, TCL_LENGTH, TCL_MANDATORY_FL, TCL_DELETE_FL, TCL_VERSION_ID,
PTN_ID ) VALUES ( 
1766, 190, NULL, 'ptn_id', 'ptn_id', 7, 'N', 'int', 10, 'Y', 'N', 1, 1); 
INSERT INTO TABLE_COLUMN ( TCL_ID, TBD_ID, ENT_ID, TCL_NAME, TCL_DISPLAY, TCL_ORDER_NO,
TCL_PRIMARY_KEY_FL, TCL_TYPE, TCL_LENGTH, TCL_MANDATORY_FL, TCL_DELETE_FL, TCL_VERSION_ID,
PTN_ID ) VALUES ( 
1767, 191, NULL, 'mad_id', 'mad_id', 0, 'Y', 'int', 10, 'Y', 'N', 1, 1); 
INSERT INTO TABLE_COLUMN ( TCL_ID, TBD_ID, ENT_ID, TCL_NAME, TCL_DISPLAY, TCL_ORDER_NO,
TCL_PRIMARY_KEY_FL, TCL_TYPE, TCL_LENGTH, TCL_MANDATORY_FL, TCL_DELETE_FL, TCL_VERSION_ID,
PTN_ID ) VALUES ( 
1768, 191, NULL, 'mac_id', 'mac_id', 1, 'N', 'int', 10, 'Y', 'N', 1, 1); 
INSERT INTO TABLE_COLUMN ( TCL_ID, TBD_ID, ENT_ID, TCL_NAME, TCL_DISPLAY, TCL_ORDER_NO,
TCL_PRIMARY_KEY_FL, TCL_TYPE, TCL_LENGTH, TCL_MANDATORY_FL, TCL_DELETE_FL, TCL_VERSION_ID,
PTN_ID ) VALUES ( 
1769, 191, NULL, 'mad_host_address', 'mad_host_address', 2, 'N', 'string', 255, 'N'
, 'N', 1, 1); 
INSERT INTO TABLE_COLUMN ( TCL_ID, TBD_ID, ENT_ID, TCL_NAME, TCL_DISPLAY, TCL_ORDER_NO,
TCL_PRIMARY_KEY_FL, TCL_TYPE, TCL_LENGTH, TCL_MANDATORY_FL, TCL_DELETE_FL, TCL_VERSION_ID,
PTN_ID ) VALUES ( 
1770, 191, NULL, 'mad_order_no', 'mad_order_no', 3, 'N', 'int', 10, 'Y', 'N', 1, 1); 
INSERT INTO TABLE_COLUMN ( TCL_ID, TBD_ID, ENT_ID, TCL_NAME, TCL_DISPLAY, TCL_ORDER_NO,
TCL_PRIMARY_KEY_FL, TCL_TYPE, TCL_LENGTH, TCL_MANDATORY_FL, TCL_DELETE_FL, TCL_VERSION_ID,
PTN_ID ) VALUES ( 
1771, 191, NULL, 'mad_delete_fl', 'mad_delete_fl', 4, 'N', 'bool', 1, 'Y', 'N', 1
, 1); 
INSERT INTO TABLE_COLUMN ( TCL_ID, TBD_ID, ENT_ID, TCL_NAME, TCL_DISPLAY, TCL_ORDER_NO,
TCL_PRIMARY_KEY_FL, TCL_TYPE, TCL_LENGTH, TCL_MANDATORY_FL, TCL_DELETE_FL, TCL_VERSION_ID,
PTN_ID ) VALUES ( 
1772, 191, NULL, 'mad_version_id', 'mad_version_id', 5, 'N', 'int', 10, 'Y', 'N', 1
, 1); 
INSERT INTO TABLE_COLUMN ( TCL_ID, TBD_ID, ENT_ID, TCL_NAME, TCL_DISPLAY, TCL_ORDER_NO,
TCL_PRIMARY_KEY_FL, TCL_TYPE, TCL_LENGTH, TCL_MANDATORY_FL, TCL_DELETE_FL, TCL_VERSION_ID,
PTN_ID ) VALUES ( 
1773, 191, NULL, 'ptn_id', 'ptn_id', 6, 'N', 'int', 10, 'Y', 'N', 1, 1); 
INSERT INTO TABLE_COLUMN ( TCL_ID, TBD_ID, ENT_ID, TCL_NAME, TCL_DISPLAY, TCL_ORDER_NO,
TCL_PRIMARY_KEY_FL, TCL_TYPE, TCL_LENGTH, TCL_MANDATORY_FL, TCL_DELETE_FL, TCL_VERSION_ID,
PTN_ID ) VALUES ( 
1774, 192, NULL, 'trt_id', 'trt_id', 0, 'Y', 'int', 10, 'Y', 'N', 1, 1); 
INSERT INTO TABLE_COLUMN ( TCL_ID, TBD_ID, ENT_ID, TCL_NAME, TCL_DISPLAY, TCL_ORDER_NO,
TCL_PRIMARY_KEY_FL, TCL_TYPE, TCL_LENGTH, TCL_MANDATORY_FL, TCL_DELETE_FL, TCL_VERSION_ID,
PTN_ID ) VALUES ( 
1775, 192, NULL, 'cmp_id', 'cmp_id', 1, 'N', 'int', 10, 'Y', 'N', 1, 1); 
INSERT INTO TABLE_COLUMN ( TCL_ID, TBD_ID, ENT_ID, TCL_NAME, TCL_DISPLAY, TCL_ORDER_NO,
TCL_PRIMARY_KEY_FL, TCL_TYPE, TCL_LENGTH, TCL_MANDATORY_FL, TCL_DELETE_FL, TCL_VERSION_ID,
PTN_ID ) VALUES ( 
1776, 192, NULL, 'trt_name', 'trt_name', 2, 'N', 'string', 255, 'Y', 'N', 1, 1); 
INSERT INTO TABLE_COLUMN ( TCL_ID, TBD_ID, ENT_ID, TCL_NAME, TCL_DISPLAY, TCL_ORDER_NO,
TCL_PRIMARY_KEY_FL, TCL_TYPE, TCL_LENGTH, TCL_MANDATORY_FL, TCL_DELETE_FL, TCL_VERSION_ID,
PTN_ID ) VALUES ( 
1777, 192, NULL, 'trt_delete_fl', 'trt_delete_fl', 3, 'N', 'bool', 1, 'Y', 'N', 1
, 1); 
INSERT INTO TABLE_COLUMN ( TCL_ID, TBD_ID, ENT_ID, TCL_NAME, TCL_DISPLAY, TCL_ORDER_NO,
TCL_PRIMARY_KEY_FL, TCL_TYPE, TCL_LENGTH, TCL_MANDATORY_FL, TCL_DELETE_FL, TCL_VERSION_ID,
PTN_ID ) VALUES ( 
1778, 192, NULL, 'trt_version_id', 'trt_version_id', 4, 'N', 'int', 10, 'Y', 'N', 1
, 1); 
INSERT INTO TABLE_COLUMN ( TCL_ID, TBD_ID, ENT_ID, TCL_NAME, TCL_DISPLAY, TCL_ORDER_NO,
TCL_PRIMARY_KEY_FL, TCL_TYPE, TCL_LENGTH, TCL_MANDATORY_FL, TCL_DELETE_FL, TCL_VERSION_ID,
PTN_ID ) VALUES ( 
1779, 192, NULL, 'ptn_id', 'ptn_id', 5, 'N', 'int', 10, 'Y', 'N', 1, 1); 
INSERT INTO TABLE_COLUMN ( TCL_ID, TBD_ID, ENT_ID, TCL_NAME, TCL_DISPLAY, TCL_ORDER_NO,
TCL_PRIMARY_KEY_FL, TCL_TYPE, TCL_LENGTH, TCL_MANDATORY_FL, TCL_DELETE_FL, TCL_VERSION_ID,
PTN_ID ) VALUES ( 
1780, 193, NULL, 'tgr_id', 'tgr_id', 0, 'Y', 'int', 10, 'Y', 'N', 1, 1); 
INSERT INTO TABLE_COLUMN ( TCL_ID, TBD_ID, ENT_ID, TCL_NAME, TCL_DISPLAY, TCL_ORDER_NO,
TCL_PRIMARY_KEY_FL, TCL_TYPE, TCL_LENGTH, TCL_MANDATORY_FL, TCL_DELETE_FL, TCL_VERSION_ID,
PTN_ID ) VALUES ( 
1781, 193, NULL, 'usr_id', 'usr_id', 1, 'N', 'int', 10, 'Y', 'N', 1, 1); 
INSERT INTO TABLE_COLUMN ( TCL_ID, TBD_ID, ENT_ID, TCL_NAME, TCL_DISPLAY, TCL_ORDER_NO,
TCL_PRIMARY_KEY_FL, TCL_TYPE, TCL_LENGTH, TCL_MANDATORY_FL, TCL_DELETE_FL, TCL_VERSION_ID,
PTN_ID ) VALUES ( 
1782, 193, NULL, 'tin_id', 'tin_id', 2, 'N', 'int', 10, 'Y', 'N', 1, 1); 
INSERT INTO TABLE_COLUMN ( TCL_ID, TBD_ID, ENT_ID, TCL_NAME, TCL_DISPLAY, TCL_ORDER_NO,
TCL_PRIMARY_KEY_FL, TCL_TYPE, TCL_LENGTH, TCL_MANDATORY_FL, TCL_DELETE_FL, TCL_VERSION_ID,
PTN_ID ) VALUES ( 
1783, 193, NULL, 'cxt_id', 'cxt_id', 3, 'N', 'int', 10, 'Y', 'N', 1, 1); 
INSERT INTO TABLE_COLUMN ( TCL_ID, TBD_ID, ENT_ID, TCL_NAME, TCL_DISPLAY, TCL_ORDER_NO,
TCL_PRIMARY_KEY_FL, TCL_TYPE, TCL_LENGTH, TCL_MANDATORY_FL, TCL_DELETE_FL, TCL_VERSION_ID,
PTN_ID ) VALUES ( 
1784, 193, NULL, 'tgr_delete_fl', 'tgr_delete_fl', 4, 'N', 'bool', 1, 'Y', 'N', 1
, 1); 
INSERT INTO TABLE_COLUMN ( TCL_ID, TBD_ID, ENT_ID, TCL_NAME, TCL_DISPLAY, TCL_ORDER_NO,
TCL_PRIMARY_KEY_FL, TCL_TYPE, TCL_LENGTH, TCL_MANDATORY_FL, TCL_DELETE_FL, TCL_VERSION_ID,
PTN_ID ) VALUES ( 
1785, 193, NULL, 'tgr_version_id', 'tgr_version_id', 5, 'N', 'int', 10, 'Y', 'N', 1
, 1); 
INSERT INTO TABLE_COLUMN ( TCL_ID, TBD_ID, ENT_ID, TCL_NAME, TCL_DISPLAY, TCL_ORDER_NO,
TCL_PRIMARY_KEY_FL, TCL_TYPE, TCL_LENGTH, TCL_MANDATORY_FL, TCL_DELETE_FL, TCL_VERSION_ID,
PTN_ID ) VALUES ( 
1786, 193, NULL, 'ptn_id', 'ptn_id', 6, 'N', 'int', 10, 'Y', 'N', 1, 1); 
INSERT INTO TABLE_COLUMN ( TCL_ID, TBD_ID, ENT_ID, TCL_NAME, TCL_DISPLAY, TCL_ORDER_NO,
TCL_PRIMARY_KEY_FL, TCL_TYPE, TCL_LENGTH, TCL_MANDATORY_FL, TCL_DELETE_FL, TCL_VERSION_ID,
PTN_ID ) VALUES ( 
1787, 194, NULL, 'lst_id', 'lst_id', 0, 'Y', 'int', 10, 'Y', 'N', 1, 1); 
INSERT INTO TABLE_COLUMN ( TCL_ID, TBD_ID, ENT_ID, TCL_NAME, TCL_DISPLAY, TCL_ORDER_NO,
TCL_PRIMARY_KEY_FL, TCL_TYPE, TCL_LENGTH, TCL_MANDATORY_FL, TCL_DELETE_FL, TCL_VERSION_ID,
PTN_ID ) VALUES ( 
1788, 194, NULL, 'lst_delete_fl', 'lst_delete_fl', 1, 'N', 'bool', 1, 'Y', 'N', 1
, 1); 
INSERT INTO TABLE_COLUMN ( TCL_ID, TBD_ID, ENT_ID, TCL_NAME, TCL_DISPLAY, TCL_ORDER_NO,
TCL_PRIMARY_KEY_FL, TCL_TYPE, TCL_LENGTH, TCL_MANDATORY_FL, TCL_DELETE_FL, TCL_VERSION_ID,
PTN_ID ) VALUES ( 
1789, 194, NULL, 'lst_version_id', 'lst_version_id', 2, 'N', 'int', 10, 'Y', 'N', 1
, 1); 
INSERT INTO TABLE_COLUMN ( TCL_ID, TBD_ID, ENT_ID, TCL_NAME, TCL_DISPLAY, TCL_ORDER_NO,
TCL_PRIMARY_KEY_FL, TCL_TYPE, TCL_LENGTH, TCL_MANDATORY_FL, TCL_DELETE_FL, TCL_VERSION_ID,
PTN_ID ) VALUES ( 
1790, 194, NULL, 'ptn_id', 'ptn_id', 3, 'N', 'int', 10, 'Y', 'N', 1, 1); 
INSERT INTO TABLE_COLUMN ( TCL_ID, TBD_ID, ENT_ID, TCL_NAME, TCL_DISPLAY, TCL_ORDER_NO,
TCL_PRIMARY_KEY_FL, TCL_TYPE, TCL_LENGTH, TCL_MANDATORY_FL, TCL_DELETE_FL, TCL_VERSION_ID,
PTN_ID ) VALUES ( 
1791, 195, NULL, 'cat_id', 'cat_id', 0, 'Y', 'int', 10, 'Y', 'N', 1, 1); 
INSERT INTO TABLE_COLUMN ( TCL_ID, TBD_ID, ENT_ID, TCL_NAME, TCL_DISPLAY, TCL_ORDER_NO,
TCL_PRIMARY_KEY_FL, TCL_TYPE, TCL_LENGTH, TCL_MANDATORY_FL, TCL_DELETE_FL, TCL_VERSION_ID,
PTN_ID ) VALUES ( 
1792, 195, NULL, 'cdn_id', 'cdn_id', 1, 'N', 'int', 10, 'Y', 'N', 1, 1); 
INSERT INTO TABLE_COLUMN ( TCL_ID, TBD_ID, ENT_ID, TCL_NAME, TCL_DISPLAY, TCL_ORDER_NO,
TCL_PRIMARY_KEY_FL, TCL_TYPE, TCL_LENGTH, TCL_MANDATORY_FL, TCL_DELETE_FL, TCL_VERSION_ID,
PTN_ID ) VALUES ( 
1793, 195, NULL, 'tea_id', 'tea_id', 2, 'N', 'int', 10, 'Y', 'N', 1, 1); 
INSERT INTO TABLE_COLUMN ( TCL_ID, TBD_ID, ENT_ID, TCL_NAME, TCL_DISPLAY, TCL_ORDER_NO,
TCL_PRIMARY_KEY_FL, TCL_TYPE, TCL_LENGTH, TCL_MANDATORY_FL, TCL_DELETE_FL, TCL_VERSION_ID,
PTN_ID ) VALUES ( 
1794, 195, NULL, 'cat_browse_fl', 'cat_browse_fl', 3, 'N', 'bool', 1, 'Y', 'N', 1
, 1); 
INSERT INTO TABLE_COLUMN ( TCL_ID, TBD_ID, ENT_ID, TCL_NAME, TCL_DISPLAY, TCL_ORDER_NO,
TCL_PRIMARY_KEY_FL, TCL_TYPE, TCL_LENGTH, TCL_MANDATORY_FL, TCL_DELETE_FL, TCL_VERSION_ID,
PTN_ID ) VALUES ( 
1795, 195, NULL, 'cat_new_fl', 'cat_new_fl', 4, 'N', 'bool', 1, 'Y', 'N', 1, 1); 
INSERT INTO TABLE_COLUMN ( TCL_ID, TBD_ID, ENT_ID, TCL_NAME, TCL_DISPLAY, TCL_ORDER_NO,
TCL_PRIMARY_KEY_FL, TCL_TYPE, TCL_LENGTH, TCL_MANDATORY_FL, TCL_DELETE_FL, TCL_VERSION_ID,
PTN_ID ) VALUES ( 
1796, 195, NULL, 'cat_edit_fl', 'cat_edit_fl', 5, 'N', 'bool', 1, 'Y', 'N', 1, 1); 
INSERT INTO TABLE_COLUMN ( TCL_ID, TBD_ID, ENT_ID, TCL_NAME, TCL_DISPLAY, TCL_ORDER_NO,
TCL_PRIMARY_KEY_FL, TCL_TYPE, TCL_LENGTH, TCL_MANDATORY_FL, TCL_DELETE_FL, TCL_VERSION_ID,
PTN_ID ) VALUES ( 
1797, 195, NULL, 'cat_remove_fl', 'cat_remove_fl', 6, 'N', 'bool', 1, 'Y', 'N', 1
, 1); 
INSERT INTO TABLE_COLUMN ( TCL_ID, TBD_ID, ENT_ID, TCL_NAME, TCL_DISPLAY, TCL_ORDER_NO,
TCL_PRIMARY_KEY_FL, TCL_TYPE, TCL_LENGTH, TCL_MANDATORY_FL, TCL_DELETE_FL, TCL_VERSION_ID,
PTN_ID ) VALUES ( 
1798, 195, NULL, 'cat_assign_cd', 'cat_assign_cd', 7, 'N', 'string', 255, 'Y', 'N'
, 1, 1); 
INSERT INTO TABLE_COLUMN ( TCL_ID, TBD_ID, ENT_ID, TCL_NAME, TCL_DISPLAY, TCL_ORDER_NO,
TCL_PRIMARY_KEY_FL, TCL_TYPE, TCL_LENGTH, TCL_MANDATORY_FL, TCL_DELETE_FL, TCL_VERSION_ID,
PTN_ID ) VALUES ( 
1799, 195, NULL, 'cat_delete_fl', 'cat_delete_fl', 8, 'N', 'bool', 1, 'Y', 'N', 1
, 1); 
INSERT INTO TABLE_COLUMN ( TCL_ID, TBD_ID, ENT_ID, TCL_NAME, TCL_DISPLAY, TCL_ORDER_NO,
TCL_PRIMARY_KEY_FL, TCL_TYPE, TCL_LENGTH, TCL_MANDATORY_FL, TCL_DELETE_FL, TCL_VERSION_ID,
PTN_ID ) VALUES ( 
1800, 195, NULL, 'cat_version_id', 'cat_version_id', 9, 'N', 'int', 10, 'Y', 'N', 1
, 1); 
INSERT INTO TABLE_COLUMN ( TCL_ID, TBD_ID, ENT_ID, TCL_NAME, TCL_DISPLAY, TCL_ORDER_NO,
TCL_PRIMARY_KEY_FL, TCL_TYPE, TCL_LENGTH, TCL_MANDATORY_FL, TCL_DELETE_FL, TCL_VERSION_ID,
PTN_ID ) VALUES ( 
1801, 195, NULL, 'ptn_id', 'ptn_id', 10, 'N', 'int', 10, 'Y', 'N', 1, 1); 
INSERT INTO TABLE_COLUMN ( TCL_ID, TBD_ID, ENT_ID, TCL_NAME, TCL_DISPLAY, TCL_ORDER_NO,
TCL_PRIMARY_KEY_FL, TCL_TYPE, TCL_LENGTH, TCL_MANDATORY_FL, TCL_DELETE_FL, TCL_VERSION_ID,
PTN_ID ) VALUES ( 
1802, 196, NULL, 'pri_id', 'pri_id', 0, 'Y', 'int', 10, 'Y', 'N', 1, 1); 
INSERT INTO TABLE_COLUMN ( TCL_ID, TBD_ID, ENT_ID, TCL_NAME, TCL_DISPLAY, TCL_ORDER_NO,
TCL_PRIMARY_KEY_FL, TCL_TYPE, TCL_LENGTH, TCL_MANDATORY_FL, TCL_DELETE_FL, TCL_VERSION_ID,
PTN_ID ) VALUES ( 
1803, 196, NULL, 'pig_id', 'pig_id', 1, 'N', 'int', 10, 'Y', 'N', 1, 1); 
INSERT INTO TABLE_COLUMN ( TCL_ID, TBD_ID, ENT_ID, TCL_NAME, TCL_DISPLAY, TCL_ORDER_NO,
TCL_PRIMARY_KEY_FL, TCL_TYPE, TCL_LENGTH, TCL_MANDATORY_FL, TCL_DELETE_FL, TCL_VERSION_ID,
PTN_ID ) VALUES ( 
1804, 196, NULL, 'prd_id', 'prd_id', 2, 'N', 'int', 10, 'Y', 'N', 1, 1); 
INSERT INTO TABLE_COLUMN ( TCL_ID, TBD_ID, ENT_ID, TCL_NAME, TCL_DISPLAY, TCL_ORDER_NO,
TCL_PRIMARY_KEY_FL, TCL_TYPE, TCL_LENGTH, TCL_MANDATORY_FL, TCL_DELETE_FL, TCL_VERSION_ID,
PTN_ID ) VALUES ( 
1805, 196, NULL, 'pri_value', 'pri_value', 3, 'N', 'string', 255, 'N', 'N', 1, 1); 
INSERT INTO TABLE_COLUMN ( TCL_ID, TBD_ID, ENT_ID, TCL_NAME, TCL_DISPLAY, TCL_ORDER_NO,
TCL_PRIMARY_KEY_FL, TCL_TYPE, TCL_LENGTH, TCL_MANDATORY_FL, TCL_DELETE_FL, TCL_VERSION_ID,
PTN_ID ) VALUES ( 
1806, 196, NULL, 'pri_delete_fl', 'pri_delete_fl', 4, 'N', 'bool', 1, 'Y', 'N', 1
, 1); 
INSERT INTO TABLE_COLUMN ( TCL_ID, TBD_ID, ENT_ID, TCL_NAME, TCL_DISPLAY, TCL_ORDER_NO,
TCL_PRIMARY_KEY_FL, TCL_TYPE, TCL_LENGTH, TCL_MANDATORY_FL, TCL_DELETE_FL, TCL_VERSION_ID,
PTN_ID ) VALUES ( 
1807, 196, NULL, 'pri_version_id', 'pri_version_id', 5, 'N', 'int', 10, 'Y', 'N', 1
, 1); 
INSERT INTO TABLE_COLUMN ( TCL_ID, TBD_ID, ENT_ID, TCL_NAME, TCL_DISPLAY, TCL_ORDER_NO,
TCL_PRIMARY_KEY_FL, TCL_TYPE, TCL_LENGTH, TCL_MANDATORY_FL, TCL_DELETE_FL, TCL_VERSION_ID,
PTN_ID ) VALUES ( 
1808, 196, NULL, 'ptn_id', 'ptn_id', 6, 'N', 'int', 10, 'Y', 'N', 1, 1); 
INSERT INTO TABLE_COLUMN ( TCL_ID, TBD_ID, ENT_ID, TCL_NAME, TCL_DISPLAY, TCL_ORDER_NO,
TCL_PRIMARY_KEY_FL, TCL_TYPE, TCL_LENGTH, TCL_MANDATORY_FL, TCL_DELETE_FL, TCL_VERSION_ID,
PTN_ID ) VALUES ( 
1809, 197, NULL, 'dtf_id', 'dtf_id', 0, 'Y', 'int', 10, 'Y', 'N', 1, 1); 
INSERT INTO TABLE_COLUMN ( TCL_ID, TBD_ID, ENT_ID, TCL_NAME, TCL_DISPLAY, TCL_ORDER_NO,
TCL_PRIMARY_KEY_FL, TCL_TYPE, TCL_LENGTH, TCL_MANDATORY_FL, TCL_DELETE_FL, TCL_VERSION_ID,
PTN_ID ) VALUES ( 
1810, 197, NULL, 'tin_id', 'tin_id', 1, 'N', 'int', 10, 'Y', 'N', 1, 1); 
INSERT INTO TABLE_COLUMN ( TCL_ID, TBD_ID, ENT_ID, TCL_NAME, TCL_DISPLAY, TCL_ORDER_NO,
TCL_PRIMARY_KEY_FL, TCL_TYPE, TCL_LENGTH, TCL_MANDATORY_FL, TCL_DELETE_FL, TCL_VERSION_ID,
PTN_ID ) VALUES ( 
1811, 197, NULL, 'dtf_delete_fl', 'dtf_delete_fl', 2, 'N', 'bool', 1, 'Y', 'N', 1
, 1); 
INSERT INTO TABLE_COLUMN ( TCL_ID, TBD_ID, ENT_ID, TCL_NAME, TCL_DISPLAY, TCL_ORDER_NO,
TCL_PRIMARY_KEY_FL, TCL_TYPE, TCL_LENGTH, TCL_MANDATORY_FL, TCL_DELETE_FL, TCL_VERSION_ID,
PTN_ID ) VALUES ( 
1812, 197, NULL, 'dtf_version_id', 'dtf_version_id', 3, 'N', 'int', 10, 'Y', 'N', 1
, 1); 
INSERT INTO TABLE_COLUMN ( TCL_ID, TBD_ID, ENT_ID, TCL_NAME, TCL_DISPLAY, TCL_ORDER_NO,
TCL_PRIMARY_KEY_FL, TCL_TYPE, TCL_LENGTH, TCL_MANDATORY_FL, TCL_DELETE_FL, TCL_VERSION_ID,
PTN_ID ) VALUES ( 
1813, 197, NULL, 'ptn_id', 'ptn_id', 4, 'N', 'int', 10, 'Y', 'N', 1, 1); 
INSERT INTO TABLE_COLUMN ( TCL_ID, TBD_ID, ENT_ID, TCL_NAME, TCL_DISPLAY, TCL_ORDER_NO,
TCL_PRIMARY_KEY_FL, TCL_TYPE, TCL_LENGTH, TCL_MANDATORY_FL, TCL_DELETE_FL, TCL_VERSION_ID,
PTN_ID ) VALUES ( 
1814, 198, NULL, 'ulg_id', 'ulg_id', 0, 'Y', 'int', 10, 'Y', 'N', 1, 1); 
INSERT INTO TABLE_COLUMN ( TCL_ID, TBD_ID, ENT_ID, TCL_NAME, TCL_DISPLAY, TCL_ORDER_NO,
TCL_PRIMARY_KEY_FL, TCL_TYPE, TCL_LENGTH, TCL_MANDATORY_FL, TCL_DELETE_FL, TCL_VERSION_ID,
PTN_ID ) VALUES ( 
1815, 198, NULL, 'usr_id', 'usr_id', 1, 'N', 'int', 10, 'N', 'N', 1, 1); 
INSERT INTO TABLE_COLUMN ( TCL_ID, TBD_ID, ENT_ID, TCL_NAME, TCL_DISPLAY, TCL_ORDER_NO,
TCL_PRIMARY_KEY_FL, TCL_TYPE, TCL_LENGTH, TCL_MANDATORY_FL, TCL_DELETE_FL, TCL_VERSION_ID,
PTN_ID ) VALUES ( 
1816, 198, NULL, 'ulg_dttm', 'ulg_dttm', 2, 'N', 'datetime', -1, 'Y', 'N', 1, 1); 
INSERT INTO TABLE_COLUMN ( TCL_ID, TBD_ID, ENT_ID, TCL_NAME, TCL_DISPLAY, TCL_ORDER_NO,
TCL_PRIMARY_KEY_FL, TCL_TYPE, TCL_LENGTH, TCL_MANDATORY_FL, TCL_DELETE_FL, TCL_VERSION_ID,
PTN_ID ) VALUES ( 
1817, 198, NULL, 'ulg_success_fl', 'ulg_success_fl', 3, 'N', 'bool', 1, 'Y', 'N', 1
, 1); 
INSERT INTO TABLE_COLUMN ( TCL_ID, TBD_ID, ENT_ID, TCL_NAME, TCL_DISPLAY, TCL_ORDER_NO,
TCL_PRIMARY_KEY_FL, TCL_TYPE, TCL_LENGTH, TCL_MANDATORY_FL, TCL_DELETE_FL, TCL_VERSION_ID,
PTN_ID ) VALUES ( 
1818, 198, NULL, 'ulg_source_address', 'ulg_source_address', 4, 'N', 'string', 255
, 'Y', 'N', 1, 1); 
INSERT INTO TABLE_COLUMN ( TCL_ID, TBD_ID, ENT_ID, TCL_NAME, TCL_DISPLAY, TCL_ORDER_NO,
TCL_PRIMARY_KEY_FL, TCL_TYPE, TCL_LENGTH, TCL_MANDATORY_FL, TCL_DELETE_FL, TCL_VERSION_ID,
PTN_ID ) VALUES ( 
1819, 198, NULL, 'ulg_source_hostname', 'ulg_source_hostname', 5, 'N', 'string', 255
, 'Y', 'N', 1, 1); 
INSERT INTO TABLE_COLUMN ( TCL_ID, TBD_ID, ENT_ID, TCL_NAME, TCL_DISPLAY, TCL_ORDER_NO,
TCL_PRIMARY_KEY_FL, TCL_TYPE, TCL_LENGTH, TCL_MANDATORY_FL, TCL_DELETE_FL, TCL_VERSION_ID,
PTN_ID ) VALUES ( 
1820, 198, NULL, 'ulg_message', 'ulg_message', 6, 'N', 'string', 255, 'Y', 'N', 1
, 1); 
INSERT INTO TABLE_COLUMN ( TCL_ID, TBD_ID, ENT_ID, TCL_NAME, TCL_DISPLAY, TCL_ORDER_NO,
TCL_PRIMARY_KEY_FL, TCL_TYPE, TCL_LENGTH, TCL_MANDATORY_FL, TCL_DELETE_FL, TCL_VERSION_ID,
PTN_ID ) VALUES ( 
1821, 198, NULL, 'ulg_delete_fl', 'ulg_delete_fl', 7, 'N', 'bool', 1, 'Y', 'N', 1
, 1); 
INSERT INTO TABLE_COLUMN ( TCL_ID, TBD_ID, ENT_ID, TCL_NAME, TCL_DISPLAY, TCL_ORDER_NO,
TCL_PRIMARY_KEY_FL, TCL_TYPE, TCL_LENGTH, TCL_MANDATORY_FL, TCL_DELETE_FL, TCL_VERSION_ID,
PTN_ID ) VALUES ( 
1822, 198, NULL, 'ulg_version_id', 'ulg_version_id', 8, 'N', 'int', 10, 'Y', 'N', 1
, 1); 
INSERT INTO TABLE_COLUMN ( TCL_ID, TBD_ID, ENT_ID, TCL_NAME, TCL_DISPLAY, TCL_ORDER_NO,
TCL_PRIMARY_KEY_FL, TCL_TYPE, TCL_LENGTH, TCL_MANDATORY_FL, TCL_DELETE_FL, TCL_VERSION_ID,
PTN_ID ) VALUES ( 
1823, 198, NULL, 'ptn_id', 'ptn_id', 9, 'N', 'int', 10, 'Y', 'N', 1, 1); 
INSERT INTO TABLE_COLUMN ( TCL_ID, TBD_ID, ENT_ID, TCL_NAME, TCL_DISPLAY, TCL_ORDER_NO,
TCL_PRIMARY_KEY_FL, TCL_TYPE, TCL_LENGTH, TCL_MANDATORY_FL, TCL_DELETE_FL, TCL_VERSION_ID,
PTN_ID ) VALUES ( 
1824, 199, NULL, 'sqo_id', 'sqo_id', 0, 'Y', 'int', 10, 'Y', 'N', 1, 1); 
INSERT INTO TABLE_COLUMN ( TCL_ID, TBD_ID, ENT_ID, TCL_NAME, TCL_DISPLAY, TCL_ORDER_NO,
TCL_PRIMARY_KEY_FL, TCL_TYPE, TCL_LENGTH, TCL_MANDATORY_FL, TCL_DELETE_FL, TCL_VERSION_ID,
PTN_ID ) VALUES ( 
1825, 199, NULL, 'sql_id', 'sql_id', 1, 'N', 'int', 10, 'Y', 'N', 1, 1); 
INSERT INTO TABLE_COLUMN ( TCL_ID, TBD_ID, ENT_ID, TCL_NAME, TCL_DISPLAY, TCL_ORDER_NO,
TCL_PRIMARY_KEY_FL, TCL_TYPE, TCL_LENGTH, TCL_MANDATORY_FL, TCL_DELETE_FL, TCL_VERSION_ID,
PTN_ID ) VALUES ( 
1826, 199, NULL, 'sqs_id', 'sqs_id', 2, 'N', 'int', 10, 'Y', 'N', 1, 1); 
INSERT INTO TABLE_COLUMN ( TCL_ID, TBD_ID, ENT_ID, TCL_NAME, TCL_DISPLAY, TCL_ORDER_NO,
TCL_PRIMARY_KEY_FL, TCL_TYPE, TCL_LENGTH, TCL_MANDATORY_FL, TCL_DELETE_FL, TCL_VERSION_ID,
PTN_ID ) VALUES ( 
1827, 199, NULL, 'sqo_descending_fl', 'sqo_descending_fl', 3, 'N', 'bool', 1, 'Y'
, 'N', 1, 1); 
INSERT INTO TABLE_COLUMN ( TCL_ID, TBD_ID, ENT_ID, TCL_NAME, TCL_DISPLAY, TCL_ORDER_NO,
TCL_PRIMARY_KEY_FL, TCL_TYPE, TCL_LENGTH, TCL_MANDATORY_FL, TCL_DELETE_FL, TCL_VERSION_ID,
PTN_ID ) VALUES ( 
1828, 199, NULL, 'sqo_order_no', 'sqo_order_no', 4, 'N', 'int', 10, 'Y', 'N', 1, 1); 
INSERT INTO TABLE_COLUMN ( TCL_ID, TBD_ID, ENT_ID, TCL_NAME, TCL_DISPLAY, TCL_ORDER_NO,
TCL_PRIMARY_KEY_FL, TCL_TYPE, TCL_LENGTH, TCL_MANDATORY_FL, TCL_DELETE_FL, TCL_VERSION_ID,
PTN_ID ) VALUES ( 
1829, 199, NULL, 'sqo_delete_fl', 'sqo_delete_fl', 5, 'N', 'bool', 1, 'Y', 'N', 1
, 1); 
INSERT INTO TABLE_COLUMN ( TCL_ID, TBD_ID, ENT_ID, TCL_NAME, TCL_DISPLAY, TCL_ORDER_NO,
TCL_PRIMARY_KEY_FL, TCL_TYPE, TCL_LENGTH, TCL_MANDATORY_FL, TCL_DELETE_FL, TCL_VERSION_ID,
PTN_ID ) VALUES ( 
1830, 199, NULL, 'sqo_version_id', 'sqo_version_id', 6, 'N', 'int', 10, 'Y', 'N', 1
, 1); 
INSERT INTO TABLE_COLUMN ( TCL_ID, TBD_ID, ENT_ID, TCL_NAME, TCL_DISPLAY, TCL_ORDER_NO,
TCL_PRIMARY_KEY_FL, TCL_TYPE, TCL_LENGTH, TCL_MANDATORY_FL, TCL_DELETE_FL, TCL_VERSION_ID,
PTN_ID ) VALUES ( 
1831, 199, NULL, 'ptn_id', 'ptn_id', 7, 'N', 'int', 10, 'Y', 'N', 1, 1); 
INSERT INTO TABLE_COLUMN ( TCL_ID, TBD_ID, ENT_ID, TCL_NAME, TCL_DISPLAY, TCL_ORDER_NO,
TCL_PRIMARY_KEY_FL, TCL_TYPE, TCL_LENGTH, TCL_MANDATORY_FL, TCL_DELETE_FL, TCL_VERSION_ID,
PTN_ID ) VALUES ( 
1832, 200, NULL, 'noi_object_name', 'noi_object_name', 0, 'N', 'string', 255, 'Y'
, 'N', 1, 1); 
INSERT INTO TABLE_COLUMN ( TCL_ID, TBD_ID, ENT_ID, TCL_NAME, TCL_DISPLAY, TCL_ORDER_NO,
TCL_PRIMARY_KEY_FL, TCL_TYPE, TCL_LENGTH, TCL_MANDATORY_FL, TCL_DELETE_FL, TCL_VERSION_ID,
PTN_ID ) VALUES ( 
1833, 200, NULL, 'noi_current_no', 'noi_current_no', 1, 'N', 'long', 19, 'Y', 'N'
, 1, 1); 
INSERT INTO TABLE_COLUMN ( TCL_ID, TBD_ID, ENT_ID, TCL_NAME, TCL_DISPLAY, TCL_ORDER_NO,
TCL_PRIMARY_KEY_FL, TCL_TYPE, TCL_LENGTH, TCL_MANDATORY_FL, TCL_DELETE_FL, TCL_VERSION_ID,
PTN_ID ) VALUES ( 
1834, 201, NULL, 'swt_id', 'swt_id', 0, 'Y', 'int', 10, 'Y', 'N', 1, 1); 
INSERT INTO TABLE_COLUMN ( TCL_ID, TBD_ID, ENT_ID, TCL_NAME, TCL_DISPLAY, TCL_ORDER_NO,
TCL_PRIMARY_KEY_FL, TCL_TYPE, TCL_LENGTH, TCL_MANDATORY_FL, TCL_DELETE_FL, TCL_VERSION_ID,
PTN_ID ) VALUES ( 
1835, 201, NULL, 'swt_name', 'swt_name', 1, 'N', 'string', 255, 'Y', 'N', 1, 1); 
INSERT INTO TABLE_COLUMN ( TCL_ID, TBD_ID, ENT_ID, TCL_NAME, TCL_DISPLAY, TCL_ORDER_NO,
TCL_PRIMARY_KEY_FL, TCL_TYPE, TCL_LENGTH, TCL_MANDATORY_FL, TCL_DELETE_FL, TCL_VERSION_ID,
PTN_ID ) VALUES ( 
1836, 201, NULL, 'swt_match_str', 'swt_match_str', 2, 'N', 'string', 255, 'Y', 'N'
, 1, 1); 
INSERT INTO TABLE_COLUMN ( TCL_ID, TBD_ID, ENT_ID, TCL_NAME, TCL_DISPLAY, TCL_ORDER_NO,
TCL_PRIMARY_KEY_FL, TCL_TYPE, TCL_LENGTH, TCL_MANDATORY_FL, TCL_DELETE_FL, TCL_VERSION_ID,
PTN_ID ) VALUES ( 
1837, 201, NULL, 'swt_delete_fl', 'swt_delete_fl', 3, 'N', 'bool', 1, 'Y', 'N', 1
, 1); 
INSERT INTO TABLE_COLUMN ( TCL_ID, TBD_ID, ENT_ID, TCL_NAME, TCL_DISPLAY, TCL_ORDER_NO,
TCL_PRIMARY_KEY_FL, TCL_TYPE, TCL_LENGTH, TCL_MANDATORY_FL, TCL_DELETE_FL, TCL_VERSION_ID,
PTN_ID ) VALUES ( 
1838, 201, NULL, 'swt_version_id', 'swt_version_id', 4, 'N', 'int', 10, 'Y', 'N', 1
, 1); 
INSERT INTO TABLE_COLUMN ( TCL_ID, TBD_ID, ENT_ID, TCL_NAME, TCL_DISPLAY, TCL_ORDER_NO,
TCL_PRIMARY_KEY_FL, TCL_TYPE, TCL_LENGTH, TCL_MANDATORY_FL, TCL_DELETE_FL, TCL_VERSION_ID,
PTN_ID ) VALUES ( 
1839, 201, NULL, 'ptn_id', 'ptn_id', 5, 'N', 'int', 10, 'Y', 'N', 1, 1); 
INSERT INTO TABLE_COLUMN ( TCL_ID, TBD_ID, ENT_ID, TCL_NAME, TCL_DISPLAY, TCL_ORDER_NO,
TCL_PRIMARY_KEY_FL, TCL_TYPE, TCL_LENGTH, TCL_MANDATORY_FL, TCL_DELETE_FL, TCL_VERSION_ID,
PTN_ID ) VALUES ( 
1840, 202, NULL, 'rbg_id', 'rbg_id', 0, 'Y', 'int', 10, 'Y', 'N', 1, 1); 
INSERT INTO TABLE_COLUMN ( TCL_ID, TBD_ID, ENT_ID, TCL_NAME, TCL_DISPLAY, TCL_ORDER_NO,
TCL_PRIMARY_KEY_FL, TCL_TYPE, TCL_LENGTH, TCL_MANDATORY_FL, TCL_DELETE_FL, TCL_VERSION_ID,
PTN_ID ) VALUES ( 
1841, 202, NULL, 'rol_id', 'rol_id', 1, 'N', 'int', 10, 'Y', 'N', 1, 1); 
INSERT INTO TABLE_COLUMN ( TCL_ID, TBD_ID, ENT_ID, TCL_NAME, TCL_DISPLAY, TCL_ORDER_NO,
TCL_PRIMARY_KEY_FL, TCL_TYPE, TCL_LENGTH, TCL_MANDATORY_FL, TCL_DELETE_FL, TCL_VERSION_ID,
PTN_ID ) VALUES ( 
1842, 202, NULL, 'bog_id', 'bog_id', 2, 'N', 'int', 10, 'Y', 'N', 1, 1); 
INSERT INTO TABLE_COLUMN ( TCL_ID, TBD_ID, ENT_ID, TCL_NAME, TCL_DISPLAY, TCL_ORDER_NO,
TCL_PRIMARY_KEY_FL, TCL_TYPE, TCL_LENGTH, TCL_MANDATORY_FL, TCL_DELETE_FL, TCL_VERSION_ID,
PTN_ID ) VALUES ( 
1843, 202, NULL, 'rbg_delete_fl', 'rbg_delete_fl', 3, 'N', 'bool', 1, 'Y', 'N', 1
, 1); 
INSERT INTO TABLE_COLUMN ( TCL_ID, TBD_ID, ENT_ID, TCL_NAME, TCL_DISPLAY, TCL_ORDER_NO,
TCL_PRIMARY_KEY_FL, TCL_TYPE, TCL_LENGTH, TCL_MANDATORY_FL, TCL_DELETE_FL, TCL_VERSION_ID,
PTN_ID ) VALUES ( 
1844, 202, NULL, 'rbg_version_id', 'rbg_version_id', 4, 'N', 'int', 10, 'Y', 'N', 1
, 1); 
INSERT INTO TABLE_COLUMN ( TCL_ID, TBD_ID, ENT_ID, TCL_NAME, TCL_DISPLAY, TCL_ORDER_NO,
TCL_PRIMARY_KEY_FL, TCL_TYPE, TCL_LENGTH, TCL_MANDATORY_FL, TCL_DELETE_FL, TCL_VERSION_ID,
PTN_ID ) VALUES ( 
1845, 202, NULL, 'ptn_id', 'ptn_id', 5, 'N', 'int', 10, 'Y', 'N', 1, 1); 
INSERT INTO TABLE_COLUMN ( TCL_ID, TBD_ID, ENT_ID, TCL_NAME, TCL_DISPLAY, TCL_ORDER_NO,
TCL_PRIMARY_KEY_FL, TCL_TYPE, TCL_LENGTH, TCL_MANDATORY_FL, TCL_DELETE_FL, TCL_VERSION_ID,
PTN_ID ) VALUES ( 
1846, 203, NULL, 'cen_id', 'cen_id', 0, 'Y', 'int', 10, 'Y', 'N', 1, 1); 
INSERT INTO TABLE_COLUMN ( TCL_ID, TBD_ID, ENT_ID, TCL_NAME, TCL_DISPLAY, TCL_ORDER_NO,
TCL_PRIMARY_KEY_FL, TCL_TYPE, TCL_LENGTH, TCL_MANDATORY_FL, TCL_DELETE_FL, TCL_VERSION_ID,
PTN_ID ) VALUES ( 
1847, 203, NULL, 'cds_id', 'cds_id', 1, 'N', 'int', 10, 'Y', 'N', 1, 1); 
INSERT INTO TABLE_COLUMN ( TCL_ID, TBD_ID, ENT_ID, TCL_NAME, TCL_DISPLAY, TCL_ORDER_NO,
TCL_PRIMARY_KEY_FL, TCL_TYPE, TCL_LENGTH, TCL_MANDATORY_FL, TCL_DELETE_FL, TCL_VERSION_ID,
PTN_ID ) VALUES ( 
1848, 203, NULL, 'cen_level', 'cen_level', 2, 'N', 'int', 10, 'Y', 'N', 1, 1); 
INSERT INTO TABLE_COLUMN ( TCL_ID, TBD_ID, ENT_ID, TCL_NAME, TCL_DISPLAY, TCL_ORDER_NO,
TCL_PRIMARY_KEY_FL, TCL_TYPE, TCL_LENGTH, TCL_MANDATORY_FL, TCL_DELETE_FL, TCL_VERSION_ID,
PTN_ID ) VALUES ( 
1849, 203, NULL, 'cen_due_dttm_multiplier', 'cen_due_dttm_multiplier', 3, 'N', 'int'
, 10, 'Y', 'N', 1, 1); 
INSERT INTO TABLE_COLUMN ( TCL_ID, TBD_ID, ENT_ID, TCL_NAME, TCL_DISPLAY, TCL_ORDER_NO,
TCL_PRIMARY_KEY_FL, TCL_TYPE, TCL_LENGTH, TCL_MANDATORY_FL, TCL_DELETE_FL, TCL_VERSION_ID,
PTN_ID ) VALUES ( 
1850, 203, NULL, 'cen_due_dttm_period', 'cen_due_dttm_period', 4, 'N', 'string', 255
, 'Y', 'N', 1, 1); 
INSERT INTO TABLE_COLUMN ( TCL_ID, TBD_ID, ENT_ID, TCL_NAME, TCL_DISPLAY, TCL_ORDER_NO,
TCL_PRIMARY_KEY_FL, TCL_TYPE, TCL_LENGTH, TCL_MANDATORY_FL, TCL_DELETE_FL, TCL_VERSION_ID,
PTN_ID ) VALUES ( 
1851, 203, NULL, 'cen_on_escalation_tea_id', 'cen_on_escalation_tea_id', 5, 'N', 'int'
, 10, 'N', 'N', 1, 1); 
INSERT INTO TABLE_COLUMN ( TCL_ID, TBD_ID, ENT_ID, TCL_NAME, TCL_DISPLAY, TCL_ORDER_NO,
TCL_PRIMARY_KEY_FL, TCL_TYPE, TCL_LENGTH, TCL_MANDATORY_FL, TCL_DELETE_FL, TCL_VERSION_ID,
PTN_ID ) VALUES ( 
1852, 203, NULL, 'cen_on_escalation_usr_id', 'cen_on_escalation_usr_id', 6, 'N', 'int'
, 10, 'N', 'N', 1, 1); 
INSERT INTO TABLE_COLUMN ( TCL_ID, TBD_ID, ENT_ID, TCL_NAME, TCL_DISPLAY, TCL_ORDER_NO,
TCL_PRIMARY_KEY_FL, TCL_TYPE, TCL_LENGTH, TCL_MANDATORY_FL, TCL_DELETE_FL, TCL_VERSION_ID,
PTN_ID ) VALUES ( 
1853, 203, NULL, 'cip_id', 'cip_id', 7, 'N', 'int', 10, 'N', 'N', 1, 1); 
INSERT INTO TABLE_COLUMN ( TCL_ID, TBD_ID, ENT_ID, TCL_NAME, TCL_DISPLAY, TCL_ORDER_NO,
TCL_PRIMARY_KEY_FL, TCL_TYPE, TCL_LENGTH, TCL_MANDATORY_FL, TCL_DELETE_FL, TCL_VERSION_ID,
PTN_ID ) VALUES ( 
1854, 203, NULL, 'cen_delete_fl', 'cen_delete_fl', 8, 'N', 'bool', 1, 'Y', 'N', 1
, 1); 
INSERT INTO TABLE_COLUMN ( TCL_ID, TBD_ID, ENT_ID, TCL_NAME, TCL_DISPLAY, TCL_ORDER_NO,
TCL_PRIMARY_KEY_FL, TCL_TYPE, TCL_LENGTH, TCL_MANDATORY_FL, TCL_DELETE_FL, TCL_VERSION_ID,
PTN_ID ) VALUES ( 
1855, 203, NULL, 'cen_version_id', 'cen_version_id', 9, 'N', 'int', 10, 'Y', 'N', 1
, 1); 
INSERT INTO TABLE_COLUMN ( TCL_ID, TBD_ID, ENT_ID, TCL_NAME, TCL_DISPLAY, TCL_ORDER_NO,
TCL_PRIMARY_KEY_FL, TCL_TYPE, TCL_LENGTH, TCL_MANDATORY_FL, TCL_DELETE_FL, TCL_VERSION_ID,
PTN_ID ) VALUES ( 
1856, 203, NULL, 'ptn_id', 'ptn_id', 10, 'N', 'int', 10, 'Y', 'N', 1, 1); 
INSERT INTO TABLE_COLUMN ( TCL_ID, TBD_ID, ENT_ID, TCL_NAME, TCL_DISPLAY, TCL_ORDER_NO,
TCL_PRIMARY_KEY_FL, TCL_TYPE, TCL_LENGTH, TCL_MANDATORY_FL, TCL_DELETE_FL, TCL_VERSION_ID,
PTN_ID ) VALUES ( 
1857, 204, NULL, 'ctr_id', 'ctr_id', 0, 'Y', 'int', 10, 'Y', 'N', 1, 1); 
INSERT INTO TABLE_COLUMN ( TCL_ID, TBD_ID, ENT_ID, TCL_NAME, TCL_DISPLAY, TCL_ORDER_NO,
TCL_PRIMARY_KEY_FL, TCL_TYPE, TCL_LENGTH, TCL_MANDATORY_FL, TCL_DELETE_FL, TCL_VERSION_ID,
PTN_ID ) VALUES ( 
1858, 204, NULL, 'ctr_iso_cd', 'ctr_iso_cd', 1, 'N', 'string', 255, 'Y', 'N', 1, 1); 
INSERT INTO TABLE_COLUMN ( TCL_ID, TBD_ID, ENT_ID, TCL_NAME, TCL_DISPLAY, TCL_ORDER_NO,
TCL_PRIMARY_KEY_FL, TCL_TYPE, TCL_LENGTH, TCL_MANDATORY_FL, TCL_DELETE_FL, TCL_VERSION_ID,
PTN_ID ) VALUES ( 
1859, 204, NULL, 'ctr_name', 'ctr_name', 2, 'N', 'string', 255, 'Y', 'N', 1, 1); 
INSERT INTO TABLE_COLUMN ( TCL_ID, TBD_ID, ENT_ID, TCL_NAME, TCL_DISPLAY, TCL_ORDER_NO,
TCL_PRIMARY_KEY_FL, TCL_TYPE, TCL_LENGTH, TCL_MANDATORY_FL, TCL_DELETE_FL, TCL_VERSION_ID,
PTN_ID ) VALUES ( 
1860, 204, NULL, 'ctr_delete_fl', 'ctr_delete_fl', 3, 'N', 'bool', 1, 'Y', 'N', 1
, 1); 
INSERT INTO TABLE_COLUMN ( TCL_ID, TBD_ID, ENT_ID, TCL_NAME, TCL_DISPLAY, TCL_ORDER_NO,
TCL_PRIMARY_KEY_FL, TCL_TYPE, TCL_LENGTH, TCL_MANDATORY_FL, TCL_DELETE_FL, TCL_VERSION_ID,
PTN_ID ) VALUES ( 
1861, 204, NULL, 'ctr_dial_code', 'ctr_dial_code', 4, 'N', 'string', 255, 'Y', 'N'
, 1, 1); 
INSERT INTO TABLE_COLUMN ( TCL_ID, TBD_ID, ENT_ID, TCL_NAME, TCL_DISPLAY, TCL_ORDER_NO,
TCL_PRIMARY_KEY_FL, TCL_TYPE, TCL_LENGTH, TCL_MANDATORY_FL, TCL_DELETE_FL, TCL_VERSION_ID,
PTN_ID ) VALUES ( 
1862, 204, NULL, 'ctr_version_id', 'ctr_version_id', 5, 'N', 'int', 10, 'Y', 'N', 1
, 1); 
INSERT INTO TABLE_COLUMN ( TCL_ID, TBD_ID, ENT_ID, TCL_NAME, TCL_DISPLAY, TCL_ORDER_NO,
TCL_PRIMARY_KEY_FL, TCL_TYPE, TCL_LENGTH, TCL_MANDATORY_FL, TCL_DELETE_FL, TCL_VERSION_ID,
PTN_ID ) VALUES ( 
1863, 204, NULL, 'ptn_id', 'ptn_id', 6, 'N', 'int', 10, 'Y', 'N', 1, 1); 
INSERT INTO TABLE_COLUMN ( TCL_ID, TBD_ID, ENT_ID, TCL_NAME, TCL_DISPLAY, TCL_ORDER_NO,
TCL_PRIMARY_KEY_FL, TCL_TYPE, TCL_LENGTH, TCL_MANDATORY_FL, TCL_DELETE_FL, TCL_VERSION_ID,
PTN_ID ) VALUES ( 
1864, 205, NULL, 'cnt_id', 'cnt_id', 0, 'Y', 'int', 10, 'Y', 'N', 1, 1); 
INSERT INTO TABLE_COLUMN ( TCL_ID, TBD_ID, ENT_ID, TCL_NAME, TCL_DISPLAY, TCL_ORDER_NO,
TCL_PRIMARY_KEY_FL, TCL_TYPE, TCL_LENGTH, TCL_MANDATORY_FL, TCL_DELETE_FL, TCL_VERSION_ID,
PTN_ID ) VALUES ( 
1865, 205, NULL, 'cdn_id', 'cdn_id', 1, 'N', 'int', 10, 'Y', 'N', 1, 1); 
INSERT INTO TABLE_COLUMN ( TCL_ID, TBD_ID, ENT_ID, TCL_NAME, TCL_DISPLAY, TCL_ORDER_NO,
TCL_PRIMARY_KEY_FL, TCL_TYPE, TCL_LENGTH, TCL_MANDATORY_FL, TCL_DELETE_FL, TCL_VERSION_ID,
PTN_ID ) VALUES ( 
1866, 205, NULL, 'tea_id', 'tea_id', 2, 'N', 'int', 10, 'Y', 'N', 1, 1); 
INSERT INTO TABLE_COLUMN ( TCL_ID, TBD_ID, ENT_ID, TCL_NAME, TCL_DISPLAY, TCL_ORDER_NO,
TCL_PRIMARY_KEY_FL, TCL_TYPE, TCL_LENGTH, TCL_MANDATORY_FL, TCL_DELETE_FL, TCL_VERSION_ID,
PTN_ID ) VALUES ( 
1867, 205, NULL, 'cnt_delete_fl', 'cnt_delete_fl', 3, 'N', 'bool', 1, 'Y', 'N', 1
, 1); 
INSERT INTO TABLE_COLUMN ( TCL_ID, TBD_ID, ENT_ID, TCL_NAME, TCL_DISPLAY, TCL_ORDER_NO,
TCL_PRIMARY_KEY_FL, TCL_TYPE, TCL_LENGTH, TCL_MANDATORY_FL, TCL_DELETE_FL, TCL_VERSION_ID,
PTN_ID ) VALUES ( 
1868, 205, NULL, 'cnt_version_id', 'cnt_version_id', 4, 'N', 'int', 10, 'Y', 'N', 1
, 1); 
INSERT INTO TABLE_COLUMN ( TCL_ID, TBD_ID, ENT_ID, TCL_NAME, TCL_DISPLAY, TCL_ORDER_NO,
TCL_PRIMARY_KEY_FL, TCL_TYPE, TCL_LENGTH, TCL_MANDATORY_FL, TCL_DELETE_FL, TCL_VERSION_ID,
PTN_ID ) VALUES ( 
1869, 205, NULL, 'ptn_id', 'ptn_id', 5, 'N', 'int', 10, 'Y', 'N', 1, 1); 
INSERT INTO TABLE_COLUMN ( TCL_ID, TBD_ID, ENT_ID, TCL_NAME, TCL_DISPLAY, TCL_ORDER_NO,
TCL_PRIMARY_KEY_FL, TCL_TYPE, TCL_LENGTH, TCL_MANDATORY_FL, TCL_DELETE_FL, TCL_VERSION_ID,
PTN_ID ) VALUES ( 
1870, 206, NULL, 'dbs_id', 'dbs_id', 0, 'Y', 'int', 10, 'Y', 'N', 1, 1); 
INSERT INTO TABLE_COLUMN ( TCL_ID, TBD_ID, ENT_ID, TCL_NAME, TCL_DISPLAY, TCL_ORDER_NO,
TCL_PRIMARY_KEY_FL, TCL_TYPE, TCL_LENGTH, TCL_MANDATORY_FL, TCL_DELETE_FL, TCL_VERSION_ID,
PTN_ID ) VALUES ( 
1871, 206, NULL, 'dbd_id', 'dbd_id', 1, 'N', 'int', 10, 'Y', 'N', 1, 1); 
INSERT INTO TABLE_COLUMN ( TCL_ID, TBD_ID, ENT_ID, TCL_NAME, TCL_DISPLAY, TCL_ORDER_NO,
TCL_PRIMARY_KEY_FL, TCL_TYPE, TCL_LENGTH, TCL_MANDATORY_FL, TCL_DELETE_FL, TCL_VERSION_ID,
PTN_ID ) VALUES ( 
1872, 206, NULL, 'chr_id', 'chr_id', 2, 'N', 'int', 10, 'N', 'N', 1, 1); 
INSERT INTO TABLE_COLUMN ( TCL_ID, TBD_ID, ENT_ID, TCL_NAME, TCL_DISPLAY, TCL_ORDER_NO,
TCL_PRIMARY_KEY_FL, TCL_TYPE, TCL_LENGTH, TCL_MANDATORY_FL, TCL_DELETE_FL, TCL_VERSION_ID,
PTN_ID ) VALUES ( 
1873, 206, NULL, 'dbs_previous_chr_id', 'dbs_previous_chr_id', 3, 'N', 'int', 10, 'N'
, 'N', 1, 1); 
INSERT INTO TABLE_COLUMN ( TCL_ID, TBD_ID, ENT_ID, TCL_NAME, TCL_DISPLAY, TCL_ORDER_NO,
TCL_PRIMARY_KEY_FL, TCL_TYPE, TCL_LENGTH, TCL_MANDATORY_FL, TCL_DELETE_FL, TCL_VERSION_ID,
PTN_ID ) VALUES ( 
1874, 206, NULL, 'dbs_location', 'dbs_location', 4, 'N', 'int', 10, 'Y', 'N', 1, 1); 
INSERT INTO TABLE_COLUMN ( TCL_ID, TBD_ID, ENT_ID, TCL_NAME, TCL_DISPLAY, TCL_ORDER_NO,
TCL_PRIMARY_KEY_FL, TCL_TYPE, TCL_LENGTH, TCL_MANDATORY_FL, TCL_DELETE_FL, TCL_VERSION_ID,
PTN_ID ) VALUES ( 
1875, 206, NULL, 'dbs_delete_fl', 'dbs_delete_fl', 5, 'N', 'bool', 1, 'Y', 'N', 1
, 1); 
INSERT INTO TABLE_COLUMN ( TCL_ID, TBD_ID, ENT_ID, TCL_NAME, TCL_DISPLAY, TCL_ORDER_NO,
TCL_PRIMARY_KEY_FL, TCL_TYPE, TCL_LENGTH, TCL_MANDATORY_FL, TCL_DELETE_FL, TCL_VERSION_ID,
PTN_ID ) VALUES ( 
1876, 206, NULL, 'dbs_version_id', 'dbs_version_id', 6, 'N', 'int', 10, 'Y', 'N', 1
, 1); 
INSERT INTO TABLE_COLUMN ( TCL_ID, TBD_ID, ENT_ID, TCL_NAME, TCL_DISPLAY, TCL_ORDER_NO,
TCL_PRIMARY_KEY_FL, TCL_TYPE, TCL_LENGTH, TCL_MANDATORY_FL, TCL_DELETE_FL, TCL_VERSION_ID,
PTN_ID ) VALUES ( 
1877, 206, NULL, 'ptn_id', 'ptn_id', 7, 'N', 'int', 10, 'Y', 'N', 1, 1); 
INSERT INTO TABLE_COLUMN ( TCL_ID, TBD_ID, ENT_ID, TCL_NAME, TCL_DISPLAY, TCL_ORDER_NO,
TCL_PRIMARY_KEY_FL, TCL_TYPE, TCL_LENGTH, TCL_MANDATORY_FL, TCL_DELETE_FL, TCL_VERSION_ID,
PTN_ID ) VALUES ( 
1878, 207, NULL, 'sng_id', 'sng_id', 0, 'Y', 'int', 10, 'Y', 'N', 1, 1); 
INSERT INTO TABLE_COLUMN ( TCL_ID, TBD_ID, ENT_ID, TCL_NAME, TCL_DISPLAY, TCL_ORDER_NO,
TCL_PRIMARY_KEY_FL, TCL_TYPE, TCL_LENGTH, TCL_MANDATORY_FL, TCL_DELETE_FL, TCL_VERSION_ID,
PTN_ID ) VALUES ( 
1879, 207, NULL, 'cmp_id', 'cmp_id', 1, 'N', 'int', 10, 'Y', 'N', 1, 1); 
INSERT INTO TABLE_COLUMN ( TCL_ID, TBD_ID, ENT_ID, TCL_NAME, TCL_DISPLAY, TCL_ORDER_NO,
TCL_PRIMARY_KEY_FL, TCL_TYPE, TCL_LENGTH, TCL_MANDATORY_FL, TCL_DELETE_FL, TCL_VERSION_ID,
PTN_ID ) VALUES ( 
1880, 207, NULL, 'sng_name', 'sng_name', 2, 'N', 'string', 255, 'Y', 'N', 1, 1); 
INSERT INTO TABLE_COLUMN ( TCL_ID, TBD_ID, ENT_ID, TCL_NAME, TCL_DISPLAY, TCL_ORDER_NO,
TCL_PRIMARY_KEY_FL, TCL_TYPE, TCL_LENGTH, TCL_MANDATORY_FL, TCL_DELETE_FL, TCL_VERSION_ID,
PTN_ID ) VALUES ( 
1881, 207, NULL, 'sng_number', 'sng_number', 3, 'N', 'long', 19, 'Y', 'N', 1, 1); 
INSERT INTO TABLE_COLUMN ( TCL_ID, TBD_ID, ENT_ID, TCL_NAME, TCL_DISPLAY, TCL_ORDER_NO,
TCL_PRIMARY_KEY_FL, TCL_TYPE, TCL_LENGTH, TCL_MANDATORY_FL, TCL_DELETE_FL, TCL_VERSION_ID,
PTN_ID ) VALUES ( 
1882, 207, NULL, 'sng_delete_fl', 'sng_delete_fl', 4, 'N', 'bool', 1, 'Y', 'N', 1
, 1); 
INSERT INTO TABLE_COLUMN ( TCL_ID, TBD_ID, ENT_ID, TCL_NAME, TCL_DISPLAY, TCL_ORDER_NO,
TCL_PRIMARY_KEY_FL, TCL_TYPE, TCL_LENGTH, TCL_MANDATORY_FL, TCL_DELETE_FL, TCL_VERSION_ID,
PTN_ID ) VALUES ( 
1883, 207, NULL, 'sng_version_id', 'sng_version_id', 5, 'N', 'int', 10, 'Y', 'N', 1
, 1); 
INSERT INTO TABLE_COLUMN ( TCL_ID, TBD_ID, ENT_ID, TCL_NAME, TCL_DISPLAY, TCL_ORDER_NO,
TCL_PRIMARY_KEY_FL, TCL_TYPE, TCL_LENGTH, TCL_MANDATORY_FL, TCL_DELETE_FL, TCL_VERSION_ID,
PTN_ID ) VALUES ( 
1884, 207, NULL, 'ptn_id', 'ptn_id', 6, 'N', 'int', 10, 'Y', 'N', 1, 1); 
INSERT INTO TABLE_COLUMN ( TCL_ID, TBD_ID, ENT_ID, TCL_NAME, TCL_DISPLAY, TCL_ORDER_NO,
TCL_PRIMARY_KEY_FL, TCL_TYPE, TCL_LENGTH, TCL_MANDATORY_FL, TCL_DELETE_FL, TCL_VERSION_ID,
PTN_ID ) VALUES ( 
1885, 208, NULL, 'cpt_id', 'cpt_id', 0, 'Y', 'int', 10, 'Y', 'N', 1, 1); 
INSERT INTO TABLE_COLUMN ( TCL_ID, TBD_ID, ENT_ID, TCL_NAME, TCL_DISPLAY, TCL_ORDER_NO,
TCL_PRIMARY_KEY_FL, TCL_TYPE, TCL_LENGTH, TCL_MANDATORY_FL, TCL_DELETE_FL, TCL_VERSION_ID,
PTN_ID ) VALUES ( 
1886, 208, NULL, 'cpt_name', 'cpt_name', 1, 'N', 'string', 255, 'Y', 'N', 1, 1); 
INSERT INTO TABLE_COLUMN ( TCL_ID, TBD_ID, ENT_ID, TCL_NAME, TCL_DISPLAY, TCL_ORDER_NO,
TCL_PRIMARY_KEY_FL, TCL_TYPE, TCL_LENGTH, TCL_MANDATORY_FL, TCL_DELETE_FL, TCL_VERSION_ID,
PTN_ID ) VALUES ( 
1887, 208, NULL, 'cpt_type_cd', 'cpt_type_cd', 2, 'N', 'string', 255, 'Y', 'N', 1
, 1); 
INSERT INTO TABLE_COLUMN ( TCL_ID, TBD_ID, ENT_ID, TCL_NAME, TCL_DISPLAY, TCL_ORDER_NO,
TCL_PRIMARY_KEY_FL, TCL_TYPE, TCL_LENGTH, TCL_MANDATORY_FL, TCL_DELETE_FL, TCL_VERSION_ID,
PTN_ID ) VALUES ( 
1888, 208, NULL, 'cpt_delete_fl', 'cpt_delete_fl', 3, 'N', 'bool', 1, 'Y', 'N', 1
, 1); 
INSERT INTO TABLE_COLUMN ( TCL_ID, TBD_ID, ENT_ID, TCL_NAME, TCL_DISPLAY, TCL_ORDER_NO,
TCL_PRIMARY_KEY_FL, TCL_TYPE, TCL_LENGTH, TCL_MANDATORY_FL, TCL_DELETE_FL, TCL_VERSION_ID,
PTN_ID ) VALUES ( 
1889, 208, NULL, 'cpt_version_id', 'cpt_version_id', 4, 'N', 'int', 10, 'Y', 'N', 1
, 1); 
INSERT INTO TABLE_COLUMN ( TCL_ID, TBD_ID, ENT_ID, TCL_NAME, TCL_DISPLAY, TCL_ORDER_NO,
TCL_PRIMARY_KEY_FL, TCL_TYPE, TCL_LENGTH, TCL_MANDATORY_FL, TCL_DELETE_FL, TCL_VERSION_ID,
PTN_ID ) VALUES ( 
1890, 208, NULL, 'ptn_id', 'ptn_id', 5, 'N', 'int', 10, 'Y', 'N', 1, 1); 
INSERT INTO TABLE_COLUMN ( TCL_ID, TBD_ID, ENT_ID, TCL_NAME, TCL_DISPLAY, TCL_ORDER_NO,
TCL_PRIMARY_KEY_FL, TCL_TYPE, TCL_LENGTH, TCL_MANDATORY_FL, TCL_DELETE_FL, TCL_VERSION_ID,
PTN_ID ) VALUES ( 
1891, 209, NULL, 'ctn_id', 'ctn_id', 0, 'Y', 'int', 10, 'Y', 'N', 1, 1); 
INSERT INTO TABLE_COLUMN ( TCL_ID, TBD_ID, ENT_ID, TCL_NAME, TCL_DISPLAY, TCL_ORDER_NO,
TCL_PRIMARY_KEY_FL, TCL_TYPE, TCL_LENGTH, TCL_MANDATORY_FL, TCL_DELETE_FL, TCL_VERSION_ID,
PTN_ID ) VALUES ( 
1892, 209, NULL, 'cit_id', 'cit_id', 1, 'N', 'int', 10, 'Y', 'N', 1, 1); 
INSERT INTO TABLE_COLUMN ( TCL_ID, TBD_ID, ENT_ID, TCL_NAME, TCL_DISPLAY, TCL_ORDER_NO,
TCL_PRIMARY_KEY_FL, TCL_TYPE, TCL_LENGTH, TCL_MANDATORY_FL, TCL_DELETE_FL, TCL_VERSION_ID,
PTN_ID ) VALUES ( 
1893, 209, NULL, 'lst_id', 'lst_id', 2, 'N', 'int', 10, 'Y', 'N', 1, 1); 
INSERT INTO TABLE_COLUMN ( TCL_ID, TBD_ID, ENT_ID, TCL_NAME, TCL_DISPLAY, TCL_ORDER_NO,
TCL_PRIMARY_KEY_FL, TCL_TYPE, TCL_LENGTH, TCL_MANDATORY_FL, TCL_DELETE_FL, TCL_VERSION_ID,
PTN_ID ) VALUES ( 
1894, 209, NULL, 'usr_id', 'usr_id', 3, 'N', 'int', 10, 'Y', 'N', 1, 1); 
INSERT INTO TABLE_COLUMN ( TCL_ID, TBD_ID, ENT_ID, TCL_NAME, TCL_DISPLAY, TCL_ORDER_NO,
TCL_PRIMARY_KEY_FL, TCL_TYPE, TCL_LENGTH, TCL_MANDATORY_FL, TCL_DELETE_FL, TCL_VERSION_ID,
PTN_ID ) VALUES ( 
1895, 209, NULL, 'ctn_dttm', 'ctn_dttm', 4, 'N', 'datetime', -1, 'Y', 'N', 1, 1); 
INSERT INTO TABLE_COLUMN ( TCL_ID, TBD_ID, ENT_ID, TCL_NAME, TCL_DISPLAY, TCL_ORDER_NO,
TCL_PRIMARY_KEY_FL, TCL_TYPE, TCL_LENGTH, TCL_MANDATORY_FL, TCL_DELETE_FL, TCL_VERSION_ID,
PTN_ID ) VALUES ( 
1896, 209, NULL, 'ctn_delete_fl', 'ctn_delete_fl', 5, 'N', 'bool', 1, 'Y', 'N', 1
, 1); 
INSERT INTO TABLE_COLUMN ( TCL_ID, TBD_ID, ENT_ID, TCL_NAME, TCL_DISPLAY, TCL_ORDER_NO,
TCL_PRIMARY_KEY_FL, TCL_TYPE, TCL_LENGTH, TCL_MANDATORY_FL, TCL_DELETE_FL, TCL_VERSION_ID,
PTN_ID ) VALUES ( 
1897, 209, NULL, 'ctn_version_id', 'ctn_version_id', 6, 'N', 'int', 10, 'Y', 'N', 1
, 1); 
INSERT INTO TABLE_COLUMN ( TCL_ID, TBD_ID, ENT_ID, TCL_NAME, TCL_DISPLAY, TCL_ORDER_NO,
TCL_PRIMARY_KEY_FL, TCL_TYPE, TCL_LENGTH, TCL_MANDATORY_FL, TCL_DELETE_FL, TCL_VERSION_ID,
PTN_ID ) VALUES ( 
1898, 209, NULL, 'ptn_id', 'ptn_id', 7, 'N', 'int', 10, 'Y', 'N', 1, 1); 
INSERT INTO TABLE_COLUMN ( TCL_ID, TBD_ID, ENT_ID, TCL_NAME, TCL_DISPLAY, TCL_ORDER_NO,
TCL_PRIMARY_KEY_FL, TCL_TYPE, TCL_LENGTH, TCL_MANDATORY_FL, TCL_DELETE_FL, TCL_VERSION_ID,
PTN_ID ) VALUES ( 
1899, 210, NULL, 'tft_id', 'tft_id', 0, 'Y', 'int', 10, 'Y', 'N', 1, 1); 
INSERT INTO TABLE_COLUMN ( TCL_ID, TBD_ID, ENT_ID, TCL_NAME, TCL_DISPLAY, TCL_ORDER_NO,
TCL_PRIMARY_KEY_FL, TCL_TYPE, TCL_LENGTH, TCL_MANDATORY_FL, TCL_DELETE_FL, TCL_VERSION_ID,
PTN_ID ) VALUES ( 
1900, 210, NULL, 'tft_code', 'tft_code', 1, 'N', 'string', 255, 'Y', 'N', 1, 1); 
INSERT INTO TABLE_COLUMN ( TCL_ID, TBD_ID, ENT_ID, TCL_NAME, TCL_DISPLAY, TCL_ORDER_NO,
TCL_PRIMARY_KEY_FL, TCL_TYPE, TCL_LENGTH, TCL_MANDATORY_FL, TCL_DELETE_FL, TCL_VERSION_ID,
PTN_ID ) VALUES ( 
1901, 210, NULL, 'tft_name', 'tft_name', 2, 'N', 'string', 255, 'Y', 'N', 1, 1); 
INSERT INTO TABLE_COLUMN ( TCL_ID, TBD_ID, ENT_ID, TCL_NAME, TCL_DISPLAY, TCL_ORDER_NO,
TCL_PRIMARY_KEY_FL, TCL_TYPE, TCL_LENGTH, TCL_MANDATORY_FL, TCL_DELETE_FL, TCL_VERSION_ID,
PTN_ID ) VALUES ( 
1902, 210, NULL, 'tft_delete_fl', 'tft_delete_fl', 3, 'N', 'bool', 1, 'Y', 'N', 1
, 1); 
INSERT INTO TABLE_COLUMN ( TCL_ID, TBD_ID, ENT_ID, TCL_NAME, TCL_DISPLAY, TCL_ORDER_NO,
TCL_PRIMARY_KEY_FL, TCL_TYPE, TCL_LENGTH, TCL_MANDATORY_FL, TCL_DELETE_FL, TCL_VERSION_ID,
PTN_ID ) VALUES ( 
1903, 210, NULL, 'tft_version_id', 'tft_version_id', 4, 'N', 'int', 10, 'Y', 'N', 1
, 1); 
INSERT INTO TABLE_COLUMN ( TCL_ID, TBD_ID, ENT_ID, TCL_NAME, TCL_DISPLAY, TCL_ORDER_NO,
TCL_PRIMARY_KEY_FL, TCL_TYPE, TCL_LENGTH, TCL_MANDATORY_FL, TCL_DELETE_FL, TCL_VERSION_ID,
PTN_ID ) VALUES ( 
1904, 210, NULL, 'ptn_id', 'ptn_id', 5, 'N', 'int', 10, 'Y', 'N', 1, 1); 
INSERT INTO TABLE_COLUMN ( TCL_ID, TBD_ID, ENT_ID, TCL_NAME, TCL_DISPLAY, TCL_ORDER_NO,
TCL_PRIMARY_KEY_FL, TCL_TYPE, TCL_LENGTH, TCL_MANDATORY_FL, TCL_DELETE_FL, TCL_VERSION_ID,
PTN_ID ) VALUES ( 
1905, 211, NULL, 'tsg_id', 'tsg_id', 0, 'Y', 'int', 10, 'Y', 'N', 1, 1); 
INSERT INTO TABLE_COLUMN ( TCL_ID, TBD_ID, ENT_ID, TCL_NAME, TCL_DISPLAY, TCL_ORDER_NO,
TCL_PRIMARY_KEY_FL, TCL_TYPE, TCL_LENGTH, TCL_MANDATORY_FL, TCL_DELETE_FL, TCL_VERSION_ID,
PTN_ID ) VALUES ( 
1906, 211, NULL, 'tsg_time_string', 'tsg_time_string', 1, 'N', 'string', 255, 'Y'
, 'N', 1, 1); 
INSERT INTO TABLE_COLUMN ( TCL_ID, TBD_ID, ENT_ID, TCL_NAME, TCL_DISPLAY, TCL_ORDER_NO,
TCL_PRIMARY_KEY_FL, TCL_TYPE, TCL_LENGTH, TCL_MANDATORY_FL, TCL_DELETE_FL, TCL_VERSION_ID,
PTN_ID ) VALUES ( 
1907, 211, NULL, 'tsg_delete_fl', 'tsg_delete_fl', 2, 'N', 'bool', 1, 'Y', 'N', 1
, 1); 
INSERT INTO TABLE_COLUMN ( TCL_ID, TBD_ID, ENT_ID, TCL_NAME, TCL_DISPLAY, TCL_ORDER_NO,
TCL_PRIMARY_KEY_FL, TCL_TYPE, TCL_LENGTH, TCL_MANDATORY_FL, TCL_DELETE_FL, TCL_VERSION_ID,
PTN_ID ) VALUES ( 
1908, 211, NULL, 'tsg_version_id', 'tsg_version_id', 3, 'N', 'int', 10, 'Y', 'N', 1
, 1); 
INSERT INTO TABLE_COLUMN ( TCL_ID, TBD_ID, ENT_ID, TCL_NAME, TCL_DISPLAY, TCL_ORDER_NO,
TCL_PRIMARY_KEY_FL, TCL_TYPE, TCL_LENGTH, TCL_MANDATORY_FL, TCL_DELETE_FL, TCL_VERSION_ID,
PTN_ID ) VALUES ( 
1909, 211, NULL, 'ptn_id', 'ptn_id', 4, 'N', 'int', 10, 'Y', 'N', 1, 1); 
INSERT INTO TABLE_COLUMN ( TCL_ID, TBD_ID, ENT_ID, TCL_NAME, TCL_DISPLAY, TCL_ORDER_NO,
TCL_PRIMARY_KEY_FL, TCL_TYPE, TCL_LENGTH, TCL_MANDATORY_FL, TCL_DELETE_FL, TCL_VERSION_ID,
PTN_ID ) VALUES ( 
1910, 212, NULL, 'ead_id', 'ead_id', 0, 'Y', 'int', 10, 'Y', 'N', 1, 1); 
INSERT INTO TABLE_COLUMN ( TCL_ID, TBD_ID, ENT_ID, TCL_NAME, TCL_DISPLAY, TCL_ORDER_NO,
TCL_PRIMARY_KEY_FL, TCL_TYPE, TCL_LENGTH, TCL_MANDATORY_FL, TCL_DELETE_FL, TCL_VERSION_ID,
PTN_ID ) VALUES ( 
1911, 212, NULL, 'ent_id', 'ent_id', 1, 'N', 'int', 10, 'Y', 'N', 1, 1); 
INSERT INTO TABLE_COLUMN ( TCL_ID, TBD_ID, ENT_ID, TCL_NAME, TCL_DISPLAY, TCL_ORDER_NO,
TCL_PRIMARY_KEY_FL, TCL_TYPE, TCL_LENGTH, TCL_MANDATORY_FL, TCL_DELETE_FL, TCL_VERSION_ID,
PTN_ID ) VALUES ( 
1912, 212, NULL, 'ead_name', 'ead_name', 2, 'N', 'string', 255, 'Y', 'N', 1, 1); 
INSERT INTO TABLE_COLUMN ( TCL_ID, TBD_ID, ENT_ID, TCL_NAME, TCL_DISPLAY, TCL_ORDER_NO,
TCL_PRIMARY_KEY_FL, TCL_TYPE, TCL_LENGTH, TCL_MANDATORY_FL, TCL_DELETE_FL, TCL_VERSION_ID,
PTN_ID ) VALUES ( 
1913, 212, NULL, 'ead_type', 'ead_type', 3, 'N', 'string', 255, 'Y', 'N', 1, 1); 
INSERT INTO TABLE_COLUMN ( TCL_ID, TBD_ID, ENT_ID, TCL_NAME, TCL_DISPLAY, TCL_ORDER_NO,
TCL_PRIMARY_KEY_FL, TCL_TYPE, TCL_LENGTH, TCL_MANDATORY_FL, TCL_DELETE_FL, TCL_VERSION_ID,
PTN_ID ) VALUES ( 
1914, 212, NULL, 'ead_order_no', 'ead_order_no', 4, 'N', 'int', 10, 'Y', 'N', 1, 1); 
INSERT INTO TABLE_COLUMN ( TCL_ID, TBD_ID, ENT_ID, TCL_NAME, TCL_DISPLAY, TCL_ORDER_NO,
TCL_PRIMARY_KEY_FL, TCL_TYPE, TCL_LENGTH, TCL_MANDATORY_FL, TCL_DELETE_FL, TCL_VERSION_ID,
PTN_ID ) VALUES ( 
1915, 212, NULL, 'ead_mandatory_fl', 'ead_mandatory_fl', 5, 'N', 'bool', 1, 'Y', 'N'
, 1, 1); 
INSERT INTO TABLE_COLUMN ( TCL_ID, TBD_ID, ENT_ID, TCL_NAME, TCL_DISPLAY, TCL_ORDER_NO,
TCL_PRIMARY_KEY_FL, TCL_TYPE, TCL_LENGTH, TCL_MANDATORY_FL, TCL_DELETE_FL, TCL_VERSION_ID,
PTN_ID ) VALUES ( 
1916, 212, NULL, 'ead_delete_fl', 'ead_delete_fl', 6, 'N', 'bool', 1, 'Y', 'N', 1
, 1); 
INSERT INTO TABLE_COLUMN ( TCL_ID, TBD_ID, ENT_ID, TCL_NAME, TCL_DISPLAY, TCL_ORDER_NO,
TCL_PRIMARY_KEY_FL, TCL_TYPE, TCL_LENGTH, TCL_MANDATORY_FL, TCL_DELETE_FL, TCL_VERSION_ID,
PTN_ID ) VALUES ( 
1917, 212, NULL, 'ead_version_id', 'ead_version_id', 7, 'N', 'int', 10, 'Y', 'N', 1
, 1); 
INSERT INTO TABLE_COLUMN ( TCL_ID, TBD_ID, ENT_ID, TCL_NAME, TCL_DISPLAY, TCL_ORDER_NO,
TCL_PRIMARY_KEY_FL, TCL_TYPE, TCL_LENGTH, TCL_MANDATORY_FL, TCL_DELETE_FL, TCL_VERSION_ID,
PTN_ID ) VALUES ( 
1918, 212, NULL, 'ptn_id', 'ptn_id', 8, 'N', 'int', 10, 'Y', 'N', 1, 1); 
INSERT INTO TABLE_COLUMN ( TCL_ID, TBD_ID, ENT_ID, TCL_NAME, TCL_DISPLAY, TCL_ORDER_NO,
TCL_PRIMARY_KEY_FL, TCL_TYPE, TCL_LENGTH, TCL_MANDATORY_FL, TCL_DELETE_FL, TCL_VERSION_ID,
PTN_ID ) VALUES ( 
1919, 213, NULL, 'typ_id', 'typ_id', 0, 'Y', 'int', 10, 'Y', 'N', 1, 1); 
INSERT INTO TABLE_COLUMN ( TCL_ID, TBD_ID, ENT_ID, TCL_NAME, TCL_DISPLAY, TCL_ORDER_NO,
TCL_PRIMARY_KEY_FL, TCL_TYPE, TCL_LENGTH, TCL_MANDATORY_FL, TCL_DELETE_FL, TCL_VERSION_ID,
PTN_ID ) VALUES ( 
1920, 213, NULL, 'typ_name', 'typ_name', 1, 'N', 'string', 255, 'Y', 'N', 1, 1); 
INSERT INTO TABLE_COLUMN ( TCL_ID, TBD_ID, ENT_ID, TCL_NAME, TCL_DISPLAY, TCL_ORDER_NO,
TCL_PRIMARY_KEY_FL, TCL_TYPE, TCL_LENGTH, TCL_MANDATORY_FL, TCL_DELETE_FL, TCL_VERSION_ID,
PTN_ID ) VALUES ( 
1921, 213, NULL, 'typ_delete_fl', 'typ_delete_fl', 2, 'N', 'bool', 1, 'Y', 'N', 1
, 1); 
INSERT INTO TABLE_COLUMN ( TCL_ID, TBD_ID, ENT_ID, TCL_NAME, TCL_DISPLAY, TCL_ORDER_NO,
TCL_PRIMARY_KEY_FL, TCL_TYPE, TCL_LENGTH, TCL_MANDATORY_FL, TCL_DELETE_FL, TCL_VERSION_ID,
PTN_ID ) VALUES ( 
1922, 213, NULL, 'typ_version_id', 'typ_version_id', 3, 'N', 'int', 10, 'Y', 'N', 1
, 1); 
INSERT INTO TABLE_COLUMN ( TCL_ID, TBD_ID, ENT_ID, TCL_NAME, TCL_DISPLAY, TCL_ORDER_NO,
TCL_PRIMARY_KEY_FL, TCL_TYPE, TCL_LENGTH, TCL_MANDATORY_FL, TCL_DELETE_FL, TCL_VERSION_ID,
PTN_ID ) VALUES ( 
1923, 213, NULL, 'ptn_id', 'ptn_id', 4, 'N', 'int', 10, 'Y', 'N', 1, 1); 
INSERT INTO TABLE_COLUMN ( TCL_ID, TBD_ID, ENT_ID, TCL_NAME, TCL_DISPLAY, TCL_ORDER_NO,
TCL_PRIMARY_KEY_FL, TCL_TYPE, TCL_LENGTH, TCL_MANDATORY_FL, TCL_DELETE_FL, TCL_VERSION_ID,
PTN_ID ) VALUES ( 
1924, 214, NULL, 'anp_id', 'anp_id', 0, 'Y', 'int', 10, 'Y', 'N', 1, 1); 
INSERT INTO TABLE_COLUMN ( TCL_ID, TBD_ID, ENT_ID, TCL_NAME, TCL_DISPLAY, TCL_ORDER_NO,
TCL_PRIMARY_KEY_FL, TCL_TYPE, TCL_LENGTH, TCL_MANDATORY_FL, TCL_DELETE_FL, TCL_VERSION_ID,
PTN_ID ) VALUES ( 
1925, 214, NULL, 'cmp_id', 'cmp_id', 1, 'N', 'int', 10, 'Y', 'N', 1, 1); 
INSERT INTO TABLE_COLUMN ( TCL_ID, TBD_ID, ENT_ID, TCL_NAME, TCL_DISPLAY, TCL_ORDER_NO,
TCL_PRIMARY_KEY_FL, TCL_TYPE, TCL_LENGTH, TCL_MANDATORY_FL, TCL_DELETE_FL, TCL_VERSION_ID,
PTN_ID ) VALUES ( 
1926, 214, NULL, 'act_id', 'act_id', 2, 'N', 'int', 10, 'Y', 'N', 1, 1); 
INSERT INTO TABLE_COLUMN ( TCL_ID, TBD_ID, ENT_ID, TCL_NAME, TCL_DISPLAY, TCL_ORDER_NO,
TCL_PRIMARY_KEY_FL, TCL_TYPE, TCL_LENGTH, TCL_MANDATORY_FL, TCL_DELETE_FL, TCL_VERSION_ID,
PTN_ID ) VALUES ( 
1927, 214, NULL, 'anp_name', 'anp_name', 3, 'N', 'string', 255, 'Y', 'N', 1, 1); 
INSERT INTO TABLE_COLUMN ( TCL_ID, TBD_ID, ENT_ID, TCL_NAME, TCL_DISPLAY, TCL_ORDER_NO,
TCL_PRIMARY_KEY_FL, TCL_TYPE, TCL_LENGTH, TCL_MANDATORY_FL, TCL_DELETE_FL, TCL_VERSION_ID,
PTN_ID ) VALUES ( 
1928, 214, NULL, 'anp_input_fl', 'anp_input_fl', 4, 'N', 'bool', 1, 'Y', 'N', 1, 1); 
INSERT INTO TABLE_COLUMN ( TCL_ID, TBD_ID, ENT_ID, TCL_NAME, TCL_DISPLAY, TCL_ORDER_NO,
TCL_PRIMARY_KEY_FL, TCL_TYPE, TCL_LENGTH, TCL_MANDATORY_FL, TCL_DELETE_FL, TCL_VERSION_ID,
PTN_ID ) VALUES ( 
1929, 214, NULL, 'anp_order_no', 'anp_order_no', 5, 'N', 'int', 10, 'Y', 'N', 1, 1); 
INSERT INTO TABLE_COLUMN ( TCL_ID, TBD_ID, ENT_ID, TCL_NAME, TCL_DISPLAY, TCL_ORDER_NO,
TCL_PRIMARY_KEY_FL, TCL_TYPE, TCL_LENGTH, TCL_MANDATORY_FL, TCL_DELETE_FL, TCL_VERSION_ID,
PTN_ID ) VALUES ( 
1930, 214, NULL, 'anp_delete_fl', 'anp_delete_fl', 6, 'N', 'bool', 1, 'Y', 'N', 1
, 1); 
INSERT INTO TABLE_COLUMN ( TCL_ID, TBD_ID, ENT_ID, TCL_NAME, TCL_DISPLAY, TCL_ORDER_NO,
TCL_PRIMARY_KEY_FL, TCL_TYPE, TCL_LENGTH, TCL_MANDATORY_FL, TCL_DELETE_FL, TCL_VERSION_ID,
PTN_ID ) VALUES ( 
1931, 214, NULL, 'anp_version_id', 'anp_version_id', 7, 'N', 'int', 10, 'Y', 'N', 1
, 1); 
INSERT INTO TABLE_COLUMN ( TCL_ID, TBD_ID, ENT_ID, TCL_NAME, TCL_DISPLAY, TCL_ORDER_NO,
TCL_PRIMARY_KEY_FL, TCL_TYPE, TCL_LENGTH, TCL_MANDATORY_FL, TCL_DELETE_FL, TCL_VERSION_ID,
PTN_ID ) VALUES ( 
1932, 214, NULL, 'ptn_id', 'ptn_id', 8, 'N', 'int', 10, 'Y', 'N', 1, 1); 
INSERT INTO TABLE_COLUMN ( TCL_ID, TBD_ID, ENT_ID, TCL_NAME, TCL_DISPLAY, TCL_ORDER_NO,
TCL_PRIMARY_KEY_FL, TCL_TYPE, TCL_LENGTH, TCL_MANDATORY_FL, TCL_DELETE_FL, TCL_VERSION_ID,
PTN_ID ) VALUES ( 
1933, 215, NULL, 'sts_id', 'sts_id', 0, 'Y', 'int', 10, 'Y', 'N', 1, 1); 
INSERT INTO TABLE_COLUMN ( TCL_ID, TBD_ID, ENT_ID, TCL_NAME, TCL_DISPLAY, TCL_ORDER_NO,
TCL_PRIMARY_KEY_FL, TCL_TYPE, TCL_LENGTH, TCL_MANDATORY_FL, TCL_DELETE_FL, TCL_VERSION_ID,
PTN_ID ) VALUES ( 
1934, 215, NULL, 'stm_id', 'stm_id', 1, 'N', 'int', 10, 'Y', 'N', 1, 1); 
INSERT INTO TABLE_COLUMN ( TCL_ID, TBD_ID, ENT_ID, TCL_NAME, TCL_DISPLAY, TCL_ORDER_NO,
TCL_PRIMARY_KEY_FL, TCL_TYPE, TCL_LENGTH, TCL_MANDATORY_FL, TCL_DELETE_FL, TCL_VERSION_ID,
PTN_ID ) VALUES ( 
1935, 215, NULL, 'sst_id', 'sst_id', 2, 'N', 'int', 10, 'Y', 'N', 1, 1); 
INSERT INTO TABLE_COLUMN ( TCL_ID, TBD_ID, ENT_ID, TCL_NAME, TCL_DISPLAY, TCL_ORDER_NO,
TCL_PRIMARY_KEY_FL, TCL_TYPE, TCL_LENGTH, TCL_MANDATORY_FL, TCL_DELETE_FL, TCL_VERSION_ID,
PTN_ID ) VALUES ( 
1936, 215, NULL, 'pdg_id', 'pdg_id', 3, 'N', 'int', 10, 'Y', 'N', 1, 1); 
INSERT INTO TABLE_COLUMN ( TCL_ID, TBD_ID, ENT_ID, TCL_NAME, TCL_DISPLAY, TCL_ORDER_NO,
TCL_PRIMARY_KEY_FL, TCL_TYPE, TCL_LENGTH, TCL_MANDATORY_FL, TCL_DELETE_FL, TCL_VERSION_ID,
PTN_ID ) VALUES ( 
1937, 215, NULL, 'sts_name', 'sts_name', 4, 'N', 'string', 255, 'Y', 'N', 1, 1); 
INSERT INTO TABLE_COLUMN ( TCL_ID, TBD_ID, ENT_ID, TCL_NAME, TCL_DISPLAY, TCL_ORDER_NO,
TCL_PRIMARY_KEY_FL, TCL_TYPE, TCL_LENGTH, TCL_MANDATORY_FL, TCL_DELETE_FL, TCL_VERSION_ID,
PTN_ID ) VALUES ( 
1938, 215, NULL, 'sts_status', 'sts_status', 5, 'N', 'string', 255, 'Y', 'N', 1, 1); 
INSERT INTO TABLE_COLUMN ( TCL_ID, TBD_ID, ENT_ID, TCL_NAME, TCL_DISPLAY, TCL_ORDER_NO,
TCL_PRIMARY_KEY_FL, TCL_TYPE, TCL_LENGTH, TCL_MANDATORY_FL, TCL_DELETE_FL, TCL_VERSION_ID,
PTN_ID ) VALUES ( 
1939, 215, NULL, 'sts_configured_pig_id', 'sts_configured_pig_id', 6, 'N', 'int', 10
, 'Y', 'N', 1, 1); 
INSERT INTO TABLE_COLUMN ( TCL_ID, TBD_ID, ENT_ID, TCL_NAME, TCL_DISPLAY, TCL_ORDER_NO,
TCL_PRIMARY_KEY_FL, TCL_TYPE, TCL_LENGTH, TCL_MANDATORY_FL, TCL_DELETE_FL, TCL_VERSION_ID,
PTN_ID ) VALUES ( 
1940, 215, NULL, 'sts_running_pig_id', 'sts_running_pig_id', 7, 'N', 'int', 10, 'N'
, 'N', 1, 1); 
INSERT INTO TABLE_COLUMN ( TCL_ID, TBD_ID, ENT_ID, TCL_NAME, TCL_DISPLAY, TCL_ORDER_NO,
TCL_PRIMARY_KEY_FL, TCL_TYPE, TCL_LENGTH, TCL_MANDATORY_FL, TCL_DELETE_FL, TCL_VERSION_ID,
PTN_ID ) VALUES ( 
1941, 215, NULL, 'sts_delete_fl', 'sts_delete_fl', 8, 'N', 'bool', 1, 'Y', 'N', 1
, 1); 
INSERT INTO TABLE_COLUMN ( TCL_ID, TBD_ID, ENT_ID, TCL_NAME, TCL_DISPLAY, TCL_ORDER_NO,
TCL_PRIMARY_KEY_FL, TCL_TYPE, TCL_LENGTH, TCL_MANDATORY_FL, TCL_DELETE_FL, TCL_VERSION_ID,
PTN_ID ) VALUES ( 
1942, 215, NULL, 'sts_version_id', 'sts_version_id', 9, 'N', 'int', 10, 'Y', 'N', 1
, 1); 
INSERT INTO TABLE_COLUMN ( TCL_ID, TBD_ID, ENT_ID, TCL_NAME, TCL_DISPLAY, TCL_ORDER_NO,
TCL_PRIMARY_KEY_FL, TCL_TYPE, TCL_LENGTH, TCL_MANDATORY_FL, TCL_DELETE_FL, TCL_VERSION_ID,
PTN_ID ) VALUES ( 
1943, 215, NULL, 'ptn_id', 'ptn_id', 10, 'N', 'int', 10, 'Y', 'N', 1, 1); 
INSERT INTO TABLE_COLUMN ( TCL_ID, TBD_ID, ENT_ID, TCL_NAME, TCL_DISPLAY, TCL_ORDER_NO,
TCL_PRIMARY_KEY_FL, TCL_TYPE, TCL_LENGTH, TCL_MANDATORY_FL, TCL_DELETE_FL, TCL_VERSION_ID,
PTN_ID ) VALUES ( 
1944, 216, NULL, 'asv_id', 'asv_id', 0, 'Y', 'int', 10, 'Y', 'N', 1, 1); 
INSERT INTO TABLE_COLUMN ( TCL_ID, TBD_ID, ENT_ID, TCL_NAME, TCL_DISPLAY, TCL_ORDER_NO,
TCL_PRIMARY_KEY_FL, TCL_TYPE, TCL_LENGTH, TCL_MANDATORY_FL, TCL_DELETE_FL, TCL_VERSION_ID,
PTN_ID ) VALUES ( 
1945, 216, NULL, 'asv_name', 'asv_name', 1, 'N', 'string', 255, 'Y', 'N', 1, 1); 
INSERT INTO TABLE_COLUMN ( TCL_ID, TBD_ID, ENT_ID, TCL_NAME, TCL_DISPLAY, TCL_ORDER_NO,
TCL_PRIMARY_KEY_FL, TCL_TYPE, TCL_LENGTH, TCL_MANDATORY_FL, TCL_DELETE_FL, TCL_VERSION_ID,
PTN_ID ) VALUES ( 
1946, 216, NULL, 'asv_order_no', 'asv_order_no', 2, 'N', 'int', 10, 'Y', 'N', 1, 1); 
INSERT INTO TABLE_COLUMN ( TCL_ID, TBD_ID, ENT_ID, TCL_NAME, TCL_DISPLAY, TCL_ORDER_NO,
TCL_PRIMARY_KEY_FL, TCL_TYPE, TCL_LENGTH, TCL_MANDATORY_FL, TCL_DELETE_FL, TCL_VERSION_ID,
PTN_ID ) VALUES ( 
1947, 216, NULL, 'img_id', 'img_id', 3, 'N', 'int', 10, 'N', 'N', 1, 1); 
INSERT INTO TABLE_COLUMN ( TCL_ID, TBD_ID, ENT_ID, TCL_NAME, TCL_DISPLAY, TCL_ORDER_NO,
TCL_PRIMARY_KEY_FL, TCL_TYPE, TCL_LENGTH, TCL_MANDATORY_FL, TCL_DELETE_FL, TCL_VERSION_ID,
PTN_ID ) VALUES ( 
1948, 216, NULL, 'asv_delete_fl', 'asv_delete_fl', 4, 'N', 'bool', 1, 'Y', 'N', 1
, 1); 
INSERT INTO TABLE_COLUMN ( TCL_ID, TBD_ID, ENT_ID, TCL_NAME, TCL_DISPLAY, TCL_ORDER_NO,
TCL_PRIMARY_KEY_FL, TCL_TYPE, TCL_LENGTH, TCL_MANDATORY_FL, TCL_DELETE_FL, TCL_VERSION_ID,
PTN_ID ) VALUES ( 
1949, 216, NULL, 'asv_version_id', 'asv_version_id', 5, 'N', 'int', 10, 'Y', 'N', 1
, 1); 
INSERT INTO TABLE_COLUMN ( TCL_ID, TBD_ID, ENT_ID, TCL_NAME, TCL_DISPLAY, TCL_ORDER_NO,
TCL_PRIMARY_KEY_FL, TCL_TYPE, TCL_LENGTH, TCL_MANDATORY_FL, TCL_DELETE_FL, TCL_VERSION_ID,
PTN_ID ) VALUES ( 
1950, 216, NULL, 'ptn_id', 'ptn_id', 6, 'N', 'int', 10, 'Y', 'N', 1, 1); 
INSERT INTO TABLE_COLUMN ( TCL_ID, TBD_ID, ENT_ID, TCL_NAME, TCL_DISPLAY, TCL_ORDER_NO,
TCL_PRIMARY_KEY_FL, TCL_TYPE, TCL_LENGTH, TCL_MANDATORY_FL, TCL_DELETE_FL, TCL_VERSION_ID,
PTN_ID ) VALUES ( 
1951, 217, NULL, 'fil_id', 'fil_id', 0, 'Y', 'int', 10, 'Y', 'N', 1, 1); 
INSERT INTO TABLE_COLUMN ( TCL_ID, TBD_ID, ENT_ID, TCL_NAME, TCL_DISPLAY, TCL_ORDER_NO,
TCL_PRIMARY_KEY_FL, TCL_TYPE, TCL_LENGTH, TCL_MANDATORY_FL, TCL_DELETE_FL, TCL_VERSION_ID,
PTN_ID ) VALUES ( 
1952, 217, NULL, 'tok_id', 'tok_id', 1, 'N', 'int', 10, 'Y', 'N', 1, 1); 
INSERT INTO TABLE_COLUMN ( TCL_ID, TBD_ID, ENT_ID, TCL_NAME, TCL_DISPLAY, TCL_ORDER_NO,
TCL_PRIMARY_KEY_FL, TCL_TYPE, TCL_LENGTH, TCL_MANDATORY_FL, TCL_DELETE_FL, TCL_VERSION_ID,
PTN_ID ) VALUES ( 
1953, 217, NULL, 'mac_id', 'mac_id', 2, 'N', 'int', 10, 'N', 'N', 1, 1); 
INSERT INTO TABLE_COLUMN ( TCL_ID, TBD_ID, ENT_ID, TCL_NAME, TCL_DISPLAY, TCL_ORDER_NO,
TCL_PRIMARY_KEY_FL, TCL_TYPE, TCL_LENGTH, TCL_MANDATORY_FL, TCL_DELETE_FL, TCL_VERSION_ID,
PTN_ID ) VALUES ( 
1954, 217, NULL, 'fil_relative_path', 'fil_relative_path', 3, 'N', 'string', 255, 'Y'
, 'N', 1, 1); 
INSERT INTO TABLE_COLUMN ( TCL_ID, TBD_ID, ENT_ID, TCL_NAME, TCL_DISPLAY, TCL_ORDER_NO,
TCL_PRIMARY_KEY_FL, TCL_TYPE, TCL_LENGTH, TCL_MANDATORY_FL, TCL_DELETE_FL, TCL_VERSION_ID,
PTN_ID ) VALUES ( 
1955, 217, NULL, 'fil_filename', 'fil_filename', 4, 'N', 'string', 255, 'Y', 'N', 1
, 1); 
INSERT INTO TABLE_COLUMN ( TCL_ID, TBD_ID, ENT_ID, TCL_NAME, TCL_DISPLAY, TCL_ORDER_NO,
TCL_PRIMARY_KEY_FL, TCL_TYPE, TCL_LENGTH, TCL_MANDATORY_FL, TCL_DELETE_FL, TCL_VERSION_ID,
PTN_ID ) VALUES ( 
1956, 217, NULL, 'fil_length', 'fil_length', 5, 'N', 'long', 19, 'N', 'N', 1, 1); 
INSERT INTO TABLE_COLUMN ( TCL_ID, TBD_ID, ENT_ID, TCL_NAME, TCL_DISPLAY, TCL_ORDER_NO,
TCL_PRIMARY_KEY_FL, TCL_TYPE, TCL_LENGTH, TCL_MANDATORY_FL, TCL_DELETE_FL, TCL_VERSION_ID,
PTN_ID ) VALUES ( 
1957, 217, NULL, 'fil_sequence_no', 'fil_sequence_no', 6, 'N', 'string', 255, 'N'
, 'N', 1, 1); 
INSERT INTO TABLE_COLUMN ( TCL_ID, TBD_ID, ENT_ID, TCL_NAME, TCL_DISPLAY, TCL_ORDER_NO,
TCL_PRIMARY_KEY_FL, TCL_TYPE, TCL_LENGTH, TCL_MANDATORY_FL, TCL_DELETE_FL, TCL_VERSION_ID,
PTN_ID ) VALUES ( 
1958, 217, NULL, 'fil_sequence_no_int', 'fil_sequence_no_int', 7, 'N', 'int', 10, 'N'
, 'N', 1, 1); 
INSERT INTO TABLE_COLUMN ( TCL_ID, TBD_ID, ENT_ID, TCL_NAME, TCL_DISPLAY, TCL_ORDER_NO,
TCL_PRIMARY_KEY_FL, TCL_TYPE, TCL_LENGTH, TCL_MANDATORY_FL, TCL_DELETE_FL, TCL_VERSION_ID,
PTN_ID ) VALUES ( 
1959, 217, NULL, 'fil_records', 'fil_records', 8, 'N', 'long', 19, 'N', 'N', 1, 1); 
INSERT INTO TABLE_COLUMN ( TCL_ID, TBD_ID, ENT_ID, TCL_NAME, TCL_DISPLAY, TCL_ORDER_NO,
TCL_PRIMARY_KEY_FL, TCL_TYPE, TCL_LENGTH, TCL_MANDATORY_FL, TCL_DELETE_FL, TCL_VERSION_ID,
PTN_ID ) VALUES ( 
1960, 217, NULL, 'fil_unique_key', 'fil_unique_key', 9, 'N', 'string', 255, 'N', 'N'
, 1, 1); 
INSERT INTO TABLE_COLUMN ( TCL_ID, TBD_ID, ENT_ID, TCL_NAME, TCL_DISPLAY, TCL_ORDER_NO,
TCL_PRIMARY_KEY_FL, TCL_TYPE, TCL_LENGTH, TCL_MANDATORY_FL, TCL_DELETE_FL, TCL_VERSION_ID,
PTN_ID ) VALUES ( 
1961, 217, NULL, 'fil_hash_value', 'fil_hash_value', 10, 'N', 'string', 255, 'N', 'N'
, 1, 1); 
INSERT INTO TABLE_COLUMN ( TCL_ID, TBD_ID, ENT_ID, TCL_NAME, TCL_DISPLAY, TCL_ORDER_NO,
TCL_PRIMARY_KEY_FL, TCL_TYPE, TCL_LENGTH, TCL_MANDATORY_FL, TCL_DELETE_FL, TCL_VERSION_ID,
PTN_ID ) VALUES ( 
1962, 217, NULL, 'fil_duplicate_fl', 'fil_duplicate_fl', 11, 'N', 'bool', 1, 'Y', 'N'
, 1, 1); 
INSERT INTO TABLE_COLUMN ( TCL_ID, TBD_ID, ENT_ID, TCL_NAME, TCL_DISPLAY, TCL_ORDER_NO,
TCL_PRIMARY_KEY_FL, TCL_TYPE, TCL_LENGTH, TCL_MANDATORY_FL, TCL_DELETE_FL, TCL_VERSION_ID,
PTN_ID ) VALUES ( 
1963, 217, NULL, 'fil_duplicate_file_link', 'fil_duplicate_file_link', 12, 'N', 'int'
, 10, 'N', 'N', 1, 1); 
INSERT INTO TABLE_COLUMN ( TCL_ID, TBD_ID, ENT_ID, TCL_NAME, TCL_DISPLAY, TCL_ORDER_NO,
TCL_PRIMARY_KEY_FL, TCL_TYPE, TCL_LENGTH, TCL_MANDATORY_FL, TCL_DELETE_FL, TCL_VERSION_ID,
PTN_ID ) VALUES ( 
1964, 217, NULL, 'fil_delete_fl', 'fil_delete_fl', 13, 'N', 'bool', 1, 'Y', 'N', 1
, 1); 
INSERT INTO TABLE_COLUMN ( TCL_ID, TBD_ID, ENT_ID, TCL_NAME, TCL_DISPLAY, TCL_ORDER_NO,
TCL_PRIMARY_KEY_FL, TCL_TYPE, TCL_LENGTH, TCL_MANDATORY_FL, TCL_DELETE_FL, TCL_VERSION_ID,
PTN_ID ) VALUES ( 
1965, 217, NULL, 'fil_version_id', 'fil_version_id', 14, 'N', 'int', 10, 'Y', 'N'
, 1, 1); 
INSERT INTO TABLE_COLUMN ( TCL_ID, TBD_ID, ENT_ID, TCL_NAME, TCL_DISPLAY, TCL_ORDER_NO,
TCL_PRIMARY_KEY_FL, TCL_TYPE, TCL_LENGTH, TCL_MANDATORY_FL, TCL_DELETE_FL, TCL_VERSION_ID,
PTN_ID ) VALUES ( 
1966, 217, NULL, 'ptn_id', 'ptn_id', 15, 'N', 'int', 10, 'Y', 'N', 1, 1); 
INSERT INTO TABLE_COLUMN ( TCL_ID, TBD_ID, ENT_ID, TCL_NAME, TCL_DISPLAY, TCL_ORDER_NO,
TCL_PRIMARY_KEY_FL, TCL_TYPE, TCL_LENGTH, TCL_MANDATORY_FL, TCL_DELETE_FL, TCL_VERSION_ID,
PTN_ID ) VALUES ( 
1967, 218, NULL, 'tar_id', 'tar_id', 0, 'Y', 'int', 10, 'Y', 'N', 1, 1); 
INSERT INTO TABLE_COLUMN ( TCL_ID, TBD_ID, ENT_ID, TCL_NAME, TCL_DISPLAY, TCL_ORDER_NO,
TCL_PRIMARY_KEY_FL, TCL_TYPE, TCL_LENGTH, TCL_MANDATORY_FL, TCL_DELETE_FL, TCL_VERSION_ID,
PTN_ID ) VALUES ( 
1968, 218, NULL, 'pig_id', 'pig_id', 1, 'N', 'int', 10, 'Y', 'N', 1, 1); 
INSERT INTO TABLE_COLUMN ( TCL_ID, TBD_ID, ENT_ID, TCL_NAME, TCL_DISPLAY, TCL_ORDER_NO,
TCL_PRIMARY_KEY_FL, TCL_TYPE, TCL_LENGTH, TCL_MANDATORY_FL, TCL_DELETE_FL, TCL_VERSION_ID,
PTN_ID ) VALUES ( 
1969, 218, NULL, 'tar_name', 'tar_name', 2, 'N', 'string', 255, 'Y', 'N', 1, 1); 
INSERT INTO TABLE_COLUMN ( TCL_ID, TBD_ID, ENT_ID, TCL_NAME, TCL_DISPLAY, TCL_ORDER_NO,
TCL_PRIMARY_KEY_FL, TCL_TYPE, TCL_LENGTH, TCL_MANDATORY_FL, TCL_DELETE_FL, TCL_VERSION_ID,
PTN_ID ) VALUES ( 
1970, 218, NULL, 'tar_delete_fl', 'tar_delete_fl', 3, 'N', 'bool', 1, 'Y', 'N', 1
, 1); 
INSERT INTO TABLE_COLUMN ( TCL_ID, TBD_ID, ENT_ID, TCL_NAME, TCL_DISPLAY, TCL_ORDER_NO,
TCL_PRIMARY_KEY_FL, TCL_TYPE, TCL_LENGTH, TCL_MANDATORY_FL, TCL_DELETE_FL, TCL_VERSION_ID,
PTN_ID ) VALUES ( 
1971, 218, NULL, 'tar_version_id', 'tar_version_id', 4, 'N', 'int', 10, 'Y', 'N', 1
, 1); 
INSERT INTO TABLE_COLUMN ( TCL_ID, TBD_ID, ENT_ID, TCL_NAME, TCL_DISPLAY, TCL_ORDER_NO,
TCL_PRIMARY_KEY_FL, TCL_TYPE, TCL_LENGTH, TCL_MANDATORY_FL, TCL_DELETE_FL, TCL_VERSION_ID,
PTN_ID ) VALUES ( 
1972, 218, NULL, 'ptn_id', 'ptn_id', 5, 'N', 'int', 10, 'Y', 'N', 1, 1); 
INSERT INTO TABLE_COLUMN ( TCL_ID, TBD_ID, ENT_ID, TCL_NAME, TCL_DISPLAY, TCL_ORDER_NO,
TCL_PRIMARY_KEY_FL, TCL_TYPE, TCL_LENGTH, TCL_MANDATORY_FL, TCL_DELETE_FL, TCL_VERSION_ID,
PTN_ID ) VALUES ( 
1973, 219, NULL, 'tbt_id', 'tbt_id', 0, 'Y', 'int', 10, 'Y', 'N', 1, 1); 
INSERT INTO TABLE_COLUMN ( TCL_ID, TBD_ID, ENT_ID, TCL_NAME, TCL_DISPLAY, TCL_ORDER_NO,
TCL_PRIMARY_KEY_FL, TCL_TYPE, TCL_LENGTH, TCL_MANDATORY_FL, TCL_DELETE_FL, TCL_VERSION_ID,
PTN_ID ) VALUES ( 
1974, 219, NULL, 'tbr_id', 'tbr_id', 1, 'N', 'int', 10, 'Y', 'N', 1, 1); 
INSERT INTO TABLE_COLUMN ( TCL_ID, TBD_ID, ENT_ID, TCL_NAME, TCL_DISPLAY, TCL_ORDER_NO,
TCL_PRIMARY_KEY_FL, TCL_TYPE, TCL_LENGTH, TCL_MANDATORY_FL, TCL_DELETE_FL, TCL_VERSION_ID,
PTN_ID ) VALUES ( 
1975, 219, NULL, 'tbt_threshold_usage', 'tbt_threshold_usage', 2, 'N', 'int', 10, 'Y'
, 'N', 1, 1); 
INSERT INTO TABLE_COLUMN ( TCL_ID, TBD_ID, ENT_ID, TCL_NAME, TCL_DISPLAY, TCL_ORDER_NO,
TCL_PRIMARY_KEY_FL, TCL_TYPE, TCL_LENGTH, TCL_MANDATORY_FL, TCL_DELETE_FL, TCL_VERSION_ID,
PTN_ID ) VALUES ( 
1976, 219, NULL, 'tbt_threshold_rate', 'tbt_threshold_rate', 3, 'N', 'long', 19, 'Y'
, 'N', 1, 1); 
INSERT INTO TABLE_COLUMN ( TCL_ID, TBD_ID, ENT_ID, TCL_NAME, TCL_DISPLAY, TCL_ORDER_NO,
TCL_PRIMARY_KEY_FL, TCL_TYPE, TCL_LENGTH, TCL_MANDATORY_FL, TCL_DELETE_FL, TCL_VERSION_ID,
PTN_ID ) VALUES ( 
1977, 219, NULL, 'tbt_version_id', 'tbt_version_id', 4, 'N', 'int', 10, 'Y', 'N', 1
, 1); 
INSERT INTO TABLE_COLUMN ( TCL_ID, TBD_ID, ENT_ID, TCL_NAME, TCL_DISPLAY, TCL_ORDER_NO,
TCL_PRIMARY_KEY_FL, TCL_TYPE, TCL_LENGTH, TCL_MANDATORY_FL, TCL_DELETE_FL, TCL_VERSION_ID,
PTN_ID ) VALUES ( 
1978, 219, NULL, 'tbt_delete_fl', 'tbt_delete_fl', 5, 'N', 'bool', 1, 'Y', 'N', 1
, 1); 
INSERT INTO TABLE_COLUMN ( TCL_ID, TBD_ID, ENT_ID, TCL_NAME, TCL_DISPLAY, TCL_ORDER_NO,
TCL_PRIMARY_KEY_FL, TCL_TYPE, TCL_LENGTH, TCL_MANDATORY_FL, TCL_DELETE_FL, TCL_VERSION_ID,
PTN_ID ) VALUES ( 
1979, 219, NULL, 'ptn_id', 'ptn_id', 6, 'N', 'int', 10, 'Y', 'N', 1, 1); 
INSERT INTO TABLE_COLUMN ( TCL_ID, TBD_ID, ENT_ID, TCL_NAME, TCL_DISPLAY, TCL_ORDER_NO,
TCL_PRIMARY_KEY_FL, TCL_TYPE, TCL_LENGTH, TCL_MANDATORY_FL, TCL_DELETE_FL, TCL_VERSION_ID,
PTN_ID ) VALUES ( 
1980, 220, NULL, 'exp_id', 'exp_id', 0, 'Y', 'int', 10, 'Y', 'N', 1, 1); 
INSERT INTO TABLE_COLUMN ( TCL_ID, TBD_ID, ENT_ID, TCL_NAME, TCL_DISPLAY, TCL_ORDER_NO,
TCL_PRIMARY_KEY_FL, TCL_TYPE, TCL_LENGTH, TCL_MANDATORY_FL, TCL_DELETE_FL, TCL_VERSION_ID,
PTN_ID ) VALUES ( 
1981, 220, NULL, 'exp_name', 'exp_name', 1, 'N', 'string', 255, 'Y', 'N', 1, 1); 
INSERT INTO TABLE_COLUMN ( TCL_ID, TBD_ID, ENT_ID, TCL_NAME, TCL_DISPLAY, TCL_ORDER_NO,
TCL_PRIMARY_KEY_FL, TCL_TYPE, TCL_LENGTH, TCL_MANDATORY_FL, TCL_DELETE_FL, TCL_VERSION_ID,
PTN_ID ) VALUES ( 
1982, 220, NULL, 'exp_last_ran_dttm', 'exp_last_ran_dttm', 2, 'N', 'datetime', -1
, 'N', 'N', 1, 1); 
INSERT INTO TABLE_COLUMN ( TCL_ID, TBD_ID, ENT_ID, TCL_NAME, TCL_DISPLAY, TCL_ORDER_NO,
TCL_PRIMARY_KEY_FL, TCL_TYPE, TCL_LENGTH, TCL_MANDATORY_FL, TCL_DELETE_FL, TCL_VERSION_ID,
PTN_ID ) VALUES ( 
1983, 220, NULL, 'fil_id', 'fil_id', 3, 'N', 'int', 10, 'Y', 'N', 1, 1); 
INSERT INTO TABLE_COLUMN ( TCL_ID, TBD_ID, ENT_ID, TCL_NAME, TCL_DISPLAY, TCL_ORDER_NO,
TCL_PRIMARY_KEY_FL, TCL_TYPE, TCL_LENGTH, TCL_MANDATORY_FL, TCL_DELETE_FL, TCL_VERSION_ID,
PTN_ID ) VALUES ( 
1984, 220, NULL, 'exp_import_fl', 'exp_import_fl', 4, 'N', 'bool', 1, 'Y', 'N', 1
, 1); 
INSERT INTO TABLE_COLUMN ( TCL_ID, TBD_ID, ENT_ID, TCL_NAME, TCL_DISPLAY, TCL_ORDER_NO,
TCL_PRIMARY_KEY_FL, TCL_TYPE, TCL_LENGTH, TCL_MANDATORY_FL, TCL_DELETE_FL, TCL_VERSION_ID,
PTN_ID ) VALUES ( 
1985, 220, NULL, 'exp_delete_fl', 'exp_delete_fl', 5, 'N', 'bool', 1, 'Y', 'N', 1
, 1); 
INSERT INTO TABLE_COLUMN ( TCL_ID, TBD_ID, ENT_ID, TCL_NAME, TCL_DISPLAY, TCL_ORDER_NO,
TCL_PRIMARY_KEY_FL, TCL_TYPE, TCL_LENGTH, TCL_MANDATORY_FL, TCL_DELETE_FL, TCL_VERSION_ID,
PTN_ID ) VALUES ( 
1986, 220, NULL, 'exp_version_id', 'exp_version_id', 6, 'N', 'int', 10, 'Y', 'N', 1
, 1); 
INSERT INTO TABLE_COLUMN ( TCL_ID, TBD_ID, ENT_ID, TCL_NAME, TCL_DISPLAY, TCL_ORDER_NO,
TCL_PRIMARY_KEY_FL, TCL_TYPE, TCL_LENGTH, TCL_MANDATORY_FL, TCL_DELETE_FL, TCL_VERSION_ID,
PTN_ID ) VALUES ( 
1987, 220, NULL, 'ptn_id', 'ptn_id', 7, 'N', 'int', 10, 'Y', 'N', 1, 1); 
INSERT INTO TABLE_COLUMN ( TCL_ID, TBD_ID, ENT_ID, TCL_NAME, TCL_DISPLAY, TCL_ORDER_NO,
TCL_PRIMARY_KEY_FL, TCL_TYPE, TCL_LENGTH, TCL_MANDATORY_FL, TCL_DELETE_FL, TCL_VERSION_ID,
PTN_ID ) VALUES ( 
1988, 221, NULL, 'unv_id', 'unv_id', 0, 'Y', 'int', 10, 'Y', 'N', 1, 1); 
INSERT INTO TABLE_COLUMN ( TCL_ID, TBD_ID, ENT_ID, TCL_NAME, TCL_DISPLAY, TCL_ORDER_NO,
TCL_PRIMARY_KEY_FL, TCL_TYPE, TCL_LENGTH, TCL_MANDATORY_FL, TCL_DELETE_FL, TCL_VERSION_ID,
PTN_ID ) VALUES ( 
1989, 221, NULL, 'cmp_id', 'cmp_id', 1, 'N', 'int', 10, 'Y', 'N', 1, 1); 
INSERT INTO TABLE_COLUMN ( TCL_ID, TBD_ID, ENT_ID, TCL_NAME, TCL_DISPLAY, TCL_ORDER_NO,
TCL_PRIMARY_KEY_FL, TCL_TYPE, TCL_LENGTH, TCL_MANDATORY_FL, TCL_DELETE_FL, TCL_VERSION_ID,
PTN_ID ) VALUES ( 
1990, 221, NULL, 'pig_id', 'pig_id', 2, 'N', 'int', 10, 'Y', 'N', 1, 1); 
INSERT INTO TABLE_COLUMN ( TCL_ID, TBD_ID, ENT_ID, TCL_NAME, TCL_DISPLAY, TCL_ORDER_NO,
TCL_PRIMARY_KEY_FL, TCL_TYPE, TCL_LENGTH, TCL_MANDATORY_FL, TCL_DELETE_FL, TCL_VERSION_ID,
PTN_ID ) VALUES ( 
1991, 221, NULL, 'unv_name', 'unv_name', 3, 'N', 'string', 255, 'Y', 'N', 1, 1); 
INSERT INTO TABLE_COLUMN ( TCL_ID, TBD_ID, ENT_ID, TCL_NAME, TCL_DISPLAY, TCL_ORDER_NO,
TCL_PRIMARY_KEY_FL, TCL_TYPE, TCL_LENGTH, TCL_MANDATORY_FL, TCL_DELETE_FL, TCL_VERSION_ID,
PTN_ID ) VALUES ( 
1992, 221, NULL, 'unv_delete_fl', 'unv_delete_fl', 4, 'N', 'bool', 1, 'Y', 'N', 1
, 1); 
INSERT INTO TABLE_COLUMN ( TCL_ID, TBD_ID, ENT_ID, TCL_NAME, TCL_DISPLAY, TCL_ORDER_NO,
TCL_PRIMARY_KEY_FL, TCL_TYPE, TCL_LENGTH, TCL_MANDATORY_FL, TCL_DELETE_FL, TCL_VERSION_ID,
PTN_ID ) VALUES ( 
1993, 221, NULL, 'unv_version_id', 'unv_version_id', 5, 'N', 'int', 10, 'Y', 'N', 1
, 1); 
INSERT INTO TABLE_COLUMN ( TCL_ID, TBD_ID, ENT_ID, TCL_NAME, TCL_DISPLAY, TCL_ORDER_NO,
TCL_PRIMARY_KEY_FL, TCL_TYPE, TCL_LENGTH, TCL_MANDATORY_FL, TCL_DELETE_FL, TCL_VERSION_ID,
PTN_ID ) VALUES ( 
1994, 221, NULL, 'ptn_id', 'ptn_id', 6, 'N', 'int', 10, 'Y', 'N', 1, 1); 
INSERT INTO TABLE_COLUMN ( TCL_ID, TBD_ID, ENT_ID, TCL_NAME, TCL_DISPLAY, TCL_ORDER_NO,
TCL_PRIMARY_KEY_FL, TCL_TYPE, TCL_LENGTH, TCL_MANDATORY_FL, TCL_DELETE_FL, TCL_VERSION_ID,
PTN_ID ) VALUES ( 
1995, 222, NULL, 'pdg_id', 'pdg_id', 0, 'Y', 'int', 10, 'Y', 'N', 1, 1); 
INSERT INTO TABLE_COLUMN ( TCL_ID, TBD_ID, ENT_ID, TCL_NAME, TCL_DISPLAY, TCL_ORDER_NO,
TCL_PRIMARY_KEY_FL, TCL_TYPE, TCL_LENGTH, TCL_MANDATORY_FL, TCL_DELETE_FL, TCL_VERSION_ID,
PTN_ID ) VALUES ( 
1996, 222, NULL, 'pdg_parent_pdg_id', 'pdg_parent_pdg_id', 1, 'N', 'int', 10, 'N'
, 'N', 1, 1); 
INSERT INTO TABLE_COLUMN ( TCL_ID, TBD_ID, ENT_ID, TCL_NAME, TCL_DISPLAY, TCL_ORDER_NO,
TCL_PRIMARY_KEY_FL, TCL_TYPE, TCL_LENGTH, TCL_MANDATORY_FL, TCL_DELETE_FL, TCL_VERSION_ID,
PTN_ID ) VALUES ( 
1997, 222, NULL, 'pdg_key', 'pdg_key', 2, 'N', 'string', 255, 'Y', 'N', 1, 1); 
INSERT INTO TABLE_COLUMN ( TCL_ID, TBD_ID, ENT_ID, TCL_NAME, TCL_DISPLAY, TCL_ORDER_NO,
TCL_PRIMARY_KEY_FL, TCL_TYPE, TCL_LENGTH, TCL_MANDATORY_FL, TCL_DELETE_FL, TCL_VERSION_ID,
PTN_ID ) VALUES ( 
1998, 222, NULL, 'pdg_name', 'pdg_name', 3, 'N', 'string', 255, 'Y', 'N', 1, 1); 
INSERT INTO TABLE_COLUMN ( TCL_ID, TBD_ID, ENT_ID, TCL_NAME, TCL_DISPLAY, TCL_ORDER_NO,
TCL_PRIMARY_KEY_FL, TCL_TYPE, TCL_LENGTH, TCL_MANDATORY_FL, TCL_DELETE_FL, TCL_VERSION_ID,
PTN_ID ) VALUES ( 
1999, 222, NULL, 'pdg_system_fl', 'pdg_system_fl', 4, 'N', 'bool', 1, 'Y', 'N', 1
, 1); 
INSERT INTO TABLE_COLUMN ( TCL_ID, TBD_ID, ENT_ID, TCL_NAME, TCL_DISPLAY, TCL_ORDER_NO,
TCL_PRIMARY_KEY_FL, TCL_TYPE, TCL_LENGTH, TCL_MANDATORY_FL, TCL_DELETE_FL, TCL_VERSION_ID,
PTN_ID ) VALUES ( 
2000, 222, NULL, 'pdg_system_server_package', 'pdg_system_server_package', 5, 'N'
, 'string', 255, 'N', 'N', 1, 1); 
INSERT INTO TABLE_COLUMN ( TCL_ID, TBD_ID, ENT_ID, TCL_NAME, TCL_DISPLAY, TCL_ORDER_NO,
TCL_PRIMARY_KEY_FL, TCL_TYPE, TCL_LENGTH, TCL_MANDATORY_FL, TCL_DELETE_FL, TCL_VERSION_ID,
PTN_ID ) VALUES ( 
2001, 222, NULL, 'pdg_delete_fl', 'pdg_delete_fl', 6, 'N', 'bool', 1, 'Y', 'N', 1
, 1); 
INSERT INTO TABLE_COLUMN ( TCL_ID, TBD_ID, ENT_ID, TCL_NAME, TCL_DISPLAY, TCL_ORDER_NO,
TCL_PRIMARY_KEY_FL, TCL_TYPE, TCL_LENGTH, TCL_MANDATORY_FL, TCL_DELETE_FL, TCL_VERSION_ID,
PTN_ID ) VALUES ( 
2002, 222, NULL, 'pdg_version_id', 'pdg_version_id', 7, 'N', 'int', 10, 'Y', 'N', 1
, 1); 
INSERT INTO TABLE_COLUMN ( TCL_ID, TBD_ID, ENT_ID, TCL_NAME, TCL_DISPLAY, TCL_ORDER_NO,
TCL_PRIMARY_KEY_FL, TCL_TYPE, TCL_LENGTH, TCL_MANDATORY_FL, TCL_DELETE_FL, TCL_VERSION_ID,
PTN_ID ) VALUES ( 
2003, 222, NULL, 'ptn_id', 'ptn_id', 8, 'N', 'int', 10, 'Y', 'N', 1, 1); 
INSERT INTO TABLE_COLUMN ( TCL_ID, TBD_ID, ENT_ID, TCL_NAME, TCL_DISPLAY, TCL_ORDER_NO,
TCL_PRIMARY_KEY_FL, TCL_TYPE, TCL_LENGTH, TCL_MANDATORY_FL, TCL_DELETE_FL, TCL_VERSION_ID,
PTN_ID ) VALUES ( 
2004, 223, NULL, 'sqf_id', 'sqf_id', 0, 'Y', 'int', 10, 'Y', 'N', 1, 1); 
INSERT INTO TABLE_COLUMN ( TCL_ID, TBD_ID, ENT_ID, TCL_NAME, TCL_DISPLAY, TCL_ORDER_NO,
TCL_PRIMARY_KEY_FL, TCL_TYPE, TCL_LENGTH, TCL_MANDATORY_FL, TCL_DELETE_FL, TCL_VERSION_ID,
PTN_ID ) VALUES ( 
2005, 223, NULL, 'sql_id', 'sql_id', 1, 'N', 'int', 10, 'Y', 'N', 1, 1); 
INSERT INTO TABLE_COLUMN ( TCL_ID, TBD_ID, ENT_ID, TCL_NAME, TCL_DISPLAY, TCL_ORDER_NO,
TCL_PRIMARY_KEY_FL, TCL_TYPE, TCL_LENGTH, TCL_MANDATORY_FL, TCL_DELETE_FL, TCL_VERSION_ID,
PTN_ID ) VALUES ( 
2006, 223, NULL, 'tbd_id', 'tbd_id', 2, 'N', 'int', 10, 'Y', 'N', 1, 1); 
INSERT INTO TABLE_COLUMN ( TCL_ID, TBD_ID, ENT_ID, TCL_NAME, TCL_DISPLAY, TCL_ORDER_NO,
TCL_PRIMARY_KEY_FL, TCL_TYPE, TCL_LENGTH, TCL_MANDATORY_FL, TCL_DELETE_FL, TCL_VERSION_ID,
PTN_ID ) VALUES ( 
2007, 223, NULL, 'tin_id', 'tin_id', 3, 'N', 'int', 10, 'N', 'N', 1, 1); 
INSERT INTO TABLE_COLUMN ( TCL_ID, TBD_ID, ENT_ID, TCL_NAME, TCL_DISPLAY, TCL_ORDER_NO,
TCL_PRIMARY_KEY_FL, TCL_TYPE, TCL_LENGTH, TCL_MANDATORY_FL, TCL_DELETE_FL, TCL_VERSION_ID,
PTN_ID ) VALUES ( 
2008, 223, NULL, 'sqf_table_alias', 'sqf_table_alias', 4, 'N', 'string', 255, 'Y'
, 'N', 1, 1); 
INSERT INTO TABLE_COLUMN ( TCL_ID, TBD_ID, ENT_ID, TCL_NAME, TCL_DISPLAY, TCL_ORDER_NO,
TCL_PRIMARY_KEY_FL, TCL_TYPE, TCL_LENGTH, TCL_MANDATORY_FL, TCL_DELETE_FL, TCL_VERSION_ID,
PTN_ID ) VALUES ( 
2009, 223, NULL, 'sqf_order_no', 'sqf_order_no', 5, 'N', 'int', 10, 'Y', 'N', 1, 1); 
INSERT INTO TABLE_COLUMN ( TCL_ID, TBD_ID, ENT_ID, TCL_NAME, TCL_DISPLAY, TCL_ORDER_NO,
TCL_PRIMARY_KEY_FL, TCL_TYPE, TCL_LENGTH, TCL_MANDATORY_FL, TCL_DELETE_FL, TCL_VERSION_ID,
PTN_ID ) VALUES ( 
2010, 223, NULL, 'sqf_join_type', 'sqf_join_type', 6, 'N', 'string', 255, 'N', 'N'
, 1, 1); 
INSERT INTO TABLE_COLUMN ( TCL_ID, TBD_ID, ENT_ID, TCL_NAME, TCL_DISPLAY, TCL_ORDER_NO,
TCL_PRIMARY_KEY_FL, TCL_TYPE, TCL_LENGTH, TCL_MANDATORY_FL, TCL_DELETE_FL, TCL_VERSION_ID,
PTN_ID ) VALUES ( 
2011, 223, NULL, 'sqf_column1', 'sqf_column1', 7, 'N', 'string', 255, 'N', 'N', 1
, 1); 
INSERT INTO TABLE_COLUMN ( TCL_ID, TBD_ID, ENT_ID, TCL_NAME, TCL_DISPLAY, TCL_ORDER_NO,
TCL_PRIMARY_KEY_FL, TCL_TYPE, TCL_LENGTH, TCL_MANDATORY_FL, TCL_DELETE_FL, TCL_VERSION_ID,
PTN_ID ) VALUES ( 
2012, 223, NULL, 'sqf_operator', 'sqf_operator', 8, 'N', 'string', 255, 'N', 'N', 1
, 1); 
INSERT INTO TABLE_COLUMN ( TCL_ID, TBD_ID, ENT_ID, TCL_NAME, TCL_DISPLAY, TCL_ORDER_NO,
TCL_PRIMARY_KEY_FL, TCL_TYPE, TCL_LENGTH, TCL_MANDATORY_FL, TCL_DELETE_FL, TCL_VERSION_ID,
PTN_ID ) VALUES ( 
2013, 223, NULL, 'sqf_column2', 'sqf_column2', 9, 'N', 'string', 255, 'N', 'N', 1
, 1); 
INSERT INTO TABLE_COLUMN ( TCL_ID, TBD_ID, ENT_ID, TCL_NAME, TCL_DISPLAY, TCL_ORDER_NO,
TCL_PRIMARY_KEY_FL, TCL_TYPE, TCL_LENGTH, TCL_MANDATORY_FL, TCL_DELETE_FL, TCL_VERSION_ID,
PTN_ID ) VALUES ( 
2014, 223, NULL, 'sqf_delete_fl', 'sqf_delete_fl', 10, 'N', 'bool', 1, 'Y', 'N', 1
, 1); 
INSERT INTO TABLE_COLUMN ( TCL_ID, TBD_ID, ENT_ID, TCL_NAME, TCL_DISPLAY, TCL_ORDER_NO,
TCL_PRIMARY_KEY_FL, TCL_TYPE, TCL_LENGTH, TCL_MANDATORY_FL, TCL_DELETE_FL, TCL_VERSION_ID,
PTN_ID ) VALUES ( 
2015, 223, NULL, 'sqf_version_id', 'sqf_version_id', 11, 'N', 'int', 10, 'Y', 'N'
, 1, 1); 
INSERT INTO TABLE_COLUMN ( TCL_ID, TBD_ID, ENT_ID, TCL_NAME, TCL_DISPLAY, TCL_ORDER_NO,
TCL_PRIMARY_KEY_FL, TCL_TYPE, TCL_LENGTH, TCL_MANDATORY_FL, TCL_DELETE_FL, TCL_VERSION_ID,
PTN_ID ) VALUES ( 
2016, 223, NULL, 'ptn_id', 'ptn_id', 12, 'N', 'int', 10, 'Y', 'N', 1, 1); 
INSERT INTO TABLE_COLUMN ( TCL_ID, TBD_ID, ENT_ID, TCL_NAME, TCL_DISPLAY, TCL_ORDER_NO,
TCL_PRIMARY_KEY_FL, TCL_TYPE, TCL_LENGTH, TCL_MANDATORY_FL, TCL_DELETE_FL, TCL_VERSION_ID,
PTN_ID ) VALUES ( 
2017, 224, NULL, 'urp_id', 'urp_id', 0, 'Y', 'int', 10, 'Y', 'N', 1, 1); 
INSERT INTO TABLE_COLUMN ( TCL_ID, TBD_ID, ENT_ID, TCL_NAME, TCL_DISPLAY, TCL_ORDER_NO,
TCL_PRIMARY_KEY_FL, TCL_TYPE, TCL_LENGTH, TCL_MANDATORY_FL, TCL_DELETE_FL, TCL_VERSION_ID,
PTN_ID ) VALUES ( 
2018, 224, NULL, 'usr_id', 'usr_id', 1, 'N', 'int', 10, 'Y', 'N', 1, 1); 
INSERT INTO TABLE_COLUMN ( TCL_ID, TBD_ID, ENT_ID, TCL_NAME, TCL_DISPLAY, TCL_ORDER_NO,
TCL_PRIMARY_KEY_FL, TCL_TYPE, TCL_LENGTH, TCL_MANDATORY_FL, TCL_DELETE_FL, TCL_VERSION_ID,
PTN_ID ) VALUES ( 
2019, 224, NULL, 'rol_id', 'rol_id', 2, 'N', 'int', 10, 'Y', 'N', 1, 1); 
INSERT INTO TABLE_COLUMN ( TCL_ID, TBD_ID, ENT_ID, TCL_NAME, TCL_DISPLAY, TCL_ORDER_NO,
TCL_PRIMARY_KEY_FL, TCL_TYPE, TCL_LENGTH, TCL_MANDATORY_FL, TCL_DELETE_FL, TCL_VERSION_ID,
PTN_ID ) VALUES ( 
2020, 224, NULL, 'urp_ptn_id', 'urp_ptn_id', 3, 'N', 'int', 10, 'Y', 'N', 1, 1); 
INSERT INTO TABLE_COLUMN ( TCL_ID, TBD_ID, ENT_ID, TCL_NAME, TCL_DISPLAY, TCL_ORDER_NO,
TCL_PRIMARY_KEY_FL, TCL_TYPE, TCL_LENGTH, TCL_MANDATORY_FL, TCL_DELETE_FL, TCL_VERSION_ID,
PTN_ID ) VALUES ( 
2021, 224, NULL, 'urp_delete_fl', 'urp_delete_fl', 4, 'N', 'bool', 1, 'Y', 'N', 1
, 1); 
INSERT INTO TABLE_COLUMN ( TCL_ID, TBD_ID, ENT_ID, TCL_NAME, TCL_DISPLAY, TCL_ORDER_NO,
TCL_PRIMARY_KEY_FL, TCL_TYPE, TCL_LENGTH, TCL_MANDATORY_FL, TCL_DELETE_FL, TCL_VERSION_ID,
PTN_ID ) VALUES ( 
2022, 224, NULL, 'urp_version_id', 'urp_version_id', 5, 'N', 'int', 10, 'Y', 'N', 1
, 1); 
INSERT INTO TABLE_COLUMN ( TCL_ID, TBD_ID, ENT_ID, TCL_NAME, TCL_DISPLAY, TCL_ORDER_NO,
TCL_PRIMARY_KEY_FL, TCL_TYPE, TCL_LENGTH, TCL_MANDATORY_FL, TCL_DELETE_FL, TCL_VERSION_ID,
PTN_ID ) VALUES ( 
2023, 224, NULL, 'ptn_id', 'ptn_id', 6, 'N', 'int', 10, 'Y', 'N', 1, 1); 
INSERT INTO TABLE_COLUMN ( TCL_ID, TBD_ID, ENT_ID, TCL_NAME, TCL_DISPLAY, TCL_ORDER_NO,
TCL_PRIMARY_KEY_FL, TCL_TYPE, TCL_LENGTH, TCL_MANDATORY_FL, TCL_DELETE_FL, TCL_VERSION_ID,
PTN_ID ) VALUES ( 
2024, 225, NULL, 'ifg_id', 'ifg_id', 0, 'Y', 'int', 10, 'Y', 'N', 1, 1); 
INSERT INTO TABLE_COLUMN ( TCL_ID, TBD_ID, ENT_ID, TCL_NAME, TCL_DISPLAY, TCL_ORDER_NO,
TCL_PRIMARY_KEY_FL, TCL_TYPE, TCL_LENGTH, TCL_MANDATORY_FL, TCL_DELETE_FL, TCL_VERSION_ID,
PTN_ID ) VALUES ( 
2025, 225, NULL, 'ifg_name', 'ifg_name', 1, 'N', 'string', 255, 'Y', 'N', 1, 1); 
INSERT INTO TABLE_COLUMN ( TCL_ID, TBD_ID, ENT_ID, TCL_NAME, TCL_DISPLAY, TCL_ORDER_NO,
TCL_PRIMARY_KEY_FL, TCL_TYPE, TCL_LENGTH, TCL_MANDATORY_FL, TCL_DELETE_FL, TCL_VERSION_ID,
PTN_ID ) VALUES ( 
2026, 225, NULL, 'img_id', 'img_id', 2, 'N', 'int', 10, 'N', 'N', 1, 1); 
INSERT INTO TABLE_COLUMN ( TCL_ID, TBD_ID, ENT_ID, TCL_NAME, TCL_DISPLAY, TCL_ORDER_NO,
TCL_PRIMARY_KEY_FL, TCL_TYPE, TCL_LENGTH, TCL_MANDATORY_FL, TCL_DELETE_FL, TCL_VERSION_ID,
PTN_ID ) VALUES ( 
2027, 225, NULL, 'ifg_delete_fl', 'ifg_delete_fl', 3, 'N', 'bool', 1, 'Y', 'N', 1
, 1); 
INSERT INTO TABLE_COLUMN ( TCL_ID, TBD_ID, ENT_ID, TCL_NAME, TCL_DISPLAY, TCL_ORDER_NO,
TCL_PRIMARY_KEY_FL, TCL_TYPE, TCL_LENGTH, TCL_MANDATORY_FL, TCL_DELETE_FL, TCL_VERSION_ID,
PTN_ID ) VALUES ( 
2028, 225, NULL, 'ifg_version_id', 'ifg_version_id', 4, 'N', 'int', 10, 'Y', 'N', 1
, 1); 
INSERT INTO TABLE_COLUMN ( TCL_ID, TBD_ID, ENT_ID, TCL_NAME, TCL_DISPLAY, TCL_ORDER_NO,
TCL_PRIMARY_KEY_FL, TCL_TYPE, TCL_LENGTH, TCL_MANDATORY_FL, TCL_DELETE_FL, TCL_VERSION_ID,
PTN_ID ) VALUES ( 
2029, 225, NULL, 'ptn_id', 'ptn_id', 5, 'N', 'int', 10, 'Y', 'N', 1, 1); 
INSERT INTO TABLE_COLUMN ( TCL_ID, TBD_ID, ENT_ID, TCL_NAME, TCL_DISPLAY, TCL_ORDER_NO,
TCL_PRIMARY_KEY_FL, TCL_TYPE, TCL_LENGTH, TCL_MANDATORY_FL, TCL_DELETE_FL, TCL_VERSION_ID,
PTN_ID ) VALUES ( 
2030, 226, NULL, 'upw_id', 'upw_id', 0, 'Y', 'int', 10, 'Y', 'N', 1, 1); 
INSERT INTO TABLE_COLUMN ( TCL_ID, TBD_ID, ENT_ID, TCL_NAME, TCL_DISPLAY, TCL_ORDER_NO,
TCL_PRIMARY_KEY_FL, TCL_TYPE, TCL_LENGTH, TCL_MANDATORY_FL, TCL_DELETE_FL, TCL_VERSION_ID,
PTN_ID ) VALUES ( 
2031, 226, NULL, 'upw_changing_usr_id', 'upw_changing_usr_id', 1, 'N', 'int', 10, 'Y'
, 'N', 1, 1); 
INSERT INTO TABLE_COLUMN ( TCL_ID, TBD_ID, ENT_ID, TCL_NAME, TCL_DISPLAY, TCL_ORDER_NO,
TCL_PRIMARY_KEY_FL, TCL_TYPE, TCL_LENGTH, TCL_MANDATORY_FL, TCL_DELETE_FL, TCL_VERSION_ID,
PTN_ID ) VALUES ( 
2032, 226, NULL, 'upw_effected_usr_id', 'upw_effected_usr_id', 2, 'N', 'int', 10, 'Y'
, 'N', 1, 1); 
INSERT INTO TABLE_COLUMN ( TCL_ID, TBD_ID, ENT_ID, TCL_NAME, TCL_DISPLAY, TCL_ORDER_NO,
TCL_PRIMARY_KEY_FL, TCL_TYPE, TCL_LENGTH, TCL_MANDATORY_FL, TCL_DELETE_FL, TCL_VERSION_ID,
PTN_ID ) VALUES ( 
2033, 226, NULL, 'upw_dttm', 'upw_dttm', 3, 'N', 'datetime', -1, 'Y', 'N', 1, 1); 
INSERT INTO TABLE_COLUMN ( TCL_ID, TBD_ID, ENT_ID, TCL_NAME, TCL_DISPLAY, TCL_ORDER_NO,
TCL_PRIMARY_KEY_FL, TCL_TYPE, TCL_LENGTH, TCL_MANDATORY_FL, TCL_DELETE_FL, TCL_VERSION_ID,
PTN_ID ) VALUES ( 
2034, 226, NULL, 'upw_password', 'upw_password', 4, 'N', 'string', 255, 'Y', 'N', 1
, 1); 
INSERT INTO TABLE_COLUMN ( TCL_ID, TBD_ID, ENT_ID, TCL_NAME, TCL_DISPLAY, TCL_ORDER_NO,
TCL_PRIMARY_KEY_FL, TCL_TYPE, TCL_LENGTH, TCL_MANDATORY_FL, TCL_DELETE_FL, TCL_VERSION_ID,
PTN_ID ) VALUES ( 
2035, 226, NULL, 'upw_reset_fl', 'upw_reset_fl', 5, 'N', 'bool', 1, 'Y', 'N', 1, 1); 
INSERT INTO TABLE_COLUMN ( TCL_ID, TBD_ID, ENT_ID, TCL_NAME, TCL_DISPLAY, TCL_ORDER_NO,
TCL_PRIMARY_KEY_FL, TCL_TYPE, TCL_LENGTH, TCL_MANDATORY_FL, TCL_DELETE_FL, TCL_VERSION_ID,
PTN_ID ) VALUES ( 
2036, 226, NULL, 'upw_delete_fl', 'upw_delete_fl', 6, 'N', 'bool', 1, 'Y', 'N', 1
, 1); 
INSERT INTO TABLE_COLUMN ( TCL_ID, TBD_ID, ENT_ID, TCL_NAME, TCL_DISPLAY, TCL_ORDER_NO,
TCL_PRIMARY_KEY_FL, TCL_TYPE, TCL_LENGTH, TCL_MANDATORY_FL, TCL_DELETE_FL, TCL_VERSION_ID,
PTN_ID ) VALUES ( 
2037, 226, NULL, 'upw_version_id', 'upw_version_id', 7, 'N', 'int', 10, 'Y', 'N', 1
, 1); 
INSERT INTO TABLE_COLUMN ( TCL_ID, TBD_ID, ENT_ID, TCL_NAME, TCL_DISPLAY, TCL_ORDER_NO,
TCL_PRIMARY_KEY_FL, TCL_TYPE, TCL_LENGTH, TCL_MANDATORY_FL, TCL_DELETE_FL, TCL_VERSION_ID,
PTN_ID ) VALUES ( 
2038, 226, NULL, 'ptn_id', 'ptn_id', 8, 'N', 'int', 10, 'Y', 'N', 1, 1); 
INSERT INTO TABLE_COLUMN ( TCL_ID, TBD_ID, ENT_ID, TCL_NAME, TCL_DISPLAY, TCL_ORDER_NO,
TCL_PRIMARY_KEY_FL, TCL_TYPE, TCL_LENGTH, TCL_MANDATORY_FL, TCL_DELETE_FL, TCL_VERSION_ID,
PTN_ID ) VALUES ( 
2039, 227, NULL, 'alg_id', 'alg_id', 0, 'Y', 'int', 10, 'Y', 'N', 1, 1); 
INSERT INTO TABLE_COLUMN ( TCL_ID, TBD_ID, ENT_ID, TCL_NAME, TCL_DISPLAY, TCL_ORDER_NO,
TCL_PRIMARY_KEY_FL, TCL_TYPE, TCL_LENGTH, TCL_MANDATORY_FL, TCL_DELETE_FL, TCL_VERSION_ID,
PTN_ID ) VALUES ( 
2040, 227, NULL, 'alg_name', 'alg_name', 1, 'N', 'string', 255, 'Y', 'N', 1, 1); 
INSERT INTO TABLE_COLUMN ( TCL_ID, TBD_ID, ENT_ID, TCL_NAME, TCL_DISPLAY, TCL_ORDER_NO,
TCL_PRIMARY_KEY_FL, TCL_TYPE, TCL_LENGTH, TCL_MANDATORY_FL, TCL_DELETE_FL, TCL_VERSION_ID,
PTN_ID ) VALUES ( 
2041, 227, NULL, 'alg_system_fl', 'alg_system_fl', 2, 'N', 'bool', 1, 'Y', 'N', 1
, 1); 
INSERT INTO TABLE_COLUMN ( TCL_ID, TBD_ID, ENT_ID, TCL_NAME, TCL_DISPLAY, TCL_ORDER_NO,
TCL_PRIMARY_KEY_FL, TCL_TYPE, TCL_LENGTH, TCL_MANDATORY_FL, TCL_DELETE_FL, TCL_VERSION_ID,
PTN_ID ) VALUES ( 
2042, 227, NULL, 'alg_guide_ent_id', 'alg_guide_ent_id', 3, 'N', 'int', 10, 'Y', 'N'
, 1, 1); 
INSERT INTO TABLE_COLUMN ( TCL_ID, TBD_ID, ENT_ID, TCL_NAME, TCL_DISPLAY, TCL_ORDER_NO,
TCL_PRIMARY_KEY_FL, TCL_TYPE, TCL_LENGTH, TCL_MANDATORY_FL, TCL_DELETE_FL, TCL_VERSION_ID,
PTN_ID ) VALUES ( 
2043, 227, NULL, 'alg_result_ent_id', 'alg_result_ent_id', 4, 'N', 'int', 10, 'N'
, 'N', 1, 1); 
INSERT INTO TABLE_COLUMN ( TCL_ID, TBD_ID, ENT_ID, TCL_NAME, TCL_DISPLAY, TCL_ORDER_NO,
TCL_PRIMARY_KEY_FL, TCL_TYPE, TCL_LENGTH, TCL_MANDATORY_FL, TCL_DELETE_FL, TCL_VERSION_ID,
PTN_ID ) VALUES ( 
2044, 227, NULL, 'alg_result_cmp_id', 'alg_result_cmp_id', 5, 'N', 'int', 10, 'N'
, 'N', 1, 1); 
INSERT INTO TABLE_COLUMN ( TCL_ID, TBD_ID, ENT_ID, TCL_NAME, TCL_DISPLAY, TCL_ORDER_NO,
TCL_PRIMARY_KEY_FL, TCL_TYPE, TCL_LENGTH, TCL_MANDATORY_FL, TCL_DELETE_FL, TCL_VERSION_ID,
PTN_ID ) VALUES ( 
2045, 227, NULL, 'alg_delete_fl', 'alg_delete_fl', 6, 'N', 'bool', 1, 'Y', 'N', 1
, 1); 
INSERT INTO TABLE_COLUMN ( TCL_ID, TBD_ID, ENT_ID, TCL_NAME, TCL_DISPLAY, TCL_ORDER_NO,
TCL_PRIMARY_KEY_FL, TCL_TYPE, TCL_LENGTH, TCL_MANDATORY_FL, TCL_DELETE_FL, TCL_VERSION_ID,
PTN_ID ) VALUES ( 
2046, 227, NULL, 'alg_version_id', 'alg_version_id', 7, 'N', 'int', 10, 'Y', 'N', 1
, 1); 
COMMIT;
INSERT INTO TABLE_COLUMN ( TCL_ID, TBD_ID, ENT_ID, TCL_NAME, TCL_DISPLAY, TCL_ORDER_NO,
TCL_PRIMARY_KEY_FL, TCL_TYPE, TCL_LENGTH, TCL_MANDATORY_FL, TCL_DELETE_FL, TCL_VERSION_ID,
PTN_ID ) VALUES ( 
2047, 227, NULL, 'ptn_id', 'ptn_id', 8, 'N', 'int', 10, 'Y', 'N', 1, 1); 
INSERT INTO TABLE_COLUMN ( TCL_ID, TBD_ID, ENT_ID, TCL_NAME, TCL_DISPLAY, TCL_ORDER_NO,
TCL_PRIMARY_KEY_FL, TCL_TYPE, TCL_LENGTH, TCL_MANDATORY_FL, TCL_DELETE_FL, TCL_VERSION_ID,
PTN_ID ) VALUES ( 
2048, 228, NULL, 'act_id', 'act_id', 0, 'Y', 'int', 10, 'Y', 'N', 1, 1); 
INSERT INTO TABLE_COLUMN ( TCL_ID, TBD_ID, ENT_ID, TCL_NAME, TCL_DISPLAY, TCL_ORDER_NO,
TCL_PRIMARY_KEY_FL, TCL_TYPE, TCL_LENGTH, TCL_MANDATORY_FL, TCL_DELETE_FL, TCL_VERSION_ID,
PTN_ID ) VALUES ( 
2049, 228, NULL, 'cmp_id', 'cmp_id', 1, 'N', 'int', 10, 'Y', 'N', 1, 1); 
INSERT INTO TABLE_COLUMN ( TCL_ID, TBD_ID, ENT_ID, TCL_NAME, TCL_DISPLAY, TCL_ORDER_NO,
TCL_PRIMARY_KEY_FL, TCL_TYPE, TCL_LENGTH, TCL_MANDATORY_FL, TCL_DELETE_FL, TCL_VERSION_ID,
PTN_ID ) VALUES ( 
2050, 228, NULL, 'act_name', 'act_name', 2, 'N', 'string', 255, 'Y', 'N', 1, 1); 
INSERT INTO TABLE_COLUMN ( TCL_ID, TBD_ID, ENT_ID, TCL_NAME, TCL_DISPLAY, TCL_ORDER_NO,
TCL_PRIMARY_KEY_FL, TCL_TYPE, TCL_LENGTH, TCL_MANDATORY_FL, TCL_DELETE_FL, TCL_VERSION_ID,
PTN_ID ) VALUES ( 
2051, 228, NULL, 'act_delete_fl', 'act_delete_fl', 3, 'N', 'bool', 1, 'Y', 'N', 1
, 1); 
INSERT INTO TABLE_COLUMN ( TCL_ID, TBD_ID, ENT_ID, TCL_NAME, TCL_DISPLAY, TCL_ORDER_NO,
TCL_PRIMARY_KEY_FL, TCL_TYPE, TCL_LENGTH, TCL_MANDATORY_FL, TCL_DELETE_FL, TCL_VERSION_ID,
PTN_ID ) VALUES ( 
2052, 228, NULL, 'act_version_id', 'act_version_id', 4, 'N', 'int', 10, 'Y', 'N', 1
, 1); 
INSERT INTO TABLE_COLUMN ( TCL_ID, TBD_ID, ENT_ID, TCL_NAME, TCL_DISPLAY, TCL_ORDER_NO,
TCL_PRIMARY_KEY_FL, TCL_TYPE, TCL_LENGTH, TCL_MANDATORY_FL, TCL_DELETE_FL, TCL_VERSION_ID,
PTN_ID ) VALUES ( 
2053, 228, NULL, 'ptn_id', 'ptn_id', 5, 'N', 'int', 10, 'Y', 'N', 1, 1); 
INSERT INTO TABLE_COLUMN ( TCL_ID, TBD_ID, ENT_ID, TCL_NAME, TCL_DISPLAY, TCL_ORDER_NO,
TCL_PRIMARY_KEY_FL, TCL_TYPE, TCL_LENGTH, TCL_MANDATORY_FL, TCL_DELETE_FL, TCL_VERSION_ID,
PTN_ID ) VALUES ( 
2054, 229, NULL, 'ctt_id', 'ctt_id', 0, 'Y', 'int', 10, 'Y', 'N', 1, 1); 
INSERT INTO TABLE_COLUMN ( TCL_ID, TBD_ID, ENT_ID, TCL_NAME, TCL_DISPLAY, TCL_ORDER_NO,
TCL_PRIMARY_KEY_FL, TCL_TYPE, TCL_LENGTH, TCL_MANDATORY_FL, TCL_DELETE_FL, TCL_VERSION_ID,
PTN_ID ) VALUES ( 
2055, 229, NULL, 'cds_id', 'cds_id', 1, 'N', 'int', 10, 'Y', 'N', 1, 1); 
INSERT INTO TABLE_COLUMN ( TCL_ID, TBD_ID, ENT_ID, TCL_NAME, TCL_DISPLAY, TCL_ORDER_NO,
TCL_PRIMARY_KEY_FL, TCL_TYPE, TCL_LENGTH, TCL_MANDATORY_FL, TCL_DELETE_FL, TCL_VERSION_ID,
PTN_ID ) VALUES ( 
2056, 229, NULL, 'tea_id', 'tea_id', 2, 'N', 'int', 10, 'Y', 'N', 1, 1); 
INSERT INTO TABLE_COLUMN ( TCL_ID, TBD_ID, ENT_ID, TCL_NAME, TCL_DISPLAY, TCL_ORDER_NO,
TCL_PRIMARY_KEY_FL, TCL_TYPE, TCL_LENGTH, TCL_MANDATORY_FL, TCL_DELETE_FL, TCL_VERSION_ID,
PTN_ID ) VALUES ( 
2057, 229, NULL, 'ctt_browse_fl', 'ctt_browse_fl', 3, 'N', 'bool', 1, 'Y', 'N', 1
, 1); 
INSERT INTO TABLE_COLUMN ( TCL_ID, TBD_ID, ENT_ID, TCL_NAME, TCL_DISPLAY, TCL_ORDER_NO,
TCL_PRIMARY_KEY_FL, TCL_TYPE, TCL_LENGTH, TCL_MANDATORY_FL, TCL_DELETE_FL, TCL_VERSION_ID,
PTN_ID ) VALUES ( 
2058, 229, NULL, 'ctt_edit_fl', 'ctt_edit_fl', 4, 'N', 'bool', 1, 'Y', 'N', 1, 1); 
INSERT INTO TABLE_COLUMN ( TCL_ID, TBD_ID, ENT_ID, TCL_NAME, TCL_DISPLAY, TCL_ORDER_NO,
TCL_PRIMARY_KEY_FL, TCL_TYPE, TCL_LENGTH, TCL_MANDATORY_FL, TCL_DELETE_FL, TCL_VERSION_ID,
PTN_ID ) VALUES ( 
2059, 229, NULL, 'ctt_delete_fl', 'ctt_delete_fl', 5, 'N', 'bool', 1, 'Y', 'N', 1
, 1); 
INSERT INTO TABLE_COLUMN ( TCL_ID, TBD_ID, ENT_ID, TCL_NAME, TCL_DISPLAY, TCL_ORDER_NO,
TCL_PRIMARY_KEY_FL, TCL_TYPE, TCL_LENGTH, TCL_MANDATORY_FL, TCL_DELETE_FL, TCL_VERSION_ID,
PTN_ID ) VALUES ( 
2060, 229, NULL, 'ctt_version_id', 'ctt_version_id', 6, 'N', 'int', 10, 'Y', 'N', 1
, 1); 
INSERT INTO TABLE_COLUMN ( TCL_ID, TBD_ID, ENT_ID, TCL_NAME, TCL_DISPLAY, TCL_ORDER_NO,
TCL_PRIMARY_KEY_FL, TCL_TYPE, TCL_LENGTH, TCL_MANDATORY_FL, TCL_DELETE_FL, TCL_VERSION_ID,
PTN_ID ) VALUES ( 
2061, 229, NULL, 'ptn_id', 'ptn_id', 7, 'N', 'int', 10, 'Y', 'N', 1, 1); 
INSERT INTO TABLE_COLUMN ( TCL_ID, TBD_ID, ENT_ID, TCL_NAME, TCL_DISPLAY, TCL_ORDER_NO,
TCL_PRIMARY_KEY_FL, TCL_TYPE, TCL_LENGTH, TCL_MANDATORY_FL, TCL_DELETE_FL, TCL_VERSION_ID,
PTN_ID ) VALUES ( 
2062, 230, NULL, 'upn_id', 'upn_id', 0, 'Y', 'int', 10, 'Y', 'N', 1, 1); 
INSERT INTO TABLE_COLUMN ( TCL_ID, TBD_ID, ENT_ID, TCL_NAME, TCL_DISPLAY, TCL_ORDER_NO,
TCL_PRIMARY_KEY_FL, TCL_TYPE, TCL_LENGTH, TCL_MANDATORY_FL, TCL_DELETE_FL, TCL_VERSION_ID,
PTN_ID ) VALUES ( 
2063, 230, NULL, 'usg_id', 'usg_id', 1, 'N', 'int', 10, 'Y', 'N', 1, 1); 
INSERT INTO TABLE_COLUMN ( TCL_ID, TBD_ID, ENT_ID, TCL_NAME, TCL_DISPLAY, TCL_ORDER_NO,
TCL_PRIMARY_KEY_FL, TCL_TYPE, TCL_LENGTH, TCL_MANDATORY_FL, TCL_DELETE_FL, TCL_VERSION_ID,
PTN_ID ) VALUES ( 
2064, 230, NULL, 'upn_name', 'upn_name', 2, 'N', 'string', 255, 'Y', 'N', 1, 1); 
INSERT INTO TABLE_COLUMN ( TCL_ID, TBD_ID, ENT_ID, TCL_NAME, TCL_DISPLAY, TCL_ORDER_NO,
TCL_PRIMARY_KEY_FL, TCL_TYPE, TCL_LENGTH, TCL_MANDATORY_FL, TCL_DELETE_FL, TCL_VERSION_ID,
PTN_ID ) VALUES ( 
2065, 230, NULL, 'upn_from', 'upn_from', 3, 'N', 'string', 255, 'N', 'N', 1, 1); 
INSERT INTO TABLE_COLUMN ( TCL_ID, TBD_ID, ENT_ID, TCL_NAME, TCL_DISPLAY, TCL_ORDER_NO,
TCL_PRIMARY_KEY_FL, TCL_TYPE, TCL_LENGTH, TCL_MANDATORY_FL, TCL_DELETE_FL, TCL_VERSION_ID,
PTN_ID ) VALUES ( 
2066, 230, NULL, 'upn_to', 'upn_to', 4, 'N', 'string', 255, 'N', 'N', 1, 1); 
INSERT INTO TABLE_COLUMN ( TCL_ID, TBD_ID, ENT_ID, TCL_NAME, TCL_DISPLAY, TCL_ORDER_NO,
TCL_PRIMARY_KEY_FL, TCL_TYPE, TCL_LENGTH, TCL_MANDATORY_FL, TCL_DELETE_FL, TCL_VERSION_ID,
PTN_ID ) VALUES ( 
2067, 230, NULL, 'upn_suffix', 'upn_suffix', 5, 'N', 'string', 255, 'N', 'N', 1, 1); 
INSERT INTO TABLE_COLUMN ( TCL_ID, TBD_ID, ENT_ID, TCL_NAME, TCL_DISPLAY, TCL_ORDER_NO,
TCL_PRIMARY_KEY_FL, TCL_TYPE, TCL_LENGTH, TCL_MANDATORY_FL, TCL_DELETE_FL, TCL_VERSION_ID,
PTN_ID ) VALUES ( 
2068, 230, NULL, 'upn_index_fl', 'upn_index_fl', 6, 'N', 'bool', 1, 'Y', 'N', 1, 1); 
INSERT INTO TABLE_COLUMN ( TCL_ID, TBD_ID, ENT_ID, TCL_NAME, TCL_DISPLAY, TCL_ORDER_NO,
TCL_PRIMARY_KEY_FL, TCL_TYPE, TCL_LENGTH, TCL_MANDATORY_FL, TCL_DELETE_FL, TCL_VERSION_ID,
PTN_ID ) VALUES ( 
2069, 230, NULL, 'upn_delete_fl', 'upn_delete_fl', 7, 'N', 'bool', 1, 'Y', 'N', 1
, 1); 
INSERT INTO TABLE_COLUMN ( TCL_ID, TBD_ID, ENT_ID, TCL_NAME, TCL_DISPLAY, TCL_ORDER_NO,
TCL_PRIMARY_KEY_FL, TCL_TYPE, TCL_LENGTH, TCL_MANDATORY_FL, TCL_DELETE_FL, TCL_VERSION_ID,
PTN_ID ) VALUES ( 
2070, 230, NULL, 'upn_version_id', 'upn_version_id', 8, 'N', 'int', 10, 'Y', 'N', 1
, 1); 
INSERT INTO TABLE_COLUMN ( TCL_ID, TBD_ID, ENT_ID, TCL_NAME, TCL_DISPLAY, TCL_ORDER_NO,
TCL_PRIMARY_KEY_FL, TCL_TYPE, TCL_LENGTH, TCL_MANDATORY_FL, TCL_DELETE_FL, TCL_VERSION_ID,
PTN_ID ) VALUES ( 
2071, 230, NULL, 'ptn_id', 'ptn_id', 9, 'N', 'int', 10, 'Y', 'N', 1, 1); 
INSERT INTO TABLE_COLUMN ( TCL_ID, TBD_ID, ENT_ID, TCL_NAME, TCL_DISPLAY, TCL_ORDER_NO,
TCL_PRIMARY_KEY_FL, TCL_TYPE, TCL_LENGTH, TCL_MANDATORY_FL, TCL_DELETE_FL, TCL_VERSION_ID,
PTN_ID ) VALUES ( 
2072, 231, NULL, 'ccr_id', 'ccr_id', 0, 'Y', 'int', 10, 'Y', 'N', 1, 1); 
INSERT INTO TABLE_COLUMN ( TCL_ID, TBD_ID, ENT_ID, TCL_NAME, TCL_DISPLAY, TCL_ORDER_NO,
TCL_PRIMARY_KEY_FL, TCL_TYPE, TCL_LENGTH, TCL_MANDATORY_FL, TCL_DELETE_FL, TCL_VERSION_ID,
PTN_ID ) VALUES ( 
2073, 231, NULL, 'chr_id', 'chr_id', 1, 'N', 'int', 10, 'Y', 'N', 1, 1); 
INSERT INTO TABLE_COLUMN ( TCL_ID, TBD_ID, ENT_ID, TCL_NAME, TCL_DISPLAY, TCL_ORDER_NO,
TCL_PRIMARY_KEY_FL, TCL_TYPE, TCL_LENGTH, TCL_MANDATORY_FL, TCL_DELETE_FL, TCL_VERSION_ID,
PTN_ID ) VALUES ( 
2074, 231, NULL, 'ccr_max_range', 'ccr_max_range', 2, 'N', 'int', 10, 'Y', 'N', 1
, 1); 
INSERT INTO TABLE_COLUMN ( TCL_ID, TBD_ID, ENT_ID, TCL_NAME, TCL_DISPLAY, TCL_ORDER_NO,
TCL_PRIMARY_KEY_FL, TCL_TYPE, TCL_LENGTH, TCL_MANDATORY_FL, TCL_DELETE_FL, TCL_VERSION_ID,
PTN_ID ) VALUES ( 
2075, 231, NULL, 'ccr_min_range', 'ccr_min_range', 3, 'N', 'int', 10, 'Y', 'N', 1
, 1); 
INSERT INTO TABLE_COLUMN ( TCL_ID, TBD_ID, ENT_ID, TCL_NAME, TCL_DISPLAY, TCL_ORDER_NO,
TCL_PRIMARY_KEY_FL, TCL_TYPE, TCL_LENGTH, TCL_MANDATORY_FL, TCL_DELETE_FL, TCL_VERSION_ID,
PTN_ID ) VALUES ( 
2076, 231, NULL, 'ccr_min_label', 'ccr_min_label', 4, 'N', 'string', 255, 'N', 'N'
, 1, 1); 
INSERT INTO TABLE_COLUMN ( TCL_ID, TBD_ID, ENT_ID, TCL_NAME, TCL_DISPLAY, TCL_ORDER_NO,
TCL_PRIMARY_KEY_FL, TCL_TYPE, TCL_LENGTH, TCL_MANDATORY_FL, TCL_DELETE_FL, TCL_VERSION_ID,
PTN_ID ) VALUES ( 
2077, 231, NULL, 'ccr_max_label', 'ccr_max_label', 5, 'N', 'string', 255, 'N', 'N'
, 1, 1); 
INSERT INTO TABLE_COLUMN ( TCL_ID, TBD_ID, ENT_ID, TCL_NAME, TCL_DISPLAY, TCL_ORDER_NO,
TCL_PRIMARY_KEY_FL, TCL_TYPE, TCL_LENGTH, TCL_MANDATORY_FL, TCL_DELETE_FL, TCL_VERSION_ID,
PTN_ID ) VALUES ( 
2078, 231, NULL, 'ccr_color', 'ccr_color', 6, 'N', 'string', 255, 'N', 'N', 1, 1); 
INSERT INTO TABLE_COLUMN ( TCL_ID, TBD_ID, ENT_ID, TCL_NAME, TCL_DISPLAY, TCL_ORDER_NO,
TCL_PRIMARY_KEY_FL, TCL_TYPE, TCL_LENGTH, TCL_MANDATORY_FL, TCL_DELETE_FL, TCL_VERSION_ID,
PTN_ID ) VALUES ( 
2079, 231, NULL, 'ccr_color_fl', 'ccr_color_fl', 7, 'N', 'bool', 1, 'N', 'N', 1, 1); 
INSERT INTO TABLE_COLUMN ( TCL_ID, TBD_ID, ENT_ID, TCL_NAME, TCL_DISPLAY, TCL_ORDER_NO,
TCL_PRIMARY_KEY_FL, TCL_TYPE, TCL_LENGTH, TCL_MANDATORY_FL, TCL_DELETE_FL, TCL_VERSION_ID,
PTN_ID ) VALUES ( 
2080, 231, NULL, 'ccr_delete_fl', 'ccr_delete_fl', 8, 'N', 'bool', 1, 'Y', 'N', 1
, 1); 
INSERT INTO TABLE_COLUMN ( TCL_ID, TBD_ID, ENT_ID, TCL_NAME, TCL_DISPLAY, TCL_ORDER_NO,
TCL_PRIMARY_KEY_FL, TCL_TYPE, TCL_LENGTH, TCL_MANDATORY_FL, TCL_DELETE_FL, TCL_VERSION_ID,
PTN_ID ) VALUES ( 
2081, 231, NULL, 'ccr_version_id', 'ccr_version_id', 9, 'N', 'int', 10, 'Y', 'N', 1
, 1); 
INSERT INTO TABLE_COLUMN ( TCL_ID, TBD_ID, ENT_ID, TCL_NAME, TCL_DISPLAY, TCL_ORDER_NO,
TCL_PRIMARY_KEY_FL, TCL_TYPE, TCL_LENGTH, TCL_MANDATORY_FL, TCL_DELETE_FL, TCL_VERSION_ID,
PTN_ID ) VALUES ( 
2082, 231, NULL, 'ptn_id', 'ptn_id', 10, 'N', 'int', 10, 'Y', 'N', 1, 1); 
INSERT INTO TABLE_COLUMN ( TCL_ID, TBD_ID, ENT_ID, TCL_NAME, TCL_DISPLAY, TCL_ORDER_NO,
TCL_PRIMARY_KEY_FL, TCL_TYPE, TCL_LENGTH, TCL_MANDATORY_FL, TCL_DELETE_FL, TCL_VERSION_ID,
PTN_ID ) VALUES ( 
2083, 232, NULL, 'cht_id', 'cht_id', 0, 'Y', 'int', 10, 'Y', 'N', 1, 1); 
INSERT INTO TABLE_COLUMN ( TCL_ID, TBD_ID, ENT_ID, TCL_NAME, TCL_DISPLAY, TCL_ORDER_NO,
TCL_PRIMARY_KEY_FL, TCL_TYPE, TCL_LENGTH, TCL_MANDATORY_FL, TCL_DELETE_FL, TCL_VERSION_ID,
PTN_ID ) VALUES ( 
2084, 232, NULL, 'cht_name', 'cht_name', 1, 'N', 'string', 255, 'Y', 'N', 1, 1); 
INSERT INTO TABLE_COLUMN ( TCL_ID, TBD_ID, ENT_ID, TCL_NAME, TCL_DISPLAY, TCL_ORDER_NO,
TCL_PRIMARY_KEY_FL, TCL_TYPE, TCL_LENGTH, TCL_MANDATORY_FL, TCL_DELETE_FL, TCL_VERSION_ID,
PTN_ID ) VALUES ( 
2085, 232, NULL, 'cht_description', 'cht_description', 2, 'N', 'string', 255, 'N'
, 'N', 1, 1); 
INSERT INTO TABLE_COLUMN ( TCL_ID, TBD_ID, ENT_ID, TCL_NAME, TCL_DISPLAY, TCL_ORDER_NO,
TCL_PRIMARY_KEY_FL, TCL_TYPE, TCL_LENGTH, TCL_MANDATORY_FL, TCL_DELETE_FL, TCL_VERSION_ID,
PTN_ID ) VALUES ( 
2086, 232, NULL, 'cht_delete_fl', 'cht_delete_fl', 3, 'N', 'bool', 1, 'Y', 'N', 1
, 1); 
INSERT INTO TABLE_COLUMN ( TCL_ID, TBD_ID, ENT_ID, TCL_NAME, TCL_DISPLAY, TCL_ORDER_NO,
TCL_PRIMARY_KEY_FL, TCL_TYPE, TCL_LENGTH, TCL_MANDATORY_FL, TCL_DELETE_FL, TCL_VERSION_ID,
PTN_ID ) VALUES ( 
2087, 232, NULL, 'cht_version_id', 'cht_version_id', 4, 'N', 'int', 10, 'Y', 'N', 1
, 1); 
INSERT INTO TABLE_COLUMN ( TCL_ID, TBD_ID, ENT_ID, TCL_NAME, TCL_DISPLAY, TCL_ORDER_NO,
TCL_PRIMARY_KEY_FL, TCL_TYPE, TCL_LENGTH, TCL_MANDATORY_FL, TCL_DELETE_FL, TCL_VERSION_ID,
PTN_ID ) VALUES ( 
2088, 232, NULL, 'ptn_id', 'ptn_id', 5, 'N', 'int', 10, 'Y', 'N', 1, 1); 
INSERT INTO TABLE_COLUMN ( TCL_ID, TBD_ID, ENT_ID, TCL_NAME, TCL_DISPLAY, TCL_ORDER_NO,
TCL_PRIMARY_KEY_FL, TCL_TYPE, TCL_LENGTH, TCL_MANDATORY_FL, TCL_DELETE_FL, TCL_VERSION_ID,
PTN_ID ) VALUES ( 
2089, 233, NULL, 'adt_id', 'adt_id', 0, 'Y', 'int', 10, 'Y', 'N', 1, 1); 
INSERT INTO TABLE_COLUMN ( TCL_ID, TBD_ID, ENT_ID, TCL_NAME, TCL_DISPLAY, TCL_ORDER_NO,
TCL_PRIMARY_KEY_FL, TCL_TYPE, TCL_LENGTH, TCL_MANDATORY_FL, TCL_DELETE_FL, TCL_VERSION_ID,
PTN_ID ) VALUES ( 
2090, 233, NULL, 'ald_id', 'ald_id', 1, 'N', 'int', 10, 'Y', 'N', 1, 1); 
INSERT INTO TABLE_COLUMN ( TCL_ID, TBD_ID, ENT_ID, TCL_NAME, TCL_DISPLAY, TCL_ORDER_NO,
TCL_PRIMARY_KEY_FL, TCL_TYPE, TCL_LENGTH, TCL_MANDATORY_FL, TCL_DELETE_FL, TCL_VERSION_ID,
PTN_ID ) VALUES ( 
2091, 233, NULL, 'tea_id', 'tea_id', 2, 'N', 'int', 10, 'Y', 'N', 1, 1); 
INSERT INTO TABLE_COLUMN ( TCL_ID, TBD_ID, ENT_ID, TCL_NAME, TCL_DISPLAY, TCL_ORDER_NO,
TCL_PRIMARY_KEY_FL, TCL_TYPE, TCL_LENGTH, TCL_MANDATORY_FL, TCL_DELETE_FL, TCL_VERSION_ID,
PTN_ID ) VALUES ( 
2092, 233, NULL, 'adt_delete_fl', 'adt_delete_fl', 3, 'N', 'bool', 1, 'Y', 'N', 1
, 1); 
INSERT INTO TABLE_COLUMN ( TCL_ID, TBD_ID, ENT_ID, TCL_NAME, TCL_DISPLAY, TCL_ORDER_NO,
TCL_PRIMARY_KEY_FL, TCL_TYPE, TCL_LENGTH, TCL_MANDATORY_FL, TCL_DELETE_FL, TCL_VERSION_ID,
PTN_ID ) VALUES ( 
2093, 233, NULL, 'adt_version_id', 'adt_version_id', 4, 'N', 'int', 10, 'Y', 'N', 1
, 1); 
INSERT INTO TABLE_COLUMN ( TCL_ID, TBD_ID, ENT_ID, TCL_NAME, TCL_DISPLAY, TCL_ORDER_NO,
TCL_PRIMARY_KEY_FL, TCL_TYPE, TCL_LENGTH, TCL_MANDATORY_FL, TCL_DELETE_FL, TCL_VERSION_ID,
PTN_ID ) VALUES ( 
2094, 233, NULL, 'ptn_id', 'ptn_id', 5, 'N', 'int', 10, 'Y', 'N', 1, 1); 
INSERT INTO TABLE_COLUMN ( TCL_ID, TBD_ID, ENT_ID, TCL_NAME, TCL_DISPLAY, TCL_ORDER_NO,
TCL_PRIMARY_KEY_FL, TCL_TYPE, TCL_LENGTH, TCL_MANDATORY_FL, TCL_DELETE_FL, TCL_VERSION_ID,
PTN_ID ) VALUES ( 
2095, 234, NULL, 'noh_id', 'noh_id', 0, 'Y', 'int', 10, 'Y', 'N', 1, 1); 
INSERT INTO TABLE_COLUMN ( TCL_ID, TBD_ID, ENT_ID, TCL_NAME, TCL_DISPLAY, TCL_ORDER_NO,
TCL_PRIMARY_KEY_FL, TCL_TYPE, TCL_LENGTH, TCL_MANDATORY_FL, TCL_DELETE_FL, TCL_VERSION_ID,
PTN_ID ) VALUES ( 
2096, 234, NULL, 'not_id', 'not_id', 1, 'N', 'int', 10, 'Y', 'N', 1, 1); 
INSERT INTO TABLE_COLUMN ( TCL_ID, TBD_ID, ENT_ID, TCL_NAME, TCL_DISPLAY, TCL_ORDER_NO,
TCL_PRIMARY_KEY_FL, TCL_TYPE, TCL_LENGTH, TCL_MANDATORY_FL, TCL_DELETE_FL, TCL_VERSION_ID,
PTN_ID ) VALUES ( 
2097, 234, NULL, 'noh_name', 'noh_name', 2, 'N', 'string', 255, 'Y', 'N', 1, 1); 
INSERT INTO TABLE_COLUMN ( TCL_ID, TBD_ID, ENT_ID, TCL_NAME, TCL_DISPLAY, TCL_ORDER_NO,
TCL_PRIMARY_KEY_FL, TCL_TYPE, TCL_LENGTH, TCL_MANDATORY_FL, TCL_DELETE_FL, TCL_VERSION_ID,
PTN_ID ) VALUES ( 
2098, 234, NULL, 'lst_id', 'lst_id', 3, 'N', 'int', 10, 'Y', 'N', 1, 1); 
INSERT INTO TABLE_COLUMN ( TCL_ID, TBD_ID, ENT_ID, TCL_NAME, TCL_DISPLAY, TCL_ORDER_NO,
TCL_PRIMARY_KEY_FL, TCL_TYPE, TCL_LENGTH, TCL_MANDATORY_FL, TCL_DELETE_FL, TCL_VERSION_ID,
PTN_ID ) VALUES ( 
2099, 234, NULL, 'usr_id', 'usr_id', 4, 'N', 'int', 10, 'Y', 'N', 1, 1); 
INSERT INTO TABLE_COLUMN ( TCL_ID, TBD_ID, ENT_ID, TCL_NAME, TCL_DISPLAY, TCL_ORDER_NO,
TCL_PRIMARY_KEY_FL, TCL_TYPE, TCL_LENGTH, TCL_MANDATORY_FL, TCL_DELETE_FL, TCL_VERSION_ID,
PTN_ID ) VALUES ( 
2100, 234, NULL, 'noh_modified_dttm', 'noh_modified_dttm', 5, 'N', 'datetime', -1
, 'Y', 'N', 1, 1); 
INSERT INTO TABLE_COLUMN ( TCL_ID, TBD_ID, ENT_ID, TCL_NAME, TCL_DISPLAY, TCL_ORDER_NO,
TCL_PRIMARY_KEY_FL, TCL_TYPE, TCL_LENGTH, TCL_MANDATORY_FL, TCL_DELETE_FL, TCL_VERSION_ID,
PTN_ID ) VALUES ( 
2101, 234, NULL, 'noh_action_cd', 'noh_action_cd', 6, 'N', 'string', 255, 'Y', 'N'
, 1, 1); 
INSERT INTO TABLE_COLUMN ( TCL_ID, TBD_ID, ENT_ID, TCL_NAME, TCL_DISPLAY, TCL_ORDER_NO,
TCL_PRIMARY_KEY_FL, TCL_TYPE, TCL_LENGTH, TCL_MANDATORY_FL, TCL_DELETE_FL, TCL_VERSION_ID,
PTN_ID ) VALUES ( 
2102, 234, NULL, 'noh_desc', 'noh_desc', 7, 'N', 'string', 255, 'Y', 'N', 1, 1); 
INSERT INTO TABLE_COLUMN ( TCL_ID, TBD_ID, ENT_ID, TCL_NAME, TCL_DISPLAY, TCL_ORDER_NO,
TCL_PRIMARY_KEY_FL, TCL_TYPE, TCL_LENGTH, TCL_MANDATORY_FL, TCL_DELETE_FL, TCL_VERSION_ID,
PTN_ID ) VALUES ( 
2103, 234, NULL, 'noh_delete_fl', 'noh_delete_fl', 8, 'N', 'bool', 1, 'Y', 'N', 1
, 1); 
INSERT INTO TABLE_COLUMN ( TCL_ID, TBD_ID, ENT_ID, TCL_NAME, TCL_DISPLAY, TCL_ORDER_NO,
TCL_PRIMARY_KEY_FL, TCL_TYPE, TCL_LENGTH, TCL_MANDATORY_FL, TCL_DELETE_FL, TCL_VERSION_ID,
PTN_ID ) VALUES ( 
2104, 234, NULL, 'noh_version_id', 'noh_version_id', 9, 'N', 'int', 10, 'Y', 'N', 1
, 1); 
INSERT INTO TABLE_COLUMN ( TCL_ID, TBD_ID, ENT_ID, TCL_NAME, TCL_DISPLAY, TCL_ORDER_NO,
TCL_PRIMARY_KEY_FL, TCL_TYPE, TCL_LENGTH, TCL_MANDATORY_FL, TCL_DELETE_FL, TCL_VERSION_ID,
PTN_ID ) VALUES ( 
2105, 234, NULL, 'ptn_id', 'ptn_id', 10, 'N', 'int', 10, 'Y', 'N', 1, 1); 
INSERT INTO TABLE_COLUMN ( TCL_ID, TBD_ID, ENT_ID, TCL_NAME, TCL_DISPLAY, TCL_ORDER_NO,
TCL_PRIMARY_KEY_FL, TCL_TYPE, TCL_LENGTH, TCL_MANDATORY_FL, TCL_DELETE_FL, TCL_VERSION_ID,
PTN_ID ) VALUES ( 
2106, 235, NULL, 'tmc_id', 'tmc_id', 0, 'Y', 'int', 10, 'Y', 'N', 1, 1); 
INSERT INTO TABLE_COLUMN ( TCL_ID, TBD_ID, ENT_ID, TCL_NAME, TCL_DISPLAY, TCL_ORDER_NO,
TCL_PRIMARY_KEY_FL, TCL_TYPE, TCL_LENGTH, TCL_MANDATORY_FL, TCL_DELETE_FL, TCL_VERSION_ID,
PTN_ID ) VALUES ( 
2107, 235, NULL, 'tma_id', 'tma_id', 1, 'N', 'int', 10, 'Y', 'N', 1, 1); 
INSERT INTO TABLE_COLUMN ( TCL_ID, TBD_ID, ENT_ID, TCL_NAME, TCL_DISPLAY, TCL_ORDER_NO,
TCL_PRIMARY_KEY_FL, TCL_TYPE, TCL_LENGTH, TCL_MANDATORY_FL, TCL_DELETE_FL, TCL_VERSION_ID,
PTN_ID ) VALUES ( 
2108, 235, NULL, 'tmc_from_tcl_id', 'tmc_from_tcl_id', 2, 'N', 'int', 10, 'Y', 'N'
, 1, 1); 
INSERT INTO TABLE_COLUMN ( TCL_ID, TBD_ID, ENT_ID, TCL_NAME, TCL_DISPLAY, TCL_ORDER_NO,
TCL_PRIMARY_KEY_FL, TCL_TYPE, TCL_LENGTH, TCL_MANDATORY_FL, TCL_DELETE_FL, TCL_VERSION_ID,
PTN_ID ) VALUES ( 
2109, 235, NULL, 'tmc_to_tcl_id', 'tmc_to_tcl_id', 3, 'N', 'int', 10, 'Y', 'N', 1
, 1); 
INSERT INTO TABLE_COLUMN ( TCL_ID, TBD_ID, ENT_ID, TCL_NAME, TCL_DISPLAY, TCL_ORDER_NO,
TCL_PRIMARY_KEY_FL, TCL_TYPE, TCL_LENGTH, TCL_MANDATORY_FL, TCL_DELETE_FL, TCL_VERSION_ID,
PTN_ID ) VALUES ( 
2110, 235, NULL, 'tmc_delete_fl', 'tmc_delete_fl', 4, 'N', 'bool', 1, 'Y', 'N', 1
, 1); 
INSERT INTO TABLE_COLUMN ( TCL_ID, TBD_ID, ENT_ID, TCL_NAME, TCL_DISPLAY, TCL_ORDER_NO,
TCL_PRIMARY_KEY_FL, TCL_TYPE, TCL_LENGTH, TCL_MANDATORY_FL, TCL_DELETE_FL, TCL_VERSION_ID,
PTN_ID ) VALUES ( 
2111, 235, NULL, 'tmc_version_id', 'tmc_version_id', 5, 'N', 'int', 10, 'Y', 'N', 1
, 1); 
INSERT INTO TABLE_COLUMN ( TCL_ID, TBD_ID, ENT_ID, TCL_NAME, TCL_DISPLAY, TCL_ORDER_NO,
TCL_PRIMARY_KEY_FL, TCL_TYPE, TCL_LENGTH, TCL_MANDATORY_FL, TCL_DELETE_FL, TCL_VERSION_ID,
PTN_ID ) VALUES ( 
2112, 235, NULL, 'ptn_id', 'ptn_id', 6, 'N', 'int', 10, 'Y', 'N', 1, 1); 
INSERT INTO TABLE_COLUMN ( TCL_ID, TBD_ID, ENT_ID, TCL_NAME, TCL_DISPLAY, TCL_ORDER_NO,
TCL_PRIMARY_KEY_FL, TCL_TYPE, TCL_LENGTH, TCL_MANDATORY_FL, TCL_DELETE_FL, TCL_VERSION_ID,
PTN_ID ) VALUES ( 
2113, 236, NULL, 'cet_id', 'cet_id', 0, 'Y', 'int', 10, 'Y', 'N', 1, 1); 
INSERT INTO TABLE_COLUMN ( TCL_ID, TBD_ID, ENT_ID, TCL_NAME, TCL_DISPLAY, TCL_ORDER_NO,
TCL_PRIMARY_KEY_FL, TCL_TYPE, TCL_LENGTH, TCL_MANDATORY_FL, TCL_DELETE_FL, TCL_VERSION_ID,
PTN_ID ) VALUES ( 
2114, 236, NULL, 'cen_id', 'cen_id', 1, 'N', 'int', 10, 'Y', 'N', 1, 1); 
INSERT INTO TABLE_COLUMN ( TCL_ID, TBD_ID, ENT_ID, TCL_NAME, TCL_DISPLAY, TCL_ORDER_NO,
TCL_PRIMARY_KEY_FL, TCL_TYPE, TCL_LENGTH, TCL_MANDATORY_FL, TCL_DELETE_FL, TCL_VERSION_ID,
PTN_ID ) VALUES ( 
2115, 236, NULL, 'tea_id', 'tea_id', 2, 'N', 'int', 10, 'Y', 'N', 1, 1); 
INSERT INTO TABLE_COLUMN ( TCL_ID, TBD_ID, ENT_ID, TCL_NAME, TCL_DISPLAY, TCL_ORDER_NO,
TCL_PRIMARY_KEY_FL, TCL_TYPE, TCL_LENGTH, TCL_MANDATORY_FL, TCL_DELETE_FL, TCL_VERSION_ID,
PTN_ID ) VALUES ( 
2116, 236, NULL, 'cet_delete_fl', 'cet_delete_fl', 3, 'N', 'bool', 1, 'Y', 'N', 1
, 1); 
INSERT INTO TABLE_COLUMN ( TCL_ID, TBD_ID, ENT_ID, TCL_NAME, TCL_DISPLAY, TCL_ORDER_NO,
TCL_PRIMARY_KEY_FL, TCL_TYPE, TCL_LENGTH, TCL_MANDATORY_FL, TCL_DELETE_FL, TCL_VERSION_ID,
PTN_ID ) VALUES ( 
2117, 236, NULL, 'cet_version_id', 'cet_version_id', 4, 'N', 'int', 10, 'Y', 'N', 1
, 1); 
INSERT INTO TABLE_COLUMN ( TCL_ID, TBD_ID, ENT_ID, TCL_NAME, TCL_DISPLAY, TCL_ORDER_NO,
TCL_PRIMARY_KEY_FL, TCL_TYPE, TCL_LENGTH, TCL_MANDATORY_FL, TCL_DELETE_FL, TCL_VERSION_ID,
PTN_ID ) VALUES ( 
2118, 236, NULL, 'ptn_id', 'ptn_id', 5, 'N', 'int', 10, 'Y', 'N', 1, 1); 
INSERT INTO TABLE_COLUMN ( TCL_ID, TBD_ID, ENT_ID, TCL_NAME, TCL_DISPLAY, TCL_ORDER_NO,
TCL_PRIMARY_KEY_FL, TCL_TYPE, TCL_LENGTH, TCL_MANDATORY_FL, TCL_DELETE_FL, TCL_VERSION_ID,
PTN_ID ) VALUES ( 
2119, 237, NULL, 'sct_id', 'sct_id', 0, 'Y', 'int', 10, 'Y', 'N', 1, 1); 
INSERT INTO TABLE_COLUMN ( TCL_ID, TBD_ID, ENT_ID, TCL_NAME, TCL_DISPLAY, TCL_ORDER_NO,
TCL_PRIMARY_KEY_FL, TCL_TYPE, TCL_LENGTH, TCL_MANDATORY_FL, TCL_DELETE_FL, TCL_VERSION_ID,
PTN_ID ) VALUES ( 
2120, 237, NULL, 'cmp_id', 'cmp_id', 1, 'N', 'int', 10, 'Y', 'N', 1, 1); 
INSERT INTO TABLE_COLUMN ( TCL_ID, TBD_ID, ENT_ID, TCL_NAME, TCL_DISPLAY, TCL_ORDER_NO,
TCL_PRIMARY_KEY_FL, TCL_TYPE, TCL_LENGTH, TCL_MANDATORY_FL, TCL_DELETE_FL, TCL_VERSION_ID,
PTN_ID ) VALUES ( 
2121, 237, NULL, 'sct_name', 'sct_name', 2, 'N', 'string', 255, 'Y', 'N', 1, 1); 
INSERT INTO TABLE_COLUMN ( TCL_ID, TBD_ID, ENT_ID, TCL_NAME, TCL_DISPLAY, TCL_ORDER_NO,
TCL_PRIMARY_KEY_FL, TCL_TYPE, TCL_LENGTH, TCL_MANDATORY_FL, TCL_DELETE_FL, TCL_VERSION_ID,
PTN_ID ) VALUES ( 
2122, 237, NULL, 'sct_delete_fl', 'sct_delete_fl', 3, 'N', 'bool', 1, 'Y', 'N', 1
, 1); 
INSERT INTO TABLE_COLUMN ( TCL_ID, TBD_ID, ENT_ID, TCL_NAME, TCL_DISPLAY, TCL_ORDER_NO,
TCL_PRIMARY_KEY_FL, TCL_TYPE, TCL_LENGTH, TCL_MANDATORY_FL, TCL_DELETE_FL, TCL_VERSION_ID,
PTN_ID ) VALUES ( 
2123, 237, NULL, 'sct_version_id', 'sct_version_id', 4, 'N', 'int', 10, 'Y', 'N', 1
, 1); 
INSERT INTO TABLE_COLUMN ( TCL_ID, TBD_ID, ENT_ID, TCL_NAME, TCL_DISPLAY, TCL_ORDER_NO,
TCL_PRIMARY_KEY_FL, TCL_TYPE, TCL_LENGTH, TCL_MANDATORY_FL, TCL_DELETE_FL, TCL_VERSION_ID,
PTN_ID ) VALUES ( 
2124, 237, NULL, 'ptn_id', 'ptn_id', 5, 'N', 'int', 10, 'Y', 'N', 1, 1); 
INSERT INTO TABLE_COLUMN ( TCL_ID, TBD_ID, ENT_ID, TCL_NAME, TCL_DISPLAY, TCL_ORDER_NO,
TCL_PRIMARY_KEY_FL, TCL_TYPE, TCL_LENGTH, TCL_MANDATORY_FL, TCL_DELETE_FL, TCL_VERSION_ID,
PTN_ID ) VALUES ( 
2125, 238, NULL, 'tbh_id', 'tbh_id', 0, 'Y', 'int', 10, 'Y', 'N', 1, 1); 
INSERT INTO TABLE_COLUMN ( TCL_ID, TBD_ID, ENT_ID, TCL_NAME, TCL_DISPLAY, TCL_ORDER_NO,
TCL_PRIMARY_KEY_FL, TCL_TYPE, TCL_LENGTH, TCL_MANDATORY_FL, TCL_DELETE_FL, TCL_VERSION_ID,
PTN_ID ) VALUES ( 
2126, 238, NULL, 'tap_id', 'tap_id', 1, 'N', 'int', 10, 'Y', 'N', 1, 1); 
INSERT INTO TABLE_COLUMN ( TCL_ID, TBD_ID, ENT_ID, TCL_NAME, TCL_DISPLAY, TCL_ORDER_NO,
TCL_PRIMARY_KEY_FL, TCL_TYPE, TCL_LENGTH, TCL_MANDATORY_FL, TCL_DELETE_FL, TCL_VERSION_ID,
PTN_ID ) VALUES ( 
2127, 238, NULL, 'bnd_id', 'bnd_id', 2, 'N', 'int', 10, 'Y', 'N', 1, 1); 
INSERT INTO TABLE_COLUMN ( TCL_ID, TBD_ID, ENT_ID, TCL_NAME, TCL_DISPLAY, TCL_ORDER_NO,
TCL_PRIMARY_KEY_FL, TCL_TYPE, TCL_LENGTH, TCL_MANDATORY_FL, TCL_DELETE_FL, TCL_VERSION_ID,
PTN_ID ) VALUES ( 
2128, 238, NULL, 'cur_id', 'cur_id', 3, 'N', 'int', 10, 'Y', 'N', 1, 1); 
INSERT INTO TABLE_COLUMN ( TCL_ID, TBD_ID, ENT_ID, TCL_NAME, TCL_DISPLAY, TCL_ORDER_NO,
TCL_PRIMARY_KEY_FL, TCL_TYPE, TCL_LENGTH, TCL_MANDATORY_FL, TCL_DELETE_FL, TCL_VERSION_ID,
PTN_ID ) VALUES ( 
2129, 238, NULL, 'usr_id', 'usr_id', 4, 'N', 'int', 10, 'Y', 'N', 1, 1); 
INSERT INTO TABLE_COLUMN ( TCL_ID, TBD_ID, ENT_ID, TCL_NAME, TCL_DISPLAY, TCL_ORDER_NO,
TCL_PRIMARY_KEY_FL, TCL_TYPE, TCL_LENGTH, TCL_MANDATORY_FL, TCL_DELETE_FL, TCL_VERSION_ID,
PTN_ID ) VALUES ( 
2130, 238, NULL, 'tbh_action_cd', 'tbh_action_cd', 5, 'N', 'string', 255, 'Y', 'N'
, 1, 1); 
INSERT INTO TABLE_COLUMN ( TCL_ID, TBD_ID, ENT_ID, TCL_NAME, TCL_DISPLAY, TCL_ORDER_NO,
TCL_PRIMARY_KEY_FL, TCL_TYPE, TCL_LENGTH, TCL_MANDATORY_FL, TCL_DELETE_FL, TCL_VERSION_ID,
PTN_ID ) VALUES ( 
2131, 238, NULL, 'tbh_modified_dttm', 'tbh_modified_dttm', 6, 'N', 'datetime', -1
, 'Y', 'N', 1, 1); 
INSERT INTO TABLE_COLUMN ( TCL_ID, TBD_ID, ENT_ID, TCL_NAME, TCL_DISPLAY, TCL_ORDER_NO,
TCL_PRIMARY_KEY_FL, TCL_TYPE, TCL_LENGTH, TCL_MANDATORY_FL, TCL_DELETE_FL, TCL_VERSION_ID,
PTN_ID ) VALUES ( 
2132, 238, NULL, 'tbh_comments', 'tbh_comments', 7, 'N', 'string', 255, 'Y', 'N', 1
, 1); 
INSERT INTO TABLE_COLUMN ( TCL_ID, TBD_ID, ENT_ID, TCL_NAME, TCL_DISPLAY, TCL_ORDER_NO,
TCL_PRIMARY_KEY_FL, TCL_TYPE, TCL_LENGTH, TCL_MANDATORY_FL, TCL_DELETE_FL, TCL_VERSION_ID,
PTN_ID ) VALUES ( 
2133, 238, NULL, 'tbh_delete_fl', 'tbh_delete_fl', 8, 'N', 'bool', 1, 'Y', 'N', 1
, 1); 
INSERT INTO TABLE_COLUMN ( TCL_ID, TBD_ID, ENT_ID, TCL_NAME, TCL_DISPLAY, TCL_ORDER_NO,
TCL_PRIMARY_KEY_FL, TCL_TYPE, TCL_LENGTH, TCL_MANDATORY_FL, TCL_DELETE_FL, TCL_VERSION_ID,
PTN_ID ) VALUES ( 
2134, 238, NULL, 'tbh_version_id', 'tbh_version_id', 9, 'N', 'int', 10, 'Y', 'N', 1
, 1); 
INSERT INTO TABLE_COLUMN ( TCL_ID, TBD_ID, ENT_ID, TCL_NAME, TCL_DISPLAY, TCL_ORDER_NO,
TCL_PRIMARY_KEY_FL, TCL_TYPE, TCL_LENGTH, TCL_MANDATORY_FL, TCL_DELETE_FL, TCL_VERSION_ID,
PTN_ID ) VALUES ( 
2135, 238, NULL, 'ptn_id', 'ptn_id', 10, 'N', 'int', 10, 'Y', 'N', 1, 1); 
INSERT INTO TABLE_COLUMN ( TCL_ID, TBD_ID, ENT_ID, TCL_NAME, TCL_DISPLAY, TCL_ORDER_NO,
TCL_PRIMARY_KEY_FL, TCL_TYPE, TCL_LENGTH, TCL_MANDATORY_FL, TCL_DELETE_FL, TCL_VERSION_ID,
PTN_ID ) VALUES ( 
2136, 239, NULL, 'acn_id', 'acn_id', 0, 'Y', 'int', 10, 'Y', 'N', 1, 1); 
INSERT INTO TABLE_COLUMN ( TCL_ID, TBD_ID, ENT_ID, TCL_NAME, TCL_DISPLAY, TCL_ORDER_NO,
TCL_PRIMARY_KEY_FL, TCL_TYPE, TCL_LENGTH, TCL_MANDATORY_FL, TCL_DELETE_FL, TCL_VERSION_ID,
PTN_ID ) VALUES ( 
2137, 239, NULL, 'trg_id', 'trg_id', 1, 'N', 'int', 10, 'Y', 'N', 1, 1); 
INSERT INTO TABLE_COLUMN ( TCL_ID, TBD_ID, ENT_ID, TCL_NAME, TCL_DISPLAY, TCL_ORDER_NO,
TCL_PRIMARY_KEY_FL, TCL_TYPE, TCL_LENGTH, TCL_MANDATORY_FL, TCL_DELETE_FL, TCL_VERSION_ID,
PTN_ID ) VALUES ( 
2138, 239, NULL, 'act_id', 'act_id', 2, 'N', 'int', 10, 'Y', 'N', 1, 1); 
INSERT INTO TABLE_COLUMN ( TCL_ID, TBD_ID, ENT_ID, TCL_NAME, TCL_DISPLAY, TCL_ORDER_NO,
TCL_PRIMARY_KEY_FL, TCL_TYPE, TCL_LENGTH, TCL_MANDATORY_FL, TCL_DELETE_FL, TCL_VERSION_ID,
PTN_ID ) VALUES ( 
2139, 239, NULL, 'acn_configured_pig_id', 'acn_configured_pig_id', 3, 'N', 'int', 10
, 'Y', 'N', 1, 1); 
INSERT INTO TABLE_COLUMN ( TCL_ID, TBD_ID, ENT_ID, TCL_NAME, TCL_DISPLAY, TCL_ORDER_NO,
TCL_PRIMARY_KEY_FL, TCL_TYPE, TCL_LENGTH, TCL_MANDATORY_FL, TCL_DELETE_FL, TCL_VERSION_ID,
PTN_ID ) VALUES ( 
2140, 239, NULL, 'acn_running_pig_id', 'acn_running_pig_id', 4, 'N', 'int', 10, 'N'
, 'N', 1, 1); 
INSERT INTO TABLE_COLUMN ( TCL_ID, TBD_ID, ENT_ID, TCL_NAME, TCL_DISPLAY, TCL_ORDER_NO,
TCL_PRIMARY_KEY_FL, TCL_TYPE, TCL_LENGTH, TCL_MANDATORY_FL, TCL_DELETE_FL, TCL_VERSION_ID,
PTN_ID ) VALUES ( 
2141, 239, NULL, 'acn_name', 'acn_name', 5, 'N', 'string', 255, 'Y', 'N', 1, 1); 
INSERT INTO TABLE_COLUMN ( TCL_ID, TBD_ID, ENT_ID, TCL_NAME, TCL_DISPLAY, TCL_ORDER_NO,
TCL_PRIMARY_KEY_FL, TCL_TYPE, TCL_LENGTH, TCL_MANDATORY_FL, TCL_DELETE_FL, TCL_VERSION_ID,
PTN_ID ) VALUES ( 
2142, 239, NULL, 'acn_order_no', 'acn_order_no', 6, 'N', 'int', 10, 'Y', 'N', 1, 1); 
INSERT INTO TABLE_COLUMN ( TCL_ID, TBD_ID, ENT_ID, TCL_NAME, TCL_DISPLAY, TCL_ORDER_NO,
TCL_PRIMARY_KEY_FL, TCL_TYPE, TCL_LENGTH, TCL_MANDATORY_FL, TCL_DELETE_FL, TCL_VERSION_ID,
PTN_ID ) VALUES ( 
2143, 239, NULL, 'acn_delete_fl', 'acn_delete_fl', 7, 'N', 'bool', 1, 'Y', 'N', 1
, 1); 
INSERT INTO TABLE_COLUMN ( TCL_ID, TBD_ID, ENT_ID, TCL_NAME, TCL_DISPLAY, TCL_ORDER_NO,
TCL_PRIMARY_KEY_FL, TCL_TYPE, TCL_LENGTH, TCL_MANDATORY_FL, TCL_DELETE_FL, TCL_VERSION_ID,
PTN_ID ) VALUES ( 
2144, 239, NULL, 'acn_version_id', 'acn_version_id', 8, 'N', 'int', 10, 'Y', 'N', 1
, 1); 
INSERT INTO TABLE_COLUMN ( TCL_ID, TBD_ID, ENT_ID, TCL_NAME, TCL_DISPLAY, TCL_ORDER_NO,
TCL_PRIMARY_KEY_FL, TCL_TYPE, TCL_LENGTH, TCL_MANDATORY_FL, TCL_DELETE_FL, TCL_VERSION_ID,
PTN_ID ) VALUES ( 
2145, 239, NULL, 'ptn_id', 'ptn_id', 9, 'N', 'int', 10, 'Y', 'N', 1, 1); 
INSERT INTO TABLE_COLUMN ( TCL_ID, TBD_ID, ENT_ID, TCL_NAME, TCL_DISPLAY, TCL_ORDER_NO,
TCL_PRIMARY_KEY_FL, TCL_TYPE, TCL_LENGTH, TCL_MANDATORY_FL, TCL_DELETE_FL, TCL_VERSION_ID,
PTN_ID ) VALUES ( 
2146, 240, NULL, 'rai_id', 'rai_id', 0, 'Y', 'int', 10, 'Y', 'N', 1, 1); 
INSERT INTO TABLE_COLUMN ( TCL_ID, TBD_ID, ENT_ID, TCL_NAME, TCL_DISPLAY, TCL_ORDER_NO,
TCL_PRIMARY_KEY_FL, TCL_TYPE, TCL_LENGTH, TCL_MANDATORY_FL, TCL_DELETE_FL, TCL_VERSION_ID,
PTN_ID ) VALUES ( 
2147, 240, NULL, 'rol_id', 'rol_id', 1, 'N', 'int', 10, 'Y', 'N', 1, 1); 
INSERT INTO TABLE_COLUMN ( TCL_ID, TBD_ID, ENT_ID, TCL_NAME, TCL_DISPLAY, TCL_ORDER_NO,
TCL_PRIMARY_KEY_FL, TCL_TYPE, TCL_LENGTH, TCL_MANDATORY_FL, TCL_DELETE_FL, TCL_VERSION_ID,
PTN_ID ) VALUES ( 
2148, 240, NULL, 'uai_id', 'uai_id', 2, 'N', 'int', 10, 'Y', 'N', 1, 1); 
INSERT INTO TABLE_COLUMN ( TCL_ID, TBD_ID, ENT_ID, TCL_NAME, TCL_DISPLAY, TCL_ORDER_NO,
TCL_PRIMARY_KEY_FL, TCL_TYPE, TCL_LENGTH, TCL_MANDATORY_FL, TCL_DELETE_FL, TCL_VERSION_ID,
PTN_ID ) VALUES ( 
2149, 240, NULL, 'rai_browse_fl', 'rai_browse_fl', 3, 'N', 'bool', 1, 'Y', 'N', 1
, 1); 
INSERT INTO TABLE_COLUMN ( TCL_ID, TBD_ID, ENT_ID, TCL_NAME, TCL_DISPLAY, TCL_ORDER_NO,
TCL_PRIMARY_KEY_FL, TCL_TYPE, TCL_LENGTH, TCL_MANDATORY_FL, TCL_DELETE_FL, TCL_VERSION_ID,
PTN_ID ) VALUES ( 
2150, 240, NULL, 'rai_new_fl', 'rai_new_fl', 4, 'N', 'bool', 1, 'Y', 'N', 1, 1); 
INSERT INTO TABLE_COLUMN ( TCL_ID, TBD_ID, ENT_ID, TCL_NAME, TCL_DISPLAY, TCL_ORDER_NO,
TCL_PRIMARY_KEY_FL, TCL_TYPE, TCL_LENGTH, TCL_MANDATORY_FL, TCL_DELETE_FL, TCL_VERSION_ID,
PTN_ID ) VALUES ( 
2151, 240, NULL, 'rai_edit_fl', 'rai_edit_fl', 5, 'N', 'bool', 1, 'Y', 'N', 1, 1); 
INSERT INTO TABLE_COLUMN ( TCL_ID, TBD_ID, ENT_ID, TCL_NAME, TCL_DISPLAY, TCL_ORDER_NO,
TCL_PRIMARY_KEY_FL, TCL_TYPE, TCL_LENGTH, TCL_MANDATORY_FL, TCL_DELETE_FL, TCL_VERSION_ID,
PTN_ID ) VALUES ( 
2152, 240, NULL, 'rai_remove_fl', 'rai_remove_fl', 6, 'N', 'bool', 1, 'Y', 'N', 1
, 1); 
INSERT INTO TABLE_COLUMN ( TCL_ID, TBD_ID, ENT_ID, TCL_NAME, TCL_DISPLAY, TCL_ORDER_NO,
TCL_PRIMARY_KEY_FL, TCL_TYPE, TCL_LENGTH, TCL_MANDATORY_FL, TCL_DELETE_FL, TCL_VERSION_ID,
PTN_ID ) VALUES ( 
2153, 240, NULL, 'rai_delete_fl', 'rai_delete_fl', 7, 'N', 'bool', 1, 'Y', 'N', 1
, 1); 
INSERT INTO TABLE_COLUMN ( TCL_ID, TBD_ID, ENT_ID, TCL_NAME, TCL_DISPLAY, TCL_ORDER_NO,
TCL_PRIMARY_KEY_FL, TCL_TYPE, TCL_LENGTH, TCL_MANDATORY_FL, TCL_DELETE_FL, TCL_VERSION_ID,
PTN_ID ) VALUES ( 
2154, 240, NULL, 'rai_version_id', 'rai_version_id', 8, 'N', 'int', 10, 'Y', 'N', 1
, 1); 
INSERT INTO TABLE_COLUMN ( TCL_ID, TBD_ID, ENT_ID, TCL_NAME, TCL_DISPLAY, TCL_ORDER_NO,
TCL_PRIMARY_KEY_FL, TCL_TYPE, TCL_LENGTH, TCL_MANDATORY_FL, TCL_DELETE_FL, TCL_VERSION_ID,
PTN_ID ) VALUES ( 
2155, 240, NULL, 'ptn_id', 'ptn_id', 9, 'N', 'int', 10, 'Y', 'N', 1, 1); 
INSERT INTO TABLE_COLUMN ( TCL_ID, TBD_ID, ENT_ID, TCL_NAME, TCL_DISPLAY, TCL_ORDER_NO,
TCL_PRIMARY_KEY_FL, TCL_TYPE, TCL_LENGTH, TCL_MANDATORY_FL, TCL_DELETE_FL, TCL_VERSION_ID,
PTN_ID ) VALUES ( 
2156, 241, NULL, 'ess_id', 'ess_id', 0, 'Y', 'int', 10, 'Y', 'N', 1, 1); 
INSERT INTO TABLE_COLUMN ( TCL_ID, TBD_ID, ENT_ID, TCL_NAME, TCL_DISPLAY, TCL_ORDER_NO,
TCL_PRIMARY_KEY_FL, TCL_TYPE, TCL_LENGTH, TCL_MANDATORY_FL, TCL_DELETE_FL, TCL_VERSION_ID,
PTN_ID ) VALUES ( 
2157, 241, NULL, 'evs_id', 'evs_id', 1, 'N', 'int', 10, 'Y', 'N', 1, 1); 
INSERT INTO TABLE_COLUMN ( TCL_ID, TBD_ID, ENT_ID, TCL_NAME, TCL_DISPLAY, TCL_ORDER_NO,
TCL_PRIMARY_KEY_FL, TCL_TYPE, TCL_LENGTH, TCL_MANDATORY_FL, TCL_DELETE_FL, TCL_VERSION_ID,
PTN_ID ) VALUES ( 
2158, 241, NULL, 'sts_id', 'sts_id', 2, 'N', 'int', 10, 'Y', 'N', 1, 1); 
INSERT INTO TABLE_COLUMN ( TCL_ID, TBD_ID, ENT_ID, TCL_NAME, TCL_DISPLAY, TCL_ORDER_NO,
TCL_PRIMARY_KEY_FL, TCL_TYPE, TCL_LENGTH, TCL_MANDATORY_FL, TCL_DELETE_FL, TCL_VERSION_ID,
PTN_ID ) VALUES ( 
2159, 241, NULL, 'esy_id', 'esy_id', 3, 'N', 'int', 10, 'Y', 'N', 1, 1); 
INSERT INTO TABLE_COLUMN ( TCL_ID, TBD_ID, ENT_ID, TCL_NAME, TCL_DISPLAY, TCL_ORDER_NO,
TCL_PRIMARY_KEY_FL, TCL_TYPE, TCL_LENGTH, TCL_MANDATORY_FL, TCL_DELETE_FL, TCL_VERSION_ID,
PTN_ID ) VALUES ( 
2160, 241, NULL, 'ess_records', 'ess_records', 4, 'N', 'int', 10, 'Y', 'N', 1, 1); 
INSERT INTO TABLE_COLUMN ( TCL_ID, TBD_ID, ENT_ID, TCL_NAME, TCL_DISPLAY, TCL_ORDER_NO,
TCL_PRIMARY_KEY_FL, TCL_TYPE, TCL_LENGTH, TCL_MANDATORY_FL, TCL_DELETE_FL, TCL_VERSION_ID,
PTN_ID ) VALUES ( 
2161, 241, NULL, 'ess_usage', 'ess_usage', 5, 'N', 'long', 19, 'Y', 'N', 1, 1); 
INSERT INTO TABLE_COLUMN ( TCL_ID, TBD_ID, ENT_ID, TCL_NAME, TCL_DISPLAY, TCL_ORDER_NO,
TCL_PRIMARY_KEY_FL, TCL_TYPE, TCL_LENGTH, TCL_MANDATORY_FL, TCL_DELETE_FL, TCL_VERSION_ID,
PTN_ID ) VALUES ( 
2162, 241, NULL, 'ess_created_dttm', 'ess_created_dttm', 6, 'N', 'datetime', -1, 'Y'
, 'N', 1, 1); 
INSERT INTO TABLE_COLUMN ( TCL_ID, TBD_ID, ENT_ID, TCL_NAME, TCL_DISPLAY, TCL_ORDER_NO,
TCL_PRIMARY_KEY_FL, TCL_TYPE, TCL_LENGTH, TCL_MANDATORY_FL, TCL_DELETE_FL, TCL_VERSION_ID,
PTN_ID ) VALUES ( 
2163, 241, NULL, 'ess_modified_dttm', 'ess_modified_dttm', 7, 'N', 'datetime', -1
, 'Y', 'N', 1, 1); 
INSERT INTO TABLE_COLUMN ( TCL_ID, TBD_ID, ENT_ID, TCL_NAME, TCL_DISPLAY, TCL_ORDER_NO,
TCL_PRIMARY_KEY_FL, TCL_TYPE, TCL_LENGTH, TCL_MANDATORY_FL, TCL_DELETE_FL, TCL_VERSION_ID,
PTN_ID ) VALUES ( 
2164, 241, NULL, 'ess_delete_fl', 'ess_delete_fl', 8, 'N', 'bool', 1, 'Y', 'N', 1
, 1); 
INSERT INTO TABLE_COLUMN ( TCL_ID, TBD_ID, ENT_ID, TCL_NAME, TCL_DISPLAY, TCL_ORDER_NO,
TCL_PRIMARY_KEY_FL, TCL_TYPE, TCL_LENGTH, TCL_MANDATORY_FL, TCL_DELETE_FL, TCL_VERSION_ID,
PTN_ID ) VALUES ( 
2165, 241, NULL, 'ess_version_id', 'ess_version_id', 9, 'N', 'int', 10, 'Y', 'N', 1
, 1); 
INSERT INTO TABLE_COLUMN ( TCL_ID, TBD_ID, ENT_ID, TCL_NAME, TCL_DISPLAY, TCL_ORDER_NO,
TCL_PRIMARY_KEY_FL, TCL_TYPE, TCL_LENGTH, TCL_MANDATORY_FL, TCL_DELETE_FL, TCL_VERSION_ID,
PTN_ID ) VALUES ( 
2166, 241, NULL, 'ptn_id', 'ptn_id', 10, 'N', 'int', 10, 'Y', 'N', 1, 1); 
INSERT INTO TABLE_COLUMN ( TCL_ID, TBD_ID, ENT_ID, TCL_NAME, TCL_DISPLAY, TCL_ORDER_NO,
TCL_PRIMARY_KEY_FL, TCL_TYPE, TCL_LENGTH, TCL_MANDATORY_FL, TCL_DELETE_FL, TCL_VERSION_ID,
PTN_ID ) VALUES ( 
2167, 242, NULL, 'ttr_id', 'ttr_id', 0, 'Y', 'int', 10, 'Y', 'N', 1, 1); 
INSERT INTO TABLE_COLUMN ( TCL_ID, TBD_ID, ENT_ID, TCL_NAME, TCL_DISPLAY, TCL_ORDER_NO,
TCL_PRIMARY_KEY_FL, TCL_TYPE, TCL_LENGTH, TCL_MANDATORY_FL, TCL_DELETE_FL, TCL_VERSION_ID,
PTN_ID ) VALUES ( 
2168, 242, NULL, 'tff_id', 'tff_id', 1, 'N', 'int', 10, 'Y', 'N', 1, 1); 
INSERT INTO TABLE_COLUMN ( TCL_ID, TBD_ID, ENT_ID, TCL_NAME, TCL_DISPLAY, TCL_ORDER_NO,
TCL_PRIMARY_KEY_FL, TCL_TYPE, TCL_LENGTH, TCL_MANDATORY_FL, TCL_DELETE_FL, TCL_VERSION_ID,
PTN_ID ) VALUES ( 
2169, 242, NULL, 'trn_id', 'trn_id', 2, 'N', 'int', 10, 'Y', 'N', 1, 1); 
INSERT INTO TABLE_COLUMN ( TCL_ID, TBD_ID, ENT_ID, TCL_NAME, TCL_DISPLAY, TCL_ORDER_NO,
TCL_PRIMARY_KEY_FL, TCL_TYPE, TCL_LENGTH, TCL_MANDATORY_FL, TCL_DELETE_FL, TCL_VERSION_ID,
PTN_ID ) VALUES ( 
2170, 242, NULL, 'ttr_order_no', 'ttr_order_no', 3, 'N', 'int', 10, 'Y', 'N', 1, 1); 
INSERT INTO TABLE_COLUMN ( TCL_ID, TBD_ID, ENT_ID, TCL_NAME, TCL_DISPLAY, TCL_ORDER_NO,
TCL_PRIMARY_KEY_FL, TCL_TYPE, TCL_LENGTH, TCL_MANDATORY_FL, TCL_DELETE_FL, TCL_VERSION_ID,
PTN_ID ) VALUES ( 
2171, 242, NULL, 'ttr_code', 'ttr_code', 4, 'N', 'string', 255, 'Y', 'N', 1, 1); 
INSERT INTO TABLE_COLUMN ( TCL_ID, TBD_ID, ENT_ID, TCL_NAME, TCL_DISPLAY, TCL_ORDER_NO,
TCL_PRIMARY_KEY_FL, TCL_TYPE, TCL_LENGTH, TCL_MANDATORY_FL, TCL_DELETE_FL, TCL_VERSION_ID,
PTN_ID ) VALUES ( 
2172, 242, NULL, 'ttr_colour', 'ttr_colour', 5, 'N', 'string', 255, 'Y', 'N', 1, 1); 
INSERT INTO TABLE_COLUMN ( TCL_ID, TBD_ID, ENT_ID, TCL_NAME, TCL_DISPLAY, TCL_ORDER_NO,
TCL_PRIMARY_KEY_FL, TCL_TYPE, TCL_LENGTH, TCL_MANDATORY_FL, TCL_DELETE_FL, TCL_VERSION_ID,
PTN_ID ) VALUES ( 
2173, 242, NULL, 'ttr_version_id', 'ttr_version_id', 6, 'N', 'int', 10, 'Y', 'N', 1
, 1); 
INSERT INTO TABLE_COLUMN ( TCL_ID, TBD_ID, ENT_ID, TCL_NAME, TCL_DISPLAY, TCL_ORDER_NO,
TCL_PRIMARY_KEY_FL, TCL_TYPE, TCL_LENGTH, TCL_MANDATORY_FL, TCL_DELETE_FL, TCL_VERSION_ID,
PTN_ID ) VALUES ( 
2174, 242, NULL, 'ttr_delete_fl', 'ttr_delete_fl', 7, 'N', 'bool', 1, 'Y', 'N', 1
, 1); 
INSERT INTO TABLE_COLUMN ( TCL_ID, TBD_ID, ENT_ID, TCL_NAME, TCL_DISPLAY, TCL_ORDER_NO,
TCL_PRIMARY_KEY_FL, TCL_TYPE, TCL_LENGTH, TCL_MANDATORY_FL, TCL_DELETE_FL, TCL_VERSION_ID,
PTN_ID ) VALUES ( 
2175, 242, NULL, 'ptn_id', 'ptn_id', 8, 'N', 'int', 10, 'Y', 'N', 1, 1); 
INSERT INTO TABLE_COLUMN ( TCL_ID, TBD_ID, ENT_ID, TCL_NAME, TCL_DISPLAY, TCL_ORDER_NO,
TCL_PRIMARY_KEY_FL, TCL_TYPE, TCL_LENGTH, TCL_MANDATORY_FL, TCL_DELETE_FL, TCL_VERSION_ID,
PTN_ID ) VALUES ( 
1531, 166, NULL, 'cdi_due_dttm_multiplier', 'cdi_due_dttm_multiplier', 3, 'N', 'int'
, 10, 'N', 'N', 1, 1); 
INSERT INTO TABLE_COLUMN ( TCL_ID, TBD_ID, ENT_ID, TCL_NAME, TCL_DISPLAY, TCL_ORDER_NO,
TCL_PRIMARY_KEY_FL, TCL_TYPE, TCL_LENGTH, TCL_MANDATORY_FL, TCL_DELETE_FL, TCL_VERSION_ID,
PTN_ID ) VALUES ( 
1532, 166, NULL, 'cdi_due_dttm_period', 'cdi_due_dttm_period', 4, 'N', 'string', 255
, 'N', 'N', 1, 1); 
INSERT INTO TABLE_COLUMN ( TCL_ID, TBD_ID, ENT_ID, TCL_NAME, TCL_DISPLAY, TCL_ORDER_NO,
TCL_PRIMARY_KEY_FL, TCL_TYPE, TCL_LENGTH, TCL_MANDATORY_FL, TCL_DELETE_FL, TCL_VERSION_ID,
PTN_ID ) VALUES ( 
1533, 166, NULL, 'cip_id', 'cip_id', 5, 'N', 'int', 10, 'Y', 'N', 1, 1); 
INSERT INTO TABLE_COLUMN ( TCL_ID, TBD_ID, ENT_ID, TCL_NAME, TCL_DISPLAY, TCL_ORDER_NO,
TCL_PRIMARY_KEY_FL, TCL_TYPE, TCL_LENGTH, TCL_MANDATORY_FL, TCL_DELETE_FL, TCL_VERSION_ID,
PTN_ID ) VALUES ( 
1534, 166, NULL, 'cdi_external_reference', 'cdi_external_reference', 6, 'N', 'string'
, 255, 'N', 'N', 1, 1); 
INSERT INTO TABLE_COLUMN ( TCL_ID, TBD_ID, ENT_ID, TCL_NAME, TCL_DISPLAY, TCL_ORDER_NO,
TCL_PRIMARY_KEY_FL, TCL_TYPE, TCL_LENGTH, TCL_MANDATORY_FL, TCL_DELETE_FL, TCL_VERSION_ID,
PTN_ID ) VALUES ( 
1535, 166, NULL, 'tin_id', 'tin_id', 7, 'N', 'int', 10, 'N', 'N', 1, 1); 
INSERT INTO TABLE_COLUMN ( TCL_ID, TBD_ID, ENT_ID, TCL_NAME, TCL_DISPLAY, TCL_ORDER_NO,
TCL_PRIMARY_KEY_FL, TCL_TYPE, TCL_LENGTH, TCL_MANDATORY_FL, TCL_DELETE_FL, TCL_VERSION_ID,
PTN_ID ) VALUES ( 
1536, 166, NULL, 'cdi_delete_fl', 'cdi_delete_fl', 8, 'N', 'bool', 1, 'Y', 'N', 1
, 1); 
INSERT INTO TABLE_COLUMN ( TCL_ID, TBD_ID, ENT_ID, TCL_NAME, TCL_DISPLAY, TCL_ORDER_NO,
TCL_PRIMARY_KEY_FL, TCL_TYPE, TCL_LENGTH, TCL_MANDATORY_FL, TCL_DELETE_FL, TCL_VERSION_ID,
PTN_ID ) VALUES ( 
1537, 166, NULL, 'cdi_version_id', 'cdi_version_id', 9, 'N', 'int', 10, 'Y', 'N', 1
, 1); 
INSERT INTO TABLE_COLUMN ( TCL_ID, TBD_ID, ENT_ID, TCL_NAME, TCL_DISPLAY, TCL_ORDER_NO,
TCL_PRIMARY_KEY_FL, TCL_TYPE, TCL_LENGTH, TCL_MANDATORY_FL, TCL_DELETE_FL, TCL_VERSION_ID,
PTN_ID ) VALUES ( 
1538, 166, NULL, 'ptn_id', 'ptn_id', 10, 'N', 'int', 10, 'Y', 'N', 1, 1); 
INSERT INTO TABLE_COLUMN ( TCL_ID, TBD_ID, ENT_ID, TCL_NAME, TCL_DISPLAY, TCL_ORDER_NO,
TCL_PRIMARY_KEY_FL, TCL_TYPE, TCL_LENGTH, TCL_MANDATORY_FL, TCL_DELETE_FL, TCL_VERSION_ID,
PTN_ID ) VALUES ( 
1539, 167, NULL, 'dcf_id', 'dcf_id', 0, 'Y', 'int', 10, 'Y', 'N', 1, 1); 
INSERT INTO TABLE_COLUMN ( TCL_ID, TBD_ID, ENT_ID, TCL_NAME, TCL_DISPLAY, TCL_ORDER_NO,
TCL_PRIMARY_KEY_FL, TCL_TYPE, TCL_LENGTH, TCL_MANDATORY_FL, TCL_DELETE_FL, TCL_VERSION_ID,
PTN_ID ) VALUES ( 
1540, 167, NULL, 'tbd_id', 'tbd_id', 1, 'N', 'int', 10, 'Y', 'N', 1, 1); 
INSERT INTO TABLE_COLUMN ( TCL_ID, TBD_ID, ENT_ID, TCL_NAME, TCL_DISPLAY, TCL_ORDER_NO,
TCL_PRIMARY_KEY_FL, TCL_TYPE, TCL_LENGTH, TCL_MANDATORY_FL, TCL_DELETE_FL, TCL_VERSION_ID,
PTN_ID ) VALUES ( 
1541, 167, NULL, 'dcf_flag_tcl_id', 'dcf_flag_tcl_id', 2, 'N', 'int', 10, 'Y', 'N'
, 1, 1); 
INSERT INTO TABLE_COLUMN ( TCL_ID, TBD_ID, ENT_ID, TCL_NAME, TCL_DISPLAY, TCL_ORDER_NO,
TCL_PRIMARY_KEY_FL, TCL_TYPE, TCL_LENGTH, TCL_MANDATORY_FL, TCL_DELETE_FL, TCL_VERSION_ID,
PTN_ID ) VALUES ( 
1542, 167, NULL, 'dcf_hashcode_tcl_id', 'dcf_hashcode_tcl_id', 3, 'N', 'int', 10, 'Y'
, 'N', 1, 1); 
INSERT INTO TABLE_COLUMN ( TCL_ID, TBD_ID, ENT_ID, TCL_NAME, TCL_DISPLAY, TCL_ORDER_NO,
TCL_PRIMARY_KEY_FL, TCL_TYPE, TCL_LENGTH, TCL_MANDATORY_FL, TCL_DELETE_FL, TCL_VERSION_ID,
PTN_ID ) VALUES ( 
1543, 167, NULL, 'dcf_id_tcl_id', 'dcf_id_tcl_id', 4, 'N', 'int', 10, 'Y', 'N', 1
, 1); 
INSERT INTO TABLE_COLUMN ( TCL_ID, TBD_ID, ENT_ID, TCL_NAME, TCL_DISPLAY, TCL_ORDER_NO,
TCL_PRIMARY_KEY_FL, TCL_TYPE, TCL_LENGTH, TCL_MANDATORY_FL, TCL_DELETE_FL, TCL_VERSION_ID,
PTN_ID ) VALUES ( 
1544, 167, NULL, 'dcf_name', 'dcf_name', 5, 'N', 'string', 255, 'Y', 'N', 1, 1); 
INSERT INTO TABLE_COLUMN ( TCL_ID, TBD_ID, ENT_ID, TCL_NAME, TCL_DISPLAY, TCL_ORDER_NO,
TCL_PRIMARY_KEY_FL, TCL_TYPE, TCL_LENGTH, TCL_MANDATORY_FL, TCL_DELETE_FL, TCL_VERSION_ID,
PTN_ID ) VALUES ( 
1545, 167, NULL, 'dcf_delete_fl', 'dcf_delete_fl', 6, 'N', 'bool', 1, 'Y', 'N', 1
, 1); 
INSERT INTO TABLE_COLUMN ( TCL_ID, TBD_ID, ENT_ID, TCL_NAME, TCL_DISPLAY, TCL_ORDER_NO,
TCL_PRIMARY_KEY_FL, TCL_TYPE, TCL_LENGTH, TCL_MANDATORY_FL, TCL_DELETE_FL, TCL_VERSION_ID,
PTN_ID ) VALUES ( 
1546, 167, NULL, 'dcf_version_id', 'dcf_version_id', 7, 'N', 'int', 10, 'Y', 'N', 1
, 1); 
INSERT INTO TABLE_COLUMN ( TCL_ID, TBD_ID, ENT_ID, TCL_NAME, TCL_DISPLAY, TCL_ORDER_NO,
TCL_PRIMARY_KEY_FL, TCL_TYPE, TCL_LENGTH, TCL_MANDATORY_FL, TCL_DELETE_FL, TCL_VERSION_ID,
PTN_ID ) VALUES ( 
1547, 167, NULL, 'ptn_id', 'ptn_id', 8, 'N', 'int', 10, 'Y', 'N', 1, 1); 
INSERT INTO TABLE_COLUMN ( TCL_ID, TBD_ID, ENT_ID, TCL_NAME, TCL_DISPLAY, TCL_ORDER_NO,
TCL_PRIMARY_KEY_FL, TCL_TYPE, TCL_LENGTH, TCL_MANDATORY_FL, TCL_DELETE_FL, TCL_VERSION_ID,
PTN_ID ) VALUES ( 
1548, 168, NULL, 'dic_id', 'dic_id', 0, 'Y', 'int', 10, 'Y', 'N', 1, 1); 
INSERT INTO TABLE_COLUMN ( TCL_ID, TBD_ID, ENT_ID, TCL_NAME, TCL_DISPLAY, TCL_ORDER_NO,
TCL_PRIMARY_KEY_FL, TCL_TYPE, TCL_LENGTH, TCL_MANDATORY_FL, TCL_DELETE_FL, TCL_VERSION_ID,
PTN_ID ) VALUES ( 
1549, 168, NULL, 'fil_id', 'fil_id', 1, 'N', 'int', 10, 'Y', 'N', 1, 1); 
INSERT INTO TABLE_COLUMN ( TCL_ID, TBD_ID, ENT_ID, TCL_NAME, TCL_DISPLAY, TCL_ORDER_NO,
TCL_PRIMARY_KEY_FL, TCL_TYPE, TCL_LENGTH, TCL_MANDATORY_FL, TCL_DELETE_FL, TCL_VERSION_ID,
PTN_ID ) VALUES ( 
1550, 168, NULL, 'dic_curr_seq_number', 'dic_curr_seq_number', 2, 'N', 'int', 10, 'N'
, 'N', 1, 1); 
INSERT INTO TABLE_COLUMN ( TCL_ID, TBD_ID, ENT_ID, TCL_NAME, TCL_DISPLAY, TCL_ORDER_NO,
TCL_PRIMARY_KEY_FL, TCL_TYPE, TCL_LENGTH, TCL_MANDATORY_FL, TCL_DELETE_FL, TCL_VERSION_ID,
PTN_ID ) VALUES ( 
1551, 168, NULL, 'dic_prev_seq_number', 'dic_prev_seq_number', 3, 'N', 'int', 10, 'N'
, 'N', 1, 1); 
INSERT INTO TABLE_COLUMN ( TCL_ID, TBD_ID, ENT_ID, TCL_NAME, TCL_DISPLAY, TCL_ORDER_NO,
TCL_PRIMARY_KEY_FL, TCL_TYPE, TCL_LENGTH, TCL_MANDATORY_FL, TCL_DELETE_FL, TCL_VERSION_ID,
PTN_ID ) VALUES ( 
1552, 168, NULL, 'dic_error_code', 'dic_error_code', 4, 'N', 'int', 10, 'Y', 'N', 1
, 1); 
INSERT INTO TABLE_COLUMN ( TCL_ID, TBD_ID, ENT_ID, TCL_NAME, TCL_DISPLAY, TCL_ORDER_NO,
TCL_PRIMARY_KEY_FL, TCL_TYPE, TCL_LENGTH, TCL_MANDATORY_FL, TCL_DELETE_FL, TCL_VERSION_ID,
PTN_ID ) VALUES ( 
1553, 168, NULL, 'dic_delete_fl', 'dic_delete_fl', 5, 'N', 'bool', 1, 'Y', 'N', 1
, 1); 
INSERT INTO TABLE_COLUMN ( TCL_ID, TBD_ID, ENT_ID, TCL_NAME, TCL_DISPLAY, TCL_ORDER_NO,
TCL_PRIMARY_KEY_FL, TCL_TYPE, TCL_LENGTH, TCL_MANDATORY_FL, TCL_DELETE_FL, TCL_VERSION_ID,
PTN_ID ) VALUES ( 
1554, 168, NULL, 'dic_version_id', 'dic_version_id', 6, 'N', 'int', 10, 'Y', 'N', 1
, 1); 
INSERT INTO TABLE_COLUMN ( TCL_ID, TBD_ID, ENT_ID, TCL_NAME, TCL_DISPLAY, TCL_ORDER_NO,
TCL_PRIMARY_KEY_FL, TCL_TYPE, TCL_LENGTH, TCL_MANDATORY_FL, TCL_DELETE_FL, TCL_VERSION_ID,
PTN_ID ) VALUES ( 
1555, 168, NULL, 'ptn_id', 'ptn_id', 7, 'N', 'int', 10, 'Y', 'N', 1, 1); 
INSERT INTO TABLE_COLUMN ( TCL_ID, TBD_ID, ENT_ID, TCL_NAME, TCL_DISPLAY, TCL_ORDER_NO,
TCL_PRIMARY_KEY_FL, TCL_TYPE, TCL_LENGTH, TCL_MANDATORY_FL, TCL_DELETE_FL, TCL_VERSION_ID,
PTN_ID ) VALUES ( 
1556, 169, NULL, 'ent_id', 'ent_id', 0, 'Y', 'int', 10, 'Y', 'N', 1, 1); 
INSERT INTO TABLE_COLUMN ( TCL_ID, TBD_ID, ENT_ID, TCL_NAME, TCL_DISPLAY, TCL_ORDER_NO,
TCL_PRIMARY_KEY_FL, TCL_TYPE, TCL_LENGTH, TCL_MANDATORY_FL, TCL_DELETE_FL, TCL_VERSION_ID,
PTN_ID ) VALUES ( 
1557, 169, NULL, 'ent_entity', 'ent_entity', 1, 'N', 'string', 255, 'Y', 'N', 1, 1); 
INSERT INTO TABLE_COLUMN ( TCL_ID, TBD_ID, ENT_ID, TCL_NAME, TCL_DISPLAY, TCL_ORDER_NO,
TCL_PRIMARY_KEY_FL, TCL_TYPE, TCL_LENGTH, TCL_MANDATORY_FL, TCL_DELETE_FL, TCL_VERSION_ID,
PTN_ID ) VALUES ( 
1558, 169, NULL, 'ent_display', 'ent_display', 2, 'N', 'string', 255, 'Y', 'N', 1
, 1); 
INSERT INTO TABLE_COLUMN ( TCL_ID, TBD_ID, ENT_ID, TCL_NAME, TCL_DISPLAY, TCL_ORDER_NO,
TCL_PRIMARY_KEY_FL, TCL_TYPE, TCL_LENGTH, TCL_MANDATORY_FL, TCL_DELETE_FL, TCL_VERSION_ID,
PTN_ID ) VALUES ( 
1559, 169, NULL, 'ent_cache_fl', 'ent_cache_fl', 3, 'N', 'bool', 1, 'Y', 'N', 1, 1); 
INSERT INTO TABLE_COLUMN ( TCL_ID, TBD_ID, ENT_ID, TCL_NAME, TCL_DISPLAY, TCL_ORDER_NO,
TCL_PRIMARY_KEY_FL, TCL_TYPE, TCL_LENGTH, TCL_MANDATORY_FL, TCL_DELETE_FL, TCL_VERSION_ID,
PTN_ID ) VALUES ( 
1560, 169, NULL, 'ent_allow_notes_fl', 'ent_allow_notes_fl', 4, 'N', 'bool', 1, 'Y'
, 'N', 1, 1); 
INSERT INTO TABLE_COLUMN ( TCL_ID, TBD_ID, ENT_ID, TCL_NAME, TCL_DISPLAY, TCL_ORDER_NO,
TCL_PRIMARY_KEY_FL, TCL_TYPE, TCL_LENGTH, TCL_MANDATORY_FL, TCL_DELETE_FL, TCL_VERSION_ID,
PTN_ID ) VALUES ( 
1561, 169, NULL, 'ent_delete_fl', 'ent_delete_fl', 5, 'N', 'bool', 1, 'Y', 'N', 1
, 1); 
INSERT INTO TABLE_COLUMN ( TCL_ID, TBD_ID, ENT_ID, TCL_NAME, TCL_DISPLAY, TCL_ORDER_NO,
TCL_PRIMARY_KEY_FL, TCL_TYPE, TCL_LENGTH, TCL_MANDATORY_FL, TCL_DELETE_FL, TCL_VERSION_ID,
PTN_ID ) VALUES ( 
1562, 169, NULL, 'ent_version_id', 'ent_version_id', 6, 'N', 'int', 10, 'Y', 'N', 1
, 1); 
INSERT INTO TABLE_COLUMN ( TCL_ID, TBD_ID, ENT_ID, TCL_NAME, TCL_DISPLAY, TCL_ORDER_NO,
TCL_PRIMARY_KEY_FL, TCL_TYPE, TCL_LENGTH, TCL_MANDATORY_FL, TCL_DELETE_FL, TCL_VERSION_ID,
PTN_ID ) VALUES ( 
1563, 169, NULL, 'ptn_id', 'ptn_id', 7, 'N', 'int', 10, 'Y', 'N', 1, 1); 
INSERT INTO TABLE_COLUMN ( TCL_ID, TBD_ID, ENT_ID, TCL_NAME, TCL_DISPLAY, TCL_ORDER_NO,
TCL_PRIMARY_KEY_FL, TCL_TYPE, TCL_LENGTH, TCL_MANDATORY_FL, TCL_DELETE_FL, TCL_VERSION_ID,
PTN_ID ) VALUES ( 
1564, 170, NULL, 'tea_id', 'tea_id', 0, 'Y', 'int', 10, 'Y', 'N', 1, 1); 
INSERT INTO TABLE_COLUMN ( TCL_ID, TBD_ID, ENT_ID, TCL_NAME, TCL_DISPLAY, TCL_ORDER_NO,
TCL_PRIMARY_KEY_FL, TCL_TYPE, TCL_LENGTH, TCL_MANDATORY_FL, TCL_DELETE_FL, TCL_VERSION_ID,
PTN_ID ) VALUES ( 
1565, 170, NULL, 'tea_name', 'tea_name', 1, 'N', 'string', 255, 'Y', 'N', 1, 1); 
INSERT INTO TABLE_COLUMN ( TCL_ID, TBD_ID, ENT_ID, TCL_NAME, TCL_DISPLAY, TCL_ORDER_NO,
TCL_PRIMARY_KEY_FL, TCL_TYPE, TCL_LENGTH, TCL_MANDATORY_FL, TCL_DELETE_FL, TCL_VERSION_ID,
PTN_ID ) VALUES ( 
1566, 170, NULL, 'tea_supervisor_usr_id', 'tea_supervisor_usr_id', 2, 'N', 'int', 10
, 'Y', 'N', 1, 1); 
INSERT INTO TABLE_COLUMN ( TCL_ID, TBD_ID, ENT_ID, TCL_NAME, TCL_DISPLAY, TCL_ORDER_NO,
TCL_PRIMARY_KEY_FL, TCL_TYPE, TCL_LENGTH, TCL_MANDATORY_FL, TCL_DELETE_FL, TCL_VERSION_ID,
PTN_ID ) VALUES ( 
1567, 170, NULL, 'tea_delete_fl', 'tea_delete_fl', 3, 'N', 'bool', 1, 'Y', 'N', 1
, 1); 
INSERT INTO TABLE_COLUMN ( TCL_ID, TBD_ID, ENT_ID, TCL_NAME, TCL_DISPLAY, TCL_ORDER_NO,
TCL_PRIMARY_KEY_FL, TCL_TYPE, TCL_LENGTH, TCL_MANDATORY_FL, TCL_DELETE_FL, TCL_VERSION_ID,
PTN_ID ) VALUES ( 
1568, 170, NULL, 'tea_version_id', 'tea_version_id', 4, 'N', 'int', 10, 'Y', 'N', 1
, 1); 
INSERT INTO TABLE_COLUMN ( TCL_ID, TBD_ID, ENT_ID, TCL_NAME, TCL_DISPLAY, TCL_ORDER_NO,
TCL_PRIMARY_KEY_FL, TCL_TYPE, TCL_LENGTH, TCL_MANDATORY_FL, TCL_DELETE_FL, TCL_VERSION_ID,
PTN_ID ) VALUES ( 
1569, 170, NULL, 'ptn_id', 'ptn_id', 5, 'N', 'int', 10, 'Y', 'N', 1, 1); 
INSERT INTO TABLE_COLUMN ( TCL_ID, TBD_ID, ENT_ID, TCL_NAME, TCL_DISPLAY, TCL_ORDER_NO,
TCL_PRIMARY_KEY_FL, TCL_TYPE, TCL_LENGTH, TCL_MANDATORY_FL, TCL_DELETE_FL, TCL_VERSION_ID,
PTN_ID ) VALUES ( 
1570, 171, NULL, 'nat_id', 'nat_id', 0, 'Y', 'int', 10, 'Y', 'N', 1, 1); 
INSERT INTO TABLE_COLUMN ( TCL_ID, TBD_ID, ENT_ID, TCL_NAME, TCL_DISPLAY, TCL_ORDER_NO,
TCL_PRIMARY_KEY_FL, TCL_TYPE, TCL_LENGTH, TCL_MANDATORY_FL, TCL_DELETE_FL, TCL_VERSION_ID,
PTN_ID ) VALUES ( 
1571, 171, NULL, 'nat_name', 'nat_name', 1, 'N', 'string', 255, 'Y', 'N', 1, 1); 
INSERT INTO TABLE_COLUMN ( TCL_ID, TBD_ID, ENT_ID, TCL_NAME, TCL_DISPLAY, TCL_ORDER_NO,
TCL_PRIMARY_KEY_FL, TCL_TYPE, TCL_LENGTH, TCL_MANDATORY_FL, TCL_DELETE_FL, TCL_VERSION_ID,
PTN_ID ) VALUES ( 
1572, 171, NULL, 'not_id', 'not_id', 2, 'N', 'int', 10, 'Y', 'N', 1, 1); 
INSERT INTO TABLE_COLUMN ( TCL_ID, TBD_ID, ENT_ID, TCL_NAME, TCL_DISPLAY, TCL_ORDER_NO,
TCL_PRIMARY_KEY_FL, TCL_TYPE, TCL_LENGTH, TCL_MANDATORY_FL, TCL_DELETE_FL, TCL_VERSION_ID,
PTN_ID ) VALUES ( 
1573, 171, NULL, 'cmp_id', 'cmp_id', 3, 'N', 'int', 10, 'Y', 'N', 1, 1); 
INSERT INTO TABLE_COLUMN ( TCL_ID, TBD_ID, ENT_ID, TCL_NAME, TCL_DISPLAY, TCL_ORDER_NO,
TCL_PRIMARY_KEY_FL, TCL_TYPE, TCL_LENGTH, TCL_MANDATORY_FL, TCL_DELETE_FL, TCL_VERSION_ID,
PTN_ID ) VALUES ( 
1574, 171, NULL, 'nat_data1', 'nat_data1', 4, 'N', 'string', 255, 'N', 'N', 1, 1); 
INSERT INTO TABLE_COLUMN ( TCL_ID, TBD_ID, ENT_ID, TCL_NAME, TCL_DISPLAY, TCL_ORDER_NO,
TCL_PRIMARY_KEY_FL, TCL_TYPE, TCL_LENGTH, TCL_MANDATORY_FL, TCL_DELETE_FL, TCL_VERSION_ID,
PTN_ID ) VALUES ( 
1575, 171, NULL, 'nat_data2', 'nat_data2', 5, 'N', 'string', 255, 'N', 'N', 1, 1); 
INSERT INTO TABLE_COLUMN ( TCL_ID, TBD_ID, ENT_ID, TCL_NAME, TCL_DISPLAY, TCL_ORDER_NO,
TCL_PRIMARY_KEY_FL, TCL_TYPE, TCL_LENGTH, TCL_MANDATORY_FL, TCL_DELETE_FL, TCL_VERSION_ID,
PTN_ID ) VALUES ( 
1576, 171, NULL, 'nat_data3', 'nat_data3', 6, 'N', 'string', 255, 'N', 'N', 1, 1); 
commit;
 
INSERT INTO TABLE_DFN ( TBD_ID, SCT_ID, TBD_NAME, TBD_PREFIX, TBD_SYSTEM_FL, TBD_INTERNAL_FL,
TBD_TEMP_FL, TBD_DELETE_FL, TBD_VERSION_ID, PTN_ID ) VALUES ( 
232, 1, 'chart_type', 'cht', 'Y', 'N', 'N', 'N', 1, 1); 
INSERT INTO TABLE_DFN ( TBD_ID, SCT_ID, TBD_NAME, TBD_PREFIX, TBD_SYSTEM_FL, TBD_INTERNAL_FL,
TBD_TEMP_FL, TBD_DELETE_FL, TBD_VERSION_ID, PTN_ID ) VALUES ( 
233, 1, 'alert_dfn_notify_team', 'adt', 'Y', 'N', 'N', 'N', 1, 1); 
INSERT INTO TABLE_DFN ( TBD_ID, SCT_ID, TBD_NAME, TBD_PREFIX, TBD_SYSTEM_FL, TBD_INTERNAL_FL,
TBD_TEMP_FL, TBD_DELETE_FL, TBD_VERSION_ID, PTN_ID ) VALUES ( 
234, 1, 'note_history', 'noh', 'Y', 'N', 'N', 'N', 1, 1); 
INSERT INTO TABLE_DFN ( TBD_ID, SCT_ID, TBD_NAME, TBD_PREFIX, TBD_SYSTEM_FL, TBD_INTERNAL_FL,
TBD_TEMP_FL, TBD_DELETE_FL, TBD_VERSION_ID, PTN_ID ) VALUES ( 
235, 1, 'table_mapping_column', 'tmc', 'Y', 'N', 'N', 'N', 1, 1); 
INSERT INTO TABLE_DFN ( TBD_ID, SCT_ID, TBD_NAME, TBD_PREFIX, TBD_SYSTEM_FL, TBD_INTERNAL_FL,
TBD_TEMP_FL, TBD_DELETE_FL, TBD_VERSION_ID, PTN_ID ) VALUES ( 
236, 1, 'case_esc_notify_team', 'cet', 'Y', 'N', 'N', 'N', 1, 1); 
INSERT INTO TABLE_DFN ( TBD_ID, SCT_ID, TBD_NAME, TBD_PREFIX, TBD_SYSTEM_FL, TBD_INTERNAL_FL,
TBD_TEMP_FL, TBD_DELETE_FL, TBD_VERSION_ID, PTN_ID ) VALUES ( 
237, 1, 'schema_type', 'sct', 'Y', 'N', 'N', 'N', 1, 1); 
INSERT INTO TABLE_DFN ( TBD_ID, SCT_ID, TBD_NAME, TBD_PREFIX, TBD_SYSTEM_FL, TBD_INTERNAL_FL,
TBD_TEMP_FL, TBD_DELETE_FL, TBD_VERSION_ID, PTN_ID ) VALUES ( 
238, 1, 'tariff_band_history', 'tbh', 'Y', 'N', 'N', 'N', 1, 1); 
INSERT INTO TABLE_DFN ( TBD_ID, SCT_ID, TBD_NAME, TBD_PREFIX, TBD_SYSTEM_FL, TBD_INTERNAL_FL,
TBD_TEMP_FL, TBD_DELETE_FL, TBD_VERSION_ID, PTN_ID ) VALUES ( 
239, 1, 'action', 'acn', 'Y', 'N', 'N', 'N', 1, 1); 
INSERT INTO TABLE_DFN ( TBD_ID, SCT_ID, TBD_NAME, TBD_PREFIX, TBD_SYSTEM_FL, TBD_INTERNAL_FL,
TBD_TEMP_FL, TBD_DELETE_FL, TBD_VERSION_ID, PTN_ID ) VALUES ( 
240, 1, 'role_ui_action_item', 'rai', 'Y', 'N', 'N', 'N', 1, 1); 
INSERT INTO TABLE_DFN ( TBD_ID, SCT_ID, TBD_NAME, TBD_PREFIX, TBD_SYSTEM_FL, TBD_INTERNAL_FL,
TBD_TEMP_FL, TBD_DELETE_FL, TBD_VERSION_ID, PTN_ID ) VALUES ( 
241, 1, 'event_statistics_stage', 'ess', 'Y', 'N', 'N', 'N', 1, 1); 
INSERT INTO TABLE_DFN ( TBD_ID, SCT_ID, TBD_NAME, TBD_PREFIX, TBD_SYSTEM_FL, TBD_INTERNAL_FL,
TBD_TEMP_FL, TBD_DELETE_FL, TBD_VERSION_ID, PTN_ID ) VALUES ( 
242, 1, 'tariff_trn', 'ttr', 'Y', 'N', 'N', 'N', 1, 1); 
INSERT INTO TABLE_DFN ( TBD_ID, SCT_ID, TBD_NAME, TBD_PREFIX, TBD_SYSTEM_FL, TBD_INTERNAL_FL,
TBD_TEMP_FL, TBD_DELETE_FL, TBD_VERSION_ID, PTN_ID ) VALUES ( 
1, 1, 'table_column', 'tcl', 'Y', 'N', 'N', 'N', 1, 1); 
INSERT INTO TABLE_DFN ( TBD_ID, SCT_ID, TBD_NAME, TBD_PREFIX, TBD_SYSTEM_FL, TBD_INTERNAL_FL,
TBD_TEMP_FL, TBD_DELETE_FL, TBD_VERSION_ID, PTN_ID ) VALUES ( 
2, 1, 'case_esc_notify_user', 'ceu', 'Y', 'N', 'N', 'N', 1, 1); 
INSERT INTO TABLE_DFN ( TBD_ID, SCT_ID, TBD_NAME, TBD_PREFIX, TBD_SYSTEM_FL, TBD_INTERNAL_FL,
TBD_TEMP_FL, TBD_DELETE_FL, TBD_VERSION_ID, PTN_ID ) VALUES ( 
3, 1, 'layout', 'lyt', 'Y', 'N', 'N', 'N', 1, 1); 
INSERT INTO TABLE_DFN ( TBD_ID, SCT_ID, TBD_NAME, TBD_PREFIX, TBD_SYSTEM_FL, TBD_INTERNAL_FL,
TBD_TEMP_FL, TBD_DELETE_FL, TBD_VERSION_ID, PTN_ID ) VALUES ( 
4, 1, 'alert_dfn_notify_user', 'adu', 'Y', 'N', 'N', 'N', 1, 1); 
INSERT INTO TABLE_DFN ( TBD_ID, SCT_ID, TBD_NAME, TBD_PREFIX, TBD_SYSTEM_FL, TBD_INTERNAL_FL,
TBD_TEMP_FL, TBD_DELETE_FL, TBD_VERSION_ID, PTN_ID ) VALUES ( 
5, 1, 'tariff_band_rate', 'tbr', 'Y', 'N', 'N', 'N', 1, 1); 
INSERT INTO TABLE_DFN ( TBD_ID, SCT_ID, TBD_NAME, TBD_PREFIX, TBD_SYSTEM_FL, TBD_INTERNAL_FL,
TBD_TEMP_FL, TBD_DELETE_FL, TBD_VERSION_ID, PTN_ID ) VALUES ( 
6, 1, 'task_controller', 'tcr', 'Y', 'N', 'N', 'N', 1, 1); 
INSERT INTO TABLE_DFN ( TBD_ID, SCT_ID, TBD_NAME, TBD_PREFIX, TBD_SYSTEM_FL, TBD_INTERNAL_FL,
TBD_TEMP_FL, TBD_DELETE_FL, TBD_VERSION_ID, PTN_ID ) VALUES ( 
7, 1, 'frequency_group', 'frg', 'Y', 'N', 'N', 'N', 1, 1); 
INSERT INTO TABLE_DFN ( TBD_ID, SCT_ID, TBD_NAME, TBD_PREFIX, TBD_SYSTEM_FL, TBD_INTERNAL_FL,
TBD_TEMP_FL, TBD_DELETE_FL, TBD_VERSION_ID, PTN_ID ) VALUES ( 
8, 1, 'application_tbl', 'app', 'Y', 'N', 'N', 'N', 1, 1); 
INSERT INTO TABLE_DFN ( TBD_ID, SCT_ID, TBD_NAME, TBD_PREFIX, TBD_SYSTEM_FL, TBD_INTERNAL_FL,
TBD_TEMP_FL, TBD_DELETE_FL, TBD_VERSION_ID, PTN_ID ) VALUES ( 
9, 1, 'event_error_message', 'eem', 'Y', 'N', 'N', 'N', 1, 1); 
INSERT INTO TABLE_DFN ( TBD_ID, SCT_ID, TBD_NAME, TBD_PREFIX, TBD_SYSTEM_FL, TBD_INTERNAL_FL,
TBD_TEMP_FL, TBD_DELETE_FL, TBD_VERSION_ID, PTN_ID ) VALUES ( 
10, 1, 'route', 'rut', 'Y', 'N', 'N', 'N', 1, 1); 
INSERT INTO TABLE_DFN ( TBD_ID, SCT_ID, TBD_NAME, TBD_PREFIX, TBD_SYSTEM_FL, TBD_INTERNAL_FL,
TBD_TEMP_FL, TBD_DELETE_FL, TBD_VERSION_ID, PTN_ID ) VALUES ( 
11, 1, 'usage_server_partition', 'usp', 'Y', 'N', 'N', 'N', 1, 1); 
INSERT INTO TABLE_DFN ( TBD_ID, SCT_ID, TBD_NAME, TBD_PREFIX, TBD_SYSTEM_FL, TBD_INTERNAL_FL,
TBD_TEMP_FL, TBD_DELETE_FL, TBD_VERSION_ID, PTN_ID ) VALUES ( 
12, 1, 'entity_guid', 'egd', 'Y', 'N', 'N', 'N', 1, 1); 
INSERT INTO TABLE_DFN ( TBD_ID, SCT_ID, TBD_NAME, TBD_PREFIX, TBD_SYSTEM_FL, TBD_INTERNAL_FL,
TBD_TEMP_FL, TBD_DELETE_FL, TBD_VERSION_ID, PTN_ID ) VALUES ( 
13, 1, 'tree_entity', 'ten', 'Y', 'N', 'N', 'N', 1, 1); 
INSERT INTO TABLE_DFN ( TBD_ID, SCT_ID, TBD_NAME, TBD_PREFIX, TBD_SYSTEM_FL, TBD_INTERNAL_FL,
TBD_TEMP_FL, TBD_DELETE_FL, TBD_VERSION_ID, PTN_ID ) VALUES ( 
14, 1, 'tariff_metric_type', 'tfm', 'Y', 'N', 'N', 'N', 1, 1); 
INSERT INTO TABLE_DFN ( TBD_ID, SCT_ID, TBD_NAME, TBD_PREFIX, TBD_SYSTEM_FL, TBD_INTERNAL_FL,
TBD_TEMP_FL, TBD_DELETE_FL, TBD_VERSION_ID, PTN_ID ) VALUES ( 
15, 1, 'task', 'tsk', 'Y', 'N', 'N', 'N', 1, 1); 
INSERT INTO TABLE_DFN ( TBD_ID, SCT_ID, TBD_NAME, TBD_PREFIX, TBD_SYSTEM_FL, TBD_INTERNAL_FL,
TBD_TEMP_FL, TBD_DELETE_FL, TBD_VERSION_ID, PTN_ID ) VALUES ( 
16, 1, 'extra_control', 'exc', 'Y', 'N', 'N', 'N', 1, 1); 
INSERT INTO TABLE_DFN ( TBD_ID, SCT_ID, TBD_NAME, TBD_PREFIX, TBD_SYSTEM_FL, TBD_INTERNAL_FL,
TBD_TEMP_FL, TBD_DELETE_FL, TBD_VERSION_ID, PTN_ID ) VALUES ( 
17, 1, 'application_user', 'apu', 'Y', 'N', 'N', 'N', 1, 1); 
INSERT INTO TABLE_DFN ( TBD_ID, SCT_ID, TBD_NAME, TBD_PREFIX, TBD_SYSTEM_FL, TBD_INTERNAL_FL,
TBD_TEMP_FL, TBD_DELETE_FL, TBD_VERSION_ID, PTN_ID ) VALUES ( 
18, 1, 'case_dfn_item_transition', 'cdt', 'Y', 'N', 'N', 'N', 1, 1); 
INSERT INTO TABLE_DFN ( TBD_ID, SCT_ID, TBD_NAME, TBD_PREFIX, TBD_SYSTEM_FL, TBD_INTERNAL_FL,
TBD_TEMP_FL, TBD_DELETE_FL, TBD_VERSION_ID, PTN_ID ) VALUES ( 
19, 1, 'default_table_grid', 'dtg', 'Y', 'N', 'N', 'N', 1, 1); 
INSERT INTO TABLE_DFN ( TBD_ID, SCT_ID, TBD_NAME, TBD_PREFIX, TBD_SYSTEM_FL, TBD_INTERNAL_FL,
TBD_TEMP_FL, TBD_DELETE_FL, TBD_VERSION_ID, PTN_ID ) VALUES ( 
20, 1, 'action_pin_connection', 'apc', 'Y', 'N', 'N', 'N', 1, 1); 
INSERT INTO TABLE_DFN ( TBD_ID, SCT_ID, TBD_NAME, TBD_PREFIX, TBD_SYSTEM_FL, TBD_INTERNAL_FL,
TBD_TEMP_FL, TBD_DELETE_FL, TBD_VERSION_ID, PTN_ID ) VALUES ( 
21, 1, 'role_ref_table', 'rrf', 'Y', 'N', 'N', 'N', 1, 1); 
INSERT INTO TABLE_DFN ( TBD_ID, SCT_ID, TBD_NAME, TBD_PREFIX, TBD_SYSTEM_FL, TBD_INTERNAL_FL,
TBD_TEMP_FL, TBD_DELETE_FL, TBD_VERSION_ID, PTN_ID ) VALUES ( 
22, 1, 'missing_file', 'msf', 'Y', 'N', 'N', 'N', 1, 1); 
INSERT INTO TABLE_DFN ( TBD_ID, SCT_ID, TBD_NAME, TBD_PREFIX, TBD_SYSTEM_FL, TBD_INTERNAL_FL,
TBD_TEMP_FL, TBD_DELETE_FL, TBD_VERSION_ID, PTN_ID ) VALUES ( 
23, 1, 'element_report_group', 'egp', 'Y', 'N', 'N', 'N', 1, 1); 
INSERT INTO TABLE_DFN ( TBD_ID, SCT_ID, TBD_NAME, TBD_PREFIX, TBD_SYSTEM_FL, TBD_INTERNAL_FL,
TBD_TEMP_FL, TBD_DELETE_FL, TBD_VERSION_ID, PTN_ID ) VALUES ( 
24, 1, 'stream_controller', 'stc', 'Y', 'N', 'N', 'N', 1, 1); 
INSERT INTO TABLE_DFN ( TBD_ID, SCT_ID, TBD_NAME, TBD_PREFIX, TBD_SYSTEM_FL, TBD_INTERNAL_FL,
TBD_TEMP_FL, TBD_DELETE_FL, TBD_VERSION_ID, PTN_ID ) VALUES ( 
25, 1, 'toolbar', 'tlb', 'Y', 'N', 'N', 'N', 1, 1); 
INSERT INTO TABLE_DFN ( TBD_ID, SCT_ID, TBD_NAME, TBD_PREFIX, TBD_SYSTEM_FL, TBD_INTERNAL_FL,
TBD_TEMP_FL, TBD_DELETE_FL, TBD_VERSION_ID, PTN_ID ) VALUES ( 
26, 1, 'case_inst_history', 'cth', 'Y', 'N', 'N', 'N', 1, 1); 
INSERT INTO TABLE_DFN ( TBD_ID, SCT_ID, TBD_NAME, TBD_PREFIX, TBD_SYSTEM_FL, TBD_INTERNAL_FL,
TBD_TEMP_FL, TBD_DELETE_FL, TBD_VERSION_ID, PTN_ID ) VALUES ( 
27, 1, 'table_index', 'tix', 'Y', 'N', 'N', 'N', 1, 1); 
INSERT INTO TABLE_DFN ( TBD_ID, SCT_ID, TBD_NAME, TBD_PREFIX, TBD_SYSTEM_FL, TBD_INTERNAL_FL,
TBD_TEMP_FL, TBD_DELETE_FL, TBD_VERSION_ID, PTN_ID ) VALUES ( 
28, 1, 'query_builder', 'qbr', 'Y', 'N', 'N', 'N', 1, 1); 
INSERT INTO TABLE_DFN ( TBD_ID, SCT_ID, TBD_NAME, TBD_PREFIX, TBD_SYSTEM_FL, TBD_INTERNAL_FL,
TBD_TEMP_FL, TBD_DELETE_FL, TBD_VERSION_ID, PTN_ID ) VALUES ( 
29, 1, 'alert_inst', 'ali', 'Y', 'N', 'N', 'N', 1, 1); 
INSERT INTO TABLE_DFN ( TBD_ID, SCT_ID, TBD_NAME, TBD_PREFIX, TBD_SYSTEM_FL, TBD_INTERNAL_FL,
TBD_TEMP_FL, TBD_DELETE_FL, TBD_VERSION_ID, PTN_ID ) VALUES ( 
30, 1, 'trigger_tbl', 'trg', 'Y', 'N', 'N', 'N', 1, 1); 
INSERT INTO TABLE_DFN ( TBD_ID, SCT_ID, TBD_NAME, TBD_PREFIX, TBD_SYSTEM_FL, TBD_INTERNAL_FL,
TBD_TEMP_FL, TBD_DELETE_FL, TBD_VERSION_ID, PTN_ID ) VALUES ( 
31, 1, 'stream_stage_recur_task', 'srt', 'Y', 'N', 'N', 'N', 1, 1); 
INSERT INTO TABLE_DFN ( TBD_ID, SCT_ID, TBD_NAME, TBD_PREFIX, TBD_SYSTEM_FL, TBD_INTERNAL_FL,
TBD_TEMP_FL, TBD_DELETE_FL, TBD_VERSION_ID, PTN_ID ) VALUES ( 
32, 1, 'case_dfn_item_step', 'cds', 'Y', 'N', 'N', 'N', 1, 1); 
INSERT INTO TABLE_DFN ( TBD_ID, SCT_ID, TBD_NAME, TBD_PREFIX, TBD_SYSTEM_FL, TBD_INTERNAL_FL,
TBD_TEMP_FL, TBD_DELETE_FL, TBD_VERSION_ID, PTN_ID ) VALUES ( 
33, 1, 'user_default_detail', 'udd', 'Y', 'N', 'N', 'N', 1, 1); 
INSERT INTO TABLE_DFN ( TBD_ID, SCT_ID, TBD_NAME, TBD_PREFIX, TBD_SYSTEM_FL, TBD_INTERNAL_FL,
TBD_TEMP_FL, TBD_DELETE_FL, TBD_VERSION_ID, PTN_ID ) VALUES ( 
34, 1, 'table_grid_column', 'tgc', 'Y', 'N', 'N', 'N', 1, 1); 
INSERT INTO TABLE_DFN ( TBD_ID, SCT_ID, TBD_NAME, TBD_PREFIX, TBD_SYSTEM_FL, TBD_INTERNAL_FL,
TBD_TEMP_FL, TBD_DELETE_FL, TBD_VERSION_ID, PTN_ID ) VALUES ( 
35, 1, 'machine_tbl', 'mac', 'Y', 'N', 'N', 'N', 1, 1); 
INSERT INTO TABLE_DFN ( TBD_ID, SCT_ID, TBD_NAME, TBD_PREFIX, TBD_SYSTEM_FL, TBD_INTERNAL_FL,
TBD_TEMP_FL, TBD_DELETE_FL, TBD_VERSION_ID, PTN_ID ) VALUES ( 
36, 1, 'usage_group', 'usg', 'Y', 'N', 'N', 'N', 1, 1); 
INSERT INTO TABLE_DFN ( TBD_ID, SCT_ID, TBD_NAME, TBD_PREFIX, TBD_SYSTEM_FL, TBD_INTERNAL_FL,
TBD_TEMP_FL, TBD_DELETE_FL, TBD_VERSION_ID, PTN_ID ) VALUES ( 
37, 1, 'route_type', 'rtt', 'Y', 'N', 'N', 'N', 1, 1); 
INSERT INTO TABLE_DFN ( TBD_ID, SCT_ID, TBD_NAME, TBD_PREFIX, TBD_SYSTEM_FL, TBD_INTERNAL_FL,
TBD_TEMP_FL, TBD_DELETE_FL, TBD_VERSION_ID, PTN_ID ) VALUES ( 
38, 1, 'entity_export_item', 'eei', 'Y', 'N', 'N', 'N', 1, 1); 
INSERT INTO TABLE_DFN ( TBD_ID, SCT_ID, TBD_NAME, TBD_PREFIX, TBD_SYSTEM_FL, TBD_INTERNAL_FL,
TBD_TEMP_FL, TBD_DELETE_FL, TBD_VERSION_ID, PTN_ID ) VALUES ( 
39, 1, 'token_tbl', 'tok', 'Y', 'N', 'N', 'N', 1, 1); 
INSERT INTO TABLE_DFN ( TBD_ID, SCT_ID, TBD_NAME, TBD_PREFIX, TBD_SYSTEM_FL, TBD_INTERNAL_FL,
TBD_TEMP_FL, TBD_DELETE_FL, TBD_VERSION_ID, PTN_ID ) VALUES ( 
40, 1, 'sql_query', 'sql', 'Y', 'N', 'N', 'N', 1, 1); 
INSERT INTO TABLE_DFN ( TBD_ID, SCT_ID, TBD_NAME, TBD_PREFIX, TBD_SYSTEM_FL, TBD_INTERNAL_FL,
TBD_TEMP_FL, TBD_DELETE_FL, TBD_VERSION_ID, PTN_ID ) VALUES ( 
41, 1, 'ui_action_item', 'uai', 'Y', 'N', 'N', 'N', 1, 1); 
INSERT INTO TABLE_DFN ( TBD_ID, SCT_ID, TBD_NAME, TBD_PREFIX, TBD_SYSTEM_FL, TBD_INTERNAL_FL,
TBD_TEMP_FL, TBD_DELETE_FL, TBD_VERSION_ID, PTN_ID ) VALUES ( 
42, 1, 'context', 'cxt', 'Y', 'N', 'N', 'N', 1, 1); 
INSERT INTO TABLE_DFN ( TBD_ID, SCT_ID, TBD_NAME, TBD_PREFIX, TBD_SYSTEM_FL, TBD_INTERNAL_FL,
TBD_TEMP_FL, TBD_DELETE_FL, TBD_VERSION_ID, PTN_ID ) VALUES ( 
43, 1, 'generated_report', 'gnr', 'Y', 'N', 'N', 'N', 1, 1); 
INSERT INTO TABLE_DFN ( TBD_ID, SCT_ID, TBD_NAME, TBD_PREFIX, TBD_SYSTEM_FL, TBD_INTERNAL_FL,
TBD_TEMP_FL, TBD_DELETE_FL, TBD_VERSION_ID, PTN_ID ) VALUES ( 
44, 1, 'default_grid', 'dgr', 'Y', 'N', 'N', 'N', 1, 1); 
INSERT INTO TABLE_DFN ( TBD_ID, SCT_ID, TBD_NAME, TBD_PREFIX, TBD_SYSTEM_FL, TBD_INTERNAL_FL,
TBD_TEMP_FL, TBD_DELETE_FL, TBD_VERSION_ID, PTN_ID ) VALUES ( 
45, 1, 'case_dfn_item_alert', 'cda', 'Y', 'N', 'N', 'N', 1, 1); 
INSERT INTO TABLE_DFN ( TBD_ID, SCT_ID, TBD_NAME, TBD_PREFIX, TBD_SYSTEM_FL, TBD_INTERNAL_FL,
TBD_TEMP_FL, TBD_DELETE_FL, TBD_VERSION_ID, PTN_ID ) VALUES ( 
46, 1, 'chart_sub_type_prop', 'csp', 'Y', 'N', 'N', 'N', 1, 1); 
INSERT INTO TABLE_DFN ( TBD_ID, SCT_ID, TBD_NAME, TBD_PREFIX, TBD_SYSTEM_FL, TBD_INTERNAL_FL,
TBD_TEMP_FL, TBD_DELETE_FL, TBD_VERSION_ID, PTN_ID ) VALUES ( 
47, 1, 'tariff_band', 'tab', 'Y', 'N', 'N', 'N', 1, 1); 
INSERT INTO TABLE_DFN ( TBD_ID, SCT_ID, TBD_NAME, TBD_PREFIX, TBD_SYSTEM_FL, TBD_INTERNAL_FL,
TBD_TEMP_FL, TBD_DELETE_FL, TBD_VERSION_ID, PTN_ID ) VALUES ( 
48, 1, 'case_item_priority', 'cip', 'Y', 'N', 'N', 'N', 1, 1); 
INSERT INTO TABLE_DFN ( TBD_ID, SCT_ID, TBD_NAME, TBD_PREFIX, TBD_SYSTEM_FL, TBD_INTERNAL_FL,
TBD_TEMP_FL, TBD_DELETE_FL, TBD_VERSION_ID, PTN_ID ) VALUES ( 
49, 1, 'interface_tbl', 'ife', 'Y', 'N', 'N', 'N', 1, 1); 
INSERT INTO TABLE_DFN ( TBD_ID, SCT_ID, TBD_NAME, TBD_PREFIX, TBD_SYSTEM_FL, TBD_INTERNAL_FL,
TBD_TEMP_FL, TBD_DELETE_FL, TBD_VERSION_ID, PTN_ID ) VALUES ( 
50, 1, 'chart_property_group', 'cpg', 'Y', 'N', 'N', 'N', 1, 1); 
INSERT INTO TABLE_DFN ( TBD_ID, SCT_ID, TBD_NAME, TBD_PREFIX, TBD_SYSTEM_FL, TBD_INTERNAL_FL,
TBD_TEMP_FL, TBD_DELETE_FL, TBD_VERSION_ID, PTN_ID ) VALUES ( 
51, 1, 'table_index_column', 'tic', 'Y', 'N', 'N', 'N', 1, 1); 
INSERT INTO TABLE_DFN ( TBD_ID, SCT_ID, TBD_NAME, TBD_PREFIX, TBD_SYSTEM_FL, TBD_INTERNAL_FL,
TBD_TEMP_FL, TBD_DELETE_FL, TBD_VERSION_ID, PTN_ID ) VALUES ( 
52, 1, 'element_set', 'est', 'Y', 'N', 'N', 'N', 1, 1); 
INSERT INTO TABLE_DFN ( TBD_ID, SCT_ID, TBD_NAME, TBD_PREFIX, TBD_SYSTEM_FL, TBD_INTERNAL_FL,
TBD_TEMP_FL, TBD_DELETE_FL, TBD_VERSION_ID, PTN_ID ) VALUES ( 
53, 1, 'auto_sql_select', 'ass', 'Y', 'N', 'N', 'N', 1, 1); 
INSERT INTO TABLE_DFN ( TBD_ID, SCT_ID, TBD_NAME, TBD_PREFIX, TBD_SYSTEM_FL, TBD_INTERNAL_FL,
TBD_TEMP_FL, TBD_DELETE_FL, TBD_VERSION_ID, PTN_ID ) VALUES ( 
54, 1, 'alert_dfn', 'ald', 'Y', 'N', 'N', 'N', 1, 1); 
INSERT INTO TABLE_DFN ( TBD_ID, SCT_ID, TBD_NAME, TBD_PREFIX, TBD_SYSTEM_FL, TBD_INTERNAL_FL,
TBD_TEMP_FL, TBD_DELETE_FL, TBD_VERSION_ID, PTN_ID ) VALUES ( 
55, 1, 'user_tbl', 'usr', 'Y', 'N', 'N', 'N', 1, 1); 
INSERT INTO TABLE_DFN ( TBD_ID, SCT_ID, TBD_NAME, TBD_PREFIX, TBD_SYSTEM_FL, TBD_INTERNAL_FL,
TBD_TEMP_FL, TBD_DELETE_FL, TBD_VERSION_ID, PTN_ID ) VALUES ( 
56, 1, 'case_dfn', 'cdn', 'Y', 'N', 'N', 'N', 1, 1); 
INSERT INTO TABLE_DFN ( TBD_ID, SCT_ID, TBD_NAME, TBD_PREFIX, TBD_SYSTEM_FL, TBD_INTERNAL_FL,
TBD_TEMP_FL, TBD_DELETE_FL, TBD_VERSION_ID, PTN_ID ) VALUES ( 
57, 1, 'parse_output_map', 'pom', 'Y', 'N', 'N', 'N', 1, 1); 
INSERT INTO TABLE_DFN ( TBD_ID, SCT_ID, TBD_NAME, TBD_PREFIX, TBD_SYSTEM_FL, TBD_INTERNAL_FL,
TBD_TEMP_FL, TBD_DELETE_FL, TBD_VERSION_ID, PTN_ID ) VALUES ( 
58, 1, 'tariff_element_set', 'tes', 'Y', 'N', 'N', 'N', 1, 1); 
INSERT INTO TABLE_DFN ( TBD_ID, SCT_ID, TBD_NAME, TBD_PREFIX, TBD_SYSTEM_FL, TBD_INTERNAL_FL,
TBD_TEMP_FL, TBD_DELETE_FL, TBD_VERSION_ID, PTN_ID ) VALUES ( 
59, 1, 'day_group', 'dgp', 'Y', 'N', 'N', 'N', 1, 1); 
INSERT INTO TABLE_DFN ( TBD_ID, SCT_ID, TBD_NAME, TBD_PREFIX, TBD_SYSTEM_FL, TBD_INTERNAL_FL,
TBD_TEMP_FL, TBD_DELETE_FL, TBD_VERSION_ID, PTN_ID ) VALUES ( 
60, 1, 'chart_sub_type', 'csb', 'Y', 'N', 'N', 'N', 1, 1); 
INSERT INTO TABLE_DFN ( TBD_ID, SCT_ID, TBD_NAME, TBD_PREFIX, TBD_SYSTEM_FL, TBD_INTERNAL_FL,
TBD_TEMP_FL, TBD_DELETE_FL, TBD_VERSION_ID, PTN_ID ) VALUES ( 
61, 1, 'band', 'bnd', 'Y', 'N', 'N', 'N', 1, 1); 
INSERT INTO TABLE_DFN ( TBD_ID, SCT_ID, TBD_NAME, TBD_PREFIX, TBD_SYSTEM_FL, TBD_INTERNAL_FL,
TBD_TEMP_FL, TBD_DELETE_FL, TBD_VERSION_ID, PTN_ID ) VALUES ( 
62, 1, 'pending_task', 'ptk', 'Y', 'N', 'N', 'N', 1, 1); 
INSERT INTO TABLE_DFN ( TBD_ID, SCT_ID, TBD_NAME, TBD_PREFIX, TBD_SYSTEM_FL, TBD_INTERNAL_FL,
TBD_TEMP_FL, TBD_DELETE_FL, TBD_VERSION_ID, PTN_ID ) VALUES ( 
63, 1, 'tariff_class', 'tcs', 'Y', 'N', 'N', 'N', 1, 1); 
INSERT INTO TABLE_DFN ( TBD_ID, SCT_ID, TBD_NAME, TBD_PREFIX, TBD_SYSTEM_FL, TBD_INTERNAL_FL,
TBD_TEMP_FL, TBD_DELETE_FL, TBD_VERSION_ID, PTN_ID ) VALUES ( 
64, 1, 'usage_group_server', 'ugs', 'Y', 'N', 'N', 'N', 1, 1); 
INSERT INTO TABLE_DFN ( TBD_ID, SCT_ID, TBD_NAME, TBD_PREFIX, TBD_SYSTEM_FL, TBD_INTERNAL_FL,
TBD_TEMP_FL, TBD_DELETE_FL, TBD_VERSION_ID, PTN_ID ) VALUES ( 
65, 1, 'alert_group_notify_user', 'agu', 'Y', 'N', 'N', 'N', 1, 1); 
INSERT INTO TABLE_DFN ( TBD_ID, SCT_ID, TBD_NAME, TBD_PREFIX, TBD_SYSTEM_FL, TBD_INTERNAL_FL,
TBD_TEMP_FL, TBD_DELETE_FL, TBD_VERSION_ID, PTN_ID ) VALUES ( 
66, 1, 'case_dfn_notify_user', 'cdu', 'Y', 'N', 'N', 'N', 1, 1); 
INSERT INTO TABLE_DFN ( TBD_ID, SCT_ID, TBD_NAME, TBD_PREFIX, TBD_SYSTEM_FL, TBD_INTERNAL_FL,
TBD_TEMP_FL, TBD_DELETE_FL, TBD_VERSION_ID, PTN_ID ) VALUES ( 
67, 1, 'image_tbl', 'img', 'Y', 'N', 'N', 'N', 1, 1); 
INSERT INTO TABLE_DFN ( TBD_ID, SCT_ID, TBD_NAME, TBD_PREFIX, TBD_SYSTEM_FL, TBD_INTERNAL_FL,
TBD_TEMP_FL, TBD_DELETE_FL, TBD_VERSION_ID, PTN_ID ) VALUES ( 
68, 1, 'string_rule_step', 'srp', 'Y', 'N', 'N', 'N', 1, 1); 
INSERT INTO TABLE_DFN ( TBD_ID, SCT_ID, TBD_NAME, TBD_PREFIX, TBD_SYSTEM_FL, TBD_INTERNAL_FL,
TBD_TEMP_FL, TBD_DELETE_FL, TBD_VERSION_ID, PTN_ID ) VALUES ( 
69, 1, 'stream_file', 'sfl', 'Y', 'N', 'N', 'N', 1, 1); 
INSERT INTO TABLE_DFN ( TBD_ID, SCT_ID, TBD_NAME, TBD_PREFIX, TBD_SYSTEM_FL, TBD_INTERNAL_FL,
TBD_TEMP_FL, TBD_DELETE_FL, TBD_VERSION_ID, PTN_ID ) VALUES ( 
70, 1, 'table_filter_col', 'tfc', 'Y', 'N', 'N', 'N', 1, 1); 
INSERT INTO TABLE_DFN ( TBD_ID, SCT_ID, TBD_NAME, TBD_PREFIX, TBD_SYSTEM_FL, TBD_INTERNAL_FL,
TBD_TEMP_FL, TBD_DELETE_FL, TBD_VERSION_ID, PTN_ID ) VALUES ( 
71, 1, 'custom_object', 'cos', 'Y', 'N', 'N', 'N', 1, 1); 
INSERT INTO TABLE_DFN ( TBD_ID, SCT_ID, TBD_NAME, TBD_PREFIX, TBD_SYSTEM_FL, TBD_INTERNAL_FL,
TBD_TEMP_FL, TBD_DELETE_FL, TBD_VERSION_ID, PTN_ID ) VALUES ( 
72, 1, 'file_first_last_sequence', 'ffl', 'Y', 'N', 'N', 'N', 1, 1); 
INSERT INTO TABLE_DFN ( TBD_ID, SCT_ID, TBD_NAME, TBD_PREFIX, TBD_SYSTEM_FL, TBD_INTERNAL_FL,
TBD_TEMP_FL, TBD_DELETE_FL, TBD_VERSION_ID, PTN_ID ) VALUES ( 
73, 1, 'entity_export_group', 'eeg', 'Y', 'N', 'N', 'N', 1, 1); 
INSERT INTO TABLE_DFN ( TBD_ID, SCT_ID, TBD_NAME, TBD_PREFIX, TBD_SYSTEM_FL, TBD_INTERNAL_FL,
TBD_TEMP_FL, TBD_DELETE_FL, TBD_VERSION_ID, PTN_ID ) VALUES ( 
74, 1, 'task_output_file', 'tof', 'Y', 'N', 'N', 'N', 1, 1); 
INSERT INTO TABLE_DFN ( TBD_ID, SCT_ID, TBD_NAME, TBD_PREFIX, TBD_SYSTEM_FL, TBD_INTERNAL_FL,
TBD_TEMP_FL, TBD_DELETE_FL, TBD_VERSION_ID, PTN_ID ) VALUES ( 
75, 1, 'tariff_class_day_group', 'tcd', 'Y', 'N', 'N', 'N', 1, 1); 
INSERT INTO TABLE_DFN ( TBD_ID, SCT_ID, TBD_NAME, TBD_PREFIX, TBD_SYSTEM_FL, TBD_INTERNAL_FL,
TBD_TEMP_FL, TBD_DELETE_FL, TBD_VERSION_ID, PTN_ID ) VALUES ( 
76, 1, 'business_objects_universe', 'bov', 'Y', 'N', 'N', 'N', 1, 1); 
INSERT INTO TABLE_DFN ( TBD_ID, SCT_ID, TBD_NAME, TBD_PREFIX, TBD_SYSTEM_FL, TBD_INTERNAL_FL,
TBD_TEMP_FL, TBD_DELETE_FL, TBD_VERSION_ID, PTN_ID ) VALUES ( 
77, 1, 'tariff_period', 'tap', 'Y', 'N', 'N', 'N', 1, 1); 
INSERT INTO TABLE_DFN ( TBD_ID, SCT_ID, TBD_NAME, TBD_PREFIX, TBD_SYSTEM_FL, TBD_INTERNAL_FL,
TBD_TEMP_FL, TBD_DELETE_FL, TBD_VERSION_ID, PTN_ID ) VALUES ( 
78, 1, 'band_type', 'bdt', 'Y', 'N', 'N', 'N', 1, 1); 
INSERT INTO TABLE_DFN ( TBD_ID, SCT_ID, TBD_NAME, TBD_PREFIX, TBD_SYSTEM_FL, TBD_INTERNAL_FL,
TBD_TEMP_FL, TBD_DELETE_FL, TBD_VERSION_ID, PTN_ID ) VALUES ( 
79, 1, 'table_dfn', 'tbd', 'Y', 'N', 'N', 'N', 1, 1); 
INSERT INTO TABLE_DFN ( TBD_ID, SCT_ID, TBD_NAME, TBD_PREFIX, TBD_SYSTEM_FL, TBD_INTERNAL_FL,
TBD_TEMP_FL, TBD_DELETE_FL, TBD_VERSION_ID, PTN_ID ) VALUES ( 
80, 1, 'server_exception_group', 'seg', 'Y', 'N', 'N', 'N', 1, 1); 
INSERT INTO TABLE_DFN ( TBD_ID, SCT_ID, TBD_NAME, TBD_PREFIX, TBD_SYSTEM_FL, TBD_INTERNAL_FL,
TBD_TEMP_FL, TBD_DELETE_FL, TBD_VERSION_ID, PTN_ID ) VALUES ( 
81, 1, 'route_class', 'rtc', 'Y', 'N', 'N', 'N', 1, 1); 
INSERT INTO TABLE_DFN ( TBD_ID, SCT_ID, TBD_NAME, TBD_PREFIX, TBD_SYSTEM_FL, TBD_INTERNAL_FL,
TBD_TEMP_FL, TBD_DELETE_FL, TBD_VERSION_ID, PTN_ID ) VALUES ( 
82, 1, 'case_inst_item_note', 'cin', 'Y', 'N', 'N', 'N', 1, 1); 
INSERT INTO TABLE_DFN ( TBD_ID, SCT_ID, TBD_NAME, TBD_PREFIX, TBD_SYSTEM_FL, TBD_INTERNAL_FL,
TBD_TEMP_FL, TBD_DELETE_FL, TBD_VERSION_ID, PTN_ID ) VALUES ( 
83, 1, 'table_mapping', 'tma', 'Y', 'N', 'N', 'N', 1, 1); 
INSERT INTO TABLE_DFN ( TBD_ID, SCT_ID, TBD_NAME, TBD_PREFIX, TBD_SYSTEM_FL, TBD_INTERNAL_FL,
TBD_TEMP_FL, TBD_DELETE_FL, TBD_VERSION_ID, PTN_ID ) VALUES ( 
84, 1, 'ref_table', 'rft', 'Y', 'N', 'N', 'N', 1, 1); 
INSERT INTO TABLE_DFN ( TBD_ID, SCT_ID, TBD_NAME, TBD_PREFIX, TBD_SYSTEM_FL, TBD_INTERNAL_FL,
TBD_TEMP_FL, TBD_DELETE_FL, TBD_VERSION_ID, PTN_ID ) VALUES ( 
85, 1, 'token_mapping', 'tom', 'Y', 'N', 'N', 'N', 1, 1); 
INSERT INTO TABLE_DFN ( TBD_ID, SCT_ID, TBD_NAME, TBD_PREFIX, TBD_SYSTEM_FL, TBD_INTERNAL_FL,
TBD_TEMP_FL, TBD_DELETE_FL, TBD_VERSION_ID, PTN_ID ) VALUES ( 
86, 1, 'image_viewer', 'ima', 'Y', 'N', 'N', 'N', 1, 1); 
INSERT INTO TABLE_DFN ( TBD_ID, SCT_ID, TBD_NAME, TBD_PREFIX, TBD_SYSTEM_FL, TBD_INTERNAL_FL,
TBD_TEMP_FL, TBD_DELETE_FL, TBD_VERSION_ID, PTN_ID ) VALUES ( 
87, 1, 'event_statistics', 'evs', 'Y', 'N', 'N', 'N', 1, 1); 
INSERT INTO TABLE_DFN ( TBD_ID, SCT_ID, TBD_NAME, TBD_PREFIX, TBD_SYSTEM_FL, TBD_INTERNAL_FL,
TBD_TEMP_FL, TBD_DELETE_FL, TBD_VERSION_ID, PTN_ID ) VALUES ( 
88, 1, 'chart_series', 'chs', 'Y', 'N', 'N', 'N', 1, 1); 
INSERT INTO TABLE_DFN ( TBD_ID, SCT_ID, TBD_NAME, TBD_PREFIX, TBD_SYSTEM_FL, TBD_INTERNAL_FL,
TBD_TEMP_FL, TBD_DELETE_FL, TBD_VERSION_ID, PTN_ID ) VALUES ( 
89, 1, 'default_table_grid_column', 'dtc', 'Y', 'N', 'N', 'N', 1, 1); 
INSERT INTO TABLE_DFN ( TBD_ID, SCT_ID, TBD_NAME, TBD_PREFIX, TBD_SYSTEM_FL, TBD_INTERNAL_FL,
TBD_TEMP_FL, TBD_DELETE_FL, TBD_VERSION_ID, PTN_ID ) VALUES ( 
90, 1, 'dashboard_server', 'der', 'Y', 'N', 'N', 'N', 1, 1); 
INSERT INTO TABLE_DFN ( TBD_ID, SCT_ID, TBD_NAME, TBD_PREFIX, TBD_SYSTEM_FL, TBD_INTERNAL_FL,
TBD_TEMP_FL, TBD_DELETE_FL, TBD_VERSION_ID, PTN_ID ) VALUES ( 
91, 1, 'external_alert', 'exa', 'Y', 'N', 'N', 'N', 1, 1); 
INSERT INTO TABLE_DFN ( TBD_ID, SCT_ID, TBD_NAME, TBD_PREFIX, TBD_SYSTEM_FL, TBD_INTERNAL_FL,
TBD_TEMP_FL, TBD_DELETE_FL, TBD_VERSION_ID, PTN_ID ) VALUES ( 
92, 1, 'file_collection', 'fcn', 'Y', 'N', 'N', 'N', 1, 1); 
INSERT INTO TABLE_DFN ( TBD_ID, SCT_ID, TBD_NAME, TBD_PREFIX, TBD_SYSTEM_FL, TBD_INTERNAL_FL,
TBD_TEMP_FL, TBD_DELETE_FL, TBD_VERSION_ID, PTN_ID ) VALUES ( 
93, 1, 'tariff_rate_name', 'trn', 'Y', 'N', 'N', 'N', 1, 1); 
INSERT INTO TABLE_DFN ( TBD_ID, SCT_ID, TBD_NAME, TBD_PREFIX, TBD_SYSTEM_FL, TBD_INTERNAL_FL,
TBD_TEMP_FL, TBD_DELETE_FL, TBD_VERSION_ID, PTN_ID ) VALUES ( 
94, 1, 'processed_file_info', 'pfi', 'Y', 'N', 'N', 'N', 1, 1); 
INSERT INTO TABLE_DFN ( TBD_ID, SCT_ID, TBD_NAME, TBD_PREFIX, TBD_SYSTEM_FL, TBD_INTERNAL_FL,
TBD_TEMP_FL, TBD_DELETE_FL, TBD_VERSION_ID, PTN_ID ) VALUES ( 
95, 1, 'server_exception', 'sex', 'Y', 'N', 'N', 'N', 1, 1); 
INSERT INTO TABLE_DFN ( TBD_ID, SCT_ID, TBD_NAME, TBD_PREFIX, TBD_SYSTEM_FL, TBD_INTERNAL_FL,
TBD_TEMP_FL, TBD_DELETE_FL, TBD_VERSION_ID, PTN_ID ) VALUES ( 
96, 1, 'tariff_band_rate_history', 'trh', 'Y', 'N', 'N', 'N', 1, 1); 
INSERT INTO TABLE_DFN ( TBD_ID, SCT_ID, TBD_NAME, TBD_PREFIX, TBD_SYSTEM_FL, TBD_INTERNAL_FL,
TBD_TEMP_FL, TBD_DELETE_FL, TBD_VERSION_ID, PTN_ID ) VALUES ( 
97, 1, 'user_password_validation', 'upv', 'Y', 'N', 'N', 'N', 1, 1); 
INSERT INTO TABLE_DFN ( TBD_ID, SCT_ID, TBD_NAME, TBD_PREFIX, TBD_SYSTEM_FL, TBD_INTERNAL_FL,
TBD_TEMP_FL, TBD_DELETE_FL, TBD_VERSION_ID, PTN_ID ) VALUES ( 
98, 1, 'usage_server', 'usv', 'Y', 'N', 'N', 'N', 1, 1); 
INSERT INTO TABLE_DFN ( TBD_ID, SCT_ID, TBD_NAME, TBD_PREFIX, TBD_SYSTEM_FL, TBD_INTERNAL_FL,
TBD_TEMP_FL, TBD_DELETE_FL, TBD_VERSION_ID, PTN_ID ) VALUES ( 
99, 1, 'grid', 'grd', 'Y', 'N', 'N', 'N', 1, 1); 
INSERT INTO TABLE_DFN ( TBD_ID, SCT_ID, TBD_NAME, TBD_PREFIX, TBD_SYSTEM_FL, TBD_INTERNAL_FL,
TBD_TEMP_FL, TBD_DELETE_FL, TBD_VERSION_ID, PTN_ID ) VALUES ( 
100, 1, 'day_group_list', 'dgl', 'Y', 'N', 'N', 'N', 1, 1); 
INSERT INTO TABLE_DFN ( TBD_ID, SCT_ID, TBD_NAME, TBD_PREFIX, TBD_SYSTEM_FL, TBD_INTERNAL_FL,
TBD_TEMP_FL, TBD_DELETE_FL, TBD_VERSION_ID, PTN_ID ) VALUES ( 
101, 1, 'chart', 'chr', 'Y', 'N', 'N', 'N', 1, 1); 
INSERT INTO TABLE_DFN ( TBD_ID, SCT_ID, TBD_NAME, TBD_PREFIX, TBD_SYSTEM_FL, TBD_INTERNAL_FL,
TBD_TEMP_FL, TBD_DELETE_FL, TBD_VERSION_ID, PTN_ID ) VALUES ( 
102, 1, 'cache_strategy', 'cst', 'Y', 'N', 'N', 'N', 1, 1); 
INSERT INTO TABLE_DFN ( TBD_ID, SCT_ID, TBD_NAME, TBD_PREFIX, TBD_SYSTEM_FL, TBD_INTERNAL_FL,
TBD_TEMP_FL, TBD_DELETE_FL, TBD_VERSION_ID, PTN_ID ) VALUES ( 
103, 1, 'pending_collected_file', 'pcf', 'Y', 'N', 'N', 'N', 1, 1); 
INSERT INTO TABLE_DFN ( TBD_ID, SCT_ID, TBD_NAME, TBD_PREFIX, TBD_SYSTEM_FL, TBD_INTERNAL_FL,
TBD_TEMP_FL, TBD_DELETE_FL, TBD_VERSION_ID, PTN_ID ) VALUES ( 
104, 1, 'tree_leaf', 'tle', 'Y', 'N', 'N', 'N', 1, 1); 
INSERT INTO TABLE_DFN ( TBD_ID, SCT_ID, TBD_NAME, TBD_PREFIX, TBD_SYSTEM_FL, TBD_INTERNAL_FL,
TBD_TEMP_FL, TBD_DELETE_FL, TBD_VERSION_ID, PTN_ID ) VALUES ( 
105, 1, 'duplicate_table', 'dtb', 'Y', 'N', 'N', 'N', 1, 1); 
INSERT INTO TABLE_DFN ( TBD_ID, SCT_ID, TBD_NAME, TBD_PREFIX, TBD_SYSTEM_FL, TBD_INTERNAL_FL,
TBD_TEMP_FL, TBD_DELETE_FL, TBD_VERSION_ID, PTN_ID ) VALUES ( 
106, 1, 'date_allocated_number', 'dan', 'Y', 'N', 'N', 'N', 1, 1); 
INSERT INTO TABLE_DFN ( TBD_ID, SCT_ID, TBD_NAME, TBD_PREFIX, TBD_SYSTEM_FL, TBD_INTERNAL_FL,
TBD_TEMP_FL, TBD_DELETE_FL, TBD_VERSION_ID, PTN_ID ) VALUES ( 
107, 1, 'duplicate_field', 'dfd', 'Y', 'N', 'N', 'N', 1, 1); 
INSERT INTO TABLE_DFN ( TBD_ID, SCT_ID, TBD_NAME, TBD_PREFIX, TBD_SYSTEM_FL, TBD_INTERNAL_FL,
TBD_TEMP_FL, TBD_DELETE_FL, TBD_VERSION_ID, PTN_ID ) VALUES ( 
108, 1, 'case_dfn_item_team', 'cmt', 'Y', 'N', 'N', 'N', 1, 1); 
INSERT INTO TABLE_DFN ( TBD_ID, SCT_ID, TBD_NAME, TBD_PREFIX, TBD_SYSTEM_FL, TBD_INTERNAL_FL,
TBD_TEMP_FL, TBD_DELETE_FL, TBD_VERSION_ID, PTN_ID ) VALUES ( 
109, 1, 'component', 'cmp', 'Y', 'N', 'N', 'N', 1, 1); 
INSERT INTO TABLE_DFN ( TBD_ID, SCT_ID, TBD_NAME, TBD_PREFIX, TBD_SYSTEM_FL, TBD_INTERNAL_FL,
TBD_TEMP_FL, TBD_DELETE_FL, TBD_VERSION_ID, PTN_ID ) VALUES ( 
110, 1, 'business_objects_group', 'bog', 'Y', 'N', 'N', 'N', 1, 1); 
INSERT INTO TABLE_DFN ( TBD_ID, SCT_ID, TBD_NAME, TBD_PREFIX, TBD_SYSTEM_FL, TBD_INTERNAL_FL,
TBD_TEMP_FL, TBD_DELETE_FL, TBD_VERSION_ID, PTN_ID ) VALUES ( 
111, 1, 'event_error_message_group', 'emg', 'Y', 'N', 'N', 'N', 1, 1); 
INSERT INTO TABLE_DFN ( TBD_ID, SCT_ID, TBD_NAME, TBD_PREFIX, TBD_SYSTEM_FL, TBD_INTERNAL_FL,
TBD_TEMP_FL, TBD_DELETE_FL, TBD_VERSION_ID, PTN_ID ) VALUES ( 
112, 1, 'table_filter', 'tfr', 'Y', 'N', 'N', 'N', 1, 1); 
INSERT INTO TABLE_DFN ( TBD_ID, SCT_ID, TBD_NAME, TBD_PREFIX, TBD_SYSTEM_FL, TBD_INTERNAL_FL,
TBD_TEMP_FL, TBD_DELETE_FL, TBD_VERSION_ID, PTN_ID ) VALUES ( 
113, 1, 'entity_action_group', 'eag', 'Y', 'N', 'N', 'N', 1, 1); 
INSERT INTO TABLE_DFN ( TBD_ID, SCT_ID, TBD_NAME, TBD_PREFIX, TBD_SYSTEM_FL, TBD_INTERNAL_FL,
TBD_TEMP_FL, TBD_DELETE_FL, TBD_VERSION_ID, PTN_ID ) VALUES ( 
114, 1, 'entity_number_group', 'eng', 'Y', 'N', 'N', 'N', 1, 1); 
INSERT INTO TABLE_DFN ( TBD_ID, SCT_ID, TBD_NAME, TBD_PREFIX, TBD_SYSTEM_FL, TBD_INTERNAL_FL,
TBD_TEMP_FL, TBD_DELETE_FL, TBD_VERSION_ID, PTN_ID ) VALUES ( 
115, 1, 'tariff_band_rate_detail', 'trd', 'Y', 'N', 'N', 'N', 1, 1); 
INSERT INTO TABLE_DFN ( TBD_ID, SCT_ID, TBD_NAME, TBD_PREFIX, TBD_SYSTEM_FL, TBD_INTERNAL_FL,
TBD_TEMP_FL, TBD_DELETE_FL, TBD_VERSION_ID, PTN_ID ) VALUES ( 
116, 1, 'user_default_search', 'uds', 'Y', 'N', 'N', 'N', 1, 1); 
INSERT INTO TABLE_DFN ( TBD_ID, SCT_ID, TBD_NAME, TBD_PREFIX, TBD_SYSTEM_FL, TBD_INTERNAL_FL,
TBD_TEMP_FL, TBD_DELETE_FL, TBD_VERSION_ID, PTN_ID ) VALUES ( 
117, 1, 'collected_file', 'clf', 'Y', 'N', 'N', 'N', 1, 1); 
INSERT INTO TABLE_DFN ( TBD_ID, SCT_ID, TBD_NAME, TBD_PREFIX, TBD_SYSTEM_FL, TBD_INTERNAL_FL,
TBD_TEMP_FL, TBD_DELETE_FL, TBD_VERSION_ID, PTN_ID ) VALUES ( 
118, 1, 'alert_group_notify_team', 'agt', 'Y', 'N', 'N', 'N', 1, 1); 
INSERT INTO TABLE_DFN ( TBD_ID, SCT_ID, TBD_NAME, TBD_PREFIX, TBD_SYSTEM_FL, TBD_INTERNAL_FL,
TBD_TEMP_FL, TBD_DELETE_FL, TBD_VERSION_ID, PTN_ID ) VALUES ( 
119, 1, 'sql_query_select', 'sqs', 'Y', 'N', 'N', 'N', 1, 1); 
INSERT INTO TABLE_DFN ( TBD_ID, SCT_ID, TBD_NAME, TBD_PREFIX, TBD_SYSTEM_FL, TBD_INTERNAL_FL,
TBD_TEMP_FL, TBD_DELETE_FL, TBD_VERSION_ID, PTN_ID ) VALUES ( 
120, 1, 'stream_stage_type', 'sst', 'Y', 'N', 'N', 'N', 1, 1); 
INSERT INTO TABLE_DFN ( TBD_ID, SCT_ID, TBD_NAME, TBD_PREFIX, TBD_SYSTEM_FL, TBD_INTERNAL_FL,
TBD_TEMP_FL, TBD_DELETE_FL, TBD_VERSION_ID, PTN_ID ) VALUES ( 
121, 1, 'frequency_group_component', 'fgc', 'Y', 'N', 'N', 'N', 1, 1); 
INSERT INTO TABLE_DFN ( TBD_ID, SCT_ID, TBD_NAME, TBD_PREFIX, TBD_SYSTEM_FL, TBD_INTERNAL_FL,
TBD_TEMP_FL, TBD_DELETE_FL, TBD_VERSION_ID, PTN_ID ) VALUES ( 
122, 1, 'file_source', 'fls', 'Y', 'N', 'N', 'N', 1, 1); 
INSERT INTO TABLE_DFN ( TBD_ID, SCT_ID, TBD_NAME, TBD_PREFIX, TBD_SYSTEM_FL, TBD_INTERNAL_FL,
TBD_TEMP_FL, TBD_DELETE_FL, TBD_VERSION_ID, PTN_ID ) VALUES ( 
123, 1, 'case_inst_item_history', 'cih', 'Y', 'N', 'N', 'N', 1, 1); 
INSERT INTO TABLE_DFN ( TBD_ID, SCT_ID, TBD_NAME, TBD_PREFIX, TBD_SYSTEM_FL, TBD_INTERNAL_FL,
TBD_TEMP_FL, TBD_DELETE_FL, TBD_VERSION_ID, PTN_ID ) VALUES ( 
124, 1, 'file_parse_stat_type', 'fsy', 'Y', 'N', 'N', 'N', 1, 1); 
INSERT INTO TABLE_DFN ( TBD_ID, SCT_ID, TBD_NAME, TBD_PREFIX, TBD_SYSTEM_FL, TBD_INTERNAL_FL,
TBD_TEMP_FL, TBD_DELETE_FL, TBD_VERSION_ID, PTN_ID ) VALUES ( 
125, 1, 'table_inst', 'tin', 'Y', 'N', 'N', 'N', 1, 1); 
INSERT INTO TABLE_DFN ( TBD_ID, SCT_ID, TBD_NAME, TBD_PREFIX, TBD_SYSTEM_FL, TBD_INTERNAL_FL,
TBD_TEMP_FL, TBD_DELETE_FL, TBD_VERSION_ID, PTN_ID ) VALUES ( 
126, 1, 'parameter_dfn', 'pmd', 'Y', 'N', 'N', 'N', 1, 1); 
INSERT INTO TABLE_DFN ( TBD_ID, SCT_ID, TBD_NAME, TBD_PREFIX, TBD_SYSTEM_FL, TBD_INTERNAL_FL,
TBD_TEMP_FL, TBD_DELETE_FL, TBD_VERSION_ID, PTN_ID ) VALUES ( 
127, 1, 'schema_tbl', 'sch', 'Y', 'N', 'N', 'N', 1, 1); 
INSERT INTO TABLE_DFN ( TBD_ID, SCT_ID, TBD_NAME, TBD_PREFIX, TBD_SYSTEM_FL, TBD_INTERNAL_FL,
TBD_TEMP_FL, TBD_DELETE_FL, TBD_VERSION_ID, PTN_ID ) VALUES ( 
128, 1, 'interface_type', 'ify', 'Y', 'N', 'N', 'N', 1, 1); 
INSERT INTO TABLE_DFN ( TBD_ID, SCT_ID, TBD_NAME, TBD_PREFIX, TBD_SYSTEM_FL, TBD_INTERNAL_FL,
TBD_TEMP_FL, TBD_DELETE_FL, TBD_VERSION_ID, PTN_ID ) VALUES ( 
129, 1, 'trigger_pin', 'trp', 'Y', 'N', 'N', 'N', 1, 1); 
INSERT INTO TABLE_DFN ( TBD_ID, SCT_ID, TBD_NAME, TBD_PREFIX, TBD_SYSTEM_FL, TBD_INTERNAL_FL,
TBD_TEMP_FL, TBD_DELETE_FL, TBD_VERSION_ID, PTN_ID ) VALUES ( 
130, 1, 'case_inst_item', 'cii', 'Y', 'N', 'N', 'N', 1, 1); 
INSERT INTO TABLE_DFN ( TBD_ID, SCT_ID, TBD_NAME, TBD_PREFIX, TBD_SYSTEM_FL, TBD_INTERNAL_FL,
TBD_TEMP_FL, TBD_DELETE_FL, TBD_VERSION_ID, PTN_ID ) VALUES ( 
131, 1, 'auto_sql_order_by', 'aso', 'Y', 'N', 'N', 'N', 1, 1); 
INSERT INTO TABLE_DFN ( TBD_ID, SCT_ID, TBD_NAME, TBD_PREFIX, TBD_SYSTEM_FL, TBD_INTERNAL_FL,
TBD_TEMP_FL, TBD_DELETE_FL, TBD_VERSION_ID, PTN_ID ) VALUES ( 
132, 1, 'note', 'not', 'Y', 'N', 'N', 'N', 1, 1); 
INSERT INTO TABLE_DFN ( TBD_ID, SCT_ID, TBD_NAME, TBD_PREFIX, TBD_SYSTEM_FL, TBD_INTERNAL_FL,
TBD_TEMP_FL, TBD_DELETE_FL, TBD_VERSION_ID, PTN_ID ) VALUES ( 
133, 1, 'data_source_perspective', 'dpr', 'Y', 'N', 'N', 'N', 1, 1); 
INSERT INTO TABLE_DFN ( TBD_ID, SCT_ID, TBD_NAME, TBD_PREFIX, TBD_SYSTEM_FL, TBD_INTERNAL_FL,
TBD_TEMP_FL, TBD_DELETE_FL, TBD_VERSION_ID, PTN_ID ) VALUES ( 
134, 1, 'report', 'rpt', 'Y', 'N', 'N', 'N', 1, 1); 
INSERT INTO TABLE_DFN ( TBD_ID, SCT_ID, TBD_NAME, TBD_PREFIX, TBD_SYSTEM_FL, TBD_INTERNAL_FL,
TBD_TEMP_FL, TBD_DELETE_FL, TBD_VERSION_ID, PTN_ID ) VALUES ( 
135, 1, 'file_parse_statistic', 'fps', 'Y', 'N', 'N', 'N', 1, 1); 
INSERT INTO TABLE_DFN ( TBD_ID, SCT_ID, TBD_NAME, TBD_PREFIX, TBD_SYSTEM_FL, TBD_INTERNAL_FL,
TBD_TEMP_FL, TBD_DELETE_FL, TBD_VERSION_ID, PTN_ID ) VALUES ( 
136, 1, 'default_table_filter_col', 'dfc', 'Y', 'N', 'N', 'N', 1, 1); 
INSERT INTO TABLE_DFN ( TBD_ID, SCT_ID, TBD_NAME, TBD_PREFIX, TBD_SYSTEM_FL, TBD_INTERNAL_FL,
TBD_TEMP_FL, TBD_DELETE_FL, TBD_VERSION_ID, PTN_ID ) VALUES ( 
137, 1, 'data_source_location', 'dsl', 'Y', 'N', 'N', 'N', 1, 1); 
INSERT INTO TABLE_DFN ( TBD_ID, SCT_ID, TBD_NAME, TBD_PREFIX, TBD_SYSTEM_FL, TBD_INTERNAL_FL,
TBD_TEMP_FL, TBD_DELETE_FL, TBD_VERSION_ID, PTN_ID ) VALUES ( 
138, 1, 'extra_args_inst', 'eav', 'Y', 'N', 'N', 'N', 1, 1); 
INSERT INTO TABLE_DFN ( TBD_ID, SCT_ID, TBD_NAME, TBD_PREFIX, TBD_SYSTEM_FL, TBD_INTERNAL_FL,
TBD_TEMP_FL, TBD_DELETE_FL, TBD_VERSION_ID, PTN_ID ) VALUES ( 
139, 1, 'grid_column', 'grc', 'Y', 'N', 'N', 'N', 1, 1); 
INSERT INTO TABLE_DFN ( TBD_ID, SCT_ID, TBD_NAME, TBD_PREFIX, TBD_SYSTEM_FL, TBD_INTERNAL_FL,
TBD_TEMP_FL, TBD_DELETE_FL, TBD_VERSION_ID, PTN_ID ) VALUES ( 
140, 1, 'dashboard', 'dbd', 'Y', 'N', 'N', 'N', 1, 1); 
INSERT INTO TABLE_DFN ( TBD_ID, SCT_ID, TBD_NAME, TBD_PREFIX, TBD_SYSTEM_FL, TBD_INTERNAL_FL,
TBD_TEMP_FL, TBD_DELETE_FL, TBD_VERSION_ID, PTN_ID ) VALUES ( 
141, 1, 'partition_tbl', 'ptn', 'Y', 'N', 'N', 'N', 1, 1); 
INSERT INTO TABLE_DFN ( TBD_ID, SCT_ID, TBD_NAME, TBD_PREFIX, TBD_SYSTEM_FL, TBD_INTERNAL_FL,
TBD_TEMP_FL, TBD_DELETE_FL, TBD_VERSION_ID, PTN_ID ) VALUES ( 
142, 1, 'string_rule_match', 'srm', 'Y', 'N', 'N', 'N', 1, 1); 
INSERT INTO TABLE_DFN ( TBD_ID, SCT_ID, TBD_NAME, TBD_PREFIX, TBD_SYSTEM_FL, TBD_INTERNAL_FL,
TBD_TEMP_FL, TBD_DELETE_FL, TBD_VERSION_ID, PTN_ID ) VALUES ( 
143, 1, 'image_group', 'igp', 'Y', 'N', 'N', 'N', 1, 1); 
INSERT INTO TABLE_DFN ( TBD_ID, SCT_ID, TBD_NAME, TBD_PREFIX, TBD_SYSTEM_FL, TBD_INTERNAL_FL,
TBD_TEMP_FL, TBD_DELETE_FL, TBD_VERSION_ID, PTN_ID ) VALUES ( 
144, 1, 'data_source_type', 'dsy', 'Y', 'N', 'N', 'N', 1, 1); 
INSERT INTO TABLE_DFN ( TBD_ID, SCT_ID, TBD_NAME, TBD_PREFIX, TBD_SYSTEM_FL, TBD_INTERNAL_FL,
TBD_TEMP_FL, TBD_DELETE_FL, TBD_VERSION_ID, PTN_ID ) VALUES ( 
145, 1, 'audit_level', 'aul', 'Y', 'N', 'N', 'N', 1, 1); 
INSERT INTO TABLE_DFN ( TBD_ID, SCT_ID, TBD_NAME, TBD_PREFIX, TBD_SYSTEM_FL, TBD_INTERNAL_FL,
TBD_TEMP_FL, TBD_DELETE_FL, TBD_VERSION_ID, PTN_ID ) VALUES ( 
146, 1, 'long_string_item', 'lsi', 'Y', 'N', 'N', 'N', 1, 1); 
INSERT INTO TABLE_DFN ( TBD_ID, SCT_ID, TBD_NAME, TBD_PREFIX, TBD_SYSTEM_FL, TBD_INTERNAL_FL,
TBD_TEMP_FL, TBD_DELETE_FL, TBD_VERSION_ID, PTN_ID ) VALUES ( 
147, 1, 'security_label', 'sla', 'Y', 'N', 'N', 'N', 1, 1); 
INSERT INTO TABLE_DFN ( TBD_ID, SCT_ID, TBD_NAME, TBD_PREFIX, TBD_SYSTEM_FL, TBD_INTERNAL_FL,
TBD_TEMP_FL, TBD_DELETE_FL, TBD_VERSION_ID, PTN_ID ) VALUES ( 
148, 1, 'stream', 'stm', 'Y', 'N', 'N', 'N', 1, 1); 
INSERT INTO TABLE_DFN ( TBD_ID, SCT_ID, TBD_NAME, TBD_PREFIX, TBD_SYSTEM_FL, TBD_INTERNAL_FL,
TBD_TEMP_FL, TBD_DELETE_FL, TBD_VERSION_ID, PTN_ID ) VALUES ( 
149, 1, 'auto_sql', 'asq', 'Y', 'N', 'N', 'N', 1, 1); 
INSERT INTO TABLE_DFN ( TBD_ID, SCT_ID, TBD_NAME, TBD_PREFIX, TBD_SYSTEM_FL, TBD_INTERNAL_FL,
TBD_TEMP_FL, TBD_DELETE_FL, TBD_VERSION_ID, PTN_ID ) VALUES ( 
150, 1, 'default_grid_column', 'dgc', 'Y', 'N', 'N', 'N', 1, 1); 
INSERT INTO TABLE_DFN ( TBD_ID, SCT_ID, TBD_NAME, TBD_PREFIX, TBD_SYSTEM_FL, TBD_INTERNAL_FL,
TBD_TEMP_FL, TBD_DELETE_FL, TBD_VERSION_ID, PTN_ID ) VALUES ( 
151, 1, 'case_inst', 'cit', 'Y', 'N', 'N', 'N', 1, 1); 
INSERT INTO TABLE_DFN ( TBD_ID, SCT_ID, TBD_NAME, TBD_PREFIX, TBD_SYSTEM_FL, TBD_INTERNAL_FL,
TBD_TEMP_FL, TBD_DELETE_FL, TBD_VERSION_ID, PTN_ID ) VALUES ( 
152, 1, 'tree_folder', 'tfo', 'Y', 'N', 'N', 'N', 1, 1); 
INSERT INTO TABLE_DFN ( TBD_ID, SCT_ID, TBD_NAME, TBD_PREFIX, TBD_SYSTEM_FL, TBD_INTERNAL_FL,
TBD_TEMP_FL, TBD_DELETE_FL, TBD_VERSION_ID, PTN_ID ) VALUES ( 
153, 1, 'string_rule', 'srl', 'Y', 'N', 'N', 'N', 1, 1); 
INSERT INTO TABLE_DFN ( TBD_ID, SCT_ID, TBD_NAME, TBD_PREFIX, TBD_SYSTEM_FL, TBD_INTERNAL_FL,
TBD_TEMP_FL, TBD_DELETE_FL, TBD_VERSION_ID, PTN_ID ) VALUES ( 
154, 1, 'element', 'elt', 'Y', 'N', 'N', 'N', 1, 1); 
INSERT INTO TABLE_DFN ( TBD_ID, SCT_ID, TBD_NAME, TBD_PREFIX, TBD_SYSTEM_FL, TBD_INTERNAL_FL,
TBD_TEMP_FL, TBD_DELETE_FL, TBD_VERSION_ID, PTN_ID ) VALUES ( 
155, 1, 'tree_dfn', 'tre', 'Y', 'N', 'N', 'N', 1, 1); 
INSERT INTO TABLE_DFN ( TBD_ID, SCT_ID, TBD_NAME, TBD_PREFIX, TBD_SYSTEM_FL, TBD_INTERNAL_FL,
TBD_TEMP_FL, TBD_DELETE_FL, TBD_VERSION_ID, PTN_ID ) VALUES ( 
156, 1, 'string_rule_set', 'srs', 'Y', 'N', 'N', 'N', 1, 1); 
INSERT INTO TABLE_DFN ( TBD_ID, SCT_ID, TBD_NAME, TBD_PREFIX, TBD_SYSTEM_FL, TBD_INTERNAL_FL,
TBD_TEMP_FL, TBD_DELETE_FL, TBD_VERSION_ID, PTN_ID ) VALUES ( 
157, 1, 'changed_class', 'cdc', 'Y', 'N', 'N', 'N', 1, 1); 
INSERT INTO TABLE_DFN ( TBD_ID, SCT_ID, TBD_NAME, TBD_PREFIX, TBD_SYSTEM_FL, TBD_INTERNAL_FL,
TBD_TEMP_FL, TBD_DELETE_FL, TBD_VERSION_ID, PTN_ID ) VALUES ( 
158, 1, 'install_version', 'ivn', 'Y', 'N', 'N', 'N', 1, 1); 
INSERT INTO TABLE_DFN ( TBD_ID, SCT_ID, TBD_NAME, TBD_PREFIX, TBD_SYSTEM_FL, TBD_INTERNAL_FL,
TBD_TEMP_FL, TBD_DELETE_FL, TBD_VERSION_ID, PTN_ID ) VALUES ( 
159, 1, 'event_statistics_type', 'esy', 'Y', 'N', 'N', 'N', 1, 1); 
INSERT INTO TABLE_DFN ( TBD_ID, SCT_ID, TBD_NAME, TBD_PREFIX, TBD_SYSTEM_FL, TBD_INTERNAL_FL,
TBD_TEMP_FL, TBD_DELETE_FL, TBD_VERSION_ID, PTN_ID ) VALUES ( 
160, 1, 'element_connection', 'ect', 'Y', 'N', 'N', 'N', 1, 1); 
INSERT INTO TABLE_DFN ( TBD_ID, SCT_ID, TBD_NAME, TBD_PREFIX, TBD_SYSTEM_FL, TBD_INTERNAL_FL,
TBD_TEMP_FL, TBD_DELETE_FL, TBD_VERSION_ID, PTN_ID ) VALUES ( 
161, 1, 'sql_query_where', 'sqw', 'Y', 'N', 'N', 'N', 1, 1); 
INSERT INTO TABLE_DFN ( TBD_ID, SCT_ID, TBD_NAME, TBD_PREFIX, TBD_SYSTEM_FL, TBD_INTERNAL_FL,
TBD_TEMP_FL, TBD_DELETE_FL, TBD_VERSION_ID, PTN_ID ) VALUES ( 
162, 1, 'role_tbl', 'rol', 'Y', 'N', 'N', 'N', 1, 1); 
INSERT INTO TABLE_DFN ( TBD_ID, SCT_ID, TBD_NAME, TBD_PREFIX, TBD_SYSTEM_FL, TBD_INTERNAL_FL,
TBD_TEMP_FL, TBD_DELETE_FL, TBD_VERSION_ID, PTN_ID ) VALUES ( 
163, 1, 'day_group_list_member', 'dgm', 'Y', 'N', 'N', 'N', 1, 1); 
INSERT INTO TABLE_DFN ( TBD_ID, SCT_ID, TBD_NAME, TBD_PREFIX, TBD_SYSTEM_FL, TBD_INTERNAL_FL,
TBD_TEMP_FL, TBD_DELETE_FL, TBD_VERSION_ID, PTN_ID ) VALUES ( 
164, 1, 'ref_table_column', 'rfc', 'Y', 'N', 'N', 'N', 1, 1); 
INSERT INTO TABLE_DFN ( TBD_ID, SCT_ID, TBD_NAME, TBD_PREFIX, TBD_SYSTEM_FL, TBD_INTERNAL_FL,
TBD_TEMP_FL, TBD_DELETE_FL, TBD_VERSION_ID, PTN_ID ) VALUES ( 
165, 1, 'recurring_schedule', 'rsh', 'Y', 'N', 'N', 'N', 1, 1); 
INSERT INTO TABLE_DFN ( TBD_ID, SCT_ID, TBD_NAME, TBD_PREFIX, TBD_SYSTEM_FL, TBD_INTERNAL_FL,
TBD_TEMP_FL, TBD_DELETE_FL, TBD_VERSION_ID, PTN_ID ) VALUES ( 
166, 1, 'case_dfn_item', 'cdi', 'Y', 'N', 'N', 'N', 1, 1); 
INSERT INTO TABLE_DFN ( TBD_ID, SCT_ID, TBD_NAME, TBD_PREFIX, TBD_SYSTEM_FL, TBD_INTERNAL_FL,
TBD_TEMP_FL, TBD_DELETE_FL, TBD_VERSION_ID, PTN_ID ) VALUES ( 
167, 1, 'duplicate_config', 'dcf', 'Y', 'N', 'N', 'N', 1, 1); 
INSERT INTO TABLE_DFN ( TBD_ID, SCT_ID, TBD_NAME, TBD_PREFIX, TBD_SYSTEM_FL, TBD_INTERNAL_FL,
TBD_TEMP_FL, TBD_DELETE_FL, TBD_VERSION_ID, PTN_ID ) VALUES ( 
168, 1, 'data_integrity_check', 'dic', 'Y', 'N', 'N', 'N', 1, 1); 
INSERT INTO TABLE_DFN ( TBD_ID, SCT_ID, TBD_NAME, TBD_PREFIX, TBD_SYSTEM_FL, TBD_INTERNAL_FL,
TBD_TEMP_FL, TBD_DELETE_FL, TBD_VERSION_ID, PTN_ID ) VALUES ( 
169, 1, 'entity_tbl', 'ent', 'Y', 'N', 'N', 'N', 1, 1); 
INSERT INTO TABLE_DFN ( TBD_ID, SCT_ID, TBD_NAME, TBD_PREFIX, TBD_SYSTEM_FL, TBD_INTERNAL_FL,
TBD_TEMP_FL, TBD_DELETE_FL, TBD_VERSION_ID, PTN_ID ) VALUES ( 
170, 1, 'team', 'tea', 'Y', 'N', 'N', 'N', 1, 1); 
INSERT INTO TABLE_DFN ( TBD_ID, SCT_ID, TBD_NAME, TBD_PREFIX, TBD_SYSTEM_FL, TBD_INTERNAL_FL,
TBD_TEMP_FL, TBD_DELETE_FL, TBD_VERSION_ID, PTN_ID ) VALUES ( 
171, 1, 'note_attachment', 'nat', 'Y', 'N', 'N', 'N', 1, 1); 
INSERT INTO TABLE_DFN ( TBD_ID, SCT_ID, TBD_NAME, TBD_PREFIX, TBD_SYSTEM_FL, TBD_INTERNAL_FL,
TBD_TEMP_FL, TBD_DELETE_FL, TBD_VERSION_ID, PTN_ID ) VALUES ( 
172, 1, 'property_inst_group', 'pig', 'Y', 'N', 'N', 'N', 1, 1); 
INSERT INTO TABLE_DFN ( TBD_ID, SCT_ID, TBD_NAME, TBD_PREFIX, TBD_SYSTEM_FL, TBD_INTERNAL_FL,
TBD_TEMP_FL, TBD_DELETE_FL, TBD_VERSION_ID, PTN_ID ) VALUES ( 
173, 1, 'data_source_connection', 'dsc', 'Y', 'N', 'N', 'N', 1, 1); 
INSERT INTO TABLE_DFN ( TBD_ID, SCT_ID, TBD_NAME, TBD_PREFIX, TBD_SYSTEM_FL, TBD_INTERNAL_FL,
TBD_TEMP_FL, TBD_DELETE_FL, TBD_VERSION_ID, PTN_ID ) VALUES ( 
174, 1, 'refresh_config', 'rfg', 'Y', 'N', 'N', 'N', 1, 1); 
INSERT INTO TABLE_DFN ( TBD_ID, SCT_ID, TBD_NAME, TBD_PREFIX, TBD_SYSTEM_FL, TBD_INTERNAL_FL,
TBD_TEMP_FL, TBD_DELETE_FL, TBD_VERSION_ID, PTN_ID ) VALUES ( 
175, 1, 'task_controller_capability', 'tcc', 'Y', 'N', 'N', 'N', 1, 1); 
INSERT INTO TABLE_DFN ( TBD_ID, SCT_ID, TBD_NAME, TBD_PREFIX, TBD_SYSTEM_FL, TBD_INTERNAL_FL,
TBD_TEMP_FL, TBD_DELETE_FL, TBD_VERSION_ID, PTN_ID ) VALUES ( 
176, 1, 'case_inst_item_step', 'cis', 'Y', 'N', 'N', 'N', 1, 1); 
INSERT INTO TABLE_DFN ( TBD_ID, SCT_ID, TBD_NAME, TBD_PREFIX, TBD_SYSTEM_FL, TBD_INTERNAL_FL,
TBD_TEMP_FL, TBD_DELETE_FL, TBD_VERSION_ID, PTN_ID ) VALUES ( 
177, 1, 'auto_sql_where', 'asw', 'Y', 'N', 'N', 'N', 1, 1); 
INSERT INTO TABLE_DFN ( TBD_ID, SCT_ID, TBD_NAME, TBD_PREFIX, TBD_SYSTEM_FL, TBD_INTERNAL_FL,
TBD_TEMP_FL, TBD_DELETE_FL, TBD_VERSION_ID, PTN_ID ) VALUES ( 
178, 1, 'currency', 'cur', 'Y', 'N', 'N', 'N', 1, 1); 
INSERT INTO TABLE_DFN ( TBD_ID, SCT_ID, TBD_NAME, TBD_PREFIX, TBD_SYSTEM_FL, TBD_INTERNAL_FL,
TBD_TEMP_FL, TBD_DELETE_FL, TBD_VERSION_ID, PTN_ID ) VALUES ( 
179, 1, 'tariff_class_band', 'tcb', 'Y', 'N', 'N', 'N', 1, 1); 
INSERT INTO TABLE_DFN ( TBD_ID, SCT_ID, TBD_NAME, TBD_PREFIX, TBD_SYSTEM_FL, TBD_INTERNAL_FL,
TBD_TEMP_FL, TBD_DELETE_FL, TBD_VERSION_ID, PTN_ID ) VALUES ( 
180, 1, 'custom_object_group', 'cog', 'Y', 'N', 'N', 'N', 1, 1); 
INSERT INTO TABLE_DFN ( TBD_ID, SCT_ID, TBD_NAME, TBD_PREFIX, TBD_SYSTEM_FL, TBD_INTERNAL_FL,
TBD_TEMP_FL, TBD_DELETE_FL, TBD_VERSION_ID, PTN_ID ) VALUES ( 
181, 1, 'tariff', 'tff', 'Y', 'N', 'N', 'N', 1, 1); 
INSERT INTO TABLE_DFN ( TBD_ID, SCT_ID, TBD_NAME, TBD_PREFIX, TBD_SYSTEM_FL, TBD_INTERNAL_FL,
TBD_TEMP_FL, TBD_DELETE_FL, TBD_VERSION_ID, PTN_ID ) VALUES ( 
182, 1, 'property_dfn', 'prd', 'Y', 'N', 'N', 'N', 1, 1); 
INSERT INTO TABLE_DFN ( TBD_ID, SCT_ID, TBD_NAME, TBD_PREFIX, TBD_SYSTEM_FL, TBD_INTERNAL_FL,
TBD_TEMP_FL, TBD_DELETE_FL, TBD_VERSION_ID, PTN_ID ) VALUES ( 
183, 1, 'auto_sql_from', 'asf', 'Y', 'N', 'N', 'N', 1, 1); 
INSERT INTO TABLE_DFN ( TBD_ID, SCT_ID, TBD_NAME, TBD_PREFIX, TBD_SYSTEM_FL, TBD_INTERNAL_FL,
TBD_TEMP_FL, TBD_DELETE_FL, TBD_VERSION_ID, PTN_ID ) VALUES ( 
184, 1, 'business_objects_server', 'bos', 'Y', 'N', 'N', 'N', 1, 1); 
INSERT INTO TABLE_DFN ( TBD_ID, SCT_ID, TBD_NAME, TBD_PREFIX, TBD_SYSTEM_FL, TBD_INTERNAL_FL,
TBD_TEMP_FL, TBD_DELETE_FL, TBD_VERSION_ID, PTN_ID ) VALUES ( 
185, 1, 'query_filter', 'qfr', 'Y', 'N', 'N', 'N', 1, 1); 
INSERT INTO TABLE_DFN ( TBD_ID, SCT_ID, TBD_NAME, TBD_PREFIX, TBD_SYSTEM_FL, TBD_INTERNAL_FL,
TBD_TEMP_FL, TBD_DELETE_FL, TBD_VERSION_ID, PTN_ID ) VALUES ( 
186, 1, 'day_group_date', 'dgd', 'Y', 'N', 'N', 'N', 1, 1); 
INSERT INTO TABLE_DFN ( TBD_ID, SCT_ID, TBD_NAME, TBD_PREFIX, TBD_SYSTEM_FL, TBD_INTERNAL_FL,
TBD_TEMP_FL, TBD_DELETE_FL, TBD_VERSION_ID, PTN_ID ) VALUES ( 
187, 1, 'tariff_band_time_string', 'tbs', 'Y', 'N', 'N', 'N', 1, 1); 
INSERT INTO TABLE_DFN ( TBD_ID, SCT_ID, TBD_NAME, TBD_PREFIX, TBD_SYSTEM_FL, TBD_INTERNAL_FL,
TBD_TEMP_FL, TBD_DELETE_FL, TBD_VERSION_ID, PTN_ID ) VALUES ( 
188, 1, 'team_user', 'tur', 'Y', 'N', 'N', 'N', 1, 1); 
INSERT INTO TABLE_DFN ( TBD_ID, SCT_ID, TBD_NAME, TBD_PREFIX, TBD_SYSTEM_FL, TBD_INTERNAL_FL,
TBD_TEMP_FL, TBD_DELETE_FL, TBD_VERSION_ID, PTN_ID ) VALUES ( 
189, 1, 'role_security_label', 'rsl', 'Y', 'N', 'N', 'N', 1, 1); 
INSERT INTO TABLE_DFN ( TBD_ID, SCT_ID, TBD_NAME, TBD_PREFIX, TBD_SYSTEM_FL, TBD_INTERNAL_FL,
TBD_TEMP_FL, TBD_DELETE_FL, TBD_VERSION_ID, PTN_ID ) VALUES ( 
190, 1, 'business_objects_report', 'bor', 'Y', 'N', 'N', 'N', 1, 1); 
INSERT INTO TABLE_DFN ( TBD_ID, SCT_ID, TBD_NAME, TBD_PREFIX, TBD_SYSTEM_FL, TBD_INTERNAL_FL,
TBD_TEMP_FL, TBD_DELETE_FL, TBD_VERSION_ID, PTN_ID ) VALUES ( 
191, 1, 'machine_address', 'mad', 'Y', 'N', 'N', 'N', 1, 1); 
INSERT INTO TABLE_DFN ( TBD_ID, SCT_ID, TBD_NAME, TBD_PREFIX, TBD_SYSTEM_FL, TBD_INTERNAL_FL,
TBD_TEMP_FL, TBD_DELETE_FL, TBD_VERSION_ID, PTN_ID ) VALUES ( 
192, 1, 'trigger_type', 'trt', 'Y', 'N', 'N', 'N', 1, 1); 
INSERT INTO TABLE_DFN ( TBD_ID, SCT_ID, TBD_NAME, TBD_PREFIX, TBD_SYSTEM_FL, TBD_INTERNAL_FL,
TBD_TEMP_FL, TBD_DELETE_FL, TBD_VERSION_ID, PTN_ID ) VALUES ( 
193, 1, 'table_grid', 'tgr', 'Y', 'N', 'N', 'N', 1, 1); 
INSERT INTO TABLE_DFN ( TBD_ID, SCT_ID, TBD_NAME, TBD_PREFIX, TBD_SYSTEM_FL, TBD_INTERNAL_FL,
TBD_TEMP_FL, TBD_DELETE_FL, TBD_VERSION_ID, PTN_ID ) VALUES ( 
194, 1, 'long_string', 'lst', 'Y', 'N', 'N', 'N', 1, 1); 
INSERT INTO TABLE_DFN ( TBD_ID, SCT_ID, TBD_NAME, TBD_PREFIX, TBD_SYSTEM_FL, TBD_INTERNAL_FL,
TBD_TEMP_FL, TBD_DELETE_FL, TBD_VERSION_ID, PTN_ID ) VALUES ( 
195, 1, 'case_dfn_team', 'cat', 'Y', 'N', 'N', 'N', 1, 1); 
INSERT INTO TABLE_DFN ( TBD_ID, SCT_ID, TBD_NAME, TBD_PREFIX, TBD_SYSTEM_FL, TBD_INTERNAL_FL,
TBD_TEMP_FL, TBD_DELETE_FL, TBD_VERSION_ID, PTN_ID ) VALUES ( 
196, 1, 'property_inst', 'pri', 'Y', 'N', 'N', 'N', 1, 1); 
INSERT INTO TABLE_DFN ( TBD_ID, SCT_ID, TBD_NAME, TBD_PREFIX, TBD_SYSTEM_FL, TBD_INTERNAL_FL,
TBD_TEMP_FL, TBD_DELETE_FL, TBD_VERSION_ID, PTN_ID ) VALUES ( 
197, 1, 'default_table_filter', 'dtf', 'Y', 'N', 'N', 'N', 1, 1); 
INSERT INTO TABLE_DFN ( TBD_ID, SCT_ID, TBD_NAME, TBD_PREFIX, TBD_SYSTEM_FL, TBD_INTERNAL_FL,
TBD_TEMP_FL, TBD_DELETE_FL, TBD_VERSION_ID, PTN_ID ) VALUES ( 
198, 1, 'user_login', 'ulg', 'Y', 'N', 'N', 'N', 1, 1); 
INSERT INTO TABLE_DFN ( TBD_ID, SCT_ID, TBD_NAME, TBD_PREFIX, TBD_SYSTEM_FL, TBD_INTERNAL_FL,
TBD_TEMP_FL, TBD_DELETE_FL, TBD_VERSION_ID, PTN_ID ) VALUES ( 
199, 1, 'sql_query_order_by', 'sqo', 'Y', 'N', 'N', 'N', 1, 1); 
INSERT INTO TABLE_DFN ( TBD_ID, SCT_ID, TBD_NAME, TBD_PREFIX, TBD_SYSTEM_FL, TBD_INTERNAL_FL,
TBD_TEMP_FL, TBD_DELETE_FL, TBD_VERSION_ID, PTN_ID ) VALUES ( 
200, 1, 'next_object_id', 'noi', 'Y', 'N', 'N', 'N', 1, 1); 
INSERT INTO TABLE_DFN ( TBD_ID, SCT_ID, TBD_NAME, TBD_PREFIX, TBD_SYSTEM_FL, TBD_INTERNAL_FL,
TBD_TEMP_FL, TBD_DELETE_FL, TBD_VERSION_ID, PTN_ID ) VALUES ( 
201, 1, 'switch_tbl', 'swt', 'Y', 'N', 'N', 'N', 1, 1); 
INSERT INTO TABLE_DFN ( TBD_ID, SCT_ID, TBD_NAME, TBD_PREFIX, TBD_SYSTEM_FL, TBD_INTERNAL_FL,
TBD_TEMP_FL, TBD_DELETE_FL, TBD_VERSION_ID, PTN_ID ) VALUES ( 
202, 1, 'role_bus_objects_group', 'rbg', 'Y', 'N', 'N', 'N', 1, 1); 
INSERT INTO TABLE_DFN ( TBD_ID, SCT_ID, TBD_NAME, TBD_PREFIX, TBD_SYSTEM_FL, TBD_INTERNAL_FL,
TBD_TEMP_FL, TBD_DELETE_FL, TBD_VERSION_ID, PTN_ID ) VALUES ( 
203, 1, 'case_escalation', 'cen', 'Y', 'N', 'N', 'N', 1, 1); 
INSERT INTO TABLE_DFN ( TBD_ID, SCT_ID, TBD_NAME, TBD_PREFIX, TBD_SYSTEM_FL, TBD_INTERNAL_FL,
TBD_TEMP_FL, TBD_DELETE_FL, TBD_VERSION_ID, PTN_ID ) VALUES ( 
204, 1, 'country', 'ctr', 'Y', 'N', 'N', 'N', 1, 1); 
INSERT INTO TABLE_DFN ( TBD_ID, SCT_ID, TBD_NAME, TBD_PREFIX, TBD_SYSTEM_FL, TBD_INTERNAL_FL,
TBD_TEMP_FL, TBD_DELETE_FL, TBD_VERSION_ID, PTN_ID ) VALUES ( 
205, 1, 'case_dfn_notify_team', 'cnt', 'Y', 'N', 'N', 'N', 1, 1); 
INSERT INTO TABLE_DFN ( TBD_ID, SCT_ID, TBD_NAME, TBD_PREFIX, TBD_SYSTEM_FL, TBD_INTERNAL_FL,
TBD_TEMP_FL, TBD_DELETE_FL, TBD_VERSION_ID, PTN_ID ) VALUES ( 
206, 1, 'dashboard_section', 'dbs', 'Y', 'N', 'N', 'N', 1, 1); 
INSERT INTO TABLE_DFN ( TBD_ID, SCT_ID, TBD_NAME, TBD_PREFIX, TBD_SYSTEM_FL, TBD_INTERNAL_FL,
TBD_TEMP_FL, TBD_DELETE_FL, TBD_VERSION_ID, PTN_ID ) VALUES ( 
207, 1, 'sequential_number_group', 'sng', 'Y', 'N', 'N', 'N', 1, 1); 
INSERT INTO TABLE_DFN ( TBD_ID, SCT_ID, TBD_NAME, TBD_PREFIX, TBD_SYSTEM_FL, TBD_INTERNAL_FL,
TBD_TEMP_FL, TBD_DELETE_FL, TBD_VERSION_ID, PTN_ID ) VALUES ( 
208, 1, 'component_type', 'cpt', 'Y', 'N', 'N', 'N', 1, 1); 
INSERT INTO TABLE_DFN ( TBD_ID, SCT_ID, TBD_NAME, TBD_PREFIX, TBD_SYSTEM_FL, TBD_INTERNAL_FL,
TBD_TEMP_FL, TBD_DELETE_FL, TBD_VERSION_ID, PTN_ID ) VALUES ( 
209, 1, 'case_inst_note', 'ctn', 'Y', 'N', 'N', 'N', 1, 1); 
INSERT INTO TABLE_DFN ( TBD_ID, SCT_ID, TBD_NAME, TBD_PREFIX, TBD_SYSTEM_FL, TBD_INTERNAL_FL,
TBD_TEMP_FL, TBD_DELETE_FL, TBD_VERSION_ID, PTN_ID ) VALUES ( 
210, 1, 'tariff_type', 'tft', 'Y', 'N', 'N', 'N', 1, 1); 
INSERT INTO TABLE_DFN ( TBD_ID, SCT_ID, TBD_NAME, TBD_PREFIX, TBD_SYSTEM_FL, TBD_INTERNAL_FL,
TBD_TEMP_FL, TBD_DELETE_FL, TBD_VERSION_ID, PTN_ID ) VALUES ( 
211, 1, 'time_string', 'tsg', 'Y', 'N', 'N', 'N', 1, 1); 
INSERT INTO TABLE_DFN ( TBD_ID, SCT_ID, TBD_NAME, TBD_PREFIX, TBD_SYSTEM_FL, TBD_INTERNAL_FL,
TBD_TEMP_FL, TBD_DELETE_FL, TBD_VERSION_ID, PTN_ID ) VALUES ( 
212, 1, 'extra_args_dfn', 'ead', 'Y', 'N', 'N', 'N', 1, 1); 
INSERT INTO TABLE_DFN ( TBD_ID, SCT_ID, TBD_NAME, TBD_PREFIX, TBD_SYSTEM_FL, TBD_INTERNAL_FL,
TBD_TEMP_FL, TBD_DELETE_FL, TBD_VERSION_ID, PTN_ID ) VALUES ( 
213, 1, 'chart_series_type', 'typ', 'Y', 'N', 'N', 'N', 1, 1); 
INSERT INTO TABLE_DFN ( TBD_ID, SCT_ID, TBD_NAME, TBD_PREFIX, TBD_SYSTEM_FL, TBD_INTERNAL_FL,
TBD_TEMP_FL, TBD_DELETE_FL, TBD_VERSION_ID, PTN_ID ) VALUES ( 
214, 1, 'action_pin', 'anp', 'Y', 'N', 'N', 'N', 1, 1); 
INSERT INTO TABLE_DFN ( TBD_ID, SCT_ID, TBD_NAME, TBD_PREFIX, TBD_SYSTEM_FL, TBD_INTERNAL_FL,
TBD_TEMP_FL, TBD_DELETE_FL, TBD_VERSION_ID, PTN_ID ) VALUES ( 
215, 1, 'stream_stage', 'sts', 'Y', 'N', 'N', 'N', 1, 1); 
INSERT INTO TABLE_DFN ( TBD_ID, SCT_ID, TBD_NAME, TBD_PREFIX, TBD_SYSTEM_FL, TBD_INTERNAL_FL,
TBD_TEMP_FL, TBD_DELETE_FL, TBD_VERSION_ID, PTN_ID ) VALUES ( 
216, 1, 'alert_severity', 'asv', 'Y', 'N', 'N', 'N', 1, 1); 
INSERT INTO TABLE_DFN ( TBD_ID, SCT_ID, TBD_NAME, TBD_PREFIX, TBD_SYSTEM_FL, TBD_INTERNAL_FL,
TBD_TEMP_FL, TBD_DELETE_FL, TBD_VERSION_ID, PTN_ID ) VALUES ( 
217, 1, 'file_tbl', 'fil', 'Y', 'N', 'N', 'N', 1, 1); 
INSERT INTO TABLE_DFN ( TBD_ID, SCT_ID, TBD_NAME, TBD_PREFIX, TBD_SYSTEM_FL, TBD_INTERNAL_FL,
TBD_TEMP_FL, TBD_DELETE_FL, TBD_VERSION_ID, PTN_ID ) VALUES ( 
218, 1, 'task_archive', 'tar', 'Y', 'N', 'N', 'N', 1, 1); 
INSERT INTO TABLE_DFN ( TBD_ID, SCT_ID, TBD_NAME, TBD_PREFIX, TBD_SYSTEM_FL, TBD_INTERNAL_FL,
TBD_TEMP_FL, TBD_DELETE_FL, TBD_VERSION_ID, PTN_ID ) VALUES ( 
219, 1, 'tariff_band_rate_threshold', 'tbt', 'Y', 'N', 'N', 'N', 1, 1); 
INSERT INTO TABLE_DFN ( TBD_ID, SCT_ID, TBD_NAME, TBD_PREFIX, TBD_SYSTEM_FL, TBD_INTERNAL_FL,
TBD_TEMP_FL, TBD_DELETE_FL, TBD_VERSION_ID, PTN_ID ) VALUES ( 
220, 1, 'entity_export', 'exp', 'Y', 'N', 'N', 'N', 1, 1); 
INSERT INTO TABLE_DFN ( TBD_ID, SCT_ID, TBD_NAME, TBD_PREFIX, TBD_SYSTEM_FL, TBD_INTERNAL_FL,
TBD_TEMP_FL, TBD_DELETE_FL, TBD_VERSION_ID, PTN_ID ) VALUES ( 
221, 1, 'user_name_validation', 'unv', 'Y', 'N', 'N', 'N', 1, 1); 
INSERT INTO TABLE_DFN ( TBD_ID, SCT_ID, TBD_NAME, TBD_PREFIX, TBD_SYSTEM_FL, TBD_INTERNAL_FL,
TBD_TEMP_FL, TBD_DELETE_FL, TBD_VERSION_ID, PTN_ID ) VALUES ( 
222, 1, 'property_dfn_group', 'pdg', 'Y', 'N', 'N', 'N', 1, 1); 
INSERT INTO TABLE_DFN ( TBD_ID, SCT_ID, TBD_NAME, TBD_PREFIX, TBD_SYSTEM_FL, TBD_INTERNAL_FL,
TBD_TEMP_FL, TBD_DELETE_FL, TBD_VERSION_ID, PTN_ID ) VALUES ( 
223, 1, 'sql_query_from', 'sqf', 'Y', 'N', 'N', 'N', 1, 1); 
INSERT INTO TABLE_DFN ( TBD_ID, SCT_ID, TBD_NAME, TBD_PREFIX, TBD_SYSTEM_FL, TBD_INTERNAL_FL,
TBD_TEMP_FL, TBD_DELETE_FL, TBD_VERSION_ID, PTN_ID ) VALUES ( 
224, 1, 'user_role_partition', 'urp', 'Y', 'N', 'N', 'N', 1, 1); 
INSERT INTO TABLE_DFN ( TBD_ID, SCT_ID, TBD_NAME, TBD_PREFIX, TBD_SYSTEM_FL, TBD_INTERNAL_FL,
TBD_TEMP_FL, TBD_DELETE_FL, TBD_VERSION_ID, PTN_ID ) VALUES ( 
225, 1, 'interface_group', 'ifg', 'Y', 'N', 'N', 'N', 1, 1); 
INSERT INTO TABLE_DFN ( TBD_ID, SCT_ID, TBD_NAME, TBD_PREFIX, TBD_SYSTEM_FL, TBD_INTERNAL_FL,
TBD_TEMP_FL, TBD_DELETE_FL, TBD_VERSION_ID, PTN_ID ) VALUES ( 
226, 1, 'user_password', 'upw', 'Y', 'N', 'N', 'N', 1, 1); 
INSERT INTO TABLE_DFN ( TBD_ID, SCT_ID, TBD_NAME, TBD_PREFIX, TBD_SYSTEM_FL, TBD_INTERNAL_FL,
TBD_TEMP_FL, TBD_DELETE_FL, TBD_VERSION_ID, PTN_ID ) VALUES ( 
227, 1, 'alert_group', 'alg', 'Y', 'N', 'N', 'N', 1, 1); 
INSERT INTO TABLE_DFN ( TBD_ID, SCT_ID, TBD_NAME, TBD_PREFIX, TBD_SYSTEM_FL, TBD_INTERNAL_FL,
TBD_TEMP_FL, TBD_DELETE_FL, TBD_VERSION_ID, PTN_ID ) VALUES ( 
228, 1, 'action_type', 'act', 'Y', 'N', 'N', 'N', 1, 1); 
INSERT INTO TABLE_DFN ( TBD_ID, SCT_ID, TBD_NAME, TBD_PREFIX, TBD_SYSTEM_FL, TBD_INTERNAL_FL,
TBD_TEMP_FL, TBD_DELETE_FL, TBD_VERSION_ID, PTN_ID ) VALUES ( 
229, 1, 'case_dfn_item_step_team', 'ctt', 'Y', 'N', 'N', 'N', 1, 1); 
INSERT INTO TABLE_DFN ( TBD_ID, SCT_ID, TBD_NAME, TBD_PREFIX, TBD_SYSTEM_FL, TBD_INTERNAL_FL,
TBD_TEMP_FL, TBD_DELETE_FL, TBD_VERSION_ID, PTN_ID ) VALUES ( 
230, 1, 'usage_partition', 'upn', 'Y', 'N', 'N', 'N', 1, 1); 
INSERT INTO TABLE_DFN ( TBD_ID, SCT_ID, TBD_NAME, TBD_PREFIX, TBD_SYSTEM_FL, TBD_INTERNAL_FL,
TBD_TEMP_FL, TBD_DELETE_FL, TBD_VERSION_ID, PTN_ID ) VALUES ( 
231, 1, 'chart_range', 'ccr', 'Y', 'N', 'N', 'N', 1, 1); 
commit;
 
INSERT INTO TABLE_INST ( TIN_ID, TBD_ID, SCH_ID, TIN_PARTITION_TCL_ID, TIN_TABLE_NAME,
TIN_DISPLAY_NAME, TIN_ALIAS, TIN_ROW_COUNT, TIN_LAST_MODIFIED_DTTM, TIN_DELETE_FL, TIN_VERSION_ID,
PTN_ID ) VALUES ( 
157, 157, 1, NULL, 'changed_class', 'changed_class', 'cdc', NULL, NULL, 'N', 1, 1); 
INSERT INTO TABLE_INST ( TIN_ID, TBD_ID, SCH_ID, TIN_PARTITION_TCL_ID, TIN_TABLE_NAME,
TIN_DISPLAY_NAME, TIN_ALIAS, TIN_ROW_COUNT, TIN_LAST_MODIFIED_DTTM, TIN_DELETE_FL, TIN_VERSION_ID,
PTN_ID ) VALUES ( 
158, 158, 1, NULL, 'install_version', 'install_version', 'ivn', NULL, NULL, 'N', 1
, 1); 
INSERT INTO TABLE_INST ( TIN_ID, TBD_ID, SCH_ID, TIN_PARTITION_TCL_ID, TIN_TABLE_NAME,
TIN_DISPLAY_NAME, TIN_ALIAS, TIN_ROW_COUNT, TIN_LAST_MODIFIED_DTTM, TIN_DELETE_FL, TIN_VERSION_ID,
PTN_ID ) VALUES ( 
159, 159, 1, NULL, 'event_statistics_type', 'event_statistics_type', 'esy', NULL, NULL
, 'N', 1, 1); 
INSERT INTO TABLE_INST ( TIN_ID, TBD_ID, SCH_ID, TIN_PARTITION_TCL_ID, TIN_TABLE_NAME,
TIN_DISPLAY_NAME, TIN_ALIAS, TIN_ROW_COUNT, TIN_LAST_MODIFIED_DTTM, TIN_DELETE_FL, TIN_VERSION_ID,
PTN_ID ) VALUES ( 
160, 160, 1, NULL, 'element_connection', 'element_connection', 'ect', NULL, NULL, 'N'
, 1, 1); 
INSERT INTO TABLE_INST ( TIN_ID, TBD_ID, SCH_ID, TIN_PARTITION_TCL_ID, TIN_TABLE_NAME,
TIN_DISPLAY_NAME, TIN_ALIAS, TIN_ROW_COUNT, TIN_LAST_MODIFIED_DTTM, TIN_DELETE_FL, TIN_VERSION_ID,
PTN_ID ) VALUES ( 
161, 161, 1, NULL, 'sql_query_where', 'sql_query_where', 'sqw', NULL, NULL, 'N', 1
, 1); 
INSERT INTO TABLE_INST ( TIN_ID, TBD_ID, SCH_ID, TIN_PARTITION_TCL_ID, TIN_TABLE_NAME,
TIN_DISPLAY_NAME, TIN_ALIAS, TIN_ROW_COUNT, TIN_LAST_MODIFIED_DTTM, TIN_DELETE_FL, TIN_VERSION_ID,
PTN_ID ) VALUES ( 
162, 162, 1, NULL, 'role_tbl', 'role_tbl', 'rol', NULL, NULL, 'N', 1, 1); 
INSERT INTO TABLE_INST ( TIN_ID, TBD_ID, SCH_ID, TIN_PARTITION_TCL_ID, TIN_TABLE_NAME,
TIN_DISPLAY_NAME, TIN_ALIAS, TIN_ROW_COUNT, TIN_LAST_MODIFIED_DTTM, TIN_DELETE_FL, TIN_VERSION_ID,
PTN_ID ) VALUES ( 
163, 163, 1, NULL, 'day_group_list_member', 'day_group_list_member', 'dgm', NULL, NULL
, 'N', 1, 1); 
INSERT INTO TABLE_INST ( TIN_ID, TBD_ID, SCH_ID, TIN_PARTITION_TCL_ID, TIN_TABLE_NAME,
TIN_DISPLAY_NAME, TIN_ALIAS, TIN_ROW_COUNT, TIN_LAST_MODIFIED_DTTM, TIN_DELETE_FL, TIN_VERSION_ID,
PTN_ID ) VALUES ( 
164, 164, 1, NULL, 'ref_table_column', 'ref_table_column', 'rfc', NULL, NULL, 'N'
, 1, 1); 
INSERT INTO TABLE_INST ( TIN_ID, TBD_ID, SCH_ID, TIN_PARTITION_TCL_ID, TIN_TABLE_NAME,
TIN_DISPLAY_NAME, TIN_ALIAS, TIN_ROW_COUNT, TIN_LAST_MODIFIED_DTTM, TIN_DELETE_FL, TIN_VERSION_ID,
PTN_ID ) VALUES ( 
165, 165, 1, NULL, 'recurring_schedule', 'recurring_schedule', 'rsh', NULL, NULL, 'N'
, 1, 1); 
INSERT INTO TABLE_INST ( TIN_ID, TBD_ID, SCH_ID, TIN_PARTITION_TCL_ID, TIN_TABLE_NAME,
TIN_DISPLAY_NAME, TIN_ALIAS, TIN_ROW_COUNT, TIN_LAST_MODIFIED_DTTM, TIN_DELETE_FL, TIN_VERSION_ID,
PTN_ID ) VALUES ( 
166, 166, 1, NULL, 'case_dfn_item', 'case_dfn_item', 'cdi', NULL, NULL, 'N', 1, 1); 
INSERT INTO TABLE_INST ( TIN_ID, TBD_ID, SCH_ID, TIN_PARTITION_TCL_ID, TIN_TABLE_NAME,
TIN_DISPLAY_NAME, TIN_ALIAS, TIN_ROW_COUNT, TIN_LAST_MODIFIED_DTTM, TIN_DELETE_FL, TIN_VERSION_ID,
PTN_ID ) VALUES ( 
167, 167, 1, NULL, 'duplicate_config', 'duplicate_config', 'dcf', NULL, NULL, 'N'
, 1, 1); 
INSERT INTO TABLE_INST ( TIN_ID, TBD_ID, SCH_ID, TIN_PARTITION_TCL_ID, TIN_TABLE_NAME,
TIN_DISPLAY_NAME, TIN_ALIAS, TIN_ROW_COUNT, TIN_LAST_MODIFIED_DTTM, TIN_DELETE_FL, TIN_VERSION_ID,
PTN_ID ) VALUES ( 
168, 168, 1, NULL, 'data_integrity_check', 'data_integrity_check', 'dic', NULL, NULL
, 'N', 1, 1); 
INSERT INTO TABLE_INST ( TIN_ID, TBD_ID, SCH_ID, TIN_PARTITION_TCL_ID, TIN_TABLE_NAME,
TIN_DISPLAY_NAME, TIN_ALIAS, TIN_ROW_COUNT, TIN_LAST_MODIFIED_DTTM, TIN_DELETE_FL, TIN_VERSION_ID,
PTN_ID ) VALUES ( 
169, 169, 1, NULL, 'entity_tbl', 'entity_tbl', 'ent', NULL, NULL, 'N', 1, 1); 
INSERT INTO TABLE_INST ( TIN_ID, TBD_ID, SCH_ID, TIN_PARTITION_TCL_ID, TIN_TABLE_NAME,
TIN_DISPLAY_NAME, TIN_ALIAS, TIN_ROW_COUNT, TIN_LAST_MODIFIED_DTTM, TIN_DELETE_FL, TIN_VERSION_ID,
PTN_ID ) VALUES ( 
170, 170, 1, NULL, 'team', 'team', 'tea', NULL, NULL, 'N', 1, 1); 
INSERT INTO TABLE_INST ( TIN_ID, TBD_ID, SCH_ID, TIN_PARTITION_TCL_ID, TIN_TABLE_NAME,
TIN_DISPLAY_NAME, TIN_ALIAS, TIN_ROW_COUNT, TIN_LAST_MODIFIED_DTTM, TIN_DELETE_FL, TIN_VERSION_ID,
PTN_ID ) VALUES ( 
171, 171, 1, NULL, 'note_attachment', 'note_attachment', 'nat', NULL, NULL, 'N', 1
, 1); 
INSERT INTO TABLE_INST ( TIN_ID, TBD_ID, SCH_ID, TIN_PARTITION_TCL_ID, TIN_TABLE_NAME,
TIN_DISPLAY_NAME, TIN_ALIAS, TIN_ROW_COUNT, TIN_LAST_MODIFIED_DTTM, TIN_DELETE_FL, TIN_VERSION_ID,
PTN_ID ) VALUES ( 
172, 172, 1, NULL, 'property_inst_group', 'property_inst_group', 'pig', NULL, NULL
, 'N', 1, 1); 
INSERT INTO TABLE_INST ( TIN_ID, TBD_ID, SCH_ID, TIN_PARTITION_TCL_ID, TIN_TABLE_NAME,
TIN_DISPLAY_NAME, TIN_ALIAS, TIN_ROW_COUNT, TIN_LAST_MODIFIED_DTTM, TIN_DELETE_FL, TIN_VERSION_ID,
PTN_ID ) VALUES ( 
173, 173, 1, NULL, 'data_source_connection', 'data_source_connection', 'dsc', NULL
, NULL, 'N', 1, 1); 
INSERT INTO TABLE_INST ( TIN_ID, TBD_ID, SCH_ID, TIN_PARTITION_TCL_ID, TIN_TABLE_NAME,
TIN_DISPLAY_NAME, TIN_ALIAS, TIN_ROW_COUNT, TIN_LAST_MODIFIED_DTTM, TIN_DELETE_FL, TIN_VERSION_ID,
PTN_ID ) VALUES ( 
174, 174, 1, NULL, 'refresh_config', 'refresh_config', 'rfg', NULL, NULL, 'N', 1, 1); 
INSERT INTO TABLE_INST ( TIN_ID, TBD_ID, SCH_ID, TIN_PARTITION_TCL_ID, TIN_TABLE_NAME,
TIN_DISPLAY_NAME, TIN_ALIAS, TIN_ROW_COUNT, TIN_LAST_MODIFIED_DTTM, TIN_DELETE_FL, TIN_VERSION_ID,
PTN_ID ) VALUES ( 
175, 175, 1, NULL, 'task_controller_capability', 'task_controller_capability', 'tcc'
, NULL, NULL, 'N', 1, 1); 
INSERT INTO TABLE_INST ( TIN_ID, TBD_ID, SCH_ID, TIN_PARTITION_TCL_ID, TIN_TABLE_NAME,
TIN_DISPLAY_NAME, TIN_ALIAS, TIN_ROW_COUNT, TIN_LAST_MODIFIED_DTTM, TIN_DELETE_FL, TIN_VERSION_ID,
PTN_ID ) VALUES ( 
176, 176, 1, NULL, 'case_inst_item_step', 'case_inst_item_step', 'cis', NULL, NULL
, 'N', 1, 1); 
INSERT INTO TABLE_INST ( TIN_ID, TBD_ID, SCH_ID, TIN_PARTITION_TCL_ID, TIN_TABLE_NAME,
TIN_DISPLAY_NAME, TIN_ALIAS, TIN_ROW_COUNT, TIN_LAST_MODIFIED_DTTM, TIN_DELETE_FL, TIN_VERSION_ID,
PTN_ID ) VALUES ( 
177, 177, 1, NULL, 'auto_sql_where', 'auto_sql_where', 'asw', NULL, NULL, 'N', 1, 1); 
INSERT INTO TABLE_INST ( TIN_ID, TBD_ID, SCH_ID, TIN_PARTITION_TCL_ID, TIN_TABLE_NAME,
TIN_DISPLAY_NAME, TIN_ALIAS, TIN_ROW_COUNT, TIN_LAST_MODIFIED_DTTM, TIN_DELETE_FL, TIN_VERSION_ID,
PTN_ID ) VALUES ( 
178, 178, 1, NULL, 'currency', 'currency', 'cur', NULL, NULL, 'N', 1, 1); 
INSERT INTO TABLE_INST ( TIN_ID, TBD_ID, SCH_ID, TIN_PARTITION_TCL_ID, TIN_TABLE_NAME,
TIN_DISPLAY_NAME, TIN_ALIAS, TIN_ROW_COUNT, TIN_LAST_MODIFIED_DTTM, TIN_DELETE_FL, TIN_VERSION_ID,
PTN_ID ) VALUES ( 
179, 179, 1, NULL, 'tariff_class_band', 'tariff_class_band', 'tcb', NULL, NULL, 'N'
, 1, 1); 
INSERT INTO TABLE_INST ( TIN_ID, TBD_ID, SCH_ID, TIN_PARTITION_TCL_ID, TIN_TABLE_NAME,
TIN_DISPLAY_NAME, TIN_ALIAS, TIN_ROW_COUNT, TIN_LAST_MODIFIED_DTTM, TIN_DELETE_FL, TIN_VERSION_ID,
PTN_ID ) VALUES ( 
180, 180, 1, NULL, 'custom_object_group', 'custom_object_group', 'cog', NULL, NULL
, 'N', 1, 1); 
INSERT INTO TABLE_INST ( TIN_ID, TBD_ID, SCH_ID, TIN_PARTITION_TCL_ID, TIN_TABLE_NAME,
TIN_DISPLAY_NAME, TIN_ALIAS, TIN_ROW_COUNT, TIN_LAST_MODIFIED_DTTM, TIN_DELETE_FL, TIN_VERSION_ID,
PTN_ID ) VALUES ( 
181, 181, 1, NULL, 'tariff', 'tariff', 'tff', NULL, NULL, 'N', 1, 1); 
INSERT INTO TABLE_INST ( TIN_ID, TBD_ID, SCH_ID, TIN_PARTITION_TCL_ID, TIN_TABLE_NAME,
TIN_DISPLAY_NAME, TIN_ALIAS, TIN_ROW_COUNT, TIN_LAST_MODIFIED_DTTM, TIN_DELETE_FL, TIN_VERSION_ID,
PTN_ID ) VALUES ( 
182, 182, 1, NULL, 'property_dfn', 'property_dfn', 'prd', NULL, NULL, 'N', 1, 1); 
INSERT INTO TABLE_INST ( TIN_ID, TBD_ID, SCH_ID, TIN_PARTITION_TCL_ID, TIN_TABLE_NAME,
TIN_DISPLAY_NAME, TIN_ALIAS, TIN_ROW_COUNT, TIN_LAST_MODIFIED_DTTM, TIN_DELETE_FL, TIN_VERSION_ID,
PTN_ID ) VALUES ( 
183, 183, 1, NULL, 'auto_sql_from', 'auto_sql_from', 'asf', NULL, NULL, 'N', 1, 1); 
INSERT INTO TABLE_INST ( TIN_ID, TBD_ID, SCH_ID, TIN_PARTITION_TCL_ID, TIN_TABLE_NAME,
TIN_DISPLAY_NAME, TIN_ALIAS, TIN_ROW_COUNT, TIN_LAST_MODIFIED_DTTM, TIN_DELETE_FL, TIN_VERSION_ID,
PTN_ID ) VALUES ( 
184, 184, 1, NULL, 'business_objects_server', 'business_objects_server', 'bos', NULL
, NULL, 'N', 1, 1); 
INSERT INTO TABLE_INST ( TIN_ID, TBD_ID, SCH_ID, TIN_PARTITION_TCL_ID, TIN_TABLE_NAME,
TIN_DISPLAY_NAME, TIN_ALIAS, TIN_ROW_COUNT, TIN_LAST_MODIFIED_DTTM, TIN_DELETE_FL, TIN_VERSION_ID,
PTN_ID ) VALUES ( 
185, 185, 1, NULL, 'query_filter', 'query_filter', 'qfr', NULL, NULL, 'N', 1, 1); 
INSERT INTO TABLE_INST ( TIN_ID, TBD_ID, SCH_ID, TIN_PARTITION_TCL_ID, TIN_TABLE_NAME,
TIN_DISPLAY_NAME, TIN_ALIAS, TIN_ROW_COUNT, TIN_LAST_MODIFIED_DTTM, TIN_DELETE_FL, TIN_VERSION_ID,
PTN_ID ) VALUES ( 
186, 186, 1, NULL, 'day_group_date', 'day_group_date', 'dgd', NULL, NULL, 'N', 1, 1); 
INSERT INTO TABLE_INST ( TIN_ID, TBD_ID, SCH_ID, TIN_PARTITION_TCL_ID, TIN_TABLE_NAME,
TIN_DISPLAY_NAME, TIN_ALIAS, TIN_ROW_COUNT, TIN_LAST_MODIFIED_DTTM, TIN_DELETE_FL, TIN_VERSION_ID,
PTN_ID ) VALUES ( 
187, 187, 1, NULL, 'tariff_band_time_string', 'tariff_band_time_string', 'tbs', NULL
, NULL, 'N', 1, 1); 
INSERT INTO TABLE_INST ( TIN_ID, TBD_ID, SCH_ID, TIN_PARTITION_TCL_ID, TIN_TABLE_NAME,
TIN_DISPLAY_NAME, TIN_ALIAS, TIN_ROW_COUNT, TIN_LAST_MODIFIED_DTTM, TIN_DELETE_FL, TIN_VERSION_ID,
PTN_ID ) VALUES ( 
188, 188, 1, NULL, 'team_user', 'team_user', 'tur', NULL, NULL, 'N', 1, 1); 
INSERT INTO TABLE_INST ( TIN_ID, TBD_ID, SCH_ID, TIN_PARTITION_TCL_ID, TIN_TABLE_NAME,
TIN_DISPLAY_NAME, TIN_ALIAS, TIN_ROW_COUNT, TIN_LAST_MODIFIED_DTTM, TIN_DELETE_FL, TIN_VERSION_ID,
PTN_ID ) VALUES ( 
189, 189, 1, NULL, 'role_security_label', 'role_security_label', 'rsl', NULL, NULL
, 'N', 1, 1); 
INSERT INTO TABLE_INST ( TIN_ID, TBD_ID, SCH_ID, TIN_PARTITION_TCL_ID, TIN_TABLE_NAME,
TIN_DISPLAY_NAME, TIN_ALIAS, TIN_ROW_COUNT, TIN_LAST_MODIFIED_DTTM, TIN_DELETE_FL, TIN_VERSION_ID,
PTN_ID ) VALUES ( 
190, 190, 1, NULL, 'business_objects_report', 'business_objects_report', 'bor', NULL
, NULL, 'N', 1, 1); 
INSERT INTO TABLE_INST ( TIN_ID, TBD_ID, SCH_ID, TIN_PARTITION_TCL_ID, TIN_TABLE_NAME,
TIN_DISPLAY_NAME, TIN_ALIAS, TIN_ROW_COUNT, TIN_LAST_MODIFIED_DTTM, TIN_DELETE_FL, TIN_VERSION_ID,
PTN_ID ) VALUES ( 
191, 191, 1, NULL, 'machine_address', 'machine_address', 'mad', NULL, NULL, 'N', 1
, 1); 
INSERT INTO TABLE_INST ( TIN_ID, TBD_ID, SCH_ID, TIN_PARTITION_TCL_ID, TIN_TABLE_NAME,
TIN_DISPLAY_NAME, TIN_ALIAS, TIN_ROW_COUNT, TIN_LAST_MODIFIED_DTTM, TIN_DELETE_FL, TIN_VERSION_ID,
PTN_ID ) VALUES ( 
192, 192, 1, NULL, 'trigger_type', 'trigger_type', 'trt', NULL, NULL, 'N', 1, 1); 
INSERT INTO TABLE_INST ( TIN_ID, TBD_ID, SCH_ID, TIN_PARTITION_TCL_ID, TIN_TABLE_NAME,
TIN_DISPLAY_NAME, TIN_ALIAS, TIN_ROW_COUNT, TIN_LAST_MODIFIED_DTTM, TIN_DELETE_FL, TIN_VERSION_ID,
PTN_ID ) VALUES ( 
193, 193, 1, NULL, 'table_grid', 'table_grid', 'tgr', NULL, NULL, 'N', 1, 1); 
INSERT INTO TABLE_INST ( TIN_ID, TBD_ID, SCH_ID, TIN_PARTITION_TCL_ID, TIN_TABLE_NAME,
TIN_DISPLAY_NAME, TIN_ALIAS, TIN_ROW_COUNT, TIN_LAST_MODIFIED_DTTM, TIN_DELETE_FL, TIN_VERSION_ID,
PTN_ID ) VALUES ( 
194, 194, 1, NULL, 'long_string', 'long_string', 'lst', NULL, NULL, 'N', 1, 1); 
INSERT INTO TABLE_INST ( TIN_ID, TBD_ID, SCH_ID, TIN_PARTITION_TCL_ID, TIN_TABLE_NAME,
TIN_DISPLAY_NAME, TIN_ALIAS, TIN_ROW_COUNT, TIN_LAST_MODIFIED_DTTM, TIN_DELETE_FL, TIN_VERSION_ID,
PTN_ID ) VALUES ( 
195, 195, 1, NULL, 'case_dfn_team', 'case_dfn_team', 'cat', NULL, NULL, 'N', 1, 1); 
INSERT INTO TABLE_INST ( TIN_ID, TBD_ID, SCH_ID, TIN_PARTITION_TCL_ID, TIN_TABLE_NAME,
TIN_DISPLAY_NAME, TIN_ALIAS, TIN_ROW_COUNT, TIN_LAST_MODIFIED_DTTM, TIN_DELETE_FL, TIN_VERSION_ID,
PTN_ID ) VALUES ( 
196, 196, 1, NULL, 'property_inst', 'property_inst', 'pri', NULL, NULL, 'N', 1, 1); 
INSERT INTO TABLE_INST ( TIN_ID, TBD_ID, SCH_ID, TIN_PARTITION_TCL_ID, TIN_TABLE_NAME,
TIN_DISPLAY_NAME, TIN_ALIAS, TIN_ROW_COUNT, TIN_LAST_MODIFIED_DTTM, TIN_DELETE_FL, TIN_VERSION_ID,
PTN_ID ) VALUES ( 
197, 197, 1, NULL, 'default_table_filter', 'default_table_filter', 'dtf', NULL, NULL
, 'N', 1, 1); 
INSERT INTO TABLE_INST ( TIN_ID, TBD_ID, SCH_ID, TIN_PARTITION_TCL_ID, TIN_TABLE_NAME,
TIN_DISPLAY_NAME, TIN_ALIAS, TIN_ROW_COUNT, TIN_LAST_MODIFIED_DTTM, TIN_DELETE_FL, TIN_VERSION_ID,
PTN_ID ) VALUES ( 
198, 198, 1, NULL, 'user_login', 'user_login', 'ulg', NULL, NULL, 'N', 1, 1); 
INSERT INTO TABLE_INST ( TIN_ID, TBD_ID, SCH_ID, TIN_PARTITION_TCL_ID, TIN_TABLE_NAME,
TIN_DISPLAY_NAME, TIN_ALIAS, TIN_ROW_COUNT, TIN_LAST_MODIFIED_DTTM, TIN_DELETE_FL, TIN_VERSION_ID,
PTN_ID ) VALUES ( 
199, 199, 1, NULL, 'sql_query_order_by', 'sql_query_order_by', 'sqo', NULL, NULL, 'N'
, 1, 1); 
INSERT INTO TABLE_INST ( TIN_ID, TBD_ID, SCH_ID, TIN_PARTITION_TCL_ID, TIN_TABLE_NAME,
TIN_DISPLAY_NAME, TIN_ALIAS, TIN_ROW_COUNT, TIN_LAST_MODIFIED_DTTM, TIN_DELETE_FL, TIN_VERSION_ID,
PTN_ID ) VALUES ( 
200, 200, 1, NULL, 'next_object_id', 'next_object_id', 'noi', NULL, NULL, 'N', 1, 1); 
INSERT INTO TABLE_INST ( TIN_ID, TBD_ID, SCH_ID, TIN_PARTITION_TCL_ID, TIN_TABLE_NAME,
TIN_DISPLAY_NAME, TIN_ALIAS, TIN_ROW_COUNT, TIN_LAST_MODIFIED_DTTM, TIN_DELETE_FL, TIN_VERSION_ID,
PTN_ID ) VALUES ( 
201, 201, 1, NULL, 'switch_tbl', 'switch_tbl', 'swt', NULL, NULL, 'N', 1, 1); 
INSERT INTO TABLE_INST ( TIN_ID, TBD_ID, SCH_ID, TIN_PARTITION_TCL_ID, TIN_TABLE_NAME,
TIN_DISPLAY_NAME, TIN_ALIAS, TIN_ROW_COUNT, TIN_LAST_MODIFIED_DTTM, TIN_DELETE_FL, TIN_VERSION_ID,
PTN_ID ) VALUES ( 
202, 202, 1, NULL, 'role_bus_objects_group', 'role_bus_objects_group', 'rbg', NULL
, NULL, 'N', 1, 1); 
INSERT INTO TABLE_INST ( TIN_ID, TBD_ID, SCH_ID, TIN_PARTITION_TCL_ID, TIN_TABLE_NAME,
TIN_DISPLAY_NAME, TIN_ALIAS, TIN_ROW_COUNT, TIN_LAST_MODIFIED_DTTM, TIN_DELETE_FL, TIN_VERSION_ID,
PTN_ID ) VALUES ( 
203, 203, 1, NULL, 'case_escalation', 'case_escalation', 'cen', NULL, NULL, 'N', 1
, 1); 
INSERT INTO TABLE_INST ( TIN_ID, TBD_ID, SCH_ID, TIN_PARTITION_TCL_ID, TIN_TABLE_NAME,
TIN_DISPLAY_NAME, TIN_ALIAS, TIN_ROW_COUNT, TIN_LAST_MODIFIED_DTTM, TIN_DELETE_FL, TIN_VERSION_ID,
PTN_ID ) VALUES ( 
204, 204, 1, NULL, 'country', 'country', 'ctr', NULL, NULL, 'N', 1, 1); 
INSERT INTO TABLE_INST ( TIN_ID, TBD_ID, SCH_ID, TIN_PARTITION_TCL_ID, TIN_TABLE_NAME,
TIN_DISPLAY_NAME, TIN_ALIAS, TIN_ROW_COUNT, TIN_LAST_MODIFIED_DTTM, TIN_DELETE_FL, TIN_VERSION_ID,
PTN_ID ) VALUES ( 
205, 205, 1, NULL, 'case_dfn_notify_team', 'case_dfn_notify_team', 'cnt', NULL, NULL
, 'N', 1, 1); 
INSERT INTO TABLE_INST ( TIN_ID, TBD_ID, SCH_ID, TIN_PARTITION_TCL_ID, TIN_TABLE_NAME,
TIN_DISPLAY_NAME, TIN_ALIAS, TIN_ROW_COUNT, TIN_LAST_MODIFIED_DTTM, TIN_DELETE_FL, TIN_VERSION_ID,
PTN_ID ) VALUES ( 
206, 206, 1, NULL, 'dashboard_section', 'dashboard_section', 'dbs', NULL, NULL, 'N'
, 1, 1); 
INSERT INTO TABLE_INST ( TIN_ID, TBD_ID, SCH_ID, TIN_PARTITION_TCL_ID, TIN_TABLE_NAME,
TIN_DISPLAY_NAME, TIN_ALIAS, TIN_ROW_COUNT, TIN_LAST_MODIFIED_DTTM, TIN_DELETE_FL, TIN_VERSION_ID,
PTN_ID ) VALUES ( 
207, 207, 1, NULL, 'sequential_number_group', 'sequential_number_group', 'sng', NULL
, NULL, 'N', 1, 1); 
INSERT INTO TABLE_INST ( TIN_ID, TBD_ID, SCH_ID, TIN_PARTITION_TCL_ID, TIN_TABLE_NAME,
TIN_DISPLAY_NAME, TIN_ALIAS, TIN_ROW_COUNT, TIN_LAST_MODIFIED_DTTM, TIN_DELETE_FL, TIN_VERSION_ID,
PTN_ID ) VALUES ( 
208, 208, 1, NULL, 'component_type', 'component_type', 'cpt', NULL, NULL, 'N', 1, 1); 
INSERT INTO TABLE_INST ( TIN_ID, TBD_ID, SCH_ID, TIN_PARTITION_TCL_ID, TIN_TABLE_NAME,
TIN_DISPLAY_NAME, TIN_ALIAS, TIN_ROW_COUNT, TIN_LAST_MODIFIED_DTTM, TIN_DELETE_FL, TIN_VERSION_ID,
PTN_ID ) VALUES ( 
209, 209, 1, NULL, 'case_inst_note', 'case_inst_note', 'ctn', NULL, NULL, 'N', 1, 1); 
INSERT INTO TABLE_INST ( TIN_ID, TBD_ID, SCH_ID, TIN_PARTITION_TCL_ID, TIN_TABLE_NAME,
TIN_DISPLAY_NAME, TIN_ALIAS, TIN_ROW_COUNT, TIN_LAST_MODIFIED_DTTM, TIN_DELETE_FL, TIN_VERSION_ID,
PTN_ID ) VALUES ( 
210, 210, 1, NULL, 'tariff_type', 'tariff_type', 'tft', NULL, NULL, 'N', 1, 1); 
INSERT INTO TABLE_INST ( TIN_ID, TBD_ID, SCH_ID, TIN_PARTITION_TCL_ID, TIN_TABLE_NAME,
TIN_DISPLAY_NAME, TIN_ALIAS, TIN_ROW_COUNT, TIN_LAST_MODIFIED_DTTM, TIN_DELETE_FL, TIN_VERSION_ID,
PTN_ID ) VALUES ( 
211, 211, 1, NULL, 'time_string', 'time_string', 'tsg', NULL, NULL, 'N', 1, 1); 
INSERT INTO TABLE_INST ( TIN_ID, TBD_ID, SCH_ID, TIN_PARTITION_TCL_ID, TIN_TABLE_NAME,
TIN_DISPLAY_NAME, TIN_ALIAS, TIN_ROW_COUNT, TIN_LAST_MODIFIED_DTTM, TIN_DELETE_FL, TIN_VERSION_ID,
PTN_ID ) VALUES ( 
212, 212, 1, NULL, 'extra_args_dfn', 'extra_args_dfn', 'ead', NULL, NULL, 'N', 1, 1); 
INSERT INTO TABLE_INST ( TIN_ID, TBD_ID, SCH_ID, TIN_PARTITION_TCL_ID, TIN_TABLE_NAME,
TIN_DISPLAY_NAME, TIN_ALIAS, TIN_ROW_COUNT, TIN_LAST_MODIFIED_DTTM, TIN_DELETE_FL, TIN_VERSION_ID,
PTN_ID ) VALUES ( 
213, 213, 1, NULL, 'chart_series_type', 'chart_series_type', 'typ', NULL, NULL, 'N'
, 1, 1); 
INSERT INTO TABLE_INST ( TIN_ID, TBD_ID, SCH_ID, TIN_PARTITION_TCL_ID, TIN_TABLE_NAME,
TIN_DISPLAY_NAME, TIN_ALIAS, TIN_ROW_COUNT, TIN_LAST_MODIFIED_DTTM, TIN_DELETE_FL, TIN_VERSION_ID,
PTN_ID ) VALUES ( 
214, 214, 1, NULL, 'action_pin', 'action_pin', 'anp', NULL, NULL, 'N', 1, 1); 
INSERT INTO TABLE_INST ( TIN_ID, TBD_ID, SCH_ID, TIN_PARTITION_TCL_ID, TIN_TABLE_NAME,
TIN_DISPLAY_NAME, TIN_ALIAS, TIN_ROW_COUNT, TIN_LAST_MODIFIED_DTTM, TIN_DELETE_FL, TIN_VERSION_ID,
PTN_ID ) VALUES ( 
215, 215, 1, NULL, 'stream_stage', 'stream_stage', 'sts', NULL, NULL, 'N', 1, 1); 
INSERT INTO TABLE_INST ( TIN_ID, TBD_ID, SCH_ID, TIN_PARTITION_TCL_ID, TIN_TABLE_NAME,
TIN_DISPLAY_NAME, TIN_ALIAS, TIN_ROW_COUNT, TIN_LAST_MODIFIED_DTTM, TIN_DELETE_FL, TIN_VERSION_ID,
PTN_ID ) VALUES ( 
216, 216, 1, NULL, 'alert_severity', 'alert_severity', 'asv', NULL, NULL, 'N', 1, 1); 
INSERT INTO TABLE_INST ( TIN_ID, TBD_ID, SCH_ID, TIN_PARTITION_TCL_ID, TIN_TABLE_NAME,
TIN_DISPLAY_NAME, TIN_ALIAS, TIN_ROW_COUNT, TIN_LAST_MODIFIED_DTTM, TIN_DELETE_FL, TIN_VERSION_ID,
PTN_ID ) VALUES ( 
217, 217, 1, NULL, 'file_tbl', 'file_tbl', 'fil', NULL, NULL, 'N', 1, 1); 
INSERT INTO TABLE_INST ( TIN_ID, TBD_ID, SCH_ID, TIN_PARTITION_TCL_ID, TIN_TABLE_NAME,
TIN_DISPLAY_NAME, TIN_ALIAS, TIN_ROW_COUNT, TIN_LAST_MODIFIED_DTTM, TIN_DELETE_FL, TIN_VERSION_ID,
PTN_ID ) VALUES ( 
218, 218, 1, NULL, 'task_archive', 'task_archive', 'tar', NULL, NULL, 'N', 1, 1); 
INSERT INTO TABLE_INST ( TIN_ID, TBD_ID, SCH_ID, TIN_PARTITION_TCL_ID, TIN_TABLE_NAME,
TIN_DISPLAY_NAME, TIN_ALIAS, TIN_ROW_COUNT, TIN_LAST_MODIFIED_DTTM, TIN_DELETE_FL, TIN_VERSION_ID,
PTN_ID ) VALUES ( 
219, 219, 1, NULL, 'tariff_band_rate_threshold', 'tariff_band_rate_threshold', 'tbt'
, NULL, NULL, 'N', 1, 1); 
INSERT INTO TABLE_INST ( TIN_ID, TBD_ID, SCH_ID, TIN_PARTITION_TCL_ID, TIN_TABLE_NAME,
TIN_DISPLAY_NAME, TIN_ALIAS, TIN_ROW_COUNT, TIN_LAST_MODIFIED_DTTM, TIN_DELETE_FL, TIN_VERSION_ID,
PTN_ID ) VALUES ( 
220, 220, 1, NULL, 'entity_export', 'entity_export', 'exp', NULL, NULL, 'N', 1, 1); 
INSERT INTO TABLE_INST ( TIN_ID, TBD_ID, SCH_ID, TIN_PARTITION_TCL_ID, TIN_TABLE_NAME,
TIN_DISPLAY_NAME, TIN_ALIAS, TIN_ROW_COUNT, TIN_LAST_MODIFIED_DTTM, TIN_DELETE_FL, TIN_VERSION_ID,
PTN_ID ) VALUES ( 
221, 221, 1, NULL, 'user_name_validation', 'user_name_validation', 'unv', NULL, NULL
, 'N', 1, 1); 
INSERT INTO TABLE_INST ( TIN_ID, TBD_ID, SCH_ID, TIN_PARTITION_TCL_ID, TIN_TABLE_NAME,
TIN_DISPLAY_NAME, TIN_ALIAS, TIN_ROW_COUNT, TIN_LAST_MODIFIED_DTTM, TIN_DELETE_FL, TIN_VERSION_ID,
PTN_ID ) VALUES ( 
222, 222, 1, NULL, 'property_dfn_group', 'property_dfn_group', 'pdg', NULL, NULL, 'N'
, 1, 1); 
INSERT INTO TABLE_INST ( TIN_ID, TBD_ID, SCH_ID, TIN_PARTITION_TCL_ID, TIN_TABLE_NAME,
TIN_DISPLAY_NAME, TIN_ALIAS, TIN_ROW_COUNT, TIN_LAST_MODIFIED_DTTM, TIN_DELETE_FL, TIN_VERSION_ID,
PTN_ID ) VALUES ( 
223, 223, 1, NULL, 'sql_query_from', 'sql_query_from', 'sqf', NULL, NULL, 'N', 1, 1); 
INSERT INTO TABLE_INST ( TIN_ID, TBD_ID, SCH_ID, TIN_PARTITION_TCL_ID, TIN_TABLE_NAME,
TIN_DISPLAY_NAME, TIN_ALIAS, TIN_ROW_COUNT, TIN_LAST_MODIFIED_DTTM, TIN_DELETE_FL, TIN_VERSION_ID,
PTN_ID ) VALUES ( 
224, 224, 1, NULL, 'user_role_partition', 'user_role_partition', 'urp', NULL, NULL
, 'N', 1, 1); 
INSERT INTO TABLE_INST ( TIN_ID, TBD_ID, SCH_ID, TIN_PARTITION_TCL_ID, TIN_TABLE_NAME,
TIN_DISPLAY_NAME, TIN_ALIAS, TIN_ROW_COUNT, TIN_LAST_MODIFIED_DTTM, TIN_DELETE_FL, TIN_VERSION_ID,
PTN_ID ) VALUES ( 
225, 225, 1, NULL, 'interface_group', 'interface_group', 'ifg', NULL, NULL, 'N', 1
, 1); 
INSERT INTO TABLE_INST ( TIN_ID, TBD_ID, SCH_ID, TIN_PARTITION_TCL_ID, TIN_TABLE_NAME,
TIN_DISPLAY_NAME, TIN_ALIAS, TIN_ROW_COUNT, TIN_LAST_MODIFIED_DTTM, TIN_DELETE_FL, TIN_VERSION_ID,
PTN_ID ) VALUES ( 
226, 226, 1, NULL, 'user_password', 'user_password', 'upw', NULL, NULL, 'N', 1, 1); 
INSERT INTO TABLE_INST ( TIN_ID, TBD_ID, SCH_ID, TIN_PARTITION_TCL_ID, TIN_TABLE_NAME,
TIN_DISPLAY_NAME, TIN_ALIAS, TIN_ROW_COUNT, TIN_LAST_MODIFIED_DTTM, TIN_DELETE_FL, TIN_VERSION_ID,
PTN_ID ) VALUES ( 
227, 227, 1, NULL, 'alert_group', 'alert_group', 'alg', NULL, NULL, 'N', 1, 1); 
INSERT INTO TABLE_INST ( TIN_ID, TBD_ID, SCH_ID, TIN_PARTITION_TCL_ID, TIN_TABLE_NAME,
TIN_DISPLAY_NAME, TIN_ALIAS, TIN_ROW_COUNT, TIN_LAST_MODIFIED_DTTM, TIN_DELETE_FL, TIN_VERSION_ID,
PTN_ID ) VALUES ( 
228, 228, 1, NULL, 'action_type', 'action_type', 'act', NULL, NULL, 'N', 1, 1); 
INSERT INTO TABLE_INST ( TIN_ID, TBD_ID, SCH_ID, TIN_PARTITION_TCL_ID, TIN_TABLE_NAME,
TIN_DISPLAY_NAME, TIN_ALIAS, TIN_ROW_COUNT, TIN_LAST_MODIFIED_DTTM, TIN_DELETE_FL, TIN_VERSION_ID,
PTN_ID ) VALUES ( 
229, 229, 1, NULL, 'case_dfn_item_step_team', 'case_dfn_item_step_team', 'ctt', NULL
, NULL, 'N', 1, 1); 
INSERT INTO TABLE_INST ( TIN_ID, TBD_ID, SCH_ID, TIN_PARTITION_TCL_ID, TIN_TABLE_NAME,
TIN_DISPLAY_NAME, TIN_ALIAS, TIN_ROW_COUNT, TIN_LAST_MODIFIED_DTTM, TIN_DELETE_FL, TIN_VERSION_ID,
PTN_ID ) VALUES ( 
230, 230, 1, NULL, 'usage_partition', 'usage_partition', 'upn', NULL, NULL, 'N', 1
, 1); 
INSERT INTO TABLE_INST ( TIN_ID, TBD_ID, SCH_ID, TIN_PARTITION_TCL_ID, TIN_TABLE_NAME,
TIN_DISPLAY_NAME, TIN_ALIAS, TIN_ROW_COUNT, TIN_LAST_MODIFIED_DTTM, TIN_DELETE_FL, TIN_VERSION_ID,
PTN_ID ) VALUES ( 
231, 231, 1, NULL, 'chart_range', 'chart_range', 'ccr', NULL, NULL, 'N', 1, 1); 
INSERT INTO TABLE_INST ( TIN_ID, TBD_ID, SCH_ID, TIN_PARTITION_TCL_ID, TIN_TABLE_NAME,
TIN_DISPLAY_NAME, TIN_ALIAS, TIN_ROW_COUNT, TIN_LAST_MODIFIED_DTTM, TIN_DELETE_FL, TIN_VERSION_ID,
PTN_ID ) VALUES ( 
232, 232, 1, NULL, 'chart_type', 'chart_type', 'cht', NULL, NULL, 'N', 1, 1); 
INSERT INTO TABLE_INST ( TIN_ID, TBD_ID, SCH_ID, TIN_PARTITION_TCL_ID, TIN_TABLE_NAME,
TIN_DISPLAY_NAME, TIN_ALIAS, TIN_ROW_COUNT, TIN_LAST_MODIFIED_DTTM, TIN_DELETE_FL, TIN_VERSION_ID,
PTN_ID ) VALUES ( 
233, 233, 1, NULL, 'alert_dfn_notify_team', 'alert_dfn_notify_team', 'adt', NULL, NULL
, 'N', 1, 1); 
INSERT INTO TABLE_INST ( TIN_ID, TBD_ID, SCH_ID, TIN_PARTITION_TCL_ID, TIN_TABLE_NAME,
TIN_DISPLAY_NAME, TIN_ALIAS, TIN_ROW_COUNT, TIN_LAST_MODIFIED_DTTM, TIN_DELETE_FL, TIN_VERSION_ID,
PTN_ID ) VALUES ( 
234, 234, 1, NULL, 'note_history', 'note_history', 'noh', NULL, NULL, 'N', 1, 1); 
INSERT INTO TABLE_INST ( TIN_ID, TBD_ID, SCH_ID, TIN_PARTITION_TCL_ID, TIN_TABLE_NAME,
TIN_DISPLAY_NAME, TIN_ALIAS, TIN_ROW_COUNT, TIN_LAST_MODIFIED_DTTM, TIN_DELETE_FL, TIN_VERSION_ID,
PTN_ID ) VALUES ( 
235, 235, 1, NULL, 'table_mapping_column', 'table_mapping_column', 'tmc', NULL, NULL
, 'N', 1, 1); 
INSERT INTO TABLE_INST ( TIN_ID, TBD_ID, SCH_ID, TIN_PARTITION_TCL_ID, TIN_TABLE_NAME,
TIN_DISPLAY_NAME, TIN_ALIAS, TIN_ROW_COUNT, TIN_LAST_MODIFIED_DTTM, TIN_DELETE_FL, TIN_VERSION_ID,
PTN_ID ) VALUES ( 
236, 236, 1, NULL, 'case_esc_notify_team', 'case_esc_notify_team', 'cet', NULL, NULL
, 'N', 1, 1); 
INSERT INTO TABLE_INST ( TIN_ID, TBD_ID, SCH_ID, TIN_PARTITION_TCL_ID, TIN_TABLE_NAME,
TIN_DISPLAY_NAME, TIN_ALIAS, TIN_ROW_COUNT, TIN_LAST_MODIFIED_DTTM, TIN_DELETE_FL, TIN_VERSION_ID,
PTN_ID ) VALUES ( 
237, 237, 1, NULL, 'schema_type', 'schema_type', 'sct', NULL, NULL, 'N', 1, 1); 
INSERT INTO TABLE_INST ( TIN_ID, TBD_ID, SCH_ID, TIN_PARTITION_TCL_ID, TIN_TABLE_NAME,
TIN_DISPLAY_NAME, TIN_ALIAS, TIN_ROW_COUNT, TIN_LAST_MODIFIED_DTTM, TIN_DELETE_FL, TIN_VERSION_ID,
PTN_ID ) VALUES ( 
238, 238, 1, NULL, 'tariff_band_history', 'tariff_band_history', 'tbh', NULL, NULL
, 'N', 1, 1); 
INSERT INTO TABLE_INST ( TIN_ID, TBD_ID, SCH_ID, TIN_PARTITION_TCL_ID, TIN_TABLE_NAME,
TIN_DISPLAY_NAME, TIN_ALIAS, TIN_ROW_COUNT, TIN_LAST_MODIFIED_DTTM, TIN_DELETE_FL, TIN_VERSION_ID,
PTN_ID ) VALUES ( 
239, 239, 1, NULL, 'action', 'action', 'acn', NULL, NULL, 'N', 1, 1); 
INSERT INTO TABLE_INST ( TIN_ID, TBD_ID, SCH_ID, TIN_PARTITION_TCL_ID, TIN_TABLE_NAME,
TIN_DISPLAY_NAME, TIN_ALIAS, TIN_ROW_COUNT, TIN_LAST_MODIFIED_DTTM, TIN_DELETE_FL, TIN_VERSION_ID,
PTN_ID ) VALUES ( 
240, 240, 1, NULL, 'role_ui_action_item', 'role_ui_action_item', 'rai', NULL, NULL
, 'N', 1, 1); 
INSERT INTO TABLE_INST ( TIN_ID, TBD_ID, SCH_ID, TIN_PARTITION_TCL_ID, TIN_TABLE_NAME,
TIN_DISPLAY_NAME, TIN_ALIAS, TIN_ROW_COUNT, TIN_LAST_MODIFIED_DTTM, TIN_DELETE_FL, TIN_VERSION_ID,
PTN_ID ) VALUES ( 
241, 241, 1, NULL, 'event_statistics_stage', 'event_statistics_stage', 'ess', NULL
, NULL, 'N', 1, 1); 
INSERT INTO TABLE_INST ( TIN_ID, TBD_ID, SCH_ID, TIN_PARTITION_TCL_ID, TIN_TABLE_NAME,
TIN_DISPLAY_NAME, TIN_ALIAS, TIN_ROW_COUNT, TIN_LAST_MODIFIED_DTTM, TIN_DELETE_FL, TIN_VERSION_ID,
PTN_ID ) VALUES ( 
242, 242, 1, NULL, 'tariff_trn', 'tariff_trn', 'ttr', NULL, NULL, 'N', 1, 1); 
INSERT INTO TABLE_INST ( TIN_ID, TBD_ID, SCH_ID, TIN_PARTITION_TCL_ID, TIN_TABLE_NAME,
TIN_DISPLAY_NAME, TIN_ALIAS, TIN_ROW_COUNT, TIN_LAST_MODIFIED_DTTM, TIN_DELETE_FL, TIN_VERSION_ID,
PTN_ID ) VALUES ( 
1, 1, 1, NULL, 'table_column', 'table_column', 'tcl', NULL, NULL, 'N', 1, 1); 
INSERT INTO TABLE_INST ( TIN_ID, TBD_ID, SCH_ID, TIN_PARTITION_TCL_ID, TIN_TABLE_NAME,
TIN_DISPLAY_NAME, TIN_ALIAS, TIN_ROW_COUNT, TIN_LAST_MODIFIED_DTTM, TIN_DELETE_FL, TIN_VERSION_ID,
PTN_ID ) VALUES ( 
2, 2, 1, NULL, 'case_esc_notify_user', 'case_esc_notify_user', 'ceu', NULL, NULL, 'N'
, 1, 1); 
INSERT INTO TABLE_INST ( TIN_ID, TBD_ID, SCH_ID, TIN_PARTITION_TCL_ID, TIN_TABLE_NAME,
TIN_DISPLAY_NAME, TIN_ALIAS, TIN_ROW_COUNT, TIN_LAST_MODIFIED_DTTM, TIN_DELETE_FL, TIN_VERSION_ID,
PTN_ID ) VALUES ( 
3, 3, 1, NULL, 'layout', 'layout', 'lyt', NULL, NULL, 'N', 1, 1); 
INSERT INTO TABLE_INST ( TIN_ID, TBD_ID, SCH_ID, TIN_PARTITION_TCL_ID, TIN_TABLE_NAME,
TIN_DISPLAY_NAME, TIN_ALIAS, TIN_ROW_COUNT, TIN_LAST_MODIFIED_DTTM, TIN_DELETE_FL, TIN_VERSION_ID,
PTN_ID ) VALUES ( 
4, 4, 1, NULL, 'alert_dfn_notify_user', 'alert_dfn_notify_user', 'adu', NULL, NULL
, 'N', 1, 1); 
INSERT INTO TABLE_INST ( TIN_ID, TBD_ID, SCH_ID, TIN_PARTITION_TCL_ID, TIN_TABLE_NAME,
TIN_DISPLAY_NAME, TIN_ALIAS, TIN_ROW_COUNT, TIN_LAST_MODIFIED_DTTM, TIN_DELETE_FL, TIN_VERSION_ID,
PTN_ID ) VALUES ( 
5, 5, 1, NULL, 'tariff_band_rate', 'tariff_band_rate', 'tbr', NULL, NULL, 'N', 1, 1); 
INSERT INTO TABLE_INST ( TIN_ID, TBD_ID, SCH_ID, TIN_PARTITION_TCL_ID, TIN_TABLE_NAME,
TIN_DISPLAY_NAME, TIN_ALIAS, TIN_ROW_COUNT, TIN_LAST_MODIFIED_DTTM, TIN_DELETE_FL, TIN_VERSION_ID,
PTN_ID ) VALUES ( 
6, 6, 1, NULL, 'task_controller', 'task_controller', 'tcr', NULL, NULL, 'N', 1, 1); 
INSERT INTO TABLE_INST ( TIN_ID, TBD_ID, SCH_ID, TIN_PARTITION_TCL_ID, TIN_TABLE_NAME,
TIN_DISPLAY_NAME, TIN_ALIAS, TIN_ROW_COUNT, TIN_LAST_MODIFIED_DTTM, TIN_DELETE_FL, TIN_VERSION_ID,
PTN_ID ) VALUES ( 
7, 7, 1, NULL, 'frequency_group', 'frequency_group', 'frg', NULL, NULL, 'N', 1, 1); 
INSERT INTO TABLE_INST ( TIN_ID, TBD_ID, SCH_ID, TIN_PARTITION_TCL_ID, TIN_TABLE_NAME,
TIN_DISPLAY_NAME, TIN_ALIAS, TIN_ROW_COUNT, TIN_LAST_MODIFIED_DTTM, TIN_DELETE_FL, TIN_VERSION_ID,
PTN_ID ) VALUES ( 
8, 8, 1, NULL, 'application_tbl', 'application_tbl', 'app', NULL, NULL, 'N', 1, 1); 
INSERT INTO TABLE_INST ( TIN_ID, TBD_ID, SCH_ID, TIN_PARTITION_TCL_ID, TIN_TABLE_NAME,
TIN_DISPLAY_NAME, TIN_ALIAS, TIN_ROW_COUNT, TIN_LAST_MODIFIED_DTTM, TIN_DELETE_FL, TIN_VERSION_ID,
PTN_ID ) VALUES ( 
9, 9, 1, NULL, 'event_error_message', 'event_error_message', 'eem', NULL, NULL, 'N'
, 1, 1); 
INSERT INTO TABLE_INST ( TIN_ID, TBD_ID, SCH_ID, TIN_PARTITION_TCL_ID, TIN_TABLE_NAME,
TIN_DISPLAY_NAME, TIN_ALIAS, TIN_ROW_COUNT, TIN_LAST_MODIFIED_DTTM, TIN_DELETE_FL, TIN_VERSION_ID,
PTN_ID ) VALUES ( 
10, 10, 1, NULL, 'route', 'route', 'rut', NULL, NULL, 'N', 1, 1); 
INSERT INTO TABLE_INST ( TIN_ID, TBD_ID, SCH_ID, TIN_PARTITION_TCL_ID, TIN_TABLE_NAME,
TIN_DISPLAY_NAME, TIN_ALIAS, TIN_ROW_COUNT, TIN_LAST_MODIFIED_DTTM, TIN_DELETE_FL, TIN_VERSION_ID,
PTN_ID ) VALUES ( 
11, 11, 1, NULL, 'usage_server_partition', 'usage_server_partition', 'usp', NULL, NULL
, 'N', 1, 1); 
INSERT INTO TABLE_INST ( TIN_ID, TBD_ID, SCH_ID, TIN_PARTITION_TCL_ID, TIN_TABLE_NAME,
TIN_DISPLAY_NAME, TIN_ALIAS, TIN_ROW_COUNT, TIN_LAST_MODIFIED_DTTM, TIN_DELETE_FL, TIN_VERSION_ID,
PTN_ID ) VALUES ( 
12, 12, 1, NULL, 'entity_guid', 'entity_guid', 'egd', NULL, NULL, 'N', 1, 1); 
INSERT INTO TABLE_INST ( TIN_ID, TBD_ID, SCH_ID, TIN_PARTITION_TCL_ID, TIN_TABLE_NAME,
TIN_DISPLAY_NAME, TIN_ALIAS, TIN_ROW_COUNT, TIN_LAST_MODIFIED_DTTM, TIN_DELETE_FL, TIN_VERSION_ID,
PTN_ID ) VALUES ( 
13, 13, 1, NULL, 'tree_entity', 'tree_entity', 'ten', NULL, NULL, 'N', 1, 1); 
INSERT INTO TABLE_INST ( TIN_ID, TBD_ID, SCH_ID, TIN_PARTITION_TCL_ID, TIN_TABLE_NAME,
TIN_DISPLAY_NAME, TIN_ALIAS, TIN_ROW_COUNT, TIN_LAST_MODIFIED_DTTM, TIN_DELETE_FL, TIN_VERSION_ID,
PTN_ID ) VALUES ( 
14, 14, 1, NULL, 'tariff_metric_type', 'tariff_metric_type', 'tfm', NULL, NULL, 'N'
, 1, 1); 
INSERT INTO TABLE_INST ( TIN_ID, TBD_ID, SCH_ID, TIN_PARTITION_TCL_ID, TIN_TABLE_NAME,
TIN_DISPLAY_NAME, TIN_ALIAS, TIN_ROW_COUNT, TIN_LAST_MODIFIED_DTTM, TIN_DELETE_FL, TIN_VERSION_ID,
PTN_ID ) VALUES ( 
15, 15, 1, NULL, 'task', 'task', 'tsk', NULL, NULL, 'N', 1, 1); 
INSERT INTO TABLE_INST ( TIN_ID, TBD_ID, SCH_ID, TIN_PARTITION_TCL_ID, TIN_TABLE_NAME,
TIN_DISPLAY_NAME, TIN_ALIAS, TIN_ROW_COUNT, TIN_LAST_MODIFIED_DTTM, TIN_DELETE_FL, TIN_VERSION_ID,
PTN_ID ) VALUES ( 
16, 16, 1, NULL, 'extra_control', 'extra_control', 'exc', NULL, NULL, 'N', 1, 1); 
INSERT INTO TABLE_INST ( TIN_ID, TBD_ID, SCH_ID, TIN_PARTITION_TCL_ID, TIN_TABLE_NAME,
TIN_DISPLAY_NAME, TIN_ALIAS, TIN_ROW_COUNT, TIN_LAST_MODIFIED_DTTM, TIN_DELETE_FL, TIN_VERSION_ID,
PTN_ID ) VALUES ( 
17, 17, 1, NULL, 'application_user', 'application_user', 'apu', NULL, NULL, 'N', 1
, 1); 
INSERT INTO TABLE_INST ( TIN_ID, TBD_ID, SCH_ID, TIN_PARTITION_TCL_ID, TIN_TABLE_NAME,
TIN_DISPLAY_NAME, TIN_ALIAS, TIN_ROW_COUNT, TIN_LAST_MODIFIED_DTTM, TIN_DELETE_FL, TIN_VERSION_ID,
PTN_ID ) VALUES ( 
18, 18, 1, NULL, 'case_dfn_item_transition', 'case_dfn_item_transition', 'cdt', NULL
, NULL, 'N', 1, 1); 
INSERT INTO TABLE_INST ( TIN_ID, TBD_ID, SCH_ID, TIN_PARTITION_TCL_ID, TIN_TABLE_NAME,
TIN_DISPLAY_NAME, TIN_ALIAS, TIN_ROW_COUNT, TIN_LAST_MODIFIED_DTTM, TIN_DELETE_FL, TIN_VERSION_ID,
PTN_ID ) VALUES ( 
19, 19, 1, NULL, 'default_table_grid', 'default_table_grid', 'dtg', NULL, NULL, 'N'
, 1, 1); 
INSERT INTO TABLE_INST ( TIN_ID, TBD_ID, SCH_ID, TIN_PARTITION_TCL_ID, TIN_TABLE_NAME,
TIN_DISPLAY_NAME, TIN_ALIAS, TIN_ROW_COUNT, TIN_LAST_MODIFIED_DTTM, TIN_DELETE_FL, TIN_VERSION_ID,
PTN_ID ) VALUES ( 
20, 20, 1, NULL, 'action_pin_connection', 'action_pin_connection', 'apc', NULL, NULL
, 'N', 1, 1); 
INSERT INTO TABLE_INST ( TIN_ID, TBD_ID, SCH_ID, TIN_PARTITION_TCL_ID, TIN_TABLE_NAME,
TIN_DISPLAY_NAME, TIN_ALIAS, TIN_ROW_COUNT, TIN_LAST_MODIFIED_DTTM, TIN_DELETE_FL, TIN_VERSION_ID,
PTN_ID ) VALUES ( 
21, 21, 1, NULL, 'role_ref_table', 'role_ref_table', 'rrf', NULL, NULL, 'N', 1, 1); 
INSERT INTO TABLE_INST ( TIN_ID, TBD_ID, SCH_ID, TIN_PARTITION_TCL_ID, TIN_TABLE_NAME,
TIN_DISPLAY_NAME, TIN_ALIAS, TIN_ROW_COUNT, TIN_LAST_MODIFIED_DTTM, TIN_DELETE_FL, TIN_VERSION_ID,
PTN_ID ) VALUES ( 
22, 22, 1, NULL, 'missing_file', 'missing_file', 'msf', NULL, NULL, 'N', 1, 1); 
INSERT INTO TABLE_INST ( TIN_ID, TBD_ID, SCH_ID, TIN_PARTITION_TCL_ID, TIN_TABLE_NAME,
TIN_DISPLAY_NAME, TIN_ALIAS, TIN_ROW_COUNT, TIN_LAST_MODIFIED_DTTM, TIN_DELETE_FL, TIN_VERSION_ID,
PTN_ID ) VALUES ( 
23, 23, 1, NULL, 'element_report_group', 'element_report_group', 'egp', NULL, NULL
, 'N', 1, 1); 
INSERT INTO TABLE_INST ( TIN_ID, TBD_ID, SCH_ID, TIN_PARTITION_TCL_ID, TIN_TABLE_NAME,
TIN_DISPLAY_NAME, TIN_ALIAS, TIN_ROW_COUNT, TIN_LAST_MODIFIED_DTTM, TIN_DELETE_FL, TIN_VERSION_ID,
PTN_ID ) VALUES ( 
24, 24, 1, NULL, 'stream_controller', 'stream_controller', 'stc', NULL, NULL, 'N'
, 1, 1); 
INSERT INTO TABLE_INST ( TIN_ID, TBD_ID, SCH_ID, TIN_PARTITION_TCL_ID, TIN_TABLE_NAME,
TIN_DISPLAY_NAME, TIN_ALIAS, TIN_ROW_COUNT, TIN_LAST_MODIFIED_DTTM, TIN_DELETE_FL, TIN_VERSION_ID,
PTN_ID ) VALUES ( 
25, 25, 1, NULL, 'toolbar', 'toolbar', 'tlb', NULL, NULL, 'N', 1, 1); 
INSERT INTO TABLE_INST ( TIN_ID, TBD_ID, SCH_ID, TIN_PARTITION_TCL_ID, TIN_TABLE_NAME,
TIN_DISPLAY_NAME, TIN_ALIAS, TIN_ROW_COUNT, TIN_LAST_MODIFIED_DTTM, TIN_DELETE_FL, TIN_VERSION_ID,
PTN_ID ) VALUES ( 
26, 26, 1, NULL, 'case_inst_history', 'case_inst_history', 'cth', NULL, NULL, 'N'
, 1, 1); 
INSERT INTO TABLE_INST ( TIN_ID, TBD_ID, SCH_ID, TIN_PARTITION_TCL_ID, TIN_TABLE_NAME,
TIN_DISPLAY_NAME, TIN_ALIAS, TIN_ROW_COUNT, TIN_LAST_MODIFIED_DTTM, TIN_DELETE_FL, TIN_VERSION_ID,
PTN_ID ) VALUES ( 
27, 27, 1, NULL, 'table_index', 'table_index', 'tix', NULL, NULL, 'N', 1, 1); 
INSERT INTO TABLE_INST ( TIN_ID, TBD_ID, SCH_ID, TIN_PARTITION_TCL_ID, TIN_TABLE_NAME,
TIN_DISPLAY_NAME, TIN_ALIAS, TIN_ROW_COUNT, TIN_LAST_MODIFIED_DTTM, TIN_DELETE_FL, TIN_VERSION_ID,
PTN_ID ) VALUES ( 
28, 28, 1, NULL, 'query_builder', 'query_builder', 'qbr', NULL, NULL, 'N', 1, 1); 
INSERT INTO TABLE_INST ( TIN_ID, TBD_ID, SCH_ID, TIN_PARTITION_TCL_ID, TIN_TABLE_NAME,
TIN_DISPLAY_NAME, TIN_ALIAS, TIN_ROW_COUNT, TIN_LAST_MODIFIED_DTTM, TIN_DELETE_FL, TIN_VERSION_ID,
PTN_ID ) VALUES ( 
29, 29, 1, NULL, 'alert_inst', 'alert_inst', 'ali', NULL, NULL, 'N', 1, 1); 
INSERT INTO TABLE_INST ( TIN_ID, TBD_ID, SCH_ID, TIN_PARTITION_TCL_ID, TIN_TABLE_NAME,
TIN_DISPLAY_NAME, TIN_ALIAS, TIN_ROW_COUNT, TIN_LAST_MODIFIED_DTTM, TIN_DELETE_FL, TIN_VERSION_ID,
PTN_ID ) VALUES ( 
30, 30, 1, NULL, 'trigger_tbl', 'trigger_tbl', 'trg', NULL, NULL, 'N', 1, 1); 
INSERT INTO TABLE_INST ( TIN_ID, TBD_ID, SCH_ID, TIN_PARTITION_TCL_ID, TIN_TABLE_NAME,
TIN_DISPLAY_NAME, TIN_ALIAS, TIN_ROW_COUNT, TIN_LAST_MODIFIED_DTTM, TIN_DELETE_FL, TIN_VERSION_ID,
PTN_ID ) VALUES ( 
31, 31, 1, NULL, 'stream_stage_recur_task', 'stream_stage_recur_task', 'srt', NULL
, NULL, 'N', 1, 1); 
INSERT INTO TABLE_INST ( TIN_ID, TBD_ID, SCH_ID, TIN_PARTITION_TCL_ID, TIN_TABLE_NAME,
TIN_DISPLAY_NAME, TIN_ALIAS, TIN_ROW_COUNT, TIN_LAST_MODIFIED_DTTM, TIN_DELETE_FL, TIN_VERSION_ID,
PTN_ID ) VALUES ( 
32, 32, 1, NULL, 'case_dfn_item_step', 'case_dfn_item_step', 'cds', NULL, NULL, 'N'
, 1, 1); 
INSERT INTO TABLE_INST ( TIN_ID, TBD_ID, SCH_ID, TIN_PARTITION_TCL_ID, TIN_TABLE_NAME,
TIN_DISPLAY_NAME, TIN_ALIAS, TIN_ROW_COUNT, TIN_LAST_MODIFIED_DTTM, TIN_DELETE_FL, TIN_VERSION_ID,
PTN_ID ) VALUES ( 
33, 33, 1, NULL, 'user_default_detail', 'user_default_detail', 'udd', NULL, NULL, 'N'
, 1, 1); 
INSERT INTO TABLE_INST ( TIN_ID, TBD_ID, SCH_ID, TIN_PARTITION_TCL_ID, TIN_TABLE_NAME,
TIN_DISPLAY_NAME, TIN_ALIAS, TIN_ROW_COUNT, TIN_LAST_MODIFIED_DTTM, TIN_DELETE_FL, TIN_VERSION_ID,
PTN_ID ) VALUES ( 
34, 34, 1, NULL, 'table_grid_column', 'table_grid_column', 'tgc', NULL, NULL, 'N'
, 1, 1); 
INSERT INTO TABLE_INST ( TIN_ID, TBD_ID, SCH_ID, TIN_PARTITION_TCL_ID, TIN_TABLE_NAME,
TIN_DISPLAY_NAME, TIN_ALIAS, TIN_ROW_COUNT, TIN_LAST_MODIFIED_DTTM, TIN_DELETE_FL, TIN_VERSION_ID,
PTN_ID ) VALUES ( 
35, 35, 1, NULL, 'machine_tbl', 'machine_tbl', 'mac', NULL, NULL, 'N', 1, 1); 
INSERT INTO TABLE_INST ( TIN_ID, TBD_ID, SCH_ID, TIN_PARTITION_TCL_ID, TIN_TABLE_NAME,
TIN_DISPLAY_NAME, TIN_ALIAS, TIN_ROW_COUNT, TIN_LAST_MODIFIED_DTTM, TIN_DELETE_FL, TIN_VERSION_ID,
PTN_ID ) VALUES ( 
36, 36, 1, NULL, 'usage_group', 'usage_group', 'usg', NULL, NULL, 'N', 1, 1); 
INSERT INTO TABLE_INST ( TIN_ID, TBD_ID, SCH_ID, TIN_PARTITION_TCL_ID, TIN_TABLE_NAME,
TIN_DISPLAY_NAME, TIN_ALIAS, TIN_ROW_COUNT, TIN_LAST_MODIFIED_DTTM, TIN_DELETE_FL, TIN_VERSION_ID,
PTN_ID ) VALUES ( 
37, 37, 1, NULL, 'route_type', 'route_type', 'rtt', NULL, NULL, 'N', 1, 1); 
INSERT INTO TABLE_INST ( TIN_ID, TBD_ID, SCH_ID, TIN_PARTITION_TCL_ID, TIN_TABLE_NAME,
TIN_DISPLAY_NAME, TIN_ALIAS, TIN_ROW_COUNT, TIN_LAST_MODIFIED_DTTM, TIN_DELETE_FL, TIN_VERSION_ID,
PTN_ID ) VALUES ( 
38, 38, 1, NULL, 'entity_export_item', 'entity_export_item', 'eei', NULL, NULL, 'N'
, 1, 1); 
INSERT INTO TABLE_INST ( TIN_ID, TBD_ID, SCH_ID, TIN_PARTITION_TCL_ID, TIN_TABLE_NAME,
TIN_DISPLAY_NAME, TIN_ALIAS, TIN_ROW_COUNT, TIN_LAST_MODIFIED_DTTM, TIN_DELETE_FL, TIN_VERSION_ID,
PTN_ID ) VALUES ( 
39, 39, 1, NULL, 'token_tbl', 'token_tbl', 'tok', NULL, NULL, 'N', 1, 1); 
INSERT INTO TABLE_INST ( TIN_ID, TBD_ID, SCH_ID, TIN_PARTITION_TCL_ID, TIN_TABLE_NAME,
TIN_DISPLAY_NAME, TIN_ALIAS, TIN_ROW_COUNT, TIN_LAST_MODIFIED_DTTM, TIN_DELETE_FL, TIN_VERSION_ID,
PTN_ID ) VALUES ( 
40, 40, 1, NULL, 'sql_query', 'sql_query', 'sql', NULL, NULL, 'N', 1, 1); 
INSERT INTO TABLE_INST ( TIN_ID, TBD_ID, SCH_ID, TIN_PARTITION_TCL_ID, TIN_TABLE_NAME,
TIN_DISPLAY_NAME, TIN_ALIAS, TIN_ROW_COUNT, TIN_LAST_MODIFIED_DTTM, TIN_DELETE_FL, TIN_VERSION_ID,
PTN_ID ) VALUES ( 
41, 41, 1, NULL, 'ui_action_item', 'ui_action_item', 'uai', NULL, NULL, 'N', 1, 1); 
INSERT INTO TABLE_INST ( TIN_ID, TBD_ID, SCH_ID, TIN_PARTITION_TCL_ID, TIN_TABLE_NAME,
TIN_DISPLAY_NAME, TIN_ALIAS, TIN_ROW_COUNT, TIN_LAST_MODIFIED_DTTM, TIN_DELETE_FL, TIN_VERSION_ID,
PTN_ID ) VALUES ( 
42, 42, 1, NULL, 'context', 'context', 'cxt', NULL, NULL, 'N', 1, 1); 
INSERT INTO TABLE_INST ( TIN_ID, TBD_ID, SCH_ID, TIN_PARTITION_TCL_ID, TIN_TABLE_NAME,
TIN_DISPLAY_NAME, TIN_ALIAS, TIN_ROW_COUNT, TIN_LAST_MODIFIED_DTTM, TIN_DELETE_FL, TIN_VERSION_ID,
PTN_ID ) VALUES ( 
43, 43, 1, NULL, 'generated_report', 'generated_report', 'gnr', NULL, NULL, 'N', 1
, 1); 
INSERT INTO TABLE_INST ( TIN_ID, TBD_ID, SCH_ID, TIN_PARTITION_TCL_ID, TIN_TABLE_NAME,
TIN_DISPLAY_NAME, TIN_ALIAS, TIN_ROW_COUNT, TIN_LAST_MODIFIED_DTTM, TIN_DELETE_FL, TIN_VERSION_ID,
PTN_ID ) VALUES ( 
44, 44, 1, NULL, 'default_grid', 'default_grid', 'dgr', NULL, NULL, 'N', 1, 1); 
INSERT INTO TABLE_INST ( TIN_ID, TBD_ID, SCH_ID, TIN_PARTITION_TCL_ID, TIN_TABLE_NAME,
TIN_DISPLAY_NAME, TIN_ALIAS, TIN_ROW_COUNT, TIN_LAST_MODIFIED_DTTM, TIN_DELETE_FL, TIN_VERSION_ID,
PTN_ID ) VALUES ( 
45, 45, 1, NULL, 'case_dfn_item_alert', 'case_dfn_item_alert', 'cda', NULL, NULL, 'N'
, 1, 1); 
INSERT INTO TABLE_INST ( TIN_ID, TBD_ID, SCH_ID, TIN_PARTITION_TCL_ID, TIN_TABLE_NAME,
TIN_DISPLAY_NAME, TIN_ALIAS, TIN_ROW_COUNT, TIN_LAST_MODIFIED_DTTM, TIN_DELETE_FL, TIN_VERSION_ID,
PTN_ID ) VALUES ( 
46, 46, 1, NULL, 'chart_sub_type_prop', 'chart_sub_type_prop', 'csp', NULL, NULL, 'N'
, 1, 1); 
INSERT INTO TABLE_INST ( TIN_ID, TBD_ID, SCH_ID, TIN_PARTITION_TCL_ID, TIN_TABLE_NAME,
TIN_DISPLAY_NAME, TIN_ALIAS, TIN_ROW_COUNT, TIN_LAST_MODIFIED_DTTM, TIN_DELETE_FL, TIN_VERSION_ID,
PTN_ID ) VALUES ( 
47, 47, 1, NULL, 'tariff_band', 'tariff_band', 'tab', NULL, NULL, 'N', 1, 1); 
INSERT INTO TABLE_INST ( TIN_ID, TBD_ID, SCH_ID, TIN_PARTITION_TCL_ID, TIN_TABLE_NAME,
TIN_DISPLAY_NAME, TIN_ALIAS, TIN_ROW_COUNT, TIN_LAST_MODIFIED_DTTM, TIN_DELETE_FL, TIN_VERSION_ID,
PTN_ID ) VALUES ( 
48, 48, 1, NULL, 'case_item_priority', 'case_item_priority', 'cip', NULL, NULL, 'N'
, 1, 1); 
INSERT INTO TABLE_INST ( TIN_ID, TBD_ID, SCH_ID, TIN_PARTITION_TCL_ID, TIN_TABLE_NAME,
TIN_DISPLAY_NAME, TIN_ALIAS, TIN_ROW_COUNT, TIN_LAST_MODIFIED_DTTM, TIN_DELETE_FL, TIN_VERSION_ID,
PTN_ID ) VALUES ( 
49, 49, 1, NULL, 'interface_tbl', 'interface_tbl', 'ife', NULL, NULL, 'N', 1, 1); 
INSERT INTO TABLE_INST ( TIN_ID, TBD_ID, SCH_ID, TIN_PARTITION_TCL_ID, TIN_TABLE_NAME,
TIN_DISPLAY_NAME, TIN_ALIAS, TIN_ROW_COUNT, TIN_LAST_MODIFIED_DTTM, TIN_DELETE_FL, TIN_VERSION_ID,
PTN_ID ) VALUES ( 
50, 50, 1, NULL, 'chart_property_group', 'chart_property_group', 'cpg', NULL, NULL
, 'N', 1, 1); 
INSERT INTO TABLE_INST ( TIN_ID, TBD_ID, SCH_ID, TIN_PARTITION_TCL_ID, TIN_TABLE_NAME,
TIN_DISPLAY_NAME, TIN_ALIAS, TIN_ROW_COUNT, TIN_LAST_MODIFIED_DTTM, TIN_DELETE_FL, TIN_VERSION_ID,
PTN_ID ) VALUES ( 
51, 51, 1, NULL, 'table_index_column', 'table_index_column', 'tic', NULL, NULL, 'N'
, 1, 1); 
INSERT INTO TABLE_INST ( TIN_ID, TBD_ID, SCH_ID, TIN_PARTITION_TCL_ID, TIN_TABLE_NAME,
TIN_DISPLAY_NAME, TIN_ALIAS, TIN_ROW_COUNT, TIN_LAST_MODIFIED_DTTM, TIN_DELETE_FL, TIN_VERSION_ID,
PTN_ID ) VALUES ( 
52, 52, 1, NULL, 'element_set', 'element_set', 'est', NULL, NULL, 'N', 1, 1); 
INSERT INTO TABLE_INST ( TIN_ID, TBD_ID, SCH_ID, TIN_PARTITION_TCL_ID, TIN_TABLE_NAME,
TIN_DISPLAY_NAME, TIN_ALIAS, TIN_ROW_COUNT, TIN_LAST_MODIFIED_DTTM, TIN_DELETE_FL, TIN_VERSION_ID,
PTN_ID ) VALUES ( 
53, 53, 1, NULL, 'auto_sql_select', 'auto_sql_select', 'ass', NULL, NULL, 'N', 1, 1); 
INSERT INTO TABLE_INST ( TIN_ID, TBD_ID, SCH_ID, TIN_PARTITION_TCL_ID, TIN_TABLE_NAME,
TIN_DISPLAY_NAME, TIN_ALIAS, TIN_ROW_COUNT, TIN_LAST_MODIFIED_DTTM, TIN_DELETE_FL, TIN_VERSION_ID,
PTN_ID ) VALUES ( 
54, 54, 1, NULL, 'alert_dfn', 'alert_dfn', 'ald', NULL, NULL, 'N', 1, 1); 
INSERT INTO TABLE_INST ( TIN_ID, TBD_ID, SCH_ID, TIN_PARTITION_TCL_ID, TIN_TABLE_NAME,
TIN_DISPLAY_NAME, TIN_ALIAS, TIN_ROW_COUNT, TIN_LAST_MODIFIED_DTTM, TIN_DELETE_FL, TIN_VERSION_ID,
PTN_ID ) VALUES ( 
55, 55, 1, NULL, 'user_tbl', 'user_tbl', 'usr', NULL, NULL, 'N', 1, 1); 
INSERT INTO TABLE_INST ( TIN_ID, TBD_ID, SCH_ID, TIN_PARTITION_TCL_ID, TIN_TABLE_NAME,
TIN_DISPLAY_NAME, TIN_ALIAS, TIN_ROW_COUNT, TIN_LAST_MODIFIED_DTTM, TIN_DELETE_FL, TIN_VERSION_ID,
PTN_ID ) VALUES ( 
56, 56, 1, NULL, 'case_dfn', 'case_dfn', 'cdn', NULL, NULL, 'N', 1, 1); 
INSERT INTO TABLE_INST ( TIN_ID, TBD_ID, SCH_ID, TIN_PARTITION_TCL_ID, TIN_TABLE_NAME,
TIN_DISPLAY_NAME, TIN_ALIAS, TIN_ROW_COUNT, TIN_LAST_MODIFIED_DTTM, TIN_DELETE_FL, TIN_VERSION_ID,
PTN_ID ) VALUES ( 
57, 57, 1, NULL, 'parse_output_map', 'parse_output_map', 'pom', NULL, NULL, 'N', 1
, 1); 
INSERT INTO TABLE_INST ( TIN_ID, TBD_ID, SCH_ID, TIN_PARTITION_TCL_ID, TIN_TABLE_NAME,
TIN_DISPLAY_NAME, TIN_ALIAS, TIN_ROW_COUNT, TIN_LAST_MODIFIED_DTTM, TIN_DELETE_FL, TIN_VERSION_ID,
PTN_ID ) VALUES ( 
58, 58, 1, NULL, 'tariff_element_set', 'tariff_element_set', 'tes', NULL, NULL, 'N'
, 1, 1); 
INSERT INTO TABLE_INST ( TIN_ID, TBD_ID, SCH_ID, TIN_PARTITION_TCL_ID, TIN_TABLE_NAME,
TIN_DISPLAY_NAME, TIN_ALIAS, TIN_ROW_COUNT, TIN_LAST_MODIFIED_DTTM, TIN_DELETE_FL, TIN_VERSION_ID,
PTN_ID ) VALUES ( 
59, 59, 1, NULL, 'day_group', 'day_group', 'dgp', NULL, NULL, 'N', 1, 1); 
INSERT INTO TABLE_INST ( TIN_ID, TBD_ID, SCH_ID, TIN_PARTITION_TCL_ID, TIN_TABLE_NAME,
TIN_DISPLAY_NAME, TIN_ALIAS, TIN_ROW_COUNT, TIN_LAST_MODIFIED_DTTM, TIN_DELETE_FL, TIN_VERSION_ID,
PTN_ID ) VALUES ( 
60, 60, 1, NULL, 'chart_sub_type', 'chart_sub_type', 'csb', NULL, NULL, 'N', 1, 1); 
INSERT INTO TABLE_INST ( TIN_ID, TBD_ID, SCH_ID, TIN_PARTITION_TCL_ID, TIN_TABLE_NAME,
TIN_DISPLAY_NAME, TIN_ALIAS, TIN_ROW_COUNT, TIN_LAST_MODIFIED_DTTM, TIN_DELETE_FL, TIN_VERSION_ID,
PTN_ID ) VALUES ( 
61, 61, 1, NULL, 'band', 'band', 'bnd', NULL, NULL, 'N', 1, 1); 
INSERT INTO TABLE_INST ( TIN_ID, TBD_ID, SCH_ID, TIN_PARTITION_TCL_ID, TIN_TABLE_NAME,
TIN_DISPLAY_NAME, TIN_ALIAS, TIN_ROW_COUNT, TIN_LAST_MODIFIED_DTTM, TIN_DELETE_FL, TIN_VERSION_ID,
PTN_ID ) VALUES ( 
62, 62, 1, NULL, 'pending_task', 'pending_task', 'ptk', NULL, NULL, 'N', 1, 1); 
INSERT INTO TABLE_INST ( TIN_ID, TBD_ID, SCH_ID, TIN_PARTITION_TCL_ID, TIN_TABLE_NAME,
TIN_DISPLAY_NAME, TIN_ALIAS, TIN_ROW_COUNT, TIN_LAST_MODIFIED_DTTM, TIN_DELETE_FL, TIN_VERSION_ID,
PTN_ID ) VALUES ( 
63, 63, 1, NULL, 'tariff_class', 'tariff_class', 'tcs', NULL, NULL, 'N', 1, 1); 
INSERT INTO TABLE_INST ( TIN_ID, TBD_ID, SCH_ID, TIN_PARTITION_TCL_ID, TIN_TABLE_NAME,
TIN_DISPLAY_NAME, TIN_ALIAS, TIN_ROW_COUNT, TIN_LAST_MODIFIED_DTTM, TIN_DELETE_FL, TIN_VERSION_ID,
PTN_ID ) VALUES ( 
64, 64, 1, NULL, 'usage_group_server', 'usage_group_server', 'ugs', NULL, NULL, 'N'
, 1, 1); 
INSERT INTO TABLE_INST ( TIN_ID, TBD_ID, SCH_ID, TIN_PARTITION_TCL_ID, TIN_TABLE_NAME,
TIN_DISPLAY_NAME, TIN_ALIAS, TIN_ROW_COUNT, TIN_LAST_MODIFIED_DTTM, TIN_DELETE_FL, TIN_VERSION_ID,
PTN_ID ) VALUES ( 
65, 65, 1, NULL, 'alert_group_notify_user', 'alert_group_notify_user', 'agu', NULL
, NULL, 'N', 1, 1); 
INSERT INTO TABLE_INST ( TIN_ID, TBD_ID, SCH_ID, TIN_PARTITION_TCL_ID, TIN_TABLE_NAME,
TIN_DISPLAY_NAME, TIN_ALIAS, TIN_ROW_COUNT, TIN_LAST_MODIFIED_DTTM, TIN_DELETE_FL, TIN_VERSION_ID,
PTN_ID ) VALUES ( 
66, 66, 1, NULL, 'case_dfn_notify_user', 'case_dfn_notify_user', 'cdu', NULL, NULL
, 'N', 1, 1); 
INSERT INTO TABLE_INST ( TIN_ID, TBD_ID, SCH_ID, TIN_PARTITION_TCL_ID, TIN_TABLE_NAME,
TIN_DISPLAY_NAME, TIN_ALIAS, TIN_ROW_COUNT, TIN_LAST_MODIFIED_DTTM, TIN_DELETE_FL, TIN_VERSION_ID,
PTN_ID ) VALUES ( 
67, 67, 1, NULL, 'image_tbl', 'image_tbl', 'img', NULL, NULL, 'N', 1, 1); 
INSERT INTO TABLE_INST ( TIN_ID, TBD_ID, SCH_ID, TIN_PARTITION_TCL_ID, TIN_TABLE_NAME,
TIN_DISPLAY_NAME, TIN_ALIAS, TIN_ROW_COUNT, TIN_LAST_MODIFIED_DTTM, TIN_DELETE_FL, TIN_VERSION_ID,
PTN_ID ) VALUES ( 
68, 68, 1, NULL, 'string_rule_step', 'string_rule_step', 'srp', NULL, NULL, 'N', 1
, 1); 
INSERT INTO TABLE_INST ( TIN_ID, TBD_ID, SCH_ID, TIN_PARTITION_TCL_ID, TIN_TABLE_NAME,
TIN_DISPLAY_NAME, TIN_ALIAS, TIN_ROW_COUNT, TIN_LAST_MODIFIED_DTTM, TIN_DELETE_FL, TIN_VERSION_ID,
PTN_ID ) VALUES ( 
69, 69, 1, NULL, 'stream_file', 'stream_file', 'sfl', NULL, NULL, 'N', 1, 1); 
INSERT INTO TABLE_INST ( TIN_ID, TBD_ID, SCH_ID, TIN_PARTITION_TCL_ID, TIN_TABLE_NAME,
TIN_DISPLAY_NAME, TIN_ALIAS, TIN_ROW_COUNT, TIN_LAST_MODIFIED_DTTM, TIN_DELETE_FL, TIN_VERSION_ID,
PTN_ID ) VALUES ( 
70, 70, 1, NULL, 'table_filter_col', 'table_filter_col', 'tfc', NULL, NULL, 'N', 1
, 1); 
INSERT INTO TABLE_INST ( TIN_ID, TBD_ID, SCH_ID, TIN_PARTITION_TCL_ID, TIN_TABLE_NAME,
TIN_DISPLAY_NAME, TIN_ALIAS, TIN_ROW_COUNT, TIN_LAST_MODIFIED_DTTM, TIN_DELETE_FL, TIN_VERSION_ID,
PTN_ID ) VALUES ( 
71, 71, 1, NULL, 'custom_object', 'custom_object', 'cos', NULL, NULL, 'N', 1, 1); 
INSERT INTO TABLE_INST ( TIN_ID, TBD_ID, SCH_ID, TIN_PARTITION_TCL_ID, TIN_TABLE_NAME,
TIN_DISPLAY_NAME, TIN_ALIAS, TIN_ROW_COUNT, TIN_LAST_MODIFIED_DTTM, TIN_DELETE_FL, TIN_VERSION_ID,
PTN_ID ) VALUES ( 
72, 72, 1, NULL, 'file_first_last_sequence', 'file_first_last_sequence', 'ffl', NULL
, NULL, 'N', 1, 1); 
INSERT INTO TABLE_INST ( TIN_ID, TBD_ID, SCH_ID, TIN_PARTITION_TCL_ID, TIN_TABLE_NAME,
TIN_DISPLAY_NAME, TIN_ALIAS, TIN_ROW_COUNT, TIN_LAST_MODIFIED_DTTM, TIN_DELETE_FL, TIN_VERSION_ID,
PTN_ID ) VALUES ( 
73, 73, 1, NULL, 'entity_export_group', 'entity_export_group', 'eeg', NULL, NULL, 'N'
, 1, 1); 
INSERT INTO TABLE_INST ( TIN_ID, TBD_ID, SCH_ID, TIN_PARTITION_TCL_ID, TIN_TABLE_NAME,
TIN_DISPLAY_NAME, TIN_ALIAS, TIN_ROW_COUNT, TIN_LAST_MODIFIED_DTTM, TIN_DELETE_FL, TIN_VERSION_ID,
PTN_ID ) VALUES ( 
74, 74, 1, NULL, 'task_output_file', 'task_output_file', 'tof', NULL, NULL, 'N', 1
, 1); 
INSERT INTO TABLE_INST ( TIN_ID, TBD_ID, SCH_ID, TIN_PARTITION_TCL_ID, TIN_TABLE_NAME,
TIN_DISPLAY_NAME, TIN_ALIAS, TIN_ROW_COUNT, TIN_LAST_MODIFIED_DTTM, TIN_DELETE_FL, TIN_VERSION_ID,
PTN_ID ) VALUES ( 
75, 75, 1, NULL, 'tariff_class_day_group', 'tariff_class_day_group', 'tcd', NULL, NULL
, 'N', 1, 1); 
INSERT INTO TABLE_INST ( TIN_ID, TBD_ID, SCH_ID, TIN_PARTITION_TCL_ID, TIN_TABLE_NAME,
TIN_DISPLAY_NAME, TIN_ALIAS, TIN_ROW_COUNT, TIN_LAST_MODIFIED_DTTM, TIN_DELETE_FL, TIN_VERSION_ID,
PTN_ID ) VALUES ( 
76, 76, 1, NULL, 'business_objects_universe', 'business_objects_universe', 'bov', NULL
, NULL, 'N', 1, 1); 
INSERT INTO TABLE_INST ( TIN_ID, TBD_ID, SCH_ID, TIN_PARTITION_TCL_ID, TIN_TABLE_NAME,
TIN_DISPLAY_NAME, TIN_ALIAS, TIN_ROW_COUNT, TIN_LAST_MODIFIED_DTTM, TIN_DELETE_FL, TIN_VERSION_ID,
PTN_ID ) VALUES ( 
77, 77, 1, NULL, 'tariff_period', 'tariff_period', 'tap', NULL, NULL, 'N', 1, 1); 
INSERT INTO TABLE_INST ( TIN_ID, TBD_ID, SCH_ID, TIN_PARTITION_TCL_ID, TIN_TABLE_NAME,
TIN_DISPLAY_NAME, TIN_ALIAS, TIN_ROW_COUNT, TIN_LAST_MODIFIED_DTTM, TIN_DELETE_FL, TIN_VERSION_ID,
PTN_ID ) VALUES ( 
78, 78, 1, NULL, 'band_type', 'band_type', 'bdt', NULL, NULL, 'N', 1, 1); 
INSERT INTO TABLE_INST ( TIN_ID, TBD_ID, SCH_ID, TIN_PARTITION_TCL_ID, TIN_TABLE_NAME,
TIN_DISPLAY_NAME, TIN_ALIAS, TIN_ROW_COUNT, TIN_LAST_MODIFIED_DTTM, TIN_DELETE_FL, TIN_VERSION_ID,
PTN_ID ) VALUES ( 
79, 79, 1, NULL, 'table_dfn', 'table_dfn', 'tbd', NULL, NULL, 'N', 1, 1); 
INSERT INTO TABLE_INST ( TIN_ID, TBD_ID, SCH_ID, TIN_PARTITION_TCL_ID, TIN_TABLE_NAME,
TIN_DISPLAY_NAME, TIN_ALIAS, TIN_ROW_COUNT, TIN_LAST_MODIFIED_DTTM, TIN_DELETE_FL, TIN_VERSION_ID,
PTN_ID ) VALUES ( 
80, 80, 1, NULL, 'server_exception_group', 'server_exception_group', 'seg', NULL, NULL
, 'N', 1, 1); 
INSERT INTO TABLE_INST ( TIN_ID, TBD_ID, SCH_ID, TIN_PARTITION_TCL_ID, TIN_TABLE_NAME,
TIN_DISPLAY_NAME, TIN_ALIAS, TIN_ROW_COUNT, TIN_LAST_MODIFIED_DTTM, TIN_DELETE_FL, TIN_VERSION_ID,
PTN_ID ) VALUES ( 
81, 81, 1, NULL, 'route_class', 'route_class', 'rtc', NULL, NULL, 'N', 1, 1); 
INSERT INTO TABLE_INST ( TIN_ID, TBD_ID, SCH_ID, TIN_PARTITION_TCL_ID, TIN_TABLE_NAME,
TIN_DISPLAY_NAME, TIN_ALIAS, TIN_ROW_COUNT, TIN_LAST_MODIFIED_DTTM, TIN_DELETE_FL, TIN_VERSION_ID,
PTN_ID ) VALUES ( 
82, 82, 1, NULL, 'case_inst_item_note', 'case_inst_item_note', 'cin', NULL, NULL, 'N'
, 1, 1); 
INSERT INTO TABLE_INST ( TIN_ID, TBD_ID, SCH_ID, TIN_PARTITION_TCL_ID, TIN_TABLE_NAME,
TIN_DISPLAY_NAME, TIN_ALIAS, TIN_ROW_COUNT, TIN_LAST_MODIFIED_DTTM, TIN_DELETE_FL, TIN_VERSION_ID,
PTN_ID ) VALUES ( 
83, 83, 1, NULL, 'table_mapping', 'table_mapping', 'tma', NULL, NULL, 'N', 1, 1); 
INSERT INTO TABLE_INST ( TIN_ID, TBD_ID, SCH_ID, TIN_PARTITION_TCL_ID, TIN_TABLE_NAME,
TIN_DISPLAY_NAME, TIN_ALIAS, TIN_ROW_COUNT, TIN_LAST_MODIFIED_DTTM, TIN_DELETE_FL, TIN_VERSION_ID,
PTN_ID ) VALUES ( 
84, 84, 1, NULL, 'ref_table', 'ref_table', 'rft', NULL, NULL, 'N', 1, 1); 
INSERT INTO TABLE_INST ( TIN_ID, TBD_ID, SCH_ID, TIN_PARTITION_TCL_ID, TIN_TABLE_NAME,
TIN_DISPLAY_NAME, TIN_ALIAS, TIN_ROW_COUNT, TIN_LAST_MODIFIED_DTTM, TIN_DELETE_FL, TIN_VERSION_ID,
PTN_ID ) VALUES ( 
85, 85, 1, NULL, 'token_mapping', 'token_mapping', 'tom', NULL, NULL, 'N', 1, 1); 
INSERT INTO TABLE_INST ( TIN_ID, TBD_ID, SCH_ID, TIN_PARTITION_TCL_ID, TIN_TABLE_NAME,
TIN_DISPLAY_NAME, TIN_ALIAS, TIN_ROW_COUNT, TIN_LAST_MODIFIED_DTTM, TIN_DELETE_FL, TIN_VERSION_ID,
PTN_ID ) VALUES ( 
86, 86, 1, NULL, 'image_viewer', 'image_viewer', 'ima', NULL, NULL, 'N', 1, 1); 
INSERT INTO TABLE_INST ( TIN_ID, TBD_ID, SCH_ID, TIN_PARTITION_TCL_ID, TIN_TABLE_NAME,
TIN_DISPLAY_NAME, TIN_ALIAS, TIN_ROW_COUNT, TIN_LAST_MODIFIED_DTTM, TIN_DELETE_FL, TIN_VERSION_ID,
PTN_ID ) VALUES ( 
87, 87, 1, NULL, 'event_statistics', 'event_statistics', 'evs', NULL, NULL, 'N', 1
, 1); 
INSERT INTO TABLE_INST ( TIN_ID, TBD_ID, SCH_ID, TIN_PARTITION_TCL_ID, TIN_TABLE_NAME,
TIN_DISPLAY_NAME, TIN_ALIAS, TIN_ROW_COUNT, TIN_LAST_MODIFIED_DTTM, TIN_DELETE_FL, TIN_VERSION_ID,
PTN_ID ) VALUES ( 
88, 88, 1, NULL, 'chart_series', 'chart_series', 'chs', NULL, NULL, 'N', 1, 1); 
INSERT INTO TABLE_INST ( TIN_ID, TBD_ID, SCH_ID, TIN_PARTITION_TCL_ID, TIN_TABLE_NAME,
TIN_DISPLAY_NAME, TIN_ALIAS, TIN_ROW_COUNT, TIN_LAST_MODIFIED_DTTM, TIN_DELETE_FL, TIN_VERSION_ID,
PTN_ID ) VALUES ( 
89, 89, 1, NULL, 'default_table_grid_column', 'default_table_grid_column', 'dtc', NULL
, NULL, 'N', 1, 1); 
INSERT INTO TABLE_INST ( TIN_ID, TBD_ID, SCH_ID, TIN_PARTITION_TCL_ID, TIN_TABLE_NAME,
TIN_DISPLAY_NAME, TIN_ALIAS, TIN_ROW_COUNT, TIN_LAST_MODIFIED_DTTM, TIN_DELETE_FL, TIN_VERSION_ID,
PTN_ID ) VALUES ( 
90, 90, 1, NULL, 'dashboard_server', 'dashboard_server', 'der', NULL, NULL, 'N', 1
, 1); 
INSERT INTO TABLE_INST ( TIN_ID, TBD_ID, SCH_ID, TIN_PARTITION_TCL_ID, TIN_TABLE_NAME,
TIN_DISPLAY_NAME, TIN_ALIAS, TIN_ROW_COUNT, TIN_LAST_MODIFIED_DTTM, TIN_DELETE_FL, TIN_VERSION_ID,
PTN_ID ) VALUES ( 
91, 91, 1, NULL, 'external_alert', 'external_alert', 'exa', NULL, NULL, 'N', 1, 1); 
INSERT INTO TABLE_INST ( TIN_ID, TBD_ID, SCH_ID, TIN_PARTITION_TCL_ID, TIN_TABLE_NAME,
TIN_DISPLAY_NAME, TIN_ALIAS, TIN_ROW_COUNT, TIN_LAST_MODIFIED_DTTM, TIN_DELETE_FL, TIN_VERSION_ID,
PTN_ID ) VALUES ( 
92, 92, 1, NULL, 'file_collection', 'file_collection', 'fcn', NULL, NULL, 'N', 1, 1); 
INSERT INTO TABLE_INST ( TIN_ID, TBD_ID, SCH_ID, TIN_PARTITION_TCL_ID, TIN_TABLE_NAME,
TIN_DISPLAY_NAME, TIN_ALIAS, TIN_ROW_COUNT, TIN_LAST_MODIFIED_DTTM, TIN_DELETE_FL, TIN_VERSION_ID,
PTN_ID ) VALUES ( 
93, 93, 1, NULL, 'tariff_rate_name', 'tariff_rate_name', 'trn', NULL, NULL, 'N', 1
, 1); 
INSERT INTO TABLE_INST ( TIN_ID, TBD_ID, SCH_ID, TIN_PARTITION_TCL_ID, TIN_TABLE_NAME,
TIN_DISPLAY_NAME, TIN_ALIAS, TIN_ROW_COUNT, TIN_LAST_MODIFIED_DTTM, TIN_DELETE_FL, TIN_VERSION_ID,
PTN_ID ) VALUES ( 
94, 94, 1, NULL, 'processed_file_info', 'processed_file_info', 'pfi', NULL, NULL, 'N'
, 1, 1); 
INSERT INTO TABLE_INST ( TIN_ID, TBD_ID, SCH_ID, TIN_PARTITION_TCL_ID, TIN_TABLE_NAME,
TIN_DISPLAY_NAME, TIN_ALIAS, TIN_ROW_COUNT, TIN_LAST_MODIFIED_DTTM, TIN_DELETE_FL, TIN_VERSION_ID,
PTN_ID ) VALUES ( 
95, 95, 1, NULL, 'server_exception', 'server_exception', 'sex', NULL, NULL, 'N', 1
, 1); 
INSERT INTO TABLE_INST ( TIN_ID, TBD_ID, SCH_ID, TIN_PARTITION_TCL_ID, TIN_TABLE_NAME,
TIN_DISPLAY_NAME, TIN_ALIAS, TIN_ROW_COUNT, TIN_LAST_MODIFIED_DTTM, TIN_DELETE_FL, TIN_VERSION_ID,
PTN_ID ) VALUES ( 
96, 96, 1, NULL, 'tariff_band_rate_history', 'tariff_band_rate_history', 'trh', NULL
, NULL, 'N', 1, 1); 
INSERT INTO TABLE_INST ( TIN_ID, TBD_ID, SCH_ID, TIN_PARTITION_TCL_ID, TIN_TABLE_NAME,
TIN_DISPLAY_NAME, TIN_ALIAS, TIN_ROW_COUNT, TIN_LAST_MODIFIED_DTTM, TIN_DELETE_FL, TIN_VERSION_ID,
PTN_ID ) VALUES ( 
97, 97, 1, NULL, 'user_password_validation', 'user_password_validation', 'upv', NULL
, NULL, 'N', 1, 1); 
INSERT INTO TABLE_INST ( TIN_ID, TBD_ID, SCH_ID, TIN_PARTITION_TCL_ID, TIN_TABLE_NAME,
TIN_DISPLAY_NAME, TIN_ALIAS, TIN_ROW_COUNT, TIN_LAST_MODIFIED_DTTM, TIN_DELETE_FL, TIN_VERSION_ID,
PTN_ID ) VALUES ( 
98, 98, 1, NULL, 'usage_server', 'usage_server', 'usv', NULL, NULL, 'N', 1, 1); 
INSERT INTO TABLE_INST ( TIN_ID, TBD_ID, SCH_ID, TIN_PARTITION_TCL_ID, TIN_TABLE_NAME,
TIN_DISPLAY_NAME, TIN_ALIAS, TIN_ROW_COUNT, TIN_LAST_MODIFIED_DTTM, TIN_DELETE_FL, TIN_VERSION_ID,
PTN_ID ) VALUES ( 
99, 99, 1, NULL, 'grid', 'grid', 'grd', NULL, NULL, 'N', 1, 1); 
INSERT INTO TABLE_INST ( TIN_ID, TBD_ID, SCH_ID, TIN_PARTITION_TCL_ID, TIN_TABLE_NAME,
TIN_DISPLAY_NAME, TIN_ALIAS, TIN_ROW_COUNT, TIN_LAST_MODIFIED_DTTM, TIN_DELETE_FL, TIN_VERSION_ID,
PTN_ID ) VALUES ( 
100, 100, 1, NULL, 'day_group_list', 'day_group_list', 'dgl', NULL, NULL, 'N', 1, 1); 
INSERT INTO TABLE_INST ( TIN_ID, TBD_ID, SCH_ID, TIN_PARTITION_TCL_ID, TIN_TABLE_NAME,
TIN_DISPLAY_NAME, TIN_ALIAS, TIN_ROW_COUNT, TIN_LAST_MODIFIED_DTTM, TIN_DELETE_FL, TIN_VERSION_ID,
PTN_ID ) VALUES ( 
101, 101, 1, NULL, 'chart', 'chart', 'chr', NULL, NULL, 'N', 1, 1); 
INSERT INTO TABLE_INST ( TIN_ID, TBD_ID, SCH_ID, TIN_PARTITION_TCL_ID, TIN_TABLE_NAME,
TIN_DISPLAY_NAME, TIN_ALIAS, TIN_ROW_COUNT, TIN_LAST_MODIFIED_DTTM, TIN_DELETE_FL, TIN_VERSION_ID,
PTN_ID ) VALUES ( 
102, 102, 1, NULL, 'cache_strategy', 'cache_strategy', 'cst', NULL, NULL, 'N', 1, 1); 
INSERT INTO TABLE_INST ( TIN_ID, TBD_ID, SCH_ID, TIN_PARTITION_TCL_ID, TIN_TABLE_NAME,
TIN_DISPLAY_NAME, TIN_ALIAS, TIN_ROW_COUNT, TIN_LAST_MODIFIED_DTTM, TIN_DELETE_FL, TIN_VERSION_ID,
PTN_ID ) VALUES ( 
103, 103, 1, NULL, 'pending_collected_file', 'pending_collected_file', 'pcf', NULL
, NULL, 'N', 1, 1); 
INSERT INTO TABLE_INST ( TIN_ID, TBD_ID, SCH_ID, TIN_PARTITION_TCL_ID, TIN_TABLE_NAME,
TIN_DISPLAY_NAME, TIN_ALIAS, TIN_ROW_COUNT, TIN_LAST_MODIFIED_DTTM, TIN_DELETE_FL, TIN_VERSION_ID,
PTN_ID ) VALUES ( 
104, 104, 1, NULL, 'tree_leaf', 'tree_leaf', 'tle', NULL, NULL, 'N', 1, 1); 
INSERT INTO TABLE_INST ( TIN_ID, TBD_ID, SCH_ID, TIN_PARTITION_TCL_ID, TIN_TABLE_NAME,
TIN_DISPLAY_NAME, TIN_ALIAS, TIN_ROW_COUNT, TIN_LAST_MODIFIED_DTTM, TIN_DELETE_FL, TIN_VERSION_ID,
PTN_ID ) VALUES ( 
105, 105, 1, NULL, 'duplicate_table', 'duplicate_table', 'dtb', NULL, NULL, 'N', 1
, 1); 
INSERT INTO TABLE_INST ( TIN_ID, TBD_ID, SCH_ID, TIN_PARTITION_TCL_ID, TIN_TABLE_NAME,
TIN_DISPLAY_NAME, TIN_ALIAS, TIN_ROW_COUNT, TIN_LAST_MODIFIED_DTTM, TIN_DELETE_FL, TIN_VERSION_ID,
PTN_ID ) VALUES ( 
106, 106, 1, NULL, 'date_allocated_number', 'date_allocated_number', 'dan', NULL, NULL
, 'N', 1, 1); 
INSERT INTO TABLE_INST ( TIN_ID, TBD_ID, SCH_ID, TIN_PARTITION_TCL_ID, TIN_TABLE_NAME,
TIN_DISPLAY_NAME, TIN_ALIAS, TIN_ROW_COUNT, TIN_LAST_MODIFIED_DTTM, TIN_DELETE_FL, TIN_VERSION_ID,
PTN_ID ) VALUES ( 
107, 107, 1, NULL, 'duplicate_field', 'duplicate_field', 'dfd', NULL, NULL, 'N', 1
, 1); 
INSERT INTO TABLE_INST ( TIN_ID, TBD_ID, SCH_ID, TIN_PARTITION_TCL_ID, TIN_TABLE_NAME,
TIN_DISPLAY_NAME, TIN_ALIAS, TIN_ROW_COUNT, TIN_LAST_MODIFIED_DTTM, TIN_DELETE_FL, TIN_VERSION_ID,
PTN_ID ) VALUES ( 
108, 108, 1, NULL, 'case_dfn_item_team', 'case_dfn_item_team', 'cmt', NULL, NULL, 'N'
, 1, 1); 
INSERT INTO TABLE_INST ( TIN_ID, TBD_ID, SCH_ID, TIN_PARTITION_TCL_ID, TIN_TABLE_NAME,
TIN_DISPLAY_NAME, TIN_ALIAS, TIN_ROW_COUNT, TIN_LAST_MODIFIED_DTTM, TIN_DELETE_FL, TIN_VERSION_ID,
PTN_ID ) VALUES ( 
109, 109, 1, NULL, 'component', 'component', 'cmp', NULL, NULL, 'N', 1, 1); 
INSERT INTO TABLE_INST ( TIN_ID, TBD_ID, SCH_ID, TIN_PARTITION_TCL_ID, TIN_TABLE_NAME,
TIN_DISPLAY_NAME, TIN_ALIAS, TIN_ROW_COUNT, TIN_LAST_MODIFIED_DTTM, TIN_DELETE_FL, TIN_VERSION_ID,
PTN_ID ) VALUES ( 
110, 110, 1, NULL, 'business_objects_group', 'business_objects_group', 'bog', NULL
, NULL, 'N', 1, 1); 
INSERT INTO TABLE_INST ( TIN_ID, TBD_ID, SCH_ID, TIN_PARTITION_TCL_ID, TIN_TABLE_NAME,
TIN_DISPLAY_NAME, TIN_ALIAS, TIN_ROW_COUNT, TIN_LAST_MODIFIED_DTTM, TIN_DELETE_FL, TIN_VERSION_ID,
PTN_ID ) VALUES ( 
111, 111, 1, NULL, 'event_error_message_group', 'event_error_message_group', 'emg'
, NULL, NULL, 'N', 1, 1); 
INSERT INTO TABLE_INST ( TIN_ID, TBD_ID, SCH_ID, TIN_PARTITION_TCL_ID, TIN_TABLE_NAME,
TIN_DISPLAY_NAME, TIN_ALIAS, TIN_ROW_COUNT, TIN_LAST_MODIFIED_DTTM, TIN_DELETE_FL, TIN_VERSION_ID,
PTN_ID ) VALUES ( 
112, 112, 1, NULL, 'table_filter', 'table_filter', 'tfr', NULL, NULL, 'N', 1, 1); 
INSERT INTO TABLE_INST ( TIN_ID, TBD_ID, SCH_ID, TIN_PARTITION_TCL_ID, TIN_TABLE_NAME,
TIN_DISPLAY_NAME, TIN_ALIAS, TIN_ROW_COUNT, TIN_LAST_MODIFIED_DTTM, TIN_DELETE_FL, TIN_VERSION_ID,
PTN_ID ) VALUES ( 
113, 113, 1, NULL, 'entity_action_group', 'entity_action_group', 'eag', NULL, NULL
, 'N', 1, 1); 
INSERT INTO TABLE_INST ( TIN_ID, TBD_ID, SCH_ID, TIN_PARTITION_TCL_ID, TIN_TABLE_NAME,
TIN_DISPLAY_NAME, TIN_ALIAS, TIN_ROW_COUNT, TIN_LAST_MODIFIED_DTTM, TIN_DELETE_FL, TIN_VERSION_ID,
PTN_ID ) VALUES ( 
114, 114, 1, NULL, 'entity_number_group', 'entity_number_group', 'eng', NULL, NULL
, 'N', 1, 1); 
INSERT INTO TABLE_INST ( TIN_ID, TBD_ID, SCH_ID, TIN_PARTITION_TCL_ID, TIN_TABLE_NAME,
TIN_DISPLAY_NAME, TIN_ALIAS, TIN_ROW_COUNT, TIN_LAST_MODIFIED_DTTM, TIN_DELETE_FL, TIN_VERSION_ID,
PTN_ID ) VALUES ( 
115, 115, 1, NULL, 'tariff_band_rate_detail', 'tariff_band_rate_detail', 'trd', NULL
, NULL, 'N', 1, 1); 
INSERT INTO TABLE_INST ( TIN_ID, TBD_ID, SCH_ID, TIN_PARTITION_TCL_ID, TIN_TABLE_NAME,
TIN_DISPLAY_NAME, TIN_ALIAS, TIN_ROW_COUNT, TIN_LAST_MODIFIED_DTTM, TIN_DELETE_FL, TIN_VERSION_ID,
PTN_ID ) VALUES ( 
116, 116, 1, NULL, 'user_default_search', 'user_default_search', 'uds', NULL, NULL
, 'N', 1, 1); 
INSERT INTO TABLE_INST ( TIN_ID, TBD_ID, SCH_ID, TIN_PARTITION_TCL_ID, TIN_TABLE_NAME,
TIN_DISPLAY_NAME, TIN_ALIAS, TIN_ROW_COUNT, TIN_LAST_MODIFIED_DTTM, TIN_DELETE_FL, TIN_VERSION_ID,
PTN_ID ) VALUES ( 
117, 117, 1, NULL, 'collected_file', 'collected_file', 'clf', NULL, NULL, 'N', 1, 1); 
INSERT INTO TABLE_INST ( TIN_ID, TBD_ID, SCH_ID, TIN_PARTITION_TCL_ID, TIN_TABLE_NAME,
TIN_DISPLAY_NAME, TIN_ALIAS, TIN_ROW_COUNT, TIN_LAST_MODIFIED_DTTM, TIN_DELETE_FL, TIN_VERSION_ID,
PTN_ID ) VALUES ( 
118, 118, 1, NULL, 'alert_group_notify_team', 'alert_group_notify_team', 'agt', NULL
, NULL, 'N', 1, 1); 
INSERT INTO TABLE_INST ( TIN_ID, TBD_ID, SCH_ID, TIN_PARTITION_TCL_ID, TIN_TABLE_NAME,
TIN_DISPLAY_NAME, TIN_ALIAS, TIN_ROW_COUNT, TIN_LAST_MODIFIED_DTTM, TIN_DELETE_FL, TIN_VERSION_ID,
PTN_ID ) VALUES ( 
119, 119, 1, NULL, 'sql_query_select', 'sql_query_select', 'sqs', NULL, NULL, 'N'
, 1, 1); 
INSERT INTO TABLE_INST ( TIN_ID, TBD_ID, SCH_ID, TIN_PARTITION_TCL_ID, TIN_TABLE_NAME,
TIN_DISPLAY_NAME, TIN_ALIAS, TIN_ROW_COUNT, TIN_LAST_MODIFIED_DTTM, TIN_DELETE_FL, TIN_VERSION_ID,
PTN_ID ) VALUES ( 
120, 120, 1, NULL, 'stream_stage_type', 'stream_stage_type', 'sst', NULL, NULL, 'N'
, 1, 1); 
INSERT INTO TABLE_INST ( TIN_ID, TBD_ID, SCH_ID, TIN_PARTITION_TCL_ID, TIN_TABLE_NAME,
TIN_DISPLAY_NAME, TIN_ALIAS, TIN_ROW_COUNT, TIN_LAST_MODIFIED_DTTM, TIN_DELETE_FL, TIN_VERSION_ID,
PTN_ID ) VALUES ( 
121, 121, 1, NULL, 'frequency_group_component', 'frequency_group_component', 'fgc'
, NULL, NULL, 'N', 1, 1); 
INSERT INTO TABLE_INST ( TIN_ID, TBD_ID, SCH_ID, TIN_PARTITION_TCL_ID, TIN_TABLE_NAME,
TIN_DISPLAY_NAME, TIN_ALIAS, TIN_ROW_COUNT, TIN_LAST_MODIFIED_DTTM, TIN_DELETE_FL, TIN_VERSION_ID,
PTN_ID ) VALUES ( 
122, 122, 1, NULL, 'file_source', 'file_source', 'fls', NULL, NULL, 'N', 1, 1); 
INSERT INTO TABLE_INST ( TIN_ID, TBD_ID, SCH_ID, TIN_PARTITION_TCL_ID, TIN_TABLE_NAME,
TIN_DISPLAY_NAME, TIN_ALIAS, TIN_ROW_COUNT, TIN_LAST_MODIFIED_DTTM, TIN_DELETE_FL, TIN_VERSION_ID,
PTN_ID ) VALUES ( 
123, 123, 1, NULL, 'case_inst_item_history', 'case_inst_item_history', 'cih', NULL
, NULL, 'N', 1, 1); 
INSERT INTO TABLE_INST ( TIN_ID, TBD_ID, SCH_ID, TIN_PARTITION_TCL_ID, TIN_TABLE_NAME,
TIN_DISPLAY_NAME, TIN_ALIAS, TIN_ROW_COUNT, TIN_LAST_MODIFIED_DTTM, TIN_DELETE_FL, TIN_VERSION_ID,
PTN_ID ) VALUES ( 
124, 124, 1, NULL, 'file_parse_stat_type', 'file_parse_stat_type', 'fsy', NULL, NULL
, 'N', 1, 1); 
INSERT INTO TABLE_INST ( TIN_ID, TBD_ID, SCH_ID, TIN_PARTITION_TCL_ID, TIN_TABLE_NAME,
TIN_DISPLAY_NAME, TIN_ALIAS, TIN_ROW_COUNT, TIN_LAST_MODIFIED_DTTM, TIN_DELETE_FL, TIN_VERSION_ID,
PTN_ID ) VALUES ( 
125, 125, 1, NULL, 'table_inst', 'table_inst', 'tin', NULL, NULL, 'N', 1, 1); 
INSERT INTO TABLE_INST ( TIN_ID, TBD_ID, SCH_ID, TIN_PARTITION_TCL_ID, TIN_TABLE_NAME,
TIN_DISPLAY_NAME, TIN_ALIAS, TIN_ROW_COUNT, TIN_LAST_MODIFIED_DTTM, TIN_DELETE_FL, TIN_VERSION_ID,
PTN_ID ) VALUES ( 
126, 126, 1, NULL, 'parameter_dfn', 'parameter_dfn', 'pmd', NULL, NULL, 'N', 1, 1); 
INSERT INTO TABLE_INST ( TIN_ID, TBD_ID, SCH_ID, TIN_PARTITION_TCL_ID, TIN_TABLE_NAME,
TIN_DISPLAY_NAME, TIN_ALIAS, TIN_ROW_COUNT, TIN_LAST_MODIFIED_DTTM, TIN_DELETE_FL, TIN_VERSION_ID,
PTN_ID ) VALUES ( 
127, 127, 1, NULL, 'schema_tbl', 'schema_tbl', 'sch', NULL, NULL, 'N', 1, 1); 
INSERT INTO TABLE_INST ( TIN_ID, TBD_ID, SCH_ID, TIN_PARTITION_TCL_ID, TIN_TABLE_NAME,
TIN_DISPLAY_NAME, TIN_ALIAS, TIN_ROW_COUNT, TIN_LAST_MODIFIED_DTTM, TIN_DELETE_FL, TIN_VERSION_ID,
PTN_ID ) VALUES ( 
128, 128, 1, NULL, 'interface_type', 'interface_type', 'ify', NULL, NULL, 'N', 1, 1); 
INSERT INTO TABLE_INST ( TIN_ID, TBD_ID, SCH_ID, TIN_PARTITION_TCL_ID, TIN_TABLE_NAME,
TIN_DISPLAY_NAME, TIN_ALIAS, TIN_ROW_COUNT, TIN_LAST_MODIFIED_DTTM, TIN_DELETE_FL, TIN_VERSION_ID,
PTN_ID ) VALUES ( 
129, 129, 1, NULL, 'trigger_pin', 'trigger_pin', 'trp', NULL, NULL, 'N', 1, 1); 
INSERT INTO TABLE_INST ( TIN_ID, TBD_ID, SCH_ID, TIN_PARTITION_TCL_ID, TIN_TABLE_NAME,
TIN_DISPLAY_NAME, TIN_ALIAS, TIN_ROW_COUNT, TIN_LAST_MODIFIED_DTTM, TIN_DELETE_FL, TIN_VERSION_ID,
PTN_ID ) VALUES ( 
130, 130, 1, NULL, 'case_inst_item', 'case_inst_item', 'cii', NULL, NULL, 'N', 1, 1); 
INSERT INTO TABLE_INST ( TIN_ID, TBD_ID, SCH_ID, TIN_PARTITION_TCL_ID, TIN_TABLE_NAME,
TIN_DISPLAY_NAME, TIN_ALIAS, TIN_ROW_COUNT, TIN_LAST_MODIFIED_DTTM, TIN_DELETE_FL, TIN_VERSION_ID,
PTN_ID ) VALUES ( 
131, 131, 1, NULL, 'auto_sql_order_by', 'auto_sql_order_by', 'aso', NULL, NULL, 'N'
, 1, 1); 
INSERT INTO TABLE_INST ( TIN_ID, TBD_ID, SCH_ID, TIN_PARTITION_TCL_ID, TIN_TABLE_NAME,
TIN_DISPLAY_NAME, TIN_ALIAS, TIN_ROW_COUNT, TIN_LAST_MODIFIED_DTTM, TIN_DELETE_FL, TIN_VERSION_ID,
PTN_ID ) VALUES ( 
132, 132, 1, NULL, 'note', 'note', 'not', NULL, NULL, 'N', 1, 1); 
INSERT INTO TABLE_INST ( TIN_ID, TBD_ID, SCH_ID, TIN_PARTITION_TCL_ID, TIN_TABLE_NAME,
TIN_DISPLAY_NAME, TIN_ALIAS, TIN_ROW_COUNT, TIN_LAST_MODIFIED_DTTM, TIN_DELETE_FL, TIN_VERSION_ID,
PTN_ID ) VALUES ( 
133, 133, 1, NULL, 'data_source_perspective', 'data_source_perspective', 'dpr', NULL
, NULL, 'N', 1, 1); 
INSERT INTO TABLE_INST ( TIN_ID, TBD_ID, SCH_ID, TIN_PARTITION_TCL_ID, TIN_TABLE_NAME,
TIN_DISPLAY_NAME, TIN_ALIAS, TIN_ROW_COUNT, TIN_LAST_MODIFIED_DTTM, TIN_DELETE_FL, TIN_VERSION_ID,
PTN_ID ) VALUES ( 
134, 134, 1, NULL, 'report', 'report', 'rpt', NULL, NULL, 'N', 1, 1); 
INSERT INTO TABLE_INST ( TIN_ID, TBD_ID, SCH_ID, TIN_PARTITION_TCL_ID, TIN_TABLE_NAME,
TIN_DISPLAY_NAME, TIN_ALIAS, TIN_ROW_COUNT, TIN_LAST_MODIFIED_DTTM, TIN_DELETE_FL, TIN_VERSION_ID,
PTN_ID ) VALUES ( 
135, 135, 1, NULL, 'file_parse_statistic', 'file_parse_statistic', 'fps', NULL, NULL
, 'N', 1, 1); 
INSERT INTO TABLE_INST ( TIN_ID, TBD_ID, SCH_ID, TIN_PARTITION_TCL_ID, TIN_TABLE_NAME,
TIN_DISPLAY_NAME, TIN_ALIAS, TIN_ROW_COUNT, TIN_LAST_MODIFIED_DTTM, TIN_DELETE_FL, TIN_VERSION_ID,
PTN_ID ) VALUES ( 
136, 136, 1, NULL, 'default_table_filter_col', 'default_table_filter_col', 'dfc', NULL
, NULL, 'N', 1, 1); 
INSERT INTO TABLE_INST ( TIN_ID, TBD_ID, SCH_ID, TIN_PARTITION_TCL_ID, TIN_TABLE_NAME,
TIN_DISPLAY_NAME, TIN_ALIAS, TIN_ROW_COUNT, TIN_LAST_MODIFIED_DTTM, TIN_DELETE_FL, TIN_VERSION_ID,
PTN_ID ) VALUES ( 
137, 137, 1, NULL, 'data_source_location', 'data_source_location', 'dsl', NULL, NULL
, 'N', 1, 1); 
INSERT INTO TABLE_INST ( TIN_ID, TBD_ID, SCH_ID, TIN_PARTITION_TCL_ID, TIN_TABLE_NAME,
TIN_DISPLAY_NAME, TIN_ALIAS, TIN_ROW_COUNT, TIN_LAST_MODIFIED_DTTM, TIN_DELETE_FL, TIN_VERSION_ID,
PTN_ID ) VALUES ( 
138, 138, 1, NULL, 'extra_args_inst', 'extra_args_inst', 'eav', NULL, NULL, 'N', 1
, 1); 
INSERT INTO TABLE_INST ( TIN_ID, TBD_ID, SCH_ID, TIN_PARTITION_TCL_ID, TIN_TABLE_NAME,
TIN_DISPLAY_NAME, TIN_ALIAS, TIN_ROW_COUNT, TIN_LAST_MODIFIED_DTTM, TIN_DELETE_FL, TIN_VERSION_ID,
PTN_ID ) VALUES ( 
139, 139, 1, NULL, 'grid_column', 'grid_column', 'grc', NULL, NULL, 'N', 1, 1); 
INSERT INTO TABLE_INST ( TIN_ID, TBD_ID, SCH_ID, TIN_PARTITION_TCL_ID, TIN_TABLE_NAME,
TIN_DISPLAY_NAME, TIN_ALIAS, TIN_ROW_COUNT, TIN_LAST_MODIFIED_DTTM, TIN_DELETE_FL, TIN_VERSION_ID,
PTN_ID ) VALUES ( 
140, 140, 1, NULL, 'dashboard', 'dashboard', 'dbd', NULL, NULL, 'N', 1, 1); 
INSERT INTO TABLE_INST ( TIN_ID, TBD_ID, SCH_ID, TIN_PARTITION_TCL_ID, TIN_TABLE_NAME,
TIN_DISPLAY_NAME, TIN_ALIAS, TIN_ROW_COUNT, TIN_LAST_MODIFIED_DTTM, TIN_DELETE_FL, TIN_VERSION_ID,
PTN_ID ) VALUES ( 
141, 141, 1, NULL, 'partition_tbl', 'partition_tbl', 'ptn', NULL, NULL, 'N', 1, 1); 
INSERT INTO TABLE_INST ( TIN_ID, TBD_ID, SCH_ID, TIN_PARTITION_TCL_ID, TIN_TABLE_NAME,
TIN_DISPLAY_NAME, TIN_ALIAS, TIN_ROW_COUNT, TIN_LAST_MODIFIED_DTTM, TIN_DELETE_FL, TIN_VERSION_ID,
PTN_ID ) VALUES ( 
142, 142, 1, NULL, 'string_rule_match', 'string_rule_match', 'srm', NULL, NULL, 'N'
, 1, 1); 
INSERT INTO TABLE_INST ( TIN_ID, TBD_ID, SCH_ID, TIN_PARTITION_TCL_ID, TIN_TABLE_NAME,
TIN_DISPLAY_NAME, TIN_ALIAS, TIN_ROW_COUNT, TIN_LAST_MODIFIED_DTTM, TIN_DELETE_FL, TIN_VERSION_ID,
PTN_ID ) VALUES ( 
143, 143, 1, NULL, 'image_group', 'image_group', 'igp', NULL, NULL, 'N', 1, 1); 
INSERT INTO TABLE_INST ( TIN_ID, TBD_ID, SCH_ID, TIN_PARTITION_TCL_ID, TIN_TABLE_NAME,
TIN_DISPLAY_NAME, TIN_ALIAS, TIN_ROW_COUNT, TIN_LAST_MODIFIED_DTTM, TIN_DELETE_FL, TIN_VERSION_ID,
PTN_ID ) VALUES ( 
144, 144, 1, NULL, 'data_source_type', 'data_source_type', 'dsy', NULL, NULL, 'N'
, 1, 1); 
INSERT INTO TABLE_INST ( TIN_ID, TBD_ID, SCH_ID, TIN_PARTITION_TCL_ID, TIN_TABLE_NAME,
TIN_DISPLAY_NAME, TIN_ALIAS, TIN_ROW_COUNT, TIN_LAST_MODIFIED_DTTM, TIN_DELETE_FL, TIN_VERSION_ID,
PTN_ID ) VALUES ( 
145, 145, 1, NULL, 'audit_level', 'audit_level', 'aul', NULL, NULL, 'N', 1, 1); 
INSERT INTO TABLE_INST ( TIN_ID, TBD_ID, SCH_ID, TIN_PARTITION_TCL_ID, TIN_TABLE_NAME,
TIN_DISPLAY_NAME, TIN_ALIAS, TIN_ROW_COUNT, TIN_LAST_MODIFIED_DTTM, TIN_DELETE_FL, TIN_VERSION_ID,
PTN_ID ) VALUES ( 
146, 146, 1, NULL, 'long_string_item', 'long_string_item', 'lsi', NULL, NULL, 'N'
, 1, 1); 
INSERT INTO TABLE_INST ( TIN_ID, TBD_ID, SCH_ID, TIN_PARTITION_TCL_ID, TIN_TABLE_NAME,
TIN_DISPLAY_NAME, TIN_ALIAS, TIN_ROW_COUNT, TIN_LAST_MODIFIED_DTTM, TIN_DELETE_FL, TIN_VERSION_ID,
PTN_ID ) VALUES ( 
147, 147, 1, NULL, 'security_label', 'security_label', 'sla', NULL, NULL, 'N', 1, 1); 
INSERT INTO TABLE_INST ( TIN_ID, TBD_ID, SCH_ID, TIN_PARTITION_TCL_ID, TIN_TABLE_NAME,
TIN_DISPLAY_NAME, TIN_ALIAS, TIN_ROW_COUNT, TIN_LAST_MODIFIED_DTTM, TIN_DELETE_FL, TIN_VERSION_ID,
PTN_ID ) VALUES ( 
148, 148, 1, NULL, 'stream', 'stream', 'stm', NULL, NULL, 'N', 1, 1); 
INSERT INTO TABLE_INST ( TIN_ID, TBD_ID, SCH_ID, TIN_PARTITION_TCL_ID, TIN_TABLE_NAME,
TIN_DISPLAY_NAME, TIN_ALIAS, TIN_ROW_COUNT, TIN_LAST_MODIFIED_DTTM, TIN_DELETE_FL, TIN_VERSION_ID,
PTN_ID ) VALUES ( 
149, 149, 1, NULL, 'auto_sql', 'auto_sql', 'asq', NULL, NULL, 'N', 1, 1); 
INSERT INTO TABLE_INST ( TIN_ID, TBD_ID, SCH_ID, TIN_PARTITION_TCL_ID, TIN_TABLE_NAME,
TIN_DISPLAY_NAME, TIN_ALIAS, TIN_ROW_COUNT, TIN_LAST_MODIFIED_DTTM, TIN_DELETE_FL, TIN_VERSION_ID,
PTN_ID ) VALUES ( 
150, 150, 1, NULL, 'default_grid_column', 'default_grid_column', 'dgc', NULL, NULL
, 'N', 1, 1); 
INSERT INTO TABLE_INST ( TIN_ID, TBD_ID, SCH_ID, TIN_PARTITION_TCL_ID, TIN_TABLE_NAME,
TIN_DISPLAY_NAME, TIN_ALIAS, TIN_ROW_COUNT, TIN_LAST_MODIFIED_DTTM, TIN_DELETE_FL, TIN_VERSION_ID,
PTN_ID ) VALUES ( 
151, 151, 1, NULL, 'case_inst', 'case_inst', 'cit', NULL, NULL, 'N', 1, 1); 
INSERT INTO TABLE_INST ( TIN_ID, TBD_ID, SCH_ID, TIN_PARTITION_TCL_ID, TIN_TABLE_NAME,
TIN_DISPLAY_NAME, TIN_ALIAS, TIN_ROW_COUNT, TIN_LAST_MODIFIED_DTTM, TIN_DELETE_FL, TIN_VERSION_ID,
PTN_ID ) VALUES ( 
152, 152, 1, NULL, 'tree_folder', 'tree_folder', 'tfo', NULL, NULL, 'N', 1, 1); 
INSERT INTO TABLE_INST ( TIN_ID, TBD_ID, SCH_ID, TIN_PARTITION_TCL_ID, TIN_TABLE_NAME,
TIN_DISPLAY_NAME, TIN_ALIAS, TIN_ROW_COUNT, TIN_LAST_MODIFIED_DTTM, TIN_DELETE_FL, TIN_VERSION_ID,
PTN_ID ) VALUES ( 
153, 153, 1, NULL, 'string_rule', 'string_rule', 'srl', NULL, NULL, 'N', 1, 1); 
INSERT INTO TABLE_INST ( TIN_ID, TBD_ID, SCH_ID, TIN_PARTITION_TCL_ID, TIN_TABLE_NAME,
TIN_DISPLAY_NAME, TIN_ALIAS, TIN_ROW_COUNT, TIN_LAST_MODIFIED_DTTM, TIN_DELETE_FL, TIN_VERSION_ID,
PTN_ID ) VALUES ( 
154, 154, 1, NULL, 'element', 'element', 'elt', NULL, NULL, 'N', 1, 1); 
INSERT INTO TABLE_INST ( TIN_ID, TBD_ID, SCH_ID, TIN_PARTITION_TCL_ID, TIN_TABLE_NAME,
TIN_DISPLAY_NAME, TIN_ALIAS, TIN_ROW_COUNT, TIN_LAST_MODIFIED_DTTM, TIN_DELETE_FL, TIN_VERSION_ID,
PTN_ID ) VALUES ( 
155, 155, 1, NULL, 'tree_dfn', 'tree_dfn', 'tre', NULL, NULL, 'N', 1, 1); 
INSERT INTO TABLE_INST ( TIN_ID, TBD_ID, SCH_ID, TIN_PARTITION_TCL_ID, TIN_TABLE_NAME,
TIN_DISPLAY_NAME, TIN_ALIAS, TIN_ROW_COUNT, TIN_LAST_MODIFIED_DTTM, TIN_DELETE_FL, TIN_VERSION_ID,
PTN_ID ) VALUES ( 
156, 156, 1, NULL, 'string_rule_set', 'string_rule_set', 'srs', NULL, NULL, 'N', 1
, 1); 
commit;
 
INSERT INTO TOKEN_MAPPING ( TOM_ID, TOK_ID, TOM_CONTEXT_MAC_ID, TOM_REMOTE_MAC_ID, TOM_CONTEXT_PATH,
TOM_DELETE_FL, TOM_VERSION_ID, PTN_ID ) VALUES ( 
1, 1, 1, NULL, '/home/gayathrik/report_data/', 'N', 1, 1); 
commit;
 
INSERT INTO TOKEN_TBL ( TOK_ID, TOK_TOKEN, TOK_MACHINE_FL, TOK_DELETE_FL, TOK_VERSION_ID,
PTN_ID ) VALUES ( 
1, 'DataDir', 'N', 'N', 1, 1); 
commit;
 
INSERT INTO TOOLBAR ( TLB_ID, APP_ID, UAI_ID, TLB_CODE, TLB_DELETE_FL, TLB_VERSION_ID,
PTN_ID ) VALUES ( 
1, 1, 1, 'Admin', 'N', 1, 1); 
INSERT INTO TOOLBAR ( TLB_ID, APP_ID, UAI_ID, TLB_CODE, TLB_DELETE_FL, TLB_VERSION_ID,
PTN_ID ) VALUES ( 
2, 1, 7, 'Help', 'N', 1, 1); 
INSERT INTO TOOLBAR ( TLB_ID, APP_ID, UAI_ID, TLB_CODE, TLB_DELETE_FL, TLB_VERSION_ID,
PTN_ID ) VALUES ( 
3, 1, 9, 'Dashboard', 'N', 1, 1); 
INSERT INTO TOOLBAR ( TLB_ID, APP_ID, UAI_ID, TLB_CODE, TLB_DELETE_FL, TLB_VERSION_ID,
PTN_ID ) VALUES ( 
4, 1, 14, 'Reporting', 'N', 1, 1); 
INSERT INTO TOOLBAR ( TLB_ID, APP_ID, UAI_ID, TLB_CODE, TLB_DELETE_FL, TLB_VERSION_ID,
PTN_ID ) VALUES ( 
5, 1, 44, 'Options', 'N', 1, 1); 
INSERT INTO TOOLBAR ( TLB_ID, APP_ID, UAI_ID, TLB_CODE, TLB_DELETE_FL, TLB_VERSION_ID,
PTN_ID ) VALUES ( 
6, 1, 47, 'Security', 'N', 1, 1); 
commit;
 
INSERT INTO TREE_DFN ( TRE_ID, TRE_NAME, TFO_ID, TRE_DELETE_FL, TRE_VERSION_ID,
PTN_ID ) VALUES ( 
1, 'Business', NULL, 'N', 3, 2); 
INSERT INTO TREE_DFN ( TRE_ID, TRE_NAME, TFO_ID, TRE_DELETE_FL, TRE_VERSION_ID,
PTN_ID ) VALUES ( 
2, 'IT', NULL, 'N', 3, 3); 
INSERT INTO TREE_DFN ( TRE_ID, TRE_NAME, TFO_ID, TRE_DELETE_FL, TRE_VERSION_ID,
PTN_ID ) VALUES ( 
3, 'Executive', NULL, 'N', 3, 4); 
commit;
 
INSERT INTO TREE_ENTITY ( TEN_ID, TRE_ID, ENT_ID, TEN_DELETE_FL, TEN_VERSION_ID,
PTN_ID ) VALUES ( 
1, 1, 140, 'N', 1, 2); 
INSERT INTO TREE_ENTITY ( TEN_ID, TRE_ID, ENT_ID, TEN_DELETE_FL, TEN_VERSION_ID,
PTN_ID ) VALUES ( 
2, 1, 101, 'N', 1, 2); 
INSERT INTO TREE_ENTITY ( TEN_ID, TRE_ID, ENT_ID, TEN_DELETE_FL, TEN_VERSION_ID,
PTN_ID ) VALUES ( 
3, 2, 101, 'N', 1, 3); 
INSERT INTO TREE_ENTITY ( TEN_ID, TRE_ID, ENT_ID, TEN_DELETE_FL, TEN_VERSION_ID,
PTN_ID ) VALUES ( 
4, 2, 140, 'N', 1, 3); 
INSERT INTO TREE_ENTITY ( TEN_ID, TRE_ID, ENT_ID, TEN_DELETE_FL, TEN_VERSION_ID,
PTN_ID ) VALUES ( 
5, 3, 140, 'N', 1, 4); 
INSERT INTO TREE_ENTITY ( TEN_ID, TRE_ID, ENT_ID, TEN_DELETE_FL, TEN_VERSION_ID,
PTN_ID ) VALUES ( 
6, 3, 101, 'N', 1, 4); 
commit;
 
INSERT INTO TREE_FOLDER ( TFO_ID, TRE_ID, TFO_NAME, TFO_ROOT_TFO_ID, TFO_PARENT_TFO_ID,
TFO_DELETE_FL, TFO_VERSION_ID, PTN_ID ) VALUES ( 
1, 1, 'Business', NULL, NULL, 'N', 20, 2); 
INSERT INTO TREE_FOLDER ( TFO_ID, TRE_ID, TFO_NAME, TFO_ROOT_TFO_ID, TFO_PARENT_TFO_ID,
TFO_DELETE_FL, TFO_VERSION_ID, PTN_ID ) VALUES ( 
2, 2, 'IT', NULL, NULL, 'N', 13, 3); 
INSERT INTO TREE_FOLDER ( TFO_ID, TRE_ID, TFO_NAME, TFO_ROOT_TFO_ID, TFO_PARENT_TFO_ID,
TFO_DELETE_FL, TFO_VERSION_ID, PTN_ID ) VALUES ( 
3, 3, 'Executive', NULL, NULL, 'N', 8, 4); 
commit;
 
INSERT INTO TREE_LEAF ( TLE_ID, TFO_ID, ENT_ID, TLE_OBJECT_PK, TLE_DELETE_FL, TLE_VERSION_ID,
PTN_ID ) VALUES ( 
8, 2, 101, 93, 'N', 1, 3); 
INSERT INTO TREE_LEAF ( TLE_ID, TFO_ID, ENT_ID, TLE_OBJECT_PK, TLE_DELETE_FL, TLE_VERSION_ID,
PTN_ID ) VALUES ( 
27, 3, 101, 68, 'N', 1, 4); 
INSERT INTO TREE_LEAF ( TLE_ID, TFO_ID, ENT_ID, TLE_OBJECT_PK, TLE_DELETE_FL, TLE_VERSION_ID,
PTN_ID ) VALUES ( 
29, 1, 101, 87, 'N', 1, 2); 
INSERT INTO TREE_LEAF ( TLE_ID, TFO_ID, ENT_ID, TLE_OBJECT_PK, TLE_DELETE_FL, TLE_VERSION_ID,
PTN_ID ) VALUES ( 
30, 1, 101, 76, 'N', 1, 2); 
INSERT INTO TREE_LEAF ( TLE_ID, TFO_ID, ENT_ID, TLE_OBJECT_PK, TLE_DELETE_FL, TLE_VERSION_ID,
PTN_ID ) VALUES ( 
31, 1, 101, 83, 'N', 1, 2); 
INSERT INTO TREE_LEAF ( TLE_ID, TFO_ID, ENT_ID, TLE_OBJECT_PK, TLE_DELETE_FL, TLE_VERSION_ID,
PTN_ID ) VALUES ( 
32, 1, 101, 84, 'N', 1, 2); 
INSERT INTO TREE_LEAF ( TLE_ID, TFO_ID, ENT_ID, TLE_OBJECT_PK, TLE_DELETE_FL, TLE_VERSION_ID,
PTN_ID ) VALUES ( 
33, 1, 101, 75, 'N', 1, 2); 
INSERT INTO TREE_LEAF ( TLE_ID, TFO_ID, ENT_ID, TLE_OBJECT_PK, TLE_DELETE_FL, TLE_VERSION_ID,
PTN_ID ) VALUES ( 
35, 1, 101, 82, 'N', 1, 2); 
INSERT INTO TREE_LEAF ( TLE_ID, TFO_ID, ENT_ID, TLE_OBJECT_PK, TLE_DELETE_FL, TLE_VERSION_ID,
PTN_ID ) VALUES ( 
36, 1, 101, 81, 'N', 1, 2); 
INSERT INTO TREE_LEAF ( TLE_ID, TFO_ID, ENT_ID, TLE_OBJECT_PK, TLE_DELETE_FL, TLE_VERSION_ID,
PTN_ID ) VALUES ( 
6, 2, 101, 91, 'N', 1, 3); 
INSERT INTO TREE_LEAF ( TLE_ID, TFO_ID, ENT_ID, TLE_OBJECT_PK, TLE_DELETE_FL, TLE_VERSION_ID,
PTN_ID ) VALUES ( 
9, 2, 101, 94, 'N', 1, 3); 
INSERT INTO TREE_LEAF ( TLE_ID, TFO_ID, ENT_ID, TLE_OBJECT_PK, TLE_DELETE_FL, TLE_VERSION_ID,
PTN_ID ) VALUES ( 
10, 2, 140, 10, 'N', 1, 3); 
INSERT INTO TREE_LEAF ( TLE_ID, TFO_ID, ENT_ID, TLE_OBJECT_PK, TLE_DELETE_FL, TLE_VERSION_ID,
PTN_ID ) VALUES ( 
12, 2, 101, 96, 'N', 1, 3); 
INSERT INTO TREE_LEAF ( TLE_ID, TFO_ID, ENT_ID, TLE_OBJECT_PK, TLE_DELETE_FL, TLE_VERSION_ID,
PTN_ID ) VALUES ( 
13, 2, 101, 97, 'N', 1, 3); 
INSERT INTO TREE_LEAF ( TLE_ID, TFO_ID, ENT_ID, TLE_OBJECT_PK, TLE_DELETE_FL, TLE_VERSION_ID,
PTN_ID ) VALUES ( 
23, 3, 101, 70, 'N', 1, 4); 
INSERT INTO TREE_LEAF ( TLE_ID, TFO_ID, ENT_ID, TLE_OBJECT_PK, TLE_DELETE_FL, TLE_VERSION_ID,
PTN_ID ) VALUES ( 
26, 3, 101, 71, 'N', 1, 4); 
INSERT INTO TREE_LEAF ( TLE_ID, TFO_ID, ENT_ID, TLE_OBJECT_PK, TLE_DELETE_FL, TLE_VERSION_ID,
PTN_ID ) VALUES ( 
37, 1, 101, 80, 'N', 1, 2); 
INSERT INTO TREE_LEAF ( TLE_ID, TFO_ID, ENT_ID, TLE_OBJECT_PK, TLE_DELETE_FL, TLE_VERSION_ID,
PTN_ID ) VALUES ( 
7, 2, 101, 92, 'N', 1, 3); 
INSERT INTO TREE_LEAF ( TLE_ID, TFO_ID, ENT_ID, TLE_OBJECT_PK, TLE_DELETE_FL, TLE_VERSION_ID,
PTN_ID ) VALUES ( 
14, 2, 101, 98, 'N', 1, 3); 
INSERT INTO TREE_LEAF ( TLE_ID, TFO_ID, ENT_ID, TLE_OBJECT_PK, TLE_DELETE_FL, TLE_VERSION_ID,
PTN_ID ) VALUES ( 
15, 2, 101, 100, 'N', 1, 3); 
INSERT INTO TREE_LEAF ( TLE_ID, TFO_ID, ENT_ID, TLE_OBJECT_PK, TLE_DELETE_FL, TLE_VERSION_ID,
PTN_ID ) VALUES ( 
16, 3, 101, 67, 'N', 1, 4); 
INSERT INTO TREE_LEAF ( TLE_ID, TFO_ID, ENT_ID, TLE_OBJECT_PK, TLE_DELETE_FL, TLE_VERSION_ID,
PTN_ID ) VALUES ( 
17, 3, 101, 72, 'N', 1, 4); 
INSERT INTO TREE_LEAF ( TLE_ID, TFO_ID, ENT_ID, TLE_OBJECT_PK, TLE_DELETE_FL, TLE_VERSION_ID,
PTN_ID ) VALUES ( 
18, 3, 101, 69, 'N', 1, 4); 
INSERT INTO TREE_LEAF ( TLE_ID, TFO_ID, ENT_ID, TLE_OBJECT_PK, TLE_DELETE_FL, TLE_VERSION_ID,
PTN_ID ) VALUES ( 
28, 1, 101, 85, 'N', 1, 2); 
INSERT INTO TREE_LEAF ( TLE_ID, TFO_ID, ENT_ID, TLE_OBJECT_PK, TLE_DELETE_FL, TLE_VERSION_ID,
PTN_ID ) VALUES ( 
34, 1, 101, 88, 'N', 1, 2); 
INSERT INTO TREE_LEAF ( TLE_ID, TFO_ID, ENT_ID, TLE_OBJECT_PK, TLE_DELETE_FL, TLE_VERSION_ID,
PTN_ID ) VALUES ( 
38, 2, 140, 11, 'N', 1, 3); 
INSERT INTO TREE_LEAF ( TLE_ID, TFO_ID, ENT_ID, TLE_OBJECT_PK, TLE_DELETE_FL, TLE_VERSION_ID,
PTN_ID ) VALUES ( 
19, 1, 101, 73, 'N', 1, 2); 
INSERT INTO TREE_LEAF ( TLE_ID, TFO_ID, ENT_ID, TLE_OBJECT_PK, TLE_DELETE_FL, TLE_VERSION_ID,
PTN_ID ) VALUES ( 
20, 1, 101, 77, 'N', 1, 2); 
INSERT INTO TREE_LEAF ( TLE_ID, TFO_ID, ENT_ID, TLE_OBJECT_PK, TLE_DELETE_FL, TLE_VERSION_ID,
PTN_ID ) VALUES ( 
21, 1, 101, 86, 'N', 1, 2); 
INSERT INTO TREE_LEAF ( TLE_ID, TFO_ID, ENT_ID, TLE_OBJECT_PK, TLE_DELETE_FL, TLE_VERSION_ID,
PTN_ID ) VALUES ( 
22, 1, 101, 79, 'N', 1, 2); 
INSERT INTO TREE_LEAF ( TLE_ID, TFO_ID, ENT_ID, TLE_OBJECT_PK, TLE_DELETE_FL, TLE_VERSION_ID,
PTN_ID ) VALUES ( 
24, 1, 101, 74, 'N', 1, 2); 
INSERT INTO TREE_LEAF ( TLE_ID, TFO_ID, ENT_ID, TLE_OBJECT_PK, TLE_DELETE_FL, TLE_VERSION_ID,
PTN_ID ) VALUES ( 
25, 1, 101, 78, 'N', 1, 2); 
INSERT INTO TREE_LEAF ( TLE_ID, TFO_ID, ENT_ID, TLE_OBJECT_PK, TLE_DELETE_FL, TLE_VERSION_ID,
PTN_ID ) VALUES ( 
1, 3, 140, 5, 'N', 1, 4); 
INSERT INTO TREE_LEAF ( TLE_ID, TFO_ID, ENT_ID, TLE_OBJECT_PK, TLE_DELETE_FL, TLE_VERSION_ID,
PTN_ID ) VALUES ( 
2, 1, 140, 6, 'N', 1, 2); 
INSERT INTO TREE_LEAF ( TLE_ID, TFO_ID, ENT_ID, TLE_OBJECT_PK, TLE_DELETE_FL, TLE_VERSION_ID,
PTN_ID ) VALUES ( 
3, 1, 140, 8, 'N', 1, 2); 
INSERT INTO TREE_LEAF ( TLE_ID, TFO_ID, ENT_ID, TLE_OBJECT_PK, TLE_DELETE_FL, TLE_VERSION_ID,
PTN_ID ) VALUES ( 
4, 1, 140, 7, 'N', 1, 2); 
INSERT INTO TREE_LEAF ( TLE_ID, TFO_ID, ENT_ID, TLE_OBJECT_PK, TLE_DELETE_FL, TLE_VERSION_ID,
PTN_ID ) VALUES ( 
5, 2, 101, 89, 'N', 1, 3); 
INSERT INTO TREE_LEAF ( TLE_ID, TFO_ID, ENT_ID, TLE_OBJECT_PK, TLE_DELETE_FL, TLE_VERSION_ID,
PTN_ID ) VALUES ( 
11, 2, 101, 95, 'N', 1, 3); 
commit;
 
INSERT INTO UI_ACTION_ITEM ( UAI_ID, EAG_ID, UAI_PARENT_UAI_ID, CMP_ID, IMG_ID, UAI_CODE,
UAI_DISPLAY, UAI_DESCRIPTION, UAI_ORDER_NO, ENT_ID, UAI_EXTRA1, UAI_EXTRA2, UAI_EXTRA3, UAI_EXTRA4,
UAI_EXTRA5, UAI_SYSTEM_FL, UAI_DELETE_FL, UAI_VERSION_ID, PTN_ID ) VALUES ( 
1, NULL, NULL, 72, NULL, 'Admin', 'Admin', 'Admin0', 9, NULL, NULL, NULL, NULL, NULL
, NULL, 'Y', 'N', 2, 0); 
INSERT INTO UI_ACTION_ITEM ( UAI_ID, EAG_ID, UAI_PARENT_UAI_ID, CMP_ID, IMG_ID, UAI_CODE,
UAI_DISPLAY, UAI_DESCRIPTION, UAI_ORDER_NO, ENT_ID, UAI_EXTRA1, UAI_EXTRA2, UAI_EXTRA3, UAI_EXTRA4,
UAI_EXTRA5, UAI_SYSTEM_FL, UAI_DELETE_FL, UAI_VERSION_ID, PTN_ID ) VALUES ( 
2, NULL, 1, 75, 284, 'Entities', 'Entities', 'Admin02', 0, 169, NULL, NULL, NULL, NULL
, NULL, 'Y', 'N', 2, 0); 
INSERT INTO UI_ACTION_ITEM ( UAI_ID, EAG_ID, UAI_PARENT_UAI_ID, CMP_ID, IMG_ID, UAI_CODE,
UAI_DISPLAY, UAI_DESCRIPTION, UAI_ORDER_NO, ENT_ID, UAI_EXTRA1, UAI_EXTRA2, UAI_EXTRA3, UAI_EXTRA4,
UAI_EXTRA5, UAI_SYSTEM_FL, UAI_DELETE_FL, UAI_VERSION_ID, PTN_ID ) VALUES ( 
3, NULL, 1, 75, 405, 'Entity Exports', 'Entity Exports', 'Admin03', 1, 220, NULL, NULL
, NULL, NULL, NULL, 'Y', 'N', 2, 0); 
INSERT INTO UI_ACTION_ITEM ( UAI_ID, EAG_ID, UAI_PARENT_UAI_ID, CMP_ID, IMG_ID, UAI_CODE,
UAI_DISPLAY, UAI_DESCRIPTION, UAI_ORDER_NO, ENT_ID, UAI_EXTRA1, UAI_EXTRA2, UAI_EXTRA3, UAI_EXTRA4,
UAI_EXTRA5, UAI_SYSTEM_FL, UAI_DELETE_FL, UAI_VERSION_ID, PTN_ID ) VALUES ( 
4, NULL, 1, 74, 402, 'Entity Imports', 'Entity Imports', 'Admin04', 2, NULL, '/admin/entityImportSearch.xhtml'
, NULL, NULL, NULL, NULL, 'Y', 'N', 2, 0); 
INSERT INTO UI_ACTION_ITEM ( UAI_ID, EAG_ID, UAI_PARENT_UAI_ID, CMP_ID, IMG_ID, UAI_CODE,
UAI_DISPLAY, UAI_DESCRIPTION, UAI_ORDER_NO, ENT_ID, UAI_EXTRA1, UAI_EXTRA2, UAI_EXTRA3, UAI_EXTRA4,
UAI_EXTRA5, UAI_SYSTEM_FL, UAI_DELETE_FL, UAI_VERSION_ID, PTN_ID ) VALUES ( 
5, NULL, 1, 75, 312, 'Entity Groups', 'Entity Groups', 'Admin05', 3, 155, NULL, NULL
, NULL, NULL, NULL, 'Y', 'N', 2, 0); 
INSERT INTO UI_ACTION_ITEM ( UAI_ID, EAG_ID, UAI_PARENT_UAI_ID, CMP_ID, IMG_ID, UAI_CODE,
UAI_DISPLAY, UAI_DESCRIPTION, UAI_ORDER_NO, ENT_ID, UAI_EXTRA1, UAI_EXTRA2, UAI_EXTRA3, UAI_EXTRA4,
UAI_EXTRA5, UAI_SYSTEM_FL, UAI_DELETE_FL, UAI_VERSION_ID, PTN_ID ) VALUES ( 
6, NULL, 1, 74, 523, 'Reference Tables', 'Reference Tables', 'Admin012', 4, NULL, '/admin/refTableSearch.xhtml'
, NULL, NULL, NULL, NULL, 'Y', 'N', 2, 0); 
INSERT INTO UI_ACTION_ITEM ( UAI_ID, EAG_ID, UAI_PARENT_UAI_ID, CMP_ID, IMG_ID, UAI_CODE,
UAI_DISPLAY, UAI_DESCRIPTION, UAI_ORDER_NO, ENT_ID, UAI_EXTRA1, UAI_EXTRA2, UAI_EXTRA3, UAI_EXTRA4,
UAI_EXTRA5, UAI_SYSTEM_FL, UAI_DELETE_FL, UAI_VERSION_ID, PTN_ID ) VALUES ( 
7, NULL, NULL, 72, NULL, 'Help', 'Help', 'Help0', 10, NULL, NULL, NULL, NULL, NULL
, NULL, 'Y', 'N', 2, 0); 
INSERT INTO UI_ACTION_ITEM ( UAI_ID, EAG_ID, UAI_PARENT_UAI_ID, CMP_ID, IMG_ID, UAI_CODE,
UAI_DISPLAY, UAI_DESCRIPTION, UAI_ORDER_NO, ENT_ID, UAI_EXTRA1, UAI_EXTRA2, UAI_EXTRA3, UAI_EXTRA4,
UAI_EXTRA5, UAI_SYSTEM_FL, UAI_DELETE_FL, UAI_VERSION_ID, PTN_ID ) VALUES ( 
8, NULL, 7, 74, 1, 'About', 'About', 'Help00', 0, NULL, '/help/about.xhtml', NULL
, NULL, NULL, NULL, 'Y', 'N', 2, 0); 
INSERT INTO UI_ACTION_ITEM ( UAI_ID, EAG_ID, UAI_PARENT_UAI_ID, CMP_ID, IMG_ID, UAI_CODE,
UAI_DISPLAY, UAI_DESCRIPTION, UAI_ORDER_NO, ENT_ID, UAI_EXTRA1, UAI_EXTRA2, UAI_EXTRA3, UAI_EXTRA4,
UAI_EXTRA5, UAI_SYSTEM_FL, UAI_DELETE_FL, UAI_VERSION_ID, PTN_ID ) VALUES ( 
9, NULL, NULL, 72, 515, 'Dashboard', 'Dashboard', 'Dashboard0', 5, NULL, NULL, NULL
, NULL, NULL, NULL, 'Y', 'N', 2, 1); 
INSERT INTO UI_ACTION_ITEM ( UAI_ID, EAG_ID, UAI_PARENT_UAI_ID, CMP_ID, IMG_ID, UAI_CODE,
UAI_DISPLAY, UAI_DESCRIPTION, UAI_ORDER_NO, ENT_ID, UAI_EXTRA1, UAI_EXTRA2, UAI_EXTRA3, UAI_EXTRA4,
UAI_EXTRA5, UAI_SYSTEM_FL, UAI_DELETE_FL, UAI_VERSION_ID, PTN_ID ) VALUES ( 
10, NULL, 9, 75, 515, 'Dashboards', 'Dashboards', 'Dashboard00', 0, 140, NULL, NULL
, NULL, NULL, NULL, 'Y', 'N', 2, 1); 
INSERT INTO UI_ACTION_ITEM ( UAI_ID, EAG_ID, UAI_PARENT_UAI_ID, CMP_ID, IMG_ID, UAI_CODE,
UAI_DISPLAY, UAI_DESCRIPTION, UAI_ORDER_NO, ENT_ID, UAI_EXTRA1, UAI_EXTRA2, UAI_EXTRA3, UAI_EXTRA4,
UAI_EXTRA5, UAI_SYSTEM_FL, UAI_DELETE_FL, UAI_VERSION_ID, PTN_ID ) VALUES ( 
11, NULL, 9, 75, 462, 'Charts', 'Charts', 'Dashboard01', 1, 101, NULL, NULL, NULL
, NULL, NULL, 'Y', 'N', 2, 1); 
INSERT INTO UI_ACTION_ITEM ( UAI_ID, EAG_ID, UAI_PARENT_UAI_ID, CMP_ID, IMG_ID, UAI_CODE,
UAI_DISPLAY, UAI_DESCRIPTION, UAI_ORDER_NO, ENT_ID, UAI_EXTRA1, UAI_EXTRA2, UAI_EXTRA3, UAI_EXTRA4,
UAI_EXTRA5, UAI_SYSTEM_FL, UAI_DELETE_FL, UAI_VERSION_ID, PTN_ID ) VALUES ( 
12, NULL, 9, 165, 523, 'DashboardsMainPage', 'Main Page', 'Dashboard02', 2, 140, NULL
, NULL, NULL, NULL, NULL, 'Y', 'N', 2, 1); 
INSERT INTO UI_ACTION_ITEM ( UAI_ID, EAG_ID, UAI_PARENT_UAI_ID, CMP_ID, IMG_ID, UAI_CODE,
UAI_DISPLAY, UAI_DESCRIPTION, UAI_ORDER_NO, ENT_ID, UAI_EXTRA1, UAI_EXTRA2, UAI_EXTRA3, UAI_EXTRA4,
UAI_EXTRA5, UAI_SYSTEM_FL, UAI_DELETE_FL, UAI_VERSION_ID, PTN_ID ) VALUES ( 
13, NULL, 9, 75, 391, 'DashboardServers', 'Dashboard Servers', 'Dashboard03', 3, 90
, NULL, NULL, NULL, NULL, NULL, 'Y', 'N', 2, 1); 
INSERT INTO UI_ACTION_ITEM ( UAI_ID, EAG_ID, UAI_PARENT_UAI_ID, CMP_ID, IMG_ID, UAI_CODE,
UAI_DISPLAY, UAI_DESCRIPTION, UAI_ORDER_NO, ENT_ID, UAI_EXTRA1, UAI_EXTRA2, UAI_EXTRA3, UAI_EXTRA4,
UAI_EXTRA5, UAI_SYSTEM_FL, UAI_DELETE_FL, UAI_VERSION_ID, PTN_ID ) VALUES ( 
14, NULL, NULL, 72, NULL, 'Report', 'Reporting', 'Report0', 6, NULL, NULL, NULL, NULL
, NULL, NULL, 'Y', 'N', 2, 0); 
INSERT INTO UI_ACTION_ITEM ( UAI_ID, EAG_ID, UAI_PARENT_UAI_ID, CMP_ID, IMG_ID, UAI_CODE,
UAI_DISPLAY, UAI_DESCRIPTION, UAI_ORDER_NO, ENT_ID, UAI_EXTRA1, UAI_EXTRA2, UAI_EXTRA3, UAI_EXTRA4,
UAI_EXTRA5, UAI_SYSTEM_FL, UAI_DELETE_FL, UAI_VERSION_ID, PTN_ID ) VALUES ( 
15, NULL, 14, 75, 80, 'Reports', 'Reports', 'Report01', 0, 134, NULL, NULL, NULL, NULL
, NULL, 'Y', 'N', 2, 0); 
INSERT INTO UI_ACTION_ITEM ( UAI_ID, EAG_ID, UAI_PARENT_UAI_ID, CMP_ID, IMG_ID, UAI_CODE,
UAI_DISPLAY, UAI_DESCRIPTION, UAI_ORDER_NO, ENT_ID, UAI_EXTRA1, UAI_EXTRA2, UAI_EXTRA3, UAI_EXTRA4,
UAI_EXTRA5, UAI_SYSTEM_FL, UAI_DELETE_FL, UAI_VERSION_ID, PTN_ID ) VALUES ( 
16, NULL, 14, 223, 314, 'Report Viewer', 'Report Viewer', 'Report02', 1, 134, NULL
, NULL, NULL, NULL, NULL, 'Y', 'N', 2, 0); 
INSERT INTO UI_ACTION_ITEM ( UAI_ID, EAG_ID, UAI_PARENT_UAI_ID, CMP_ID, IMG_ID, UAI_CODE,
UAI_DISPLAY, UAI_DESCRIPTION, UAI_ORDER_NO, ENT_ID, UAI_EXTRA1, UAI_EXTRA2, UAI_EXTRA3, UAI_EXTRA4,
UAI_EXTRA5, UAI_SYSTEM_FL, UAI_DELETE_FL, UAI_VERSION_ID, PTN_ID ) VALUES ( 
17, 1, NULL, 87, NULL, 'Table Instance', 'Entity Table Instance', 'EntityTbl ActionComponents0'
, 0, NULL, NULL, NULL, NULL, NULL, NULL, 'Y', 'N', 2, 0); 
INSERT INTO UI_ACTION_ITEM ( UAI_ID, EAG_ID, UAI_PARENT_UAI_ID, CMP_ID, IMG_ID, UAI_CODE,
UAI_DISPLAY, UAI_DESCRIPTION, UAI_ORDER_NO, ENT_ID, UAI_EXTRA1, UAI_EXTRA2, UAI_EXTRA3, UAI_EXTRA4,
UAI_EXTRA5, UAI_SYSTEM_FL, UAI_DELETE_FL, UAI_VERSION_ID, PTN_ID ) VALUES ( 
18, 1, NULL, 88, NULL, 'Note Action', 'Note Action', 'EntityTbl ActionComponents1'
, 1, NULL, NULL, NULL, NULL, NULL, NULL, 'Y', 'N', 2, 0); 
INSERT INTO UI_ACTION_ITEM ( UAI_ID, EAG_ID, UAI_PARENT_UAI_ID, CMP_ID, IMG_ID, UAI_CODE,
UAI_DISPLAY, UAI_DESCRIPTION, UAI_ORDER_NO, ENT_ID, UAI_EXTRA1, UAI_EXTRA2, UAI_EXTRA3, UAI_EXTRA4,
UAI_EXTRA5, UAI_SYSTEM_FL, UAI_DELETE_FL, UAI_VERSION_ID, PTN_ID ) VALUES ( 
19, 2, NULL, 76, NULL, 'Run Export', 'Run Export And Download', 'Run Export0', 0, NULL
, NULL, NULL, NULL, NULL, NULL, 'Y', 'N', 2, 0); 
INSERT INTO UI_ACTION_ITEM ( UAI_ID, EAG_ID, UAI_PARENT_UAI_ID, CMP_ID, IMG_ID, UAI_CODE,
UAI_DISPLAY, UAI_DESCRIPTION, UAI_ORDER_NO, ENT_ID, UAI_EXTRA1, UAI_EXTRA2, UAI_EXTRA3, UAI_EXTRA4,
UAI_EXTRA5, UAI_SYSTEM_FL, UAI_DELETE_FL, UAI_VERSION_ID, PTN_ID ) VALUES ( 
20, 3, NULL, 163, 593, 'Test Connection', 'Test Connection', 'Test Connection0', 0
, NULL, NULL, NULL, NULL, NULL, NULL, 'Y', 'N', 2, 1); 
INSERT INTO UI_ACTION_ITEM ( UAI_ID, EAG_ID, UAI_PARENT_UAI_ID, CMP_ID, IMG_ID, UAI_CODE,
UAI_DISPLAY, UAI_DESCRIPTION, UAI_ORDER_NO, ENT_ID, UAI_EXTRA1, UAI_EXTRA2, UAI_EXTRA3, UAI_EXTRA4,
UAI_EXTRA5, UAI_SYSTEM_FL, UAI_DELETE_FL, UAI_VERSION_ID, PTN_ID ) VALUES ( 
21, 4, NULL, 166, 581, 'Favourite Dashboard', 'Set as favourite', 'DashboardComp0'
, 0, NULL, NULL, NULL, NULL, NULL, NULL, 'Y', 'N', 2, 1); 
INSERT INTO UI_ACTION_ITEM ( UAI_ID, EAG_ID, UAI_PARENT_UAI_ID, CMP_ID, IMG_ID, UAI_CODE,
UAI_DISPLAY, UAI_DESCRIPTION, UAI_ORDER_NO, ENT_ID, UAI_EXTRA1, UAI_EXTRA2, UAI_EXTRA3, UAI_EXTRA4,
UAI_EXTRA5, UAI_SYSTEM_FL, UAI_DELETE_FL, UAI_VERSION_ID, PTN_ID ) VALUES ( 
22, 4, NULL, 146, 259, 'Dashboard Save As', 'Dashboard Save As', 'Dashboard Search Screen Save As Action'
, 1, NULL, NULL, NULL, NULL, NULL, NULL, 'Y', 'N', 2, 1); 
INSERT INTO UI_ACTION_ITEM ( UAI_ID, EAG_ID, UAI_PARENT_UAI_ID, CMP_ID, IMG_ID, UAI_CODE,
UAI_DISPLAY, UAI_DESCRIPTION, UAI_ORDER_NO, ENT_ID, UAI_EXTRA1, UAI_EXTRA2, UAI_EXTRA3, UAI_EXTRA4,
UAI_EXTRA5, UAI_SYSTEM_FL, UAI_DELETE_FL, UAI_VERSION_ID, PTN_ID ) VALUES ( 
23, 4, NULL, 164, 302, 'Open Dashboard', 'Open Dashboard', 'DashboardComp2', 2, NULL
, NULL, NULL, NULL, NULL, NULL, 'Y', 'N', 2, 1); 
INSERT INTO UI_ACTION_ITEM ( UAI_ID, EAG_ID, UAI_PARENT_UAI_ID, CMP_ID, IMG_ID, UAI_CODE,
UAI_DISPLAY, UAI_DESCRIPTION, UAI_ORDER_NO, ENT_ID, UAI_EXTRA1, UAI_EXTRA2, UAI_EXTRA3, UAI_EXTRA4,
UAI_EXTRA5, UAI_SYSTEM_FL, UAI_DELETE_FL, UAI_VERSION_ID, PTN_ID ) VALUES ( 
24, 5, NULL, 167, 652, 'Link Chart', 'Link Chart', 'ChartComp0', 0, NULL, NULL, 'nested'
, NULL, NULL, NULL, 'Y', 'N', 2, 1); 
INSERT INTO UI_ACTION_ITEM ( UAI_ID, EAG_ID, UAI_PARENT_UAI_ID, CMP_ID, IMG_ID, UAI_CODE,
UAI_DISPLAY, UAI_DESCRIPTION, UAI_ORDER_NO, ENT_ID, UAI_EXTRA1, UAI_EXTRA2, UAI_EXTRA3, UAI_EXTRA4,
UAI_EXTRA5, UAI_SYSTEM_FL, UAI_DELETE_FL, UAI_VERSION_ID, PTN_ID ) VALUES ( 
25, 5, NULL, 74, 314, 'Chart Preview', 'Chart Preview', 'ChartComp2', 6, NULL, '/chart/preview.xhtml'
, 'nested', 'chrId', NULL, NULL, 'Y', 'N', 2, 1); 
INSERT INTO UI_ACTION_ITEM ( UAI_ID, EAG_ID, UAI_PARENT_UAI_ID, CMP_ID, IMG_ID, UAI_CODE,
UAI_DISPLAY, UAI_DESCRIPTION, UAI_ORDER_NO, ENT_ID, UAI_EXTRA1, UAI_EXTRA2, UAI_EXTRA3, UAI_EXTRA4,
UAI_EXTRA5, UAI_SYSTEM_FL, UAI_DELETE_FL, UAI_VERSION_ID, PTN_ID ) VALUES ( 
26, 6, NULL, 143, 105, 'Open Dashboard', 'Open Dashboard', 'Open Dashboard', 0, NULL
, NULL, NULL, NULL, NULL, NULL, 'Y', 'N', 2, 1); 
INSERT INTO UI_ACTION_ITEM ( UAI_ID, EAG_ID, UAI_PARENT_UAI_ID, CMP_ID, IMG_ID, UAI_CODE,
UAI_DISPLAY, UAI_DESCRIPTION, UAI_ORDER_NO, ENT_ID, UAI_EXTRA1, UAI_EXTRA2, UAI_EXTRA3, UAI_EXTRA4,
UAI_EXTRA5, UAI_SYSTEM_FL, UAI_DELETE_FL, UAI_VERSION_ID, PTN_ID ) VALUES ( 
27, 6, NULL, 144, 34, 'Save Dashboard', 'Save Dashboard', 'Save Dashboard', 1, NULL
, NULL, NULL, NULL, NULL, NULL, 'Y', 'N', 2, 1); 
INSERT INTO UI_ACTION_ITEM ( UAI_ID, EAG_ID, UAI_PARENT_UAI_ID, CMP_ID, IMG_ID, UAI_CODE,
UAI_DISPLAY, UAI_DESCRIPTION, UAI_ORDER_NO, ENT_ID, UAI_EXTRA1, UAI_EXTRA2, UAI_EXTRA3, UAI_EXTRA4,
UAI_EXTRA5, UAI_SYSTEM_FL, UAI_DELETE_FL, UAI_VERSION_ID, PTN_ID ) VALUES ( 
28, 6, NULL, 145, 259, 'Dashboard Save As', 'Dashboard Save As', 'Dashboard Main Page Save As Action'
, 2, NULL, NULL, NULL, NULL, NULL, NULL, 'Y', 'N', 2, 1); 
INSERT INTO UI_ACTION_ITEM ( UAI_ID, EAG_ID, UAI_PARENT_UAI_ID, CMP_ID, IMG_ID, UAI_CODE,
UAI_DISPLAY, UAI_DESCRIPTION, UAI_ORDER_NO, ENT_ID, UAI_EXTRA1, UAI_EXTRA2, UAI_EXTRA3, UAI_EXTRA4,
UAI_EXTRA5, UAI_SYSTEM_FL, UAI_DELETE_FL, UAI_VERSION_ID, PTN_ID ) VALUES ( 
29, 6, NULL, 147, 253, 'Refresh Dashboard', 'Refresh Dashboard', 'Refresh Dashboard'
, 3, NULL, NULL, NULL, NULL, NULL, NULL, 'Y', 'N', 2, 1); 
INSERT INTO UI_ACTION_ITEM ( UAI_ID, EAG_ID, UAI_PARENT_UAI_ID, CMP_ID, IMG_ID, UAI_CODE,
UAI_DISPLAY, UAI_DESCRIPTION, UAI_ORDER_NO, ENT_ID, UAI_EXTRA1, UAI_EXTRA2, UAI_EXTRA3, UAI_EXTRA4,
UAI_EXTRA5, UAI_SYSTEM_FL, UAI_DELETE_FL, UAI_VERSION_ID, PTN_ID ) VALUES ( 
30, 6, NULL, 149, 344, 'Zoom Dashboard', 'Full Screen', 'Zoom Dashboard', 4, NULL
, NULL, NULL, NULL, NULL, NULL, 'Y', 'N', 2, 1); 
INSERT INTO UI_ACTION_ITEM ( UAI_ID, EAG_ID, UAI_PARENT_UAI_ID, CMP_ID, IMG_ID, UAI_CODE,
UAI_DISPLAY, UAI_DESCRIPTION, UAI_ORDER_NO, ENT_ID, UAI_EXTRA1, UAI_EXTRA2, UAI_EXTRA3, UAI_EXTRA4,
UAI_EXTRA5, UAI_SYSTEM_FL, UAI_DELETE_FL, UAI_VERSION_ID, PTN_ID ) VALUES ( 
31, 6, NULL, 148, 1032, 'Print Dashboard', 'Print Dashboard', 'Print Dashboard', 5
, NULL, NULL, NULL, NULL, NULL, NULL, 'Y', 'N', 2, 1); 
INSERT INTO UI_ACTION_ITEM ( UAI_ID, EAG_ID, UAI_PARENT_UAI_ID, CMP_ID, IMG_ID, UAI_CODE,
UAI_DISPLAY, UAI_DESCRIPTION, UAI_ORDER_NO, ENT_ID, UAI_EXTRA1, UAI_EXTRA2, UAI_EXTRA3, UAI_EXTRA4,
UAI_EXTRA5, UAI_SYSTEM_FL, UAI_DELETE_FL, UAI_VERSION_ID, PTN_ID ) VALUES ( 
32, 6, NULL, 150, 90, 'Close Dashboard', 'Close Dashboard', 'Close Dashboard', 6, NULL
, NULL, NULL, NULL, NULL, NULL, 'Y', 'N', 2, 1); 
INSERT INTO UI_ACTION_ITEM ( UAI_ID, EAG_ID, UAI_PARENT_UAI_ID, CMP_ID, IMG_ID, UAI_CODE,
UAI_DISPLAY, UAI_DESCRIPTION, UAI_ORDER_NO, ENT_ID, UAI_EXTRA1, UAI_EXTRA2, UAI_EXTRA3, UAI_EXTRA4,
UAI_EXTRA5, UAI_SYSTEM_FL, UAI_DELETE_FL, UAI_VERSION_ID, PTN_ID ) VALUES ( 
33, 7, NULL, 151, 105, 'Open Chart', 'Open Chart', 'Open Chart', 0, NULL, NULL, NULL
, NULL, NULL, NULL, 'Y', 'N', 2, 1); 
INSERT INTO UI_ACTION_ITEM ( UAI_ID, EAG_ID, UAI_PARENT_UAI_ID, CMP_ID, IMG_ID, UAI_CODE,
UAI_DISPLAY, UAI_DESCRIPTION, UAI_ORDER_NO, ENT_ID, UAI_EXTRA1, UAI_EXTRA2, UAI_EXTRA3, UAI_EXTRA4,
UAI_EXTRA5, UAI_SYSTEM_FL, UAI_DELETE_FL, UAI_VERSION_ID, PTN_ID ) VALUES ( 
34, 7, NULL, 152, 259, 'Chart Save As', 'Chart Save As', 'Chart Save As', 1, NULL
, NULL, NULL, NULL, NULL, NULL, 'Y', 'N', 2, 1); 
INSERT INTO UI_ACTION_ITEM ( UAI_ID, EAG_ID, UAI_PARENT_UAI_ID, CMP_ID, IMG_ID, UAI_CODE,
UAI_DISPLAY, UAI_DESCRIPTION, UAI_ORDER_NO, ENT_ID, UAI_EXTRA1, UAI_EXTRA2, UAI_EXTRA3, UAI_EXTRA4,
UAI_EXTRA5, UAI_SYSTEM_FL, UAI_DELETE_FL, UAI_VERSION_ID, PTN_ID ) VALUES ( 
35, 7, NULL, 153, 79, 'Freeze Chart', 'Freeze Chart', 'Freeze Chart', 2, NULL, NULL
, NULL, NULL, NULL, NULL, 'Y', 'N', 2, 1); 
INSERT INTO UI_ACTION_ITEM ( UAI_ID, EAG_ID, UAI_PARENT_UAI_ID, CMP_ID, IMG_ID, UAI_CODE,
UAI_DISPLAY, UAI_DESCRIPTION, UAI_ORDER_NO, ENT_ID, UAI_EXTRA1, UAI_EXTRA2, UAI_EXTRA3, UAI_EXTRA4,
UAI_EXTRA5, UAI_SYSTEM_FL, UAI_DELETE_FL, UAI_VERSION_ID, PTN_ID ) VALUES ( 
36, 7, NULL, 169, 253, 'Refresh Chart', 'Refresh Chart', 'Refresh Chart', 3, NULL
, NULL, NULL, NULL, NULL, NULL, 'Y', 'N', 2, 1); 
INSERT INTO UI_ACTION_ITEM ( UAI_ID, EAG_ID, UAI_PARENT_UAI_ID, CMP_ID, IMG_ID, UAI_CODE,
UAI_DISPLAY, UAI_DESCRIPTION, UAI_ORDER_NO, ENT_ID, UAI_EXTRA1, UAI_EXTRA2, UAI_EXTRA3, UAI_EXTRA4,
UAI_EXTRA5, UAI_SYSTEM_FL, UAI_DELETE_FL, UAI_VERSION_ID, PTN_ID ) VALUES ( 
37, 7, NULL, 154, 93, 'Export Chart', 'Export Chart', 'Export Chart', 4, NULL, NULL
, NULL, NULL, NULL, NULL, 'Y', 'N', 2, 1); 
INSERT INTO UI_ACTION_ITEM ( UAI_ID, EAG_ID, UAI_PARENT_UAI_ID, CMP_ID, IMG_ID, UAI_CODE,
UAI_DISPLAY, UAI_DESCRIPTION, UAI_ORDER_NO, ENT_ID, UAI_EXTRA1, UAI_EXTRA2, UAI_EXTRA3, UAI_EXTRA4,
UAI_EXTRA5, UAI_SYSTEM_FL, UAI_DELETE_FL, UAI_VERSION_ID, PTN_ID ) VALUES ( 
38, 7, NULL, 155, 344, 'Expand Chart', 'Full Screen', 'Expand Chart', 5, NULL, NULL
, NULL, NULL, NULL, NULL, 'Y', 'N', 2, 1); 
INSERT INTO UI_ACTION_ITEM ( UAI_ID, EAG_ID, UAI_PARENT_UAI_ID, CMP_ID, IMG_ID, UAI_CODE,
UAI_DISPLAY, UAI_DESCRIPTION, UAI_ORDER_NO, ENT_ID, UAI_EXTRA1, UAI_EXTRA2, UAI_EXTRA3, UAI_EXTRA4,
UAI_EXTRA5, UAI_SYSTEM_FL, UAI_DELETE_FL, UAI_VERSION_ID, PTN_ID ) VALUES ( 
39, 7, NULL, 156, 1032, 'Print Chart', 'Print Chart', 'Print Chart', 6, NULL, NULL
, NULL, NULL, NULL, NULL, 'Y', 'N', 2, 1); 
INSERT INTO UI_ACTION_ITEM ( UAI_ID, EAG_ID, UAI_PARENT_UAI_ID, CMP_ID, IMG_ID, UAI_CODE,
UAI_DISPLAY, UAI_DESCRIPTION, UAI_ORDER_NO, ENT_ID, UAI_EXTRA1, UAI_EXTRA2, UAI_EXTRA3, UAI_EXTRA4,
UAI_EXTRA5, UAI_SYSTEM_FL, UAI_DELETE_FL, UAI_VERSION_ID, PTN_ID ) VALUES ( 
40, 7, NULL, 157, 90, 'Close Chart', 'Close Chart', 'Close Chart', 7, NULL, NULL, NULL
, NULL, NULL, NULL, 'Y', 'N', 2, 1); 
INSERT INTO UI_ACTION_ITEM ( UAI_ID, EAG_ID, UAI_PARENT_UAI_ID, CMP_ID, IMG_ID, UAI_CODE,
UAI_DISPLAY, UAI_DESCRIPTION, UAI_ORDER_NO, ENT_ID, UAI_EXTRA1, UAI_EXTRA2, UAI_EXTRA3, UAI_EXTRA4,
UAI_EXTRA5, UAI_SYSTEM_FL, UAI_DELETE_FL, UAI_VERSION_ID, PTN_ID ) VALUES ( 
41, 8, NULL, 74, 321, 'Run And View', 'Run And View', 'ReportComp0', 0, NULL, '/reporting/reportViewer.xhtml'
, 'nested', 'rptId', NULL, NULL, 'Y', 'N', 1, 0); 
INSERT INTO UI_ACTION_ITEM ( UAI_ID, EAG_ID, UAI_PARENT_UAI_ID, CMP_ID, IMG_ID, UAI_CODE,
UAI_DISPLAY, UAI_DESCRIPTION, UAI_ORDER_NO, ENT_ID, UAI_EXTRA1, UAI_EXTRA2, UAI_EXTRA3, UAI_EXTRA4,
UAI_EXTRA5, UAI_SYSTEM_FL, UAI_DELETE_FL, UAI_VERSION_ID, PTN_ID ) VALUES ( 
42, 8, NULL, 222, 94, 'Export Report', 'Export Report As', 'ReportComp1', 1, NULL
, NULL, NULL, NULL, NULL, NULL, 'Y', 'N', 1, 0); 
INSERT INTO UI_ACTION_ITEM ( UAI_ID, EAG_ID, UAI_PARENT_UAI_ID, CMP_ID, IMG_ID, UAI_CODE,
UAI_DISPLAY, UAI_DESCRIPTION, UAI_ORDER_NO, ENT_ID, UAI_EXTRA1, UAI_EXTRA2, UAI_EXTRA3, UAI_EXTRA4,
UAI_EXTRA5, UAI_SYSTEM_FL, UAI_DELETE_FL, UAI_VERSION_ID, PTN_ID ) VALUES ( 
43, 8, NULL, 220, 182, 'Download Design File', 'Download Design File', 'ReportComp2'
, 2, NULL, NULL, NULL, NULL, NULL, NULL, 'Y', 'N', 1, 0); 
INSERT INTO UI_ACTION_ITEM ( UAI_ID, EAG_ID, UAI_PARENT_UAI_ID, CMP_ID, IMG_ID, UAI_CODE,
UAI_DISPLAY, UAI_DESCRIPTION, UAI_ORDER_NO, ENT_ID, UAI_EXTRA1, UAI_EXTRA2, UAI_EXTRA3, UAI_EXTRA4,
UAI_EXTRA5, UAI_SYSTEM_FL, UAI_DELETE_FL, UAI_VERSION_ID, PTN_ID ) VALUES ( 
44, NULL, NULL, 72, 1099, 'Options', 'Options', 'Options0', 6, NULL, NULL, NULL, NULL
, NULL, NULL, 'Y', 'N', 1, 0); 
INSERT INTO UI_ACTION_ITEM ( UAI_ID, EAG_ID, UAI_PARENT_UAI_ID, CMP_ID, IMG_ID, UAI_CODE,
UAI_DISPLAY, UAI_DESCRIPTION, UAI_ORDER_NO, ENT_ID, UAI_EXTRA1, UAI_EXTRA2, UAI_EXTRA3, UAI_EXTRA4,
UAI_EXTRA5, UAI_SYSTEM_FL, UAI_DELETE_FL, UAI_VERSION_ID, PTN_ID ) VALUES ( 
45, NULL, 44, 74, 636, 'Change Password', 'Change Password', 'Options00', 0, NULL
, '/security/changePassword.xhtml', NULL, NULL, NULL, NULL, 'Y', 'N', 1, 0); 
INSERT INTO UI_ACTION_ITEM ( UAI_ID, EAG_ID, UAI_PARENT_UAI_ID, CMP_ID, IMG_ID, UAI_CODE,
UAI_DISPLAY, UAI_DESCRIPTION, UAI_ORDER_NO, ENT_ID, UAI_EXTRA1, UAI_EXTRA2, UAI_EXTRA3, UAI_EXTRA4,
UAI_EXTRA5, UAI_SYSTEM_FL, UAI_DELETE_FL, UAI_VERSION_ID, PTN_ID ) VALUES ( 
46, NULL, 44, 74, 250, 'Settings', 'Settings', 'Options01', 1, NULL, '/options/settings.xhtml'
, NULL, NULL, NULL, NULL, 'Y', 'N', 1, 0); 
INSERT INTO UI_ACTION_ITEM ( UAI_ID, EAG_ID, UAI_PARENT_UAI_ID, CMP_ID, IMG_ID, UAI_CODE,
UAI_DISPLAY, UAI_DESCRIPTION, UAI_ORDER_NO, ENT_ID, UAI_EXTRA1, UAI_EXTRA2, UAI_EXTRA3, UAI_EXTRA4,
UAI_EXTRA5, UAI_SYSTEM_FL, UAI_DELETE_FL, UAI_VERSION_ID, PTN_ID ) VALUES ( 
47, NULL, NULL, 72, NULL, 'Security', 'Security', 'Security0', 7, NULL, NULL, NULL
, NULL, NULL, NULL, 'Y', 'N', 1, 0); 
INSERT INTO UI_ACTION_ITEM ( UAI_ID, EAG_ID, UAI_PARENT_UAI_ID, CMP_ID, IMG_ID, UAI_CODE,
UAI_DISPLAY, UAI_DESCRIPTION, UAI_ORDER_NO, ENT_ID, UAI_EXTRA1, UAI_EXTRA2, UAI_EXTRA3, UAI_EXTRA4,
UAI_EXTRA5, UAI_SYSTEM_FL, UAI_DELETE_FL, UAI_VERSION_ID, PTN_ID ) VALUES ( 
48, NULL, 47, 75, 797, 'Applications', 'Applications', 'Security00', 0, 8, NULL, NULL
, NULL, NULL, NULL, 'Y', 'N', 1, 0); 
INSERT INTO UI_ACTION_ITEM ( UAI_ID, EAG_ID, UAI_PARENT_UAI_ID, CMP_ID, IMG_ID, UAI_CODE,
UAI_DISPLAY, UAI_DESCRIPTION, UAI_ORDER_NO, ENT_ID, UAI_EXTRA1, UAI_EXTRA2, UAI_EXTRA3, UAI_EXTRA4,
UAI_EXTRA5, UAI_SYSTEM_FL, UAI_DELETE_FL, UAI_VERSION_ID, PTN_ID ) VALUES ( 
49, NULL, 47, 75, 938, 'Roles', 'Roles', 'Security01', 1, 162, NULL, NULL, NULL, NULL
, NULL, 'Y', 'N', 1, 0); 
INSERT INTO UI_ACTION_ITEM ( UAI_ID, EAG_ID, UAI_PARENT_UAI_ID, CMP_ID, IMG_ID, UAI_CODE,
UAI_DISPLAY, UAI_DESCRIPTION, UAI_ORDER_NO, ENT_ID, UAI_EXTRA1, UAI_EXTRA2, UAI_EXTRA3, UAI_EXTRA4,
UAI_EXTRA5, UAI_SYSTEM_FL, UAI_DELETE_FL, UAI_VERSION_ID, PTN_ID ) VALUES ( 
50, NULL, 47, 75, 1110, 'Teams', 'Teams', 'Security02', 2, 170, NULL, NULL, NULL, NULL
, NULL, 'Y', 'N', 1, 0); 
INSERT INTO UI_ACTION_ITEM ( UAI_ID, EAG_ID, UAI_PARENT_UAI_ID, CMP_ID, IMG_ID, UAI_CODE,
UAI_DISPLAY, UAI_DESCRIPTION, UAI_ORDER_NO, ENT_ID, UAI_EXTRA1, UAI_EXTRA2, UAI_EXTRA3, UAI_EXTRA4,
UAI_EXTRA5, UAI_SYSTEM_FL, UAI_DELETE_FL, UAI_VERSION_ID, PTN_ID ) VALUES ( 
51, NULL, 47, 75, 1086, 'Users', 'Users', 'Security03', 3, 55, NULL, NULL, NULL, NULL
, NULL, 'Y', 'N', 1, 0); 
INSERT INTO UI_ACTION_ITEM ( UAI_ID, EAG_ID, UAI_PARENT_UAI_ID, CMP_ID, IMG_ID, UAI_CODE,
UAI_DISPLAY, UAI_DESCRIPTION, UAI_ORDER_NO, ENT_ID, UAI_EXTRA1, UAI_EXTRA2, UAI_EXTRA3, UAI_EXTRA4,
UAI_EXTRA5, UAI_SYSTEM_FL, UAI_DELETE_FL, UAI_VERSION_ID, PTN_ID ) VALUES ( 
52, NULL, 47, 75, 1092, 'User Logins', 'User Logins', 'Security04', 4, 198, NULL, NULL
, NULL, NULL, NULL, 'Y', 'N', 1, 0); 
INSERT INTO UI_ACTION_ITEM ( UAI_ID, EAG_ID, UAI_PARENT_UAI_ID, CMP_ID, IMG_ID, UAI_CODE,
UAI_DISPLAY, UAI_DESCRIPTION, UAI_ORDER_NO, ENT_ID, UAI_EXTRA1, UAI_EXTRA2, UAI_EXTRA3, UAI_EXTRA4,
UAI_EXTRA5, UAI_SYSTEM_FL, UAI_DELETE_FL, UAI_VERSION_ID, PTN_ID ) VALUES ( 
53, NULL, 47, 74, 1094, 'User Validation', 'User Validation', 'Security05', 5, NULL
, '/security/userValidationDetail.xhtml', NULL, NULL, NULL, NULL, 'Y', 'N', 1, 0); 
INSERT INTO UI_ACTION_ITEM ( UAI_ID, EAG_ID, UAI_PARENT_UAI_ID, CMP_ID, IMG_ID, UAI_CODE,
UAI_DISPLAY, UAI_DESCRIPTION, UAI_ORDER_NO, ENT_ID, UAI_EXTRA1, UAI_EXTRA2, UAI_EXTRA3, UAI_EXTRA4,
UAI_EXTRA5, UAI_SYSTEM_FL, UAI_DELETE_FL, UAI_VERSION_ID, PTN_ID ) VALUES ( 
54, NULL, 47, 75, 1091, 'Password Validation', 'Password Validation', 'Security06'
, 6, 97, NULL, NULL, NULL, NULL, NULL, 'Y', 'N', 1, 0); 
INSERT INTO UI_ACTION_ITEM ( UAI_ID, EAG_ID, UAI_PARENT_UAI_ID, CMP_ID, IMG_ID, UAI_CODE,
UAI_DISPLAY, UAI_DESCRIPTION, UAI_ORDER_NO, ENT_ID, UAI_EXTRA1, UAI_EXTRA2, UAI_EXTRA3, UAI_EXTRA4,
UAI_EXTRA5, UAI_SYSTEM_FL, UAI_DELETE_FL, UAI_VERSION_ID, PTN_ID ) VALUES ( 
55, NULL, 47, 74, 1097, 'Connected Users', 'Connected Users', 'Security07', 7, NULL
, '/security/connectedUsersSearch.xhtml', NULL, NULL, NULL, NULL, 'Y', 'N', 1, 0); 
INSERT INTO UI_ACTION_ITEM ( UAI_ID, EAG_ID, UAI_PARENT_UAI_ID, CMP_ID, IMG_ID, UAI_CODE,
UAI_DISPLAY, UAI_DESCRIPTION, UAI_ORDER_NO, ENT_ID, UAI_EXTRA1, UAI_EXTRA2, UAI_EXTRA3, UAI_EXTRA4,
UAI_EXTRA5, UAI_SYSTEM_FL, UAI_DELETE_FL, UAI_VERSION_ID, PTN_ID ) VALUES ( 
56, 9, NULL, 77, 1229, 'Enable/Disable', 'Enable/Disable User', 'Enable/Disable0'
, 0, NULL, NULL, NULL, NULL, NULL, NULL, 'Y', 'N', 1, 0); 
INSERT INTO UI_ACTION_ITEM ( UAI_ID, EAG_ID, UAI_PARENT_UAI_ID, CMP_ID, IMG_ID, UAI_CODE,
UAI_DISPLAY, UAI_DESCRIPTION, UAI_ORDER_NO, ENT_ID, UAI_EXTRA1, UAI_EXTRA2, UAI_EXTRA3, UAI_EXTRA4,
UAI_EXTRA5, UAI_SYSTEM_FL, UAI_DELETE_FL, UAI_VERSION_ID, PTN_ID ) VALUES ( 
57, 9, NULL, 78, 636, 'ChangePassword', 'Change Password', 'Change Password', 1, NULL
, NULL, NULL, NULL, NULL, NULL, 'Y', 'N', 1, 0); 
INSERT INTO UI_ACTION_ITEM ( UAI_ID, EAG_ID, UAI_PARENT_UAI_ID, CMP_ID, IMG_ID, UAI_CODE,
UAI_DISPLAY, UAI_DESCRIPTION, UAI_ORDER_NO, ENT_ID, UAI_EXTRA1, UAI_EXTRA2, UAI_EXTRA3, UAI_EXTRA4,
UAI_EXTRA5, UAI_SYSTEM_FL, UAI_DELETE_FL, UAI_VERSION_ID, PTN_ID ) VALUES ( 
58, 9, NULL, 109, 938, 'Navigate To Roles From User Screen', 'User Roles', 'UserTbl ActionComponents2'
, 2, NULL, NULL, NULL, NULL, NULL, NULL, 'Y', 'N', 1, 0); 
INSERT INTO UI_ACTION_ITEM ( UAI_ID, EAG_ID, UAI_PARENT_UAI_ID, CMP_ID, IMG_ID, UAI_CODE,
UAI_DISPLAY, UAI_DESCRIPTION, UAI_ORDER_NO, ENT_ID, UAI_EXTRA1, UAI_EXTRA2, UAI_EXTRA3, UAI_EXTRA4,
UAI_EXTRA5, UAI_SYSTEM_FL, UAI_DELETE_FL, UAI_VERSION_ID, PTN_ID ) VALUES ( 
59, 9, NULL, 108, 1110, 'Navigate To Team', 'User Teams', 'UserTbl ActionComponents3'
, 3, NULL, NULL, NULL, NULL, NULL, NULL, 'Y', 'N', 1, 0); 
INSERT INTO UI_ACTION_ITEM ( UAI_ID, EAG_ID, UAI_PARENT_UAI_ID, CMP_ID, IMG_ID, UAI_CODE,
UAI_DISPLAY, UAI_DESCRIPTION, UAI_ORDER_NO, ENT_ID, UAI_EXTRA1, UAI_EXTRA2, UAI_EXTRA3, UAI_EXTRA4,
UAI_EXTRA5, UAI_SYSTEM_FL, UAI_DELETE_FL, UAI_VERSION_ID, PTN_ID ) VALUES ( 
60, 9, NULL, 110, 392, 'View Partitions From User Screen', 'User Partitions', 'UserTbl ActionComponents4'
, 4, NULL, NULL, NULL, NULL, NULL, NULL, 'Y', 'N', 1, 0); 
commit;
 
INSERT INTO USER_NAME_VALIDATION ( UNV_ID, CMP_ID, PIG_ID, UNV_NAME, UNV_DELETE_FL, UNV_VERSION_ID,
PTN_ID ) VALUES ( 
1, 184, 4, 'Standard User Name Validation', 'N', 1, 1); 
commit;
 
INSERT INTO USER_PASSWORD ( UPW_ID, UPW_CHANGING_USR_ID, UPW_EFFECTED_USR_ID, UPW_DTTM,
UPW_PASSWORD, UPW_RESET_FL, UPW_DELETE_FL, UPW_VERSION_ID, PTN_ID ) VALUES ( 
3, 1, 3, sysdate, '4F2F5B246A89D8EBD7FAA76D32CE63E5', 'N', 'N', 1, 1); 
INSERT INTO USER_PASSWORD ( UPW_ID, UPW_CHANGING_USR_ID, UPW_EFFECTED_USR_ID, UPW_DTTM,
UPW_PASSWORD, UPW_RESET_FL, UPW_DELETE_FL, UPW_VERSION_ID, PTN_ID ) VALUES ( 
1, 1, 1, sysdate, '4F2F5B246A89D8EBD7FAA76D32CE63E5', 'N', 'N', 1, 1); 
commit;
 
INSERT INTO USER_PASSWORD_VALIDATION ( UPV_ID, CMP_ID, PIG_ID, UPV_NAME, UPV_DELETE_FL,
UPV_VERSION_ID, PTN_ID ) VALUES ( 
1, 185, 3, 'Standard Password Validation', 'N', 1, 1); 
commit;
 
INSERT INTO USER_ROLE_PARTITION ( URP_ID, USR_ID, ROL_ID, URP_PTN_ID, URP_DELETE_FL, URP_VERSION_ID,
PTN_ID ) VALUES ( 
9, 3, 3, 2, 'N', 1, 1); 
INSERT INTO USER_ROLE_PARTITION ( URP_ID, USR_ID, ROL_ID, URP_PTN_ID, URP_DELETE_FL, URP_VERSION_ID,
PTN_ID ) VALUES ( 
10, 3, 3, 3, 'N', 1, 1); 
INSERT INTO USER_ROLE_PARTITION ( URP_ID, USR_ID, ROL_ID, URP_PTN_ID, URP_DELETE_FL, URP_VERSION_ID,
PTN_ID ) VALUES ( 
11, 3, 3, 4, 'N', 1, 1); 
INSERT INTO USER_ROLE_PARTITION ( URP_ID, USR_ID, ROL_ID, URP_PTN_ID, URP_DELETE_FL, URP_VERSION_ID,
PTN_ID ) VALUES ( 
2, 1, 1, 1, 'N', 1, 1); 
INSERT INTO USER_ROLE_PARTITION ( URP_ID, USR_ID, ROL_ID, URP_PTN_ID, URP_DELETE_FL, URP_VERSION_ID,
PTN_ID ) VALUES ( 
3, 1, 1, 2, 'N', 1, 1); 
INSERT INTO USER_ROLE_PARTITION ( URP_ID, USR_ID, ROL_ID, URP_PTN_ID, URP_DELETE_FL, URP_VERSION_ID,
PTN_ID ) VALUES ( 
4, 1, 1, 3, 'N', 1, 1); 
INSERT INTO USER_ROLE_PARTITION ( URP_ID, USR_ID, ROL_ID, URP_PTN_ID, URP_DELETE_FL, URP_VERSION_ID,
PTN_ID ) VALUES ( 
5, 1, 1, 4, 'N', 1, 1); 
commit;
 
INSERT INTO USER_TBL ( USR_ID, PIG_ID, USR_NAME, USR_PASSWORD, USR_FORENAME, USR_SURNAME,
USR_EMAIL_ADDRESS, USR_DISABLED_FL, USR_DELETE_FL, USR_VERSION_ID, PTN_ID ) VALUES ( 
3, 277, 'nadmin', '4F2F5B246A89D8EBD7FAA76D32CE63E5', 'nadmin', 'nadmin', 'nadmin@subex.com'
, 'N', 'N', 1, 1); 
INSERT INTO USER_TBL ( USR_ID, PIG_ID, USR_NAME, USR_PASSWORD, USR_FORENAME, USR_SURNAME,
USR_EMAIL_ADDRESS, USR_DISABLED_FL, USR_DELETE_FL, USR_VERSION_ID, PTN_ID ) VALUES ( 
1, 5, 'Administrator', '4F2F5B246A89D8EBD7FAA76D32CE63E5', 'System', 'Administrator'
, NULL, 'N', 'N', 1, 1); 
commit;
 
