SET FEEDBACK OFF
SET DEFINE OFF ;
INSERT INTO rip_operand(id,name,description,position,data_type,source,operand_type,value,globalversionid) 
 VALUES('10391','sIS_3G','','0','3','','5','1','0');
INSERT INTO rip_operand(id,name,description,position,data_type,source,operand_type,value,globalversionid) 
 VALUES('10392','s3G_CALL','','0','3','','5','3G-','0');
INSERT INTO rip_operand(id,name,description,position,data_type,source,operand_type,value,globalversionid) 
 VALUES('10321','iGPRS_SERVICE','','0','1','','5','512','0');
INSERT INTO rip_operand(id,name,description,position,data_type,source,operand_type,value,globalversionid) 
 VALUES('10322','sCAUSE_FOR_SESSION_CLOSE','','0','3','','5','0','0');
INSERT INTO rip_operand(id,name,description,position,data_type,source,operand_type,value,globalversionid) 
 VALUES('10278','iZERO','','0','1','','5','0','0');
INSERT INTO rip_operand(id,name,description,position,data_type,source,operand_type,value,globalversionid) 
 VALUES('10280','sACCOUNT_BILL_CYCLE','','0','3','','5','1','0');
INSERT INTO rip_operand(id,name,description,position,data_type,source,operand_type,value,globalversionid) 
 VALUES('10271','iMMS_SERVICE_INCOMING','','0','1','','5','1','0');
INSERT INTO rip_operand(id,name,description,position,data_type,source,operand_type,value,globalversionid) 
 VALUES('10272','iMMS_SERVICE_OUTGOING','','0','1','','5','256','0');
INSERT INTO rip_operand(id,name,description,position,data_type,source,operand_type,value,globalversionid) 
 VALUES('10269','iSESSION_STATUS','','0','1','','5','1','0');
INSERT INTO rip_operand(id,name,description,position,data_type,source,operand_type,value,globalversionid) 
 VALUES('10252','s_CHARGING_ID','','0','3','','5','0','0');
INSERT INTO rip_operand(id,name,description,position,data_type,source,operand_type,value,globalversionid) 
 VALUES('10247','iMMS_SERVICE_TYPE','','0','1','','5','2','0');
INSERT INTO rip_operand(id,name,description,position,data_type,source,operand_type,value,globalversionid) 
 VALUES('10249','iQOS_REQUESTED','','0','1','','5','1','0');
INSERT INTO rip_operand(id,name,description,position,data_type,source,operand_type,value,globalversionid) 
 VALUES('10250','iQOS_NEGOTIATED','','0','1','','5','1','0');
INSERT INTO rip_operand(id,name,description,position,data_type,source,operand_type,value,globalversionid) 
 VALUES('10264','sDU_PHONENUMBER_PREFIX','','0','3','','5','97155','0');
INSERT INTO rip_operand(id,name,description,position,data_type,source,operand_type,value,globalversionid) 
 VALUES('10190','iCDRTYPEOUTROAMER','','0','1','','5','5','0');
INSERT INTO rip_operand(id,name,description,position,data_type,source,operand_type,value,globalversionid) 
 VALUES('10192','iATTEMPTEDCALL','','0','1','','5','1','0');
INSERT INTO rip_operand(id,name,description,position,data_type,source,operand_type,value,globalversionid) 
 VALUES('10198','sUNF_IMSI','','0','3','','5','+97155','0');
INSERT INTO rip_operand(id,name,description,position,data_type,source,operand_type,value,globalversionid) 
 VALUES('10164','sSUBSCRIBERLESS_YES','','0','3','','5','Y','0');
INSERT INTO rip_operand(id,name,description,position,data_type,source,operand_type,value,globalversionid) 
 VALUES('10165','sSUBSCRIBERLESS_NO','','0','3','','5','N','0');
INSERT INTO rip_operand(id,name,description,position,data_type,source,operand_type,value,globalversionid) 
 VALUES('10149','sTDUMMYRATEPLANDESCRIPTION','','0','3','','5','DUMMY Prepaid-','0');
INSERT INTO rip_operand(id,name,description,position,data_type,source,operand_type,value,globalversionid) 
 VALUES('10116','sDEFAULT_RATE_PLAN','','0','3','','5','default','0');
INSERT INTO rip_operand(id,name,description,position,data_type,source,operand_type,value,globalversionid) 
 VALUES('10082','iDEFAULT_SERVICE','','0','1','','5','785','0');
INSERT INTO rip_operand(id,name,description,position,data_type,source,operand_type,value,globalversionid) 
 VALUES('10043','sPARTIALINDICATOR_COMPLETE','','0','3','','5','C','0');
INSERT INTO rip_operand(id,name,description,position,data_type,source,operand_type,value,globalversionid) 
 VALUES('10045','iSERVICETYPE_VALUE','','0','1','','5','1','0');
INSERT INTO rip_operand(id,name,description,position,data_type,source,operand_type,value,globalversionid) 
 VALUES('10051','sSOURCE_MACH','','0','3','','5','MACH','0');
INSERT INTO rip_operand(id,name,description,position,data_type,source,operand_type,value,globalversionid) 
 VALUES('10052','sSOURCE_CIBERNET','','0','3','','5','CIBERNET','0');
INSERT INTO rip_operand(id,name,description,position,data_type,source,operand_type,value,globalversionid) 
 VALUES('5058','iPRS_SERVICE','','0','1','','5','128','0');
INSERT INTO rip_operand(id,name,description,position,data_type,source,operand_type,value,globalversionid) 
 VALUES('5040','s_DU_IMSI_PREFIX','','0','3','','5','42403','0');
INSERT INTO rip_operand(id,name,description,position,data_type,source,operand_type,value,globalversionid) 
 VALUES('17','iINTERNATIONAL_CALL_TYPE','','0','1','','5','3','0');
INSERT INTO rip_operand(id,name,description,position,data_type,source,operand_type,value,globalversionid) 
 VALUES('26','sDU_COUNTRY_CODE_PREFIX','','0','3','','5','+971','0');
INSERT INTO rip_operand(id,name,description,position,data_type,source,operand_type,value,globalversionid) 
 VALUES('27','iLOCAL NUMBER','','0','1','','5','1','0');
INSERT INTO rip_operand(id,name,description,position,data_type,source,operand_type,value,globalversionid) 
 VALUES('28','iLONG_DISTANCE','','0','1','','5','2','0');
INSERT INTO rip_operand(id,name,description,position,data_type,source,operand_type,value,globalversionid) 
 VALUES('29','iNETWORK_ID','','0','1','','5','999','0');
INSERT INTO rip_operand(id,name,description,position,data_type,source,operand_type,value,globalversionid) 
 VALUES('30','iDEFAULT_SUBSCRIBER_ID','','0','1','','5','4','0');
INSERT INTO rip_operand(id,name,description,position,data_type,source,operand_type,value,globalversionid) 
 VALUES('33','iCDR_TYPE_WIRELESS_POSTPAID','','0','1','','5','1','0');
INSERT INTO rip_operand(id,name,description,position,data_type,source,operand_type,value,globalversionid) 
 VALUES('34','iCDR_TYPE_SUBSCRIBERLESS','','0','1','','5','8','0');
INSERT INTO rip_operand(id,name,description,position,data_type,source,operand_type,value,globalversionid) 
 VALUES('35','iCDR_TYPE_INVALID_SUBSCRIBER','','0','1','','5','7','0');
INSERT INTO rip_operand(id,name,description,position,data_type,source,operand_type,value,globalversionid) 
 VALUES('36','iCDR_CATEGORY_GSM','','0','1','','5','1','0');
INSERT INTO rip_operand(id,name,description,position,data_type,source,operand_type,value,globalversionid) 
 VALUES('37','iSERVICE_TYPE','','0','1','','5','2','0');
INSERT INTO rip_operand(id,name,description,position,data_type,source,operand_type,value,globalversionid) 
 VALUES('42','iINVALID_SUBSCRIBERID','','0','1','','5','1','0');
INSERT INTO rip_operand(id,name,description,position,data_type,source,operand_type,value,globalversionid) 
 VALUES('43','iENABLED','','0','1','','5','1','0');
INSERT INTO rip_operand(id,name,description,position,data_type,source,operand_type,value,globalversionid) 
 VALUES('53','sRATETYPE_WIRELESS_PREPAID','','0','3','','5','TF','0');
INSERT INTO rip_operand(id,name,description,position,data_type,source,operand_type,value,globalversionid) 
 VALUES('54','sRATETYPE_INVALID_SUBSCRIBER','','0','3','','5','IV','0');
INSERT INTO rip_operand(id,name,description,position,data_type,source,operand_type,value,globalversionid) 
 VALUES('50','iDURATION','','0','1','','5','0','0');
INSERT INTO rip_operand(id,name,description,position,data_type,source,operand_type,value,globalversionid) 
 VALUES('51','iSERVICE','','0','1','','5','16','0');
INSERT INTO rip_operand(id,name,description,position,data_type,source,operand_type,value,globalversionid) 
 VALUES('52','sRATETYPE_WIRELESS_POSTPAID','','0','3','','5','GS','0');
INSERT INTO rip_operand(id,name,description,position,data_type,source,operand_type,value,globalversionid) 
 VALUES('56','sCALLTYPE_SMS','','0','3','','5','S','0');
INSERT INTO rip_operand(id,name,description,position,data_type,source,operand_type,value,globalversionid) 
 VALUES('64','rDEFAULT_SMS_RATE','','0','2','','5','0','0');
INSERT INTO rip_operand(id,name,description,position,data_type,source,operand_type,value,globalversionid) 
 VALUES('65','iIS_ATTEMPTED','','0','1','','5','0','0');
INSERT INTO rip_operand(id,name,description,position,data_type,source,operand_type,value,globalversionid) 
 VALUES('5045','i_CDR_TYPE_INROAMER','','0','1','','5','6','0');
INSERT INTO rip_operand(id,name,description,position,data_type,source,operand_type,value,globalversionid) 
 VALUES('5046','i_INROAMER_SUBSCRIBER_ID','','0','1','','5','2','0');
INSERT INTO rip_operand(id,name,description,position,data_type,source,operand_type,value,globalversionid) 
 VALUES('5047','i_IS_COMPLETE','','0','1','','5','1','0');
INSERT INTO rip_operand(id,name,description,position,data_type,source,operand_type,value,globalversionid) 
 VALUES('5050','r_ZERO','','0','2','','5','0','0');
INSERT INTO rip_operand(id,name,description,position,data_type,source,operand_type,value,globalversionid) 
 VALUES('5051','i_CALL_CONFERENCE_RECORD_TYPE','','0','1','','5','4','0');
INSERT INTO rip_operand(id,name,description,position,data_type,source,operand_type,value,globalversionid) 
 VALUES('5053','iPARTIAL_CDR','','0','1','','5','0','0');
INSERT INTO rip_operand(id,name,description,position,data_type,source,operand_type,value,globalversionid) 
 VALUES('5054','iCOMPLETE_CDR','','0','1','','5','1','0');
INSERT INTO rip_operand(id,name,description,position,data_type,source,operand_type,value,globalversionid) 
 VALUES('5015','sNULL','','0','3','','5','','0');
INSERT INTO rip_operand(id,name,description,position,data_type,source,operand_type,value,globalversionid) 
 VALUES('7035','iCDR_TYPE','','0','1','','5','5','0');
INSERT INTO rip_operand(id,name,description,position,data_type,source,operand_type,value,globalversionid) 
 VALUES('7040','iDEFAULT_RATE_PERCENTAGE','','0','2','','5','1','0');
INSERT INTO rip_operand(id,name,description,position,data_type,source,operand_type,value,globalversionid) 
 VALUES('7048','rDEFAULT_SDR_VALUE','','0','2','','5','100','0');
INSERT INTO rip_operand(id,name,description,position,data_type,source,operand_type,value,globalversionid) 
 VALUES('7050','iDEFAULT_SERVICE_FOR_TAPIN','','0','1','','5','32','0');
INSERT INTO rip_operand(id,name,description,position,data_type,source,operand_type,value,globalversionid) 
 VALUES('7051','rZERO_NATIONAL_RATE','','0','2','','5','0','0');
INSERT INTO rip_operand(id,name,description,position,data_type,source,operand_type,value,globalversionid) 
 VALUES('7021','i_RECORDTYPE_INCOMING','','0','1','','5','2','0');
INSERT INTO rip_operand(id,name,description,position,data_type,source,operand_type,value,globalversionid) 
 VALUES('7022','i_RECORDTYPE_OUTGOING','','0','1','','5','1','0');
INSERT INTO rip_operand(id,name,description,position,data_type,source,operand_type,value,globalversionid) 
 VALUES('10101','iPRODUCT_TYPE_POSTPAID','','0','1','','5','1','0');
INSERT INTO rip_operand(id,name,description,position,data_type,source,operand_type,value,globalversionid) 
 VALUES('10112','iSERVICE_INTERNATIONAL_ROAMING','','0','1','','5','64','0');
INSERT INTO rip_operand(id,name,description,position,data_type,source,operand_type,value,globalversionid) 
 VALUES('10113','iSERVICE_NATIONAL_ROAMING','','0','1','','5','32','0');
INSERT INTO rip_operand(id,name,description,position,data_type,source,operand_type,value,globalversionid) 
 VALUES('10127','iISCONFERENCE','','0','1','','5','1','0');
INSERT INTO rip_operand(id,name,description,position,data_type,source,operand_type,value,globalversionid) 
 VALUES('10128','iCALL_CONFERENCE_NEGETIVE','','0','1','','5','0','0');
INSERT INTO rip_operand(id,name,description,position,data_type,source,operand_type,value,globalversionid) 
 VALUES('10137','iPRODUCT_TYPE_PREPAID','','0','1','','5','2','0');
INSERT INTO rip_operand(id,name,description,position,data_type,source,operand_type,value,globalversionid) 
 VALUES('10139','iCDR_TYPE_WIRELESS_PREPAID','','0','1','','5','2','0');
INSERT INTO rip_operand(id,name,description,position,data_type,source,operand_type,value,globalversionid) 
 VALUES('10145','iSUBSCRIBER_DISCONNECTED','','0','1','','5','3','0');
INSERT INTO rip_operand(id,name,description,position,data_type,source,operand_type,value,globalversionid) 
 VALUES('10286','sFIRST_LEG','','0','3','','5','S','0');
INSERT INTO rip_operand(id,name,description,position,data_type,source,operand_type,value,globalversionid) 
 VALUES('10289','sLAST_LEG','','0','3','','5','E','0');
INSERT INTO rip_operand(id,name,description,position,data_type,source,operand_type,value,globalversionid) 
 VALUES('10290','iLASTLEG_ISCOMPLETE','','0','1','','5','2','0');
INSERT INTO rip_operand(id,name,description,position,data_type,source,operand_type,value,globalversionid) 
 VALUES('10294','iSECONDS_PER_YEAR','','0','1','','5','31536000','0');
INSERT INTO rip_operand(id,name,description,position,data_type,source,operand_type,value,globalversionid) 
 VALUES('10394','iCS_DEFAULT_SERVICE','','0','1','','5','12','0');
INSERT INTO rip_operand(id,name,description,position,data_type,source,operand_type,value,globalversionid) 
 VALUES('10397','sGSM','','0','3','','5','GSM','0');
INSERT INTO rip_operand(id,name,description,position,data_type,source,operand_type,value,globalversionid) 
 VALUES('10398','sCS','','0','3','','5','CS','0');
INSERT INTO rip_operand(id,name,description,position,data_type,source,operand_type,value,globalversionid) 
 VALUES('10403','iCS_SERVICE_0','','0','1','','5','0','0');
INSERT INTO rip_lpm_group(id,name,globalversionid) 
 VALUES('7007','Du MMS UNF','0');
INSERT INTO rip_lpm_group(id,name,globalversionid) 
 VALUES('1','Du SMS UNF','0');
INSERT INTO rip_lpm_group(id,name,globalversionid) 
 VALUES('5002','Du CDR UNF','0');
INSERT INTO rip_lpm_group(id,name,globalversionid) 
 VALUES('7001','Du TAPIN UNF','0');
INSERT INTO rip_lpm_group(id,name,globalversionid) 
 VALUES('7003','Du SUBSCRIBER UNF','0');
INSERT INTO rip_lpm_group(id,name,globalversionid) 
 VALUES('7005','Du EDCH  UNF','0');
INSERT INTO rip_lpm_search_replace(lpm_id,search_prefix,replace_prefix) 
 VALUES('7007','','+');
INSERT INTO rip_lpm_search_replace(lpm_id,search_prefix,replace_prefix) 
 VALUES('1','888','+971888');
INSERT INTO rip_lpm_search_replace(lpm_id,search_prefix,replace_prefix) 
 VALUES('1','971','+971');
INSERT INTO rip_lpm_search_replace(lpm_id,search_prefix,replace_prefix) 
 VALUES('1','','+');
INSERT INTO rip_lpm_search_replace(lpm_id,search_prefix,replace_prefix) 
 VALUES('5002','888','+971888');
INSERT INTO rip_lpm_search_replace(lpm_id,search_prefix,replace_prefix) 
 VALUES('5002','971','+971');
INSERT INTO rip_lpm_search_replace(lpm_id,search_prefix,replace_prefix) 
 VALUES('5002','','+');
INSERT INTO rip_lpm_search_replace(lpm_id,search_prefix,replace_prefix) 
 VALUES('7001','','+');
INSERT INTO rip_lpm_search_replace(lpm_id,search_prefix,replace_prefix) 
 VALUES('7003','','+');
INSERT INTO rip_lpm_search_replace(lpm_id,search_prefix,replace_prefix) 
 VALUES('7005','971','+971');
INSERT INTO rip_lpm_search_replace(lpm_id,search_prefix,replace_prefix) 
 VALUES('7005','','+');
INSERT INTO rip_logger(logger_id,name,description,log_file_path,raw_record_file_path,log_file_name,raw_record_file_name,message_format,file_split_flag,globalversionid,is_default_logger) 
 VALUES('40','recordtypeinvalid','','$REVMAXHOME/log','','${INPUT_FILE_NAME}','','Record type invalid : ${COMPONENT_INPUT_FIELD_VALUES}','1','0','0');
INSERT INTO rip_logger(logger_id,name,description,log_file_path,raw_record_file_path,log_file_name,raw_record_file_name,message_format,file_split_flag,globalversionid,is_default_logger) 
 VALUES('41','invalidprepaidpostpaidindicator','','$REVMAXHOME/log','','${INPUT_FILE_NAME}','','Invalid Postpaid Prepaid : ${COMPONENT_INPUT_FIELD_VALUES}','1','0','0');
INSERT INTO rip_logger(logger_id,name,description,log_file_path,raw_record_file_path,log_file_name,raw_record_file_name,message_format,file_split_flag,globalversionid,is_default_logger) 
 VALUES('126','Default Rejected Log','Default Rejected Log','$REVMAXHOME/log/','','${DATA_STREAM_NAME}.rejected.default.log','','Message : ${MESSAGE}
Raw Record : ${RAW_RECORD}
','1','0','1');
INSERT INTO rip_output_field_group(id,name,description,globalversionid) 
 VALUES('10001','DU SUBSCRIBER DS','','0');
INSERT INTO rip_output_field_group(id,name,description,globalversionid) 
 VALUES('5001','DU CDR DS','','0');
INSERT INTO rip_output_field_group(id,name,description,globalversionid) 
 VALUES('1','Du SMS DS','','0');
INSERT INTO rip_output_field_group(id,name,description,globalversionid) 
 VALUES('7001','DU TAPIN DS','','0');
INSERT INTO rip_output_field_group(id,name,description,globalversionid) 
 VALUES('10003','DU MMS DS','','0');
INSERT INTO rip_output_field_config(id,field_name,data_type,is_discrete,output_field_position,output_field_format,output_field_group_id,dbname,dblength) 
 VALUES('10088','O_sGeographic_position','3','1','21','','10003','z_O_sGeographic_position','1');
INSERT INTO rip_output_field_config(id,field_name,data_type,is_discrete,output_field_position,output_field_format,output_field_group_id,dbname,dblength) 
 VALUES('10089','O_sCause_for_session','3','1','22','','10003','z_O_sCause_for_session','1');
INSERT INTO rip_output_field_config(id,field_name,data_type,is_discrete,output_field_position,output_field_format,output_field_group_id,dbname,dblength) 
 VALUES('10090','O_sPDP_Type','3','1','23','','10003','z_O_sPDP_Type','1');
INSERT INTO rip_output_field_config(id,field_name,data_type,is_discrete,output_field_position,output_field_format,output_field_group_id,dbname,dblength) 
 VALUES('10091','O_sServed_PDP_Address','3','1','24','','10003','z_O_sServed_PDP_Address','1');
INSERT INTO rip_output_field_config(id,field_name,data_type,is_discrete,output_field_position,output_field_format,output_field_group_id,dbname,dblength) 
 VALUES('10092','O_sSender_Terminal_Type','3','1','25','','10003','z_O_sSender_Terminal_Type','1');
INSERT INTO rip_output_field_config(id,field_name,data_type,is_discrete,output_field_position,output_field_format,output_field_group_id,dbname,dblength) 
 VALUES('10093','O_sSender_Term_IP_addrs','3','1','26','','10003','z_O_sSender_Term_IP_addrs','1');
INSERT INTO rip_output_field_config(id,field_name,data_type,is_discrete,output_field_position,output_field_format,output_field_group_id,dbname,dblength) 
 VALUES('10094','O_sOrig_Vasp_Id','3','1','27','','10003','z_O_sOrig_Vasp_Id','1');
INSERT INTO rip_output_field_config(id,field_name,data_type,is_discrete,output_field_position,output_field_format,output_field_group_id,dbname,dblength) 
 VALUES('10095','O_sOrig_Vas_Id','3','1','28','','10003','z_O_sOrig_Vas_Id','1');
INSERT INTO rip_output_field_config(id,field_name,data_type,is_discrete,output_field_position,output_field_format,output_field_group_id,dbname,dblength) 
 VALUES('10096','O_sSender_Roaming_Class','3','1','29','','10003','z_O_sSender_Roaming_Class','1');
INSERT INTO rip_output_field_config(id,field_name,data_type,is_discrete,output_field_position,output_field_format,output_field_group_id,dbname,dblength) 
 VALUES('10097','O_sRecipient_TerminalIP','3','1','30','','10003','z_O_sRecipient_TerminalIP','1');
INSERT INTO rip_output_field_config(id,field_name,data_type,is_discrete,output_field_position,output_field_format,output_field_group_id,dbname,dblength) 
 VALUES('10098','O_sAddrs_Hiding_Status','3','1','31','','10003','z_O_sAddrs_Hiding_Status','1');
INSERT INTO rip_output_field_config(id,field_name,data_type,is_discrete,output_field_position,output_field_format,output_field_group_id,dbname,dblength) 
 VALUES('10099','O_sDest_Vasp_Id','3','1','32','','10003','z_O_sDest_Vasp_Id','1');
INSERT INTO rip_output_field_config(id,field_name,data_type,is_discrete,output_field_position,output_field_format,output_field_group_id,dbname,dblength) 
 VALUES('10100','O_sDest_Vas_Id','3','1','33','','10003','z_O_sDest_Vas_Id','1');
INSERT INTO rip_output_field_config(id,field_name,data_type,is_discrete,output_field_position,output_field_format,output_field_group_id,dbname,dblength) 
 VALUES('10101','O_sRcpt_Roaming_class','3','1','34','','10003','z_O_sRcpt_Roaming_class','1');
INSERT INTO rip_output_field_config(id,field_name,data_type,is_discrete,output_field_position,output_field_format,output_field_group_id,dbname,dblength) 
 VALUES('10102','O_sForwarded_By','3','1','35','','10003','z_O_sForwarded_By','1');
INSERT INTO rip_output_field_config(id,field_name,data_type,is_discrete,output_field_position,output_field_format,output_field_group_id,dbname,dblength) 
 VALUES('10103','O_sMessage_Id','3','1','36','','10003','z_O_sMessage_Id','1');
INSERT INTO rip_output_field_config(id,field_name,data_type,is_discrete,output_field_position,output_field_format,output_field_group_id,dbname,dblength) 
 VALUES('10104','O_sPriority','3','1','37','','10003','z_O_sPriority','1');
INSERT INTO rip_output_field_config(id,field_name,data_type,is_discrete,output_field_position,output_field_format,output_field_group_id,dbname,dblength) 
 VALUES('10105','O_sCNT_SIZE_VIDEO','3','1','38','','10003','z_O_sCNT_SIZE_VIDEO','1');
INSERT INTO rip_output_field_config(id,field_name,data_type,is_discrete,output_field_position,output_field_format,output_field_group_id,dbname,dblength) 
 VALUES('10106','O_sCNT_NUMBER_VIDEO','3','1','39','','10003','z_O_sCNT_NUMBER_VIDEO','1');
INSERT INTO rip_output_field_config(id,field_name,data_type,is_discrete,output_field_position,output_field_format,output_field_group_id,dbname,dblength) 
 VALUES('10107','O_sCNT_SIZE_AUDIO','3','1','40','','10003','z_O_sCNT_SIZE_AUDIO','1');
INSERT INTO rip_output_field_config(id,field_name,data_type,is_discrete,output_field_position,output_field_format,output_field_group_id,dbname,dblength) 
 VALUES('10108','O_sCNT_NUMBER_AUDIO','3','1','41','','10003','z_O_sCNT_NUMBER_AUDIO','1');
INSERT INTO rip_output_field_config(id,field_name,data_type,is_discrete,output_field_position,output_field_format,output_field_group_id,dbname,dblength) 
 VALUES('10109','O_sCNT_SIZE_IMAGE','3','1','42','','10003','z_O_sCNT_SIZE_IMAGE','1');
INSERT INTO rip_output_field_config(id,field_name,data_type,is_discrete,output_field_position,output_field_format,output_field_group_id,dbname,dblength) 
 VALUES('10110','O_sCNT_NUMBER_IMAGE','3','1','43','','10003','z_O_sCNT_NUMBER_IMAGE','1');
INSERT INTO rip_output_field_config(id,field_name,data_type,is_discrete,output_field_position,output_field_format,output_field_group_id,dbname,dblength) 
 VALUES('10111','O_sCNT_SIZE_TEXT','3','1','44','','10003','z_O_sCNT_SIZE_TEXT','1');
INSERT INTO rip_output_field_config(id,field_name,data_type,is_discrete,output_field_position,output_field_format,output_field_group_id,dbname,dblength) 
 VALUES('10112','O_sCNT_NUMBER_TEXT','3','1','45','','10003','z_O_sCNT_NUMBER_TEXT','1');
INSERT INTO rip_output_field_config(id,field_name,data_type,is_discrete,output_field_position,output_field_format,output_field_group_id,dbname,dblength) 
 VALUES('10113','O_sCNT_SIZE_OTHER','3','1','46','','10003','z_O_sCNT_SIZE_OTHER','1');
INSERT INTO rip_output_field_config(id,field_name,data_type,is_discrete,output_field_position,output_field_format,output_field_group_id,dbname,dblength) 
 VALUES('10114','O_sCNT_NUMBER_OTHER','3','1','47','','10003','z_O_sCNT_NUMBER_OTHER','1');
INSERT INTO rip_output_field_config(id,field_name,data_type,is_discrete,output_field_position,output_field_format,output_field_group_id,dbname,dblength) 
 VALUES('10115','O_sRecipient_Number','3','1','48','','10003','z_O_sRecipient_Number','1');
INSERT INTO rip_output_field_config(id,field_name,data_type,is_discrete,output_field_position,output_field_format,output_field_group_id,dbname,dblength) 
 VALUES('10116','O_sNo_of_sfl_Recipients','3','1','49','','10003','z_O_sNo_of_sfl_Recipients','1');
INSERT INTO rip_output_field_config(id,field_name,data_type,is_discrete,output_field_position,output_field_format,output_field_group_id,dbname,dblength) 
 VALUES('10117','O_sDest_MMSC','3','1','50','','10003','z_O_sDest_MMSC','1');
INSERT INTO rip_output_field_config(id,field_name,data_type,is_discrete,output_field_position,output_field_format,output_field_group_id,dbname,dblength) 
 VALUES('10118','O_sDelivery_Status','3','1','51','','10003','z_O_sDelivery_Status','1');
INSERT INTO rip_output_field_config(id,field_name,data_type,is_discrete,output_field_position,output_field_format,output_field_group_id,dbname,dblength) 
 VALUES('10119','O_sError_Cause','3','1','52','','10003','z_O_sError_Cause','1');
INSERT INTO rip_output_field_config(id,field_name,data_type,is_discrete,output_field_position,output_field_format,output_field_group_id,dbname,dblength) 
 VALUES('10120','O_sTariff_class','3','1','53','','10003','z_O_sTariff_class','1');
INSERT INTO rip_output_field_config(id,field_name,data_type,is_discrete,output_field_position,output_field_format,output_field_group_id,dbname,dblength) 
 VALUES('10121','O_sMessage_Class','3','1','54','','10003','z_O_sMessage_Class','1');
INSERT INTO rip_output_field_config(id,field_name,data_type,is_discrete,output_field_position,output_field_format,output_field_group_id,dbname,dblength) 
 VALUES('10122','O_sSender_Charging_type','3','1','55','','10003','z_O_sSender_Charging_type','1');
INSERT INTO rip_output_field_config(id,field_name,data_type,is_discrete,output_field_position,output_field_format,output_field_group_id,dbname,dblength) 
 VALUES('10123','O_sRecipient_chrg_type','3','1','56','','10003','z_O_sRecipient_chrg_type','1');
INSERT INTO rip_output_field_config(id,field_name,data_type,is_discrete,output_field_position,output_field_format,output_field_group_id,dbname,dblength) 
 VALUES('10124','O_sSender_PrepaidStatus','3','1','57','','10003','z_O_sSender_PrepaidStatus','1');
INSERT INTO rip_output_field_config(id,field_name,data_type,is_discrete,output_field_position,output_field_format,output_field_group_id,dbname,dblength) 
 VALUES('10125','O_sRecpt_PrepaidStatus','3','1','58','','10003','z_O_sRecpt_PrepaidStatus','1');
INSERT INTO rip_output_field_config(id,field_name,data_type,is_discrete,output_field_position,output_field_format,output_field_group_id,dbname,dblength) 
 VALUES('10126','O_sOther_Party_Number','3','1','59','','10003','z_O_sOther_Party_Number','1');
INSERT INTO rip_output_field_config(id,field_name,data_type,is_discrete,output_field_position,output_field_format,output_field_group_id,dbname,dblength) 
 VALUES('10130','O_sFile_Name','3','1','60','','10003','z_O_sFile_Name','1');
INSERT INTO rip_output_field_config(id,field_name,data_type,is_discrete,output_field_position,output_field_format,output_field_group_id,dbname,dblength) 
 VALUES('10062','O_sIsSubscriberLess','3','1','27','','7001','z_O_sIsSubscriberLess','1');
INSERT INTO rip_output_field_config(id,field_name,data_type,is_discrete,output_field_position,output_field_format,output_field_group_id,dbname,dblength) 
 VALUES('10063','O_sIs_SubscriberLess','3','1','27','','5001','z_O_sIs_SubscriberLess','1');
INSERT INTO rip_output_field_config(id,field_name,data_type,is_discrete,output_field_position,output_field_format,output_field_group_id,dbname,dblength) 
 VALUES('10064','O_sIsSubscriberLess','3','1','27','','1','z_O_sIsSubscriberLess','1');
INSERT INTO rip_output_field_config(id,field_name,data_type,is_discrete,output_field_position,output_field_format,output_field_group_id,dbname,dblength) 
 VALUES('7013','O_iSubscriber_id','1','0','13','','7001','z_O_iSubscriber_id','1');
INSERT INTO rip_output_field_config(id,field_name,data_type,is_discrete,output_field_position,output_field_format,output_field_group_id,dbname,dblength) 
 VALUES('7014','O_rValue','2','0','14','6|1','7001','z_O_rValue','1,0');
INSERT INTO rip_output_field_config(id,field_name,data_type,is_discrete,output_field_position,output_field_format,output_field_group_id,dbname,dblength) 
 VALUES('7015','O_iCDR_type','1','0','15','','7001','z_O_iCDR_type','1');
INSERT INTO rip_output_field_config(id,field_name,data_type,is_discrete,output_field_position,output_field_format,output_field_group_id,dbname,dblength) 
 VALUES('7016','O_iService_type','1','0','16','','7001','z_O_iService_type','1');
INSERT INTO rip_output_field_config(id,field_name,data_type,is_discrete,output_field_position,output_field_format,output_field_group_id,dbname,dblength) 
 VALUES('7017','O_iCDR_category','1','0','17','','7001','z_O_iCDR_category','1');
INSERT INTO rip_output_field_config(id,field_name,data_type,is_discrete,output_field_position,output_field_format,output_field_group_id,dbname,dblength) 
 VALUES('7018','O_iIs_complete','1','0','18','','7001','z_O_iIs_complete','1');
INSERT INTO rip_output_field_config(id,field_name,data_type,is_discrete,output_field_position,output_field_format,output_field_group_id,dbname,dblength) 
 VALUES('7019','O_sCo_relatedfield','3','1','19','','7001','z_O_sCo_relatedfield','1');
INSERT INTO rip_output_field_config(id,field_name,data_type,is_discrete,output_field_position,output_field_format,output_field_group_id,dbname,dblength) 
 VALUES('7020','O_iIs_attempted','1','0','20','','7001','z_O_iIs_attempted','1');
INSERT INTO rip_output_field_config(id,field_name,data_type,is_discrete,output_field_position,output_field_format,output_field_group_id,dbname,dblength) 
 VALUES('7021','O_iService','1','0','21','','7001','z_O_iService','1');
INSERT INTO rip_output_field_config(id,field_name,data_type,is_discrete,output_field_position,output_field_format,output_field_group_id,dbname,dblength) 
 VALUES('7022','O_sPhone_number','3','1','22','','7001','z_O_sPhone_number','1');
INSERT INTO rip_output_field_config(id,field_name,data_type,is_discrete,output_field_position,output_field_format,output_field_group_id,dbname,dblength) 
 VALUES('7023','O_sSource','3','1','23','','7001','z_O_sSource','1');
INSERT INTO rip_output_field_config(id,field_name,data_type,is_discrete,output_field_position,output_field_format,output_field_group_id,dbname,dblength) 
 VALUES('7024','O_iPartial_indicator','3','1','24','','7001','z_O_iPartial_indicator','1');
INSERT INTO rip_output_field_config(id,field_name,data_type,is_discrete,output_field_position,output_field_format,output_field_group_id,dbname,dblength) 
 VALUES('7026','O_sRate_Plan','3','1','25','','7001','z_O_sRate_Plan','1');
INSERT INTO rip_output_field_config(id,field_name,data_type,is_discrete,output_field_position,output_field_format,output_field_group_id,dbname,dblength) 
 VALUES('10056','O_sCell_Site_Name','3','1','25','','1','z_O_sCell_Site_Name','1');
INSERT INTO rip_output_field_config(id,field_name,data_type,is_discrete,output_field_position,output_field_format,output_field_group_id,dbname,dblength) 
 VALUES('10053','O_sGroup_Description','3','1','52','','10001','z_O_sGroup_Description','1');
INSERT INTO rip_output_field_config(id,field_name,data_type,is_discrete,output_field_position,output_field_format,output_field_group_id,dbname,dblength) 
 VALUES('10054','O_sRatePlan_ID','3','1','53','','10001','z_O_sRatePlan_ID','1');
INSERT INTO rip_output_field_config(id,field_name,data_type,is_discrete,output_field_position,output_field_format,output_field_group_id,dbname,dblength) 
 VALUES('10001','O_sAccount_Name','3','1','1','','10001','z_O_sAccount_Name','1');
INSERT INTO rip_output_field_config(id,field_name,data_type,is_discrete,output_field_position,output_field_format,output_field_group_id,dbname,dblength) 
 VALUES('10002','O_dAccount_DOA','4','1','2','dd/mm/yyyy','10001','z_O_dAccount_DOA','');
INSERT INTO rip_output_field_config(id,field_name,data_type,is_discrete,output_field_position,output_field_format,output_field_group_id,dbname,dblength) 
 VALUES('10003','O_sNetwork_Id','1','0','3','','10001','z_O_sNetwork_Id','1');
INSERT INTO rip_output_field_config(id,field_name,data_type,is_discrete,output_field_position,output_field_format,output_field_group_id,dbname,dblength) 
 VALUES('10004','O_sFirst_Name','3','1','4','','10001','z_O_sFirst_Name','1');
INSERT INTO rip_output_field_config(id,field_name,data_type,is_discrete,output_field_position,output_field_format,output_field_group_id,dbname,dblength) 
 VALUES('10005','O_sMiddle_Name','3','1','5','','10001','z_O_sMiddle_Name','1');
INSERT INTO rip_output_field_config(id,field_name,data_type,is_discrete,output_field_position,output_field_format,output_field_group_id,dbname,dblength) 
 VALUES('10006','O_sLast_Name','3','1','6','','10001','z_O_sLast_Name','1');
INSERT INTO rip_output_field_config(id,field_name,data_type,is_discrete,output_field_position,output_field_format,output_field_group_id,dbname,dblength) 
 VALUES('10007','O_sAddress_Line1','3','1','7','','10001','z_O_sAddress_Line1','1');
INSERT INTO rip_output_field_config(id,field_name,data_type,is_discrete,output_field_position,output_field_format,output_field_group_id,dbname,dblength) 
 VALUES('10008','O_sAddress_Line2','3','1','8','','10001','z_O_sAddress_Line2','1');
INSERT INTO rip_output_field_config(id,field_name,data_type,is_discrete,output_field_position,output_field_format,output_field_group_id,dbname,dblength) 
 VALUES('10009','O_sAddress_Line3','3','1','9','','10001','z_O_sAddress_Line3','1');
INSERT INTO rip_output_field_config(id,field_name,data_type,is_discrete,output_field_position,output_field_format,output_field_group_id,dbname,dblength) 
 VALUES('10010','O_sCity','3','1','10','','10001','z_O_sCity','1');
INSERT INTO rip_output_field_config(id,field_name,data_type,is_discrete,output_field_position,output_field_format,output_field_group_id,dbname,dblength) 
 VALUES('10011','O_sPost_Code','3','1','11','','10001','z_O_sPost_Code','1');
INSERT INTO rip_output_field_config(id,field_name,data_type,is_discrete,output_field_position,output_field_format,output_field_group_id,dbname,dblength) 
 VALUES('10012','O_sCredit_Limit','3','1','12','','10001','z_O_sCredit_Limit','1');
INSERT INTO rip_output_field_config(id,field_name,data_type,is_discrete,output_field_position,output_field_format,output_field_group_id,dbname,dblength) 
 VALUES('10013','O_sPhone_Number','3','1','13','','10001','z_O_sPhone_Number','1');
INSERT INTO rip_output_field_config(id,field_name,data_type,is_discrete,output_field_position,output_field_format,output_field_group_id,dbname,dblength) 
 VALUES('10014','O_dSubcscriber_DOA','4','1','14','dd/mm/yyyy','10001','z_O_dSubcscriber_DOA','');
INSERT INTO rip_output_field_config(id,field_name,data_type,is_discrete,output_field_position,output_field_format,output_field_group_id,dbname,dblength) 
 VALUES('10015','O_sHome_Phone_Number','3','1','15','','10001','z_O_sHome_Phone_Number','1');
INSERT INTO rip_output_field_config(id,field_name,data_type,is_discrete,output_field_position,output_field_format,output_field_group_id,dbname,dblength) 
 VALUES('10016','O_sOffice_Phone_Number','3','1','16','','10001','z_O_sOffice_Phone_Number','1');
INSERT INTO rip_output_field_config(id,field_name,data_type,is_discrete,output_field_position,output_field_format,output_field_group_id,dbname,dblength) 
 VALUES('10017','O_sContact_Phone_Number','3','1','17','','10001','z_O_sContact_Phone_Number','1');
INSERT INTO rip_output_field_config(id,field_name,data_type,is_discrete,output_field_position,output_field_format,output_field_group_id,dbname,dblength) 
 VALUES('10018','O_sMCN1','3','1','18','','10001','z_O_sMCN1','1');
INSERT INTO rip_output_field_config(id,field_name,data_type,is_discrete,output_field_position,output_field_format,output_field_group_id,dbname,dblength) 
 VALUES('10019','O_sMCN2','3','1','19','','10001','z_O_sMCN2','1');
INSERT INTO rip_output_field_config(id,field_name,data_type,is_discrete,output_field_position,output_field_format,output_field_group_id,dbname,dblength) 
 VALUES('10020','O_sIMSI','3','1','20','','10001','z_O_sIMSI','1');
INSERT INTO rip_output_field_config(id,field_name,data_type,is_discrete,output_field_position,output_field_format,output_field_group_id,dbname,dblength) 
 VALUES('10021','O_sIMEI','3','1','21','','10001','z_O_sIMEI','1');
INSERT INTO rip_output_field_config(id,field_name,data_type,is_discrete,output_field_position,output_field_format,output_field_group_id,dbname,dblength) 
 VALUES('10022','O_iConnection_Type','1','0','22','','10001','z_O_iConnection_Type','1');
INSERT INTO rip_output_field_config(id,field_name,data_type,is_discrete,output_field_position,output_field_format,output_field_group_id,dbname,dblength) 
 VALUES('10023','O_sGroups','3','1','23','','10001','z_O_sGroups','1');
INSERT INTO rip_output_field_config(id,field_name,data_type,is_discrete,output_field_position,output_field_format,output_field_group_id,dbname,dblength) 
 VALUES('10024','O_iServices','1','0','24','','10001','z_O_iServices','1');
INSERT INTO rip_output_field_config(id,field_name,data_type,is_discrete,output_field_position,output_field_format,output_field_group_id,dbname,dblength) 
 VALUES('10025','O_iQoS','1','0','25','','10001','z_O_iQoS','1');
INSERT INTO rip_output_field_config(id,field_name,data_type,is_discrete,output_field_position,output_field_format,output_field_group_id,dbname,dblength) 
 VALUES('10026','O_iProduct_Type','1','0','26','','10001','z_O_iProduct_Type','1');
INSERT INTO rip_output_field_config(id,field_name,data_type,is_discrete,output_field_position,output_field_format,output_field_group_id,dbname,dblength) 
 VALUES('10027','O_iAction_Indicator','1','0','27','','10001','z_O_iAction_Indicator','1');
INSERT INTO rip_output_field_config(id,field_name,data_type,is_discrete,output_field_position,output_field_format,output_field_group_id,dbname,dblength) 
 VALUES('10028','O_dExpiry_date','4','1','29','dd/mm/yyyy','10001','z_O_dExpiry_date','');
INSERT INTO rip_output_field_config(id,field_name,data_type,is_discrete,output_field_position,output_field_format,output_field_group_id,dbname,dblength) 
 VALUES('10036','O_sSubscription_Type','3','1','36','','10001','z_O_sSubscription_Type','1');
INSERT INTO rip_output_field_config(id,field_name,data_type,is_discrete,output_field_position,output_field_format,output_field_group_id,dbname,dblength) 
 VALUES('10030','O_sRatePlan_Account','3','1','28','','10001','z_O_sRatePlan_Account','1');
INSERT INTO rip_output_field_config(id,field_name,data_type,is_discrete,output_field_position,output_field_format,output_field_group_id,dbname,dblength) 
 VALUES('10031','O_iGrace_Period','1','0','30','','10001','z_O_iGrace_Period','1');
INSERT INTO rip_output_field_config(id,field_name,data_type,is_discrete,output_field_position,output_field_format,output_field_group_id,dbname,dblength) 
 VALUES('10032','O_rActivation_Amount','2','0','31','6|1','10001','z_O_rActivation_Amount','1,0');
INSERT INTO rip_output_field_config(id,field_name,data_type,is_discrete,output_field_position,output_field_format,output_field_group_id,dbname,dblength) 
 VALUES('10033','O_sRatePlan_Subscriber','3','1','33','','10001','z_O_sRatePlan_Subscriber','1');
INSERT INTO rip_output_field_config(id,field_name,data_type,is_discrete,output_field_position,output_field_format,output_field_group_id,dbname,dblength) 
 VALUES('10034','O_sBill_Cycle_Subscribe','3','1','35','','10001','z_O_sBill_Cycle_Subscribe','1');
INSERT INTO rip_output_field_config(id,field_name,data_type,is_discrete,output_field_position,output_field_format,output_field_group_id,dbname,dblength) 
 VALUES('10035','O_sDate_Of_Birth','3','1','34','','10001','z_O_sDate_Of_Birth','1');
INSERT INTO rip_output_field_config(id,field_name,data_type,is_discrete,output_field_position,output_field_format,output_field_group_id,dbname,dblength) 
 VALUES('10037','O_sCredit_Class','3','1','37','','10001','z_O_sCredit_Class','1');
INSERT INTO rip_output_field_config(id,field_name,data_type,is_discrete,output_field_position,output_field_format,output_field_group_id,dbname,dblength) 
 VALUES('10038','O_sEnd_Service_Date','3','1','38','','10001','z_O_sEnd_Service_Date','1');
INSERT INTO rip_output_field_config(id,field_name,data_type,is_discrete,output_field_position,output_field_format,output_field_group_id,dbname,dblength) 
 VALUES('10039','O_sNationality','3','1','39','','10001','z_O_sNationality','1');
INSERT INTO rip_output_field_config(id,field_name,data_type,is_discrete,output_field_position,output_field_format,output_field_group_id,dbname,dblength) 
 VALUES('10040','O_sPassport_Number','3','1','40','','10001','z_O_sPassport_Number','1');
INSERT INTO rip_output_field_config(id,field_name,data_type,is_discrete,output_field_position,output_field_format,output_field_group_id,dbname,dblength) 
 VALUES('10041','O_sCompany_Reg_No','3','1','41','','10001','z_O_sCompany_Reg_No','1');
INSERT INTO rip_output_field_config(id,field_name,data_type,is_discrete,output_field_position,output_field_format,output_field_group_id,dbname,dblength) 
 VALUES('10042','O_sOptional_Field1','3','1','42','','10001','z_O_sOptional_Field1','1');
INSERT INTO rip_output_field_config(id,field_name,data_type,is_discrete,output_field_position,output_field_format,output_field_group_id,dbname,dblength) 
 VALUES('10043','O_sOptional_Field2','3','1','43','','10001','z_O_sOptional_Field2','1');
INSERT INTO rip_output_field_config(id,field_name,data_type,is_discrete,output_field_position,output_field_format,output_field_group_id,dbname,dblength) 
 VALUES('10044','O_sOptional_Field3','3','1','44','','10001','z_O_sOptional_Field3','1');
INSERT INTO rip_output_field_config(id,field_name,data_type,is_discrete,output_field_position,output_field_format,output_field_group_id,dbname,dblength) 
 VALUES('10045','O_sOptional_Field4','3','1','45','','10001','z_O_sOptional_Field4','1');
INSERT INTO rip_output_field_config(id,field_name,data_type,is_discrete,output_field_position,output_field_format,output_field_group_id,dbname,dblength) 
 VALUES('10046','O_sOptional_Field5','3','1','46','','10001','z_O_sOptional_Field5','1');
INSERT INTO rip_output_field_config(id,field_name,data_type,is_discrete,output_field_position,output_field_format,output_field_group_id,dbname,dblength) 
 VALUES('10047','O_sOptional_Field6','3','1','47','','10001','z_O_sOptional_Field6','1');
INSERT INTO rip_output_field_config(id,field_name,data_type,is_discrete,output_field_position,output_field_format,output_field_group_id,dbname,dblength) 
 VALUES('10048','O_rOptional_Field7','2','0','48','4|1','10001','z_O_rOptional_Field7','1,0');
INSERT INTO rip_output_field_config(id,field_name,data_type,is_discrete,output_field_position,output_field_format,output_field_group_id,dbname,dblength) 
 VALUES('10049','O_rOptional_Field8','2','0','49','4|1','10001','z_O_rOptional_Field8','1,0');
INSERT INTO rip_output_field_config(id,field_name,data_type,is_discrete,output_field_position,output_field_format,output_field_group_id,dbname,dblength) 
 VALUES('10050','O_rOptional_Field9','2','0','50','4|1','10001','z_O_rOptional_Field9','1,0');
INSERT INTO rip_output_field_config(id,field_name,data_type,is_discrete,output_field_position,output_field_format,output_field_group_id,dbname,dblength) 
 VALUES('10051','O_rOptional_Field10','2','0','51','4|1','10001','z_O_rOptional_Field10','1,0');
INSERT INTO rip_output_field_config(id,field_name,data_type,is_discrete,output_field_position,output_field_format,output_field_group_id,dbname,dblength) 
 VALUES('5001','O_dReceive_Time','4','1','1','yyyy/mm/dd hh24:mi:ss','5001','z_O_dReceive_Time','');
INSERT INTO rip_output_field_config(id,field_name,data_type,is_discrete,output_field_position,output_field_format,output_field_group_id,dbname,dblength) 
 VALUES('5002','O_iNetwork','1','0','2','','5001','z_O_iNetwork','1');
INSERT INTO rip_output_field_config(id,field_name,data_type,is_discrete,output_field_position,output_field_format,output_field_group_id,dbname,dblength) 
 VALUES('5003','O_sCallerNumber','3','1','3','','5001','z_O_sCallerNumber','1');
INSERT INTO rip_output_field_config(id,field_name,data_type,is_discrete,output_field_position,output_field_format,output_field_group_id,dbname,dblength) 
 VALUES('5004','O_sCalled_Number','3','1','4','','5001','z_O_sCalled_Number','1');
INSERT INTO rip_output_field_config(id,field_name,data_type,is_discrete,output_field_position,output_field_format,output_field_group_id,dbname,dblength) 
 VALUES('5005','O_sForwarded_Number','3','1','5','','5001','z_O_sForwarded_Number','1');
INSERT INTO rip_output_field_config(id,field_name,data_type,is_discrete,output_field_position,output_field_format,output_field_group_id,dbname,dblength) 
 VALUES('5006','O_iRecord_Type','1','0','6','','5001','z_O_iRecord_Type','1');
INSERT INTO rip_output_field_config(id,field_name,data_type,is_discrete,output_field_position,output_field_format,output_field_group_id,dbname,dblength) 
 VALUES('10134','O_rIN_Charge','2','0','62','6|1','10003','z_O_rIN_Charge','1,0');
INSERT INTO rip_output_field_config(id,field_name,data_type,is_discrete,output_field_position,output_field_format,output_field_group_id,dbname,dblength) 
 VALUES('10135','O_sCell_Site_Name','3','1','61','','10003','z_O_sCell_Site_Name','1');
INSERT INTO rip_output_field_config(id,field_name,data_type,is_discrete,output_field_position,output_field_format,output_field_group_id,dbname,dblength) 
 VALUES('10136','O_rIN_Charge','2','0','28','6|1','5001','z_O_rIN_Charge','1,0');
INSERT INTO rip_output_field_config(id,field_name,data_type,is_discrete,output_field_position,output_field_format,output_field_group_id,dbname,dblength) 
 VALUES('10137','O_rIN_Charge','2','0','28','6|1','1','z_O_rIN_Charge','1,0');
INSERT INTO rip_output_field_config(id,field_name,data_type,is_discrete,output_field_position,output_field_format,output_field_group_id,dbname,dblength) 
 VALUES('5007','O_iDuration','1','0','7','','5001','z_O_iDuration','1');
INSERT INTO rip_output_field_config(id,field_name,data_type,is_discrete,output_field_position,output_field_format,output_field_group_id,dbname,dblength) 
 VALUES('5008','O_dTimestamp','4','1','8','yyyy/mm/dd hh24:mi:ss','5001','z_O_dTimestamp','');
INSERT INTO rip_output_field_config(id,field_name,data_type,is_discrete,output_field_position,output_field_format,output_field_group_id,dbname,dblength) 
 VALUES('5009','O_sEqupmentId','3','1','9','','5001','z_O_sEqupmentId','1');
INSERT INTO rip_output_field_config(id,field_name,data_type,is_discrete,output_field_position,output_field_format,output_field_group_id,dbname,dblength) 
 VALUES('5010','O_sImsi_Esn_Number','3','1','10','','5001','z_O_sImsi_Esn_Number','1');
INSERT INTO rip_output_field_config(id,field_name,data_type,is_discrete,output_field_position,output_field_format,output_field_group_id,dbname,dblength) 
 VALUES('5011','O_sGeographic_Position','3','1','11','','5001','z_O_sGeographic_Position','1');
INSERT INTO rip_output_field_config(id,field_name,data_type,is_discrete,output_field_position,output_field_format,output_field_group_id,dbname,dblength) 
 VALUES('5012','O_iCalltype','1','0','12','','5001','z_O_iCalltype','1');
INSERT INTO rip_output_field_config(id,field_name,data_type,is_discrete,output_field_position,output_field_format,output_field_group_id,dbname,dblength) 
 VALUES('5013','O_iSubscriber_Id','1','0','13','','5001','z_O_iSubscriber_Id','1');
INSERT INTO rip_output_field_config(id,field_name,data_type,is_discrete,output_field_position,output_field_format,output_field_group_id,dbname,dblength) 
 VALUES('5014','O_rValue','2','0','14','6|1','5001','z_O_rValue','1,0');
INSERT INTO rip_output_field_config(id,field_name,data_type,is_discrete,output_field_position,output_field_format,output_field_group_id,dbname,dblength) 
 VALUES('5015','O_iCdr_Type','1','0','15','','5001','z_O_iCdr_Type','1');
INSERT INTO rip_output_field_config(id,field_name,data_type,is_discrete,output_field_position,output_field_format,output_field_group_id,dbname,dblength) 
 VALUES('5016','O_iService_Type','1','0','16','','5001','z_O_iService_Type','1');
INSERT INTO rip_output_field_config(id,field_name,data_type,is_discrete,output_field_position,output_field_format,output_field_group_id,dbname,dblength) 
 VALUES('5017','O_iCDR_Category','1','0','17','','5001','z_O_iCDR_Category','1');
INSERT INTO rip_output_field_config(id,field_name,data_type,is_discrete,output_field_position,output_field_format,output_field_group_id,dbname,dblength) 
 VALUES('5018','O_iIs_complete','1','0','18','','5001','z_O_iIs_complete','1');
INSERT INTO rip_output_field_config(id,field_name,data_type,is_discrete,output_field_position,output_field_format,output_field_group_id,dbname,dblength) 
 VALUES('5019','O_sCo_relatedFiled','3','1','19','','5001','z_O_sCo_relatedFiled','1');
INSERT INTO rip_output_field_config(id,field_name,data_type,is_discrete,output_field_position,output_field_format,output_field_group_id,dbname,dblength) 
 VALUES('5020','O_iIsattempted','1','0','20','','5001','z_O_iIsattempted','1');
INSERT INTO rip_output_field_config(id,field_name,data_type,is_discrete,output_field_position,output_field_format,output_field_group_id,dbname,dblength) 
 VALUES('5021','O_iService','1','0','21','','5001','z_O_iService','1');
INSERT INTO rip_output_field_config(id,field_name,data_type,is_discrete,output_field_position,output_field_format,output_field_group_id,dbname,dblength) 
 VALUES('5022','O_sPhone_Number','3','1','22','','5001','z_O_sPhone_Number','1');
INSERT INTO rip_output_field_config(id,field_name,data_type,is_discrete,output_field_position,output_field_format,output_field_group_id,dbname,dblength) 
 VALUES('5023','O_sSource','3','1','24','','5001','z_O_sSource','1');
INSERT INTO rip_output_field_config(id,field_name,data_type,is_discrete,output_field_position,output_field_format,output_field_group_id,dbname,dblength) 
 VALUES('5024','O_sCell_Site_Name','3','1','25','','5001','z_O_sCell_Site_Name','1');
INSERT INTO rip_output_field_config(id,field_name,data_type,is_discrete,output_field_position,output_field_format,output_field_group_id,dbname,dblength) 
 VALUES('1','O_dReceive Time','4','1','1','yyyy/mm/dd hh24:mi:ss','1','z_O_dReceive_Time','');
INSERT INTO rip_output_field_config(id,field_name,data_type,is_discrete,output_field_position,output_field_format,output_field_group_id,dbname,dblength) 
 VALUES('2','O_iNetwork','1','0','2','','1','z_O_iNetwork','1');
INSERT INTO rip_output_field_config(id,field_name,data_type,is_discrete,output_field_position,output_field_format,output_field_group_id,dbname,dblength) 
 VALUES('3','O_sCaller_Number','3','1','3','','1','z_O_sCaller_Number','1');
INSERT INTO rip_output_field_config(id,field_name,data_type,is_discrete,output_field_position,output_field_format,output_field_group_id,dbname,dblength) 
 VALUES('4','O_sCalled_Number','3','1','4','','1','z_O_sCalled_Number','1');
INSERT INTO rip_output_field_config(id,field_name,data_type,is_discrete,output_field_position,output_field_format,output_field_group_id,dbname,dblength) 
 VALUES('5','O_sForwarded_Number','3','1','5','','1','z_O_sForwarded_Number','1');
INSERT INTO rip_output_field_config(id,field_name,data_type,is_discrete,output_field_position,output_field_format,output_field_group_id,dbname,dblength) 
 VALUES('6','O_iRecord_Type','1','0','6','','1','z_O_iRecord_Type','1');
INSERT INTO rip_output_field_config(id,field_name,data_type,is_discrete,output_field_position,output_field_format,output_field_group_id,dbname,dblength) 
 VALUES('7','O_iDuration','1','0','7','','1','z_O_iDuration','1');
INSERT INTO rip_output_field_config(id,field_name,data_type,is_discrete,output_field_position,output_field_format,output_field_group_id,dbname,dblength) 
 VALUES('8','O_dTime_Stamp','4','1','8','yyyy/mm/dd hh24:mi:ss','1','z_O_dTime_Stamp','');
INSERT INTO rip_output_field_config(id,field_name,data_type,is_discrete,output_field_position,output_field_format,output_field_group_id,dbname,dblength) 
 VALUES('9','O_sEquipment_Id','3','1','9','','1','z_O_sEquipment_Id','1');
INSERT INTO rip_output_field_config(id,field_name,data_type,is_discrete,output_field_position,output_field_format,output_field_group_id,dbname,dblength) 
 VALUES('10','O_sIMSI_ESN_Number','3','1','10','','1','z_O_sIMSI_ESN_Number','1');
INSERT INTO rip_output_field_config(id,field_name,data_type,is_discrete,output_field_position,output_field_format,output_field_group_id,dbname,dblength) 
 VALUES('11','O_sGeographic_Position','3','1','11','','1','z_O_sGeographic_Position','1');
INSERT INTO rip_output_field_config(id,field_name,data_type,is_discrete,output_field_position,output_field_format,output_field_group_id,dbname,dblength) 
 VALUES('12','O_iCall_Type','1','0','12','','1','z_O_iCall_Type','1');
INSERT INTO rip_output_field_config(id,field_name,data_type,is_discrete,output_field_position,output_field_format,output_field_group_id,dbname,dblength) 
 VALUES('13','O_iService_Type','1','0','16','','1','z_O_iService_Type','1');
INSERT INTO rip_output_field_config(id,field_name,data_type,is_discrete,output_field_position,output_field_format,output_field_group_id,dbname,dblength) 
 VALUES('14','O_iCDR_Category','1','0','17','','1','z_O_iCDR_Category','1');
INSERT INTO rip_output_field_config(id,field_name,data_type,is_discrete,output_field_position,output_field_format,output_field_group_id,dbname,dblength) 
 VALUES('15','O_iIs_Complete','1','0','18','','1','z_O_iIs_Complete','1');
INSERT INTO rip_output_field_config(id,field_name,data_type,is_discrete,output_field_position,output_field_format,output_field_group_id,dbname,dblength) 
 VALUES('16','O_sCo_Related_field','3','1','19','','1','z_O_sCo_Related_field','1');
INSERT INTO rip_output_field_config(id,field_name,data_type,is_discrete,output_field_position,output_field_format,output_field_group_id,dbname,dblength) 
 VALUES('17','O_iIs_Attempted','1','0','20','','1','z_O_iIs_Attempted','1');
INSERT INTO rip_output_field_config(id,field_name,data_type,is_discrete,output_field_position,output_field_format,output_field_group_id,dbname,dblength) 
 VALUES('18','O_iService','1','0','21','','1','z_O_iService','1');
INSERT INTO rip_output_field_config(id,field_name,data_type,is_discrete,output_field_position,output_field_format,output_field_group_id,dbname,dblength) 
 VALUES('19','O_sPhone_Number','3','1','22','','1','z_O_sPhone_Number','1');
INSERT INTO rip_output_field_config(id,field_name,data_type,is_discrete,output_field_position,output_field_format,output_field_group_id,dbname,dblength) 
 VALUES('20','O_sSource','3','1','24','','1','z_O_sSource','1');
INSERT INTO rip_output_field_config(id,field_name,data_type,is_discrete,output_field_position,output_field_format,output_field_group_id,dbname,dblength) 
 VALUES('21','O_iSubscriber_Id','1','0','13','','1','z_O_iSubscriber_Id','1');
INSERT INTO rip_output_field_config(id,field_name,data_type,is_discrete,output_field_position,output_field_format,output_field_group_id,dbname,dblength) 
 VALUES('22','O_rValue','2','0','14','6|1','1','z_O_rValue','1,0');
INSERT INTO rip_output_field_config(id,field_name,data_type,is_discrete,output_field_position,output_field_format,output_field_group_id,dbname,dblength) 
 VALUES('23','O_iCDR_Type','1','0','15','','1','z_O_iCDR_Type','1');
INSERT INTO rip_output_field_config(id,field_name,data_type,is_discrete,output_field_position,output_field_format,output_field_group_id,dbname,dblength) 
 VALUES('7001','O_dReceive_Time','4','1','1','yyyy/mm/dd hh24:mi:ss','7001','z_O_dReceive_Time','');
INSERT INTO rip_output_field_config(id,field_name,data_type,is_discrete,output_field_position,output_field_format,output_field_group_id,dbname,dblength) 
 VALUES('7002','O_iNetwork','1','0','2','','7001','z_O_iNetwork','1');
INSERT INTO rip_output_field_config(id,field_name,data_type,is_discrete,output_field_position,output_field_format,output_field_group_id,dbname,dblength) 
 VALUES('7003','O_sCaller_number','3','1','3','','7001','z_O_sCaller_number','1');
INSERT INTO rip_output_field_config(id,field_name,data_type,is_discrete,output_field_position,output_field_format,output_field_group_id,dbname,dblength) 
 VALUES('7004','O_sCalled_number','3','1','4','','7001','z_O_sCalled_number','1');
INSERT INTO rip_output_field_config(id,field_name,data_type,is_discrete,output_field_position,output_field_format,output_field_group_id,dbname,dblength) 
 VALUES('7005','O_sForwarded_number','3','1','5','','7001','z_O_sForwarded_number','1');
INSERT INTO rip_output_field_config(id,field_name,data_type,is_discrete,output_field_position,output_field_format,output_field_group_id,dbname,dblength) 
 VALUES('10058','O_iIsconference','1','0','26','','5001','z_O_iIsconference','1');
INSERT INTO rip_output_field_config(id,field_name,data_type,is_discrete,output_field_position,output_field_format,output_field_group_id,dbname,dblength) 
 VALUES('10059','O_iIsconference','1','0','26','','1','z_O_iIsconference','1');
INSERT INTO rip_output_field_config(id,field_name,data_type,is_discrete,output_field_position,output_field_format,output_field_group_id,dbname,dblength) 
 VALUES('10060','O_iIsconference','1','0','26','','7001','z_O_iIsconference','1');
INSERT INTO rip_output_field_config(id,field_name,data_type,is_discrete,output_field_position,output_field_format,output_field_group_id,dbname,dblength) 
 VALUES('7006','O_iRecord_type','1','0','6','','7001','z_O_iRecord_type','1');
INSERT INTO rip_output_field_config(id,field_name,data_type,is_discrete,output_field_position,output_field_format,output_field_group_id,dbname,dblength) 
 VALUES('7007','O_iDuration','1','0','7','','7001','z_O_iDuration','1');
INSERT INTO rip_output_field_config(id,field_name,data_type,is_discrete,output_field_position,output_field_format,output_field_group_id,dbname,dblength) 
 VALUES('7008','O_dTime_stamp','4','1','8','yyyy/mm/dd hh24:mi:ss','7001','z_O_dTime_stamp','');
INSERT INTO rip_output_field_config(id,field_name,data_type,is_discrete,output_field_position,output_field_format,output_field_group_id,dbname,dblength) 
 VALUES('7009','O_sEquipment_id','3','1','9','','7001','z_O_sEquipment_id','1');
INSERT INTO rip_output_field_config(id,field_name,data_type,is_discrete,output_field_position,output_field_format,output_field_group_id,dbname,dblength) 
 VALUES('7010','O_sIMSI_ESN_number','3','1','10','','7001','z_O_sIMSI_ESN_number','1');
INSERT INTO rip_output_field_config(id,field_name,data_type,is_discrete,output_field_position,output_field_format,output_field_group_id,dbname,dblength) 
 VALUES('7011','O_sGeographic_position','3','1','11','','7001','z_O_sGeographic_position','1');
INSERT INTO rip_output_field_config(id,field_name,data_type,is_discrete,output_field_position,output_field_format,output_field_group_id,dbname,dblength) 
 VALUES('7012','O_iCall_type','1','0','12','','7001','z_O_iCall_type','1');
INSERT INTO rip_output_field_config(id,field_name,data_type,is_discrete,output_field_position,output_field_format,output_field_group_id,dbname,dblength) 
 VALUES('10066','O_sBill_Cycle_Account','3','1','32','','10001','z_O_sBill_Cycle_Account','1');
INSERT INTO rip_output_field_config(id,field_name,data_type,is_discrete,output_field_position,output_field_format,output_field_group_id,dbname,dblength) 
 VALUES('10068','O_dReceive_Time','4','1','1','yyyy/mm/dd hh24:mi:ss','10003','z_O_dReceive_Time','');
INSERT INTO rip_output_field_config(id,field_name,data_type,is_discrete,output_field_position,output_field_format,output_field_group_id,dbname,dblength) 
 VALUES('10069','O_iNetwork_Id','1','0','2','','10003','z_O_iNetwork_Id','1');
INSERT INTO rip_output_field_config(id,field_name,data_type,is_discrete,output_field_position,output_field_format,output_field_group_id,dbname,dblength) 
 VALUES('10070','O_iRecord_Type','1','0','3','','10003','z_O_iRecord_Type','1');
INSERT INTO rip_output_field_config(id,field_name,data_type,is_discrete,output_field_position,output_field_format,output_field_group_id,dbname,dblength) 
 VALUES('10071','O_dTime_Stamp','4','1','4','yyyy/mm/dd hh24:mi:ss','10003','z_O_dTime_Stamp','');
INSERT INTO rip_output_field_config(id,field_name,data_type,is_discrete,output_field_position,output_field_format,output_field_group_id,dbname,dblength) 
 VALUES('10072','O_iDuration','1','0','5','','10003','z_O_iDuration','1');
INSERT INTO rip_output_field_config(id,field_name,data_type,is_discrete,output_field_position,output_field_format,output_field_group_id,dbname,dblength) 
 VALUES('10073','O_sPhone_Number','3','1','6','','10003','z_O_sPhone_Number','1');
INSERT INTO rip_output_field_config(id,field_name,data_type,is_discrete,output_field_position,output_field_format,output_field_group_id,dbname,dblength) 
 VALUES('10074','O_iService_Type','1','0','7','','10003','z_O_iService_Type','1');
INSERT INTO rip_output_field_config(id,field_name,data_type,is_discrete,output_field_position,output_field_format,output_field_group_id,dbname,dblength) 
 VALUES('10075','O_iCDR_Type','1','0','8','','10003','z_O_iCDR_Type','1');
INSERT INTO rip_output_field_config(id,field_name,data_type,is_discrete,output_field_position,output_field_format,output_field_group_id,dbname,dblength) 
 VALUES('10076','O_rUpload_Data_Volume','2','0','9','6|1','10003','z_O_rUpload_Data_Volume','1,0');
INSERT INTO rip_output_field_config(id,field_name,data_type,is_discrete,output_field_position,output_field_format,output_field_group_id,dbname,dblength) 
 VALUES('10077','O_rDownload_Data_Volume','2','0','10','6|1','10003','z_O_rDownload_Data_Volume','1,0');
INSERT INTO rip_output_field_config(id,field_name,data_type,is_discrete,output_field_position,output_field_format,output_field_group_id,dbname,dblength) 
 VALUES('10078','O_iQOS_Requested','1','0','11','','10003','z_O_iQOS_Requested','1');
INSERT INTO rip_output_field_config(id,field_name,data_type,is_discrete,output_field_position,output_field_format,output_field_group_id,dbname,dblength) 
 VALUES('10079','O_iQOS_Negotiated','1','0','12','','10003','z_O_iQOS_Negotiated','1');
INSERT INTO rip_output_field_config(id,field_name,data_type,is_discrete,output_field_position,output_field_format,output_field_group_id,dbname,dblength) 
 VALUES('10080','O_rValue','2','0','13','6|1','10003','z_O_rValue','1,0');
INSERT INTO rip_output_field_config(id,field_name,data_type,is_discrete,output_field_position,output_field_format,output_field_group_id,dbname,dblength) 
 VALUES('10081','O_iSubscriber_Id','1','0','14','','10003','z_O_iSubscriber_Id','1');
INSERT INTO rip_output_field_config(id,field_name,data_type,is_discrete,output_field_position,output_field_format,output_field_group_id,dbname,dblength) 
 VALUES('10082','O_sCharging_Id','3','1','15','','10003','z_O_sCharging_Id','1');
INSERT INTO rip_output_field_config(id,field_name,data_type,is_discrete,output_field_position,output_field_format,output_field_group_id,dbname,dblength) 
 VALUES('10083','O_iService','1','0','16','','10003','z_O_iService','1');
INSERT INTO rip_output_field_config(id,field_name,data_type,is_discrete,output_field_position,output_field_format,output_field_group_id,dbname,dblength) 
 VALUES('10084','O_sIMSI_Number','3','1','17','','10003','z_O_sIMSI_Number','1');
INSERT INTO rip_output_field_config(id,field_name,data_type,is_discrete,output_field_position,output_field_format,output_field_group_id,dbname,dblength) 
 VALUES('10085','O_sEquipment_Id','3','1','18','','10003','z_O_sEquipment_Id','1');
INSERT INTO rip_output_field_config(id,field_name,data_type,is_discrete,output_field_position,output_field_format,output_field_group_id,dbname,dblength) 
 VALUES('10086','O_iSession_Status','1','0','19','','10003','z_O_iSession_Status','1');
INSERT INTO rip_output_field_config(id,field_name,data_type,is_discrete,output_field_position,output_field_format,output_field_group_id,dbname,dblength) 
 VALUES('10087','O_sAccess_Point_Name','3','1','20','','10003','z_O_sAccess_Point_Name','1');
INSERT INTO rip_output_field_config(id,field_name,data_type,is_discrete,output_field_position,output_field_format,output_field_group_id,dbname,dblength) 
 VALUES('10139','O_sMain_Dir_Flag','3','1','54','','10001','z_O_sMain_Dir_Flag','1');
INSERT INTO rip_output_field_config(id,field_name,data_type,is_discrete,output_field_position,output_field_format,output_field_group_id,dbname,dblength) 
 VALUES('10141','O_sVPMN','3','1','23','','1','z_O_sVPMN','1');
INSERT INTO rip_output_field_config(id,field_name,data_type,is_discrete,output_field_position,output_field_format,output_field_group_id,dbname,dblength) 
 VALUES('10142','O_sVPMN','3','1','23','','5001','z_O_sVPMN','1');
INSERT INTO rip_lk_table(id,name) 
 VALUES('17','DU_SESSION_STATUS');
INSERT INTO rip_lk_table(id,name) 
 VALUES('16','DU_CONNECTION_TYPE');
INSERT INTO rip_lk_table(id,name) 
 VALUES('14','DU_RECORD_TYPE_SERVICE_TYPE');
INSERT INTO rip_lk_table(id,name) 
 VALUES('15','DU_PARTIAL_CDR_FLAG_MAPPING');
INSERT INTO rip_lk_table(id,name) 
 VALUES('13','status_check');
INSERT INTO rip_lk_table(id,name) 
 VALUES('10','DU_GROUP_NAME_CODE');
INSERT INTO rip_lk_table(id,name) 
 VALUES('6','prs_number');
INSERT INTO rip_lk_table(id,name) 
 VALUES('1','DU_RECORD_TYPE');
INSERT INTO rip_lk_table(id,name) 
 VALUES('2','CDR_SERVICE');
INSERT INTO rip_lk_table(id,name) 
 VALUES('4','DEFAULT_RATE');
INSERT INTO rip_lk_table(id,name) 
 VALUES('3','local_number');
INSERT INTO rip_lk_table(id,name) 
 VALUES('5','ROAMER_PARTNER');
INSERT INTO rip_lk_table(id,name) 
 VALUES('9','sdr_rate');
INSERT INTO rip_lk_table(id,name) 
 VALUES('7','DU_TAPIN_SERVICE_TYPE');
INSERT INTO rip_lk_table(id,name) 
 VALUES('8','DU_CALL_TYPE');
INSERT INTO rip_lk_table(id,name) 
 VALUES('12','du_subscriber_service_mapping');
INSERT INTO rip_lk_table(id,name) 
 VALUES('11','DU_RATE_PLAN');
INSERT INTO rip_lk_table(id,name) 
 VALUES('18','DU_VALID_GPRS_RECORD');
INSERT INTO rip_lk_column_data(table_id,column_name,sequence,data_type) 
 VALUES('1','TYPE_OF_CALL','6','3');
INSERT INTO rip_lk_column_data(table_id,column_name,sequence,data_type) 
 VALUES('14','TYPE_OF_CALL','4','3');
INSERT INTO rip_lk_column_data(table_id,column_name,sequence,data_type) 
 VALUES('17','CAUSE_FOR_SESSION','1','3');
INSERT INTO rip_lk_column_data(table_id,column_name,sequence,data_type) 
 VALUES('17','OUTPUT','2','1');
INSERT INTO rip_lk_column_data(table_id,column_name,sequence,data_type) 
 VALUES('16','INPUT','1','3');
INSERT INTO rip_lk_column_data(table_id,column_name,sequence,data_type) 
 VALUES('16','VALUE','2','1');
INSERT INTO rip_lk_column_data(table_id,column_name,sequence,data_type) 
 VALUES('14','INPUT','1','3');
INSERT INTO rip_lk_column_data(table_id,column_name,sequence,data_type) 
 VALUES('14','RECORD_TYPE','2','1');
INSERT INTO rip_lk_column_data(table_id,column_name,sequence,data_type) 
 VALUES('14','SERVICE_TYPE','3','1');
INSERT INTO rip_lk_column_data(table_id,column_name,sequence,data_type) 
 VALUES('15','INPUT','1','3');
INSERT INTO rip_lk_column_data(table_id,column_name,sequence,data_type) 
 VALUES('15','OUTPUT','2','3');
INSERT INTO rip_lk_column_data(table_id,column_name,sequence,data_type) 
 VALUES('13','status_input','1','3');
INSERT INTO rip_lk_column_data(table_id,column_name,sequence,data_type) 
 VALUES('13','status_value','2','1');
INSERT INTO rip_lk_column_data(table_id,column_name,sequence,data_type) 
 VALUES('10','CODE','1','3');
INSERT INTO rip_lk_column_data(table_id,column_name,sequence,data_type) 
 VALUES('10','DESCRIPTION','2','3');
INSERT INTO rip_lk_column_data(table_id,column_name,sequence,data_type) 
 VALUES('10','SHORT_CODE ','3','3');
INSERT INTO rip_lk_column_data(table_id,column_name,sequence,data_type) 
 VALUES('6','ph_number_prefix','1','3');
INSERT INTO rip_lk_column_data(table_id,column_name,sequence,data_type) 
 VALUES('6','description','2','3');
INSERT INTO rip_lk_column_data(table_id,column_name,sequence,data_type) 
 VALUES('1','SERVICE_TYPE','4','1');
INSERT INTO rip_lk_column_data(table_id,column_name,sequence,data_type) 
 VALUES('1','INROAMER_INDICATOR','5','3');
INSERT INTO rip_lk_column_data(table_id,column_name,sequence,data_type) 
 VALUES('1','BSCS_STREAM','1','3');
INSERT INTO rip_lk_column_data(table_id,column_name,sequence,data_type) 
 VALUES('1','BSCS_MAP_REF','2','3');
INSERT INTO rip_lk_column_data(table_id,column_name,sequence,data_type) 
 VALUES('1','VALUE','3','1');
INSERT INTO rip_lk_column_data(table_id,column_name,sequence,data_type) 
 VALUES('2','RECORD_TYPE','1','1');
INSERT INTO rip_lk_column_data(table_id,column_name,sequence,data_type) 
 VALUES('2','CALL_TYPE','2','1');
INSERT INTO rip_lk_column_data(table_id,column_name,sequence,data_type) 
 VALUES('2','service_type','3','1');
INSERT INTO rip_lk_column_data(table_id,column_name,sequence,data_type) 
 VALUES('2','service','4','1');
INSERT INTO rip_lk_column_data(table_id,column_name,sequence,data_type) 
 VALUES('4','RATE_TYPE','1','3');
INSERT INTO rip_lk_column_data(table_id,column_name,sequence,data_type) 
 VALUES('4','CALL_TYPE','2','3');
INSERT INTO rip_lk_column_data(table_id,column_name,sequence,data_type) 
 VALUES('4','PULSE','3','1');
INSERT INTO rip_lk_column_data(table_id,column_name,sequence,data_type) 
 VALUES('4','RATE','4','2');
INSERT INTO rip_lk_column_data(table_id,column_name,sequence,data_type) 
 VALUES('3','NETWORK_ID','1','1');
INSERT INTO rip_lk_column_data(table_id,column_name,sequence,data_type) 
 VALUES('3','LOCAL_NUMBER','2','3');
INSERT INTO rip_lk_column_data(table_id,column_name,sequence,data_type) 
 VALUES('3','IS_LOCAL_NETWORK','3','1');
INSERT INTO rip_lk_column_data(table_id,column_name,sequence,data_type) 
 VALUES('5','STARTING_IMSI','3','3');
INSERT INTO rip_lk_column_data(table_id,column_name,sequence,data_type) 
 VALUES('9','NETWORK_ID','1','1');
INSERT INTO rip_lk_column_data(table_id,column_name,sequence,data_type) 
 VALUES('9','END_DATE','3','4');
INSERT INTO rip_lk_column_data(table_id,column_name,sequence,data_type) 
 VALUES('9','START_DATE','2','4');
INSERT INTO rip_lk_column_data(table_id,column_name,sequence,data_type) 
 VALUES('9','SDR_VALUE','4','2');
INSERT INTO rip_lk_column_data(table_id,column_name,sequence,data_type) 
 VALUES('7','VALUE','1','1');
INSERT INTO rip_lk_column_data(table_id,column_name,sequence,data_type) 
 VALUES('7','SERVICE_TYPE','2','1');
INSERT INTO rip_lk_column_data(table_id,column_name,sequence,data_type) 
 VALUES('8','NUMBER_PREFIX','1','3');
INSERT INTO rip_lk_column_data(table_id,column_name,sequence,data_type) 
 VALUES('8','VALUE','2','1');
INSERT INTO rip_lk_column_data(table_id,column_name,sequence,data_type) 
 VALUES('12','SERVICE_INPUT','1','3');
INSERT INTO rip_lk_column_data(table_id,column_name,sequence,data_type) 
 VALUES('12','SERVICE_VALUE','2','1');
INSERT INTO rip_lk_column_data(table_id,column_name,sequence,data_type) 
 VALUES('11','code','1','3');
INSERT INTO rip_lk_column_data(table_id,column_name,sequence,data_type) 
 VALUES('11','rateplan','2','3');
INSERT INTO rip_lk_column_data(table_id,column_name,sequence,data_type) 
 VALUES('11','product_type','3','1');
INSERT INTO rip_lk_column_data(table_id,column_name,sequence,data_type) 
 VALUES('5','country_code','4','3');
INSERT INTO rip_lk_column_data(table_id,column_name,sequence,data_type) 
 VALUES('18','FIELD_ID','1','3');
INSERT INTO rip_lk_column_data(table_id,column_name,sequence,data_type) 
 VALUES('18','CDR_TYPE','2','3');
INSERT INTO rip_lk_column_data(table_id,column_name,sequence,data_type) 
 VALUES('16','SUBSCRIPTION_TYPE','3','3');
INSERT INTO rip_logfile_size_info(logger_id,globalversionid,log_file_size) 
 VALUES('41','0','6291456');
INSERT INTO rip_logfile_size_info(logger_id,globalversionid,log_file_size) 
 VALUES('40','0','6291456');
INSERT INTO rip_logfile_size_info(logger_id,globalversionid,log_file_size) 
 VALUES('126','0','4294967296');
INSERT INTO rip_rec_term_reason(id,globalversionid,reason) 
 VALUES('1025','0','Invalid Record Type');
INSERT INTO rip_rec_term_reason(id,globalversionid,reason) 
 VALUES('1026','0','Invalid Prepaid-Postpaid Indicator');
INSERT INTO rip_rec_term_reason(id,globalversionid,reason) 
 VALUES('5001','0','Supplementary CDR');
INSERT INTO rip_rec_term_reason(id,globalversionid,reason) 
 VALUES('5002','0','Invalid Service');
INSERT INTO rip_rec_term_reason(id,globalversionid,reason) 
 VALUES('7001','0','Invalid call type');
INSERT INTO rip_rec_term_reason(id,globalversionid,reason) 
 VALUES('7003','0','Invalid Date of Activation');
INSERT INTO rip_rec_term_reason(id,globalversionid,reason) 
 VALUES('7004','0','Invalid Status');
INSERT INTO rip_rec_term_reason(id,globalversionid,reason) 
 VALUES('7006','0','Invalid OCR Type');
INSERT INTO rip_rec_term_reason(id,globalversionid,reason) 
 VALUES('7009','0','Invalid Source Name');
INSERT INTO rip_rec_term_reason(id,globalversionid,reason) 
 VALUES('7024','0','Not a Homer IMSI');
INSERT INTO rip_rec_term_reason(id,globalversionid,reason) 
 VALUES('7028','0','Product not matched prepaid');
INSERT INTO rip_rec_term_reason(id,globalversionid,reason) 
 VALUES('7030','0','Product not matched postpaid');
INSERT INTO rip_rec_term_reason(id,globalversionid,reason) 
 VALUES('7031','0','Product type mismatch and status not disconnected');
INSERT INTO rip_rec_term_reason(id,globalversionid,reason) 
 VALUES('7033','0','Caller Number Null for Incoming Record');
INSERT INTO rip_rec_term_reason(id,globalversionid,reason) 
 VALUES('7034','0','Called Number Null for Outgoing Record');
INSERT INTO rip_rec_term_reason(id,globalversionid,reason) 
 VALUES('7035','0','Forwarded Number Null for Forwarded Record');
INSERT INTO rip_rec_term_reason(id,globalversionid,reason) 
 VALUES('7037','0','Invalid Connection Type');
INSERT INTO rip_rec_term_reason(id,globalversionid,reason) 
 VALUES('7038','0','Intermediate CDR');
INSERT INTO rip_rec_term_reason(id,globalversionid,reason) 
 VALUES('7044','0','Invalid GPRS_CDR');
INSERT INTO rip_rec_term_reason(id,globalversionid,reason) 
 VALUES('7046','0','Not an Inroamer');
INSERT INTO rip_rec_term_reason(id,globalversionid,reason) 
 VALUES('7048','0','IMSI NULL');
COMMIT ;
